timestamp,price,volume,side
1779968590.6297812,73285.1,1.042821,s
1779969500.713135,73374.8,1.36112626,s
1779969500.713135,73377.5,1.040279,s
1779969500.7131352,73363.5,1.01067577,s
1779969500.7131352,73368.3,1.089306,s
1779970128.2564933,73360.7,1.039023,b
1779970634.485489,73227.6,1.36504067,s
1779971462.0688446,73370.0,1.83490597,b
1779971462.0720718,73370.0,1.91688885,b
1779972002.228676,73350.0,8.04240293,b
1779973786.8416338,73251.0,9.86573,s
1779974727.8526614,73000.0,1.3829717,s
1779974728.0446928,72972.9,4.22869422,s
1779974728.0921757,72972.9,3.105986,s
1779974728.092943,72972.9,5.19817346,s
1779974957.729243,73040.0,1.024897,s
1779975021.6092515,73000.0,1.35404575,s
1779975088.062938,72929.4,1.37060322,s
1779975099.15248,72900.0,6.141732,s
1779975100.1608717,72900.0,3.858268,s
1779975371.0959494,72796.2,1.097975,s
1779975429.1963258,72700.0,2.447191,s
1779975429.2409542,72700.0,1.37740114,s
1779975429.2526484,72700.0,1.06825159,s
1779975553.0280993,72754.1,1.24629555,s
1779975553.040668,72754.1,1.17204986,s
1779975679.35681,72750.0,2.54419311,s
1779975746.4738216,72800.0,1.37100674,b
1779975866.0999641,72650.0,3.9213695,s
1779975875.9644995,72650.0,5.14977844,s
1779975908.5197523,72705.5,1.0,b
1779976381.8429992,72865.1,1.09705,s
1779976612.4354117,72859.9,1.0,s
1779976798.6524646,72900.9,1.096676,b
1779976798.6524646,72906.6,1.315911,b
1779976798.6524646,72910.3,2.05732368,b
1779976798.6524649,72921.9,6.85665846,b
1779976798.6524649,72924.8,2.05713069,b
1779976798.652465,72924.8,2.33143169,b
1779976798.652465,72924.9,1.644952,b
1779977041.1500065,72704.8,1.39820927,s
1779977133.1072998,72650.0,10.0,s
1779977134.926453,72619.1,1.35282151,s
1779977214.438441,72500.0,9.65235258,s
1779977431.138896,72635.0,2.800779,s
1779977499.86522,72538.1,1.37799372,s
1779977570.2764368,72538.2,1.25392211,b
1779977570.3907132,72539.2,2.06801711,b
1779977571.1671214,72587.4,1.06365335,b
1779977612.0674129,72872.2,1.14981073,s
1779977626.000894,72911.4,1.00250126,b
1779977626.000894,72919.8,1.09323388,b
1779977651.3218174,73180.8,2.05580287,b
1779977814.2327857,73250.0,1.349046,b
1779977814.237384,73250.0,1.349046,b
1779977946.7532568,73404.2,1.089228,b
1779978216.01915,72972.7,1.0,s
1779978459.841676,72905.9,1.37130327,s
1779978793.4039004,72783.4,1.2,b
1779979600.738908,72647.8,1.06038237,s
1779980831.937711,72974.9,1.36980397,s
1779980911.5190885,72989.2,1.2,b
1779980992.9398034,72843.0,1.09738,s
1779981039.3377016,72894.2,1.096647,b
1779981529.0335426,72639.3,1.100183,s
1779981529.0335429,72626.9,1.270003,s
1779982306.1130893,72779.5,1.96439744,s
1779983898.2248952,72777.1,1.051862,s
1779983898.2248952,72780.8,1.37346209,s
1779983994.6562662,72791.3,2.06068517,s
1779983994.6562662,72798.3,1.098191,s
1779984198.9208384,72725.0,3.146619,s
1779984251.5387585,72700.0,1.36566637,s
1779984252.0698988,72700.0,4.91190659,s
1779984773.081378,72950.0,3.06762186,b
1779984773.1553686,72950.0,1.02745836,b
1779984773.256934,72950.0,1.607196,b
1779984773.32029,72950.0,1.33660791,b
1779984916.1345437,72952.2,1.29521363,s
1779985072.7937133,72935.0,2.19585389,b
1779985072.7939487,72935.0,2.16919761,b
1779985073.502627,72940.0,1.27047856,b
1779985073.512671,72940.0,1.43664306,b
1779985081.5154324,72950.0,1.09135017,b
1779985081.5259101,72950.0,1.61225056,b
1779985279.9328668,73101.6,1.094125,b
1779985279.9328668,73102.5,2.05191524,b
1779985853.8785105,73040.9,1.094268,s
1779986029.0974815,73065.0,1.26072011,b
1779986218.3847265,73071.4,1.093925,b
1779986314.9567776,73065.4,1.36813357,s
1779986314.9567778,73057.2,1.312627,s
1779986314.9567778,73058.5,1.093856,s
1779986322.4623156,73050.0,1.82898752,b
1779986385.8970232,73100.0,1.06214449,b
1779986460.8947139,73125.0,1.09962334,b
1779986580.6057653,73174.9,1.03416782,s
1779986634.9932098,73206.1,1.09191,b
1779986821.3750026,73250.0,1.15170513,b
1779986958.6221929,73166.5,1.092,s
1779986958.622193,73157.1,1.92575232,s
1779986958.622193,73157.1,3.858268,s
1779986958.622193,73157.2,1.19432143,s
1779986958.630419,73150.0,1.23173009,b
1779988233.6096067,73319.1,1.52252131,s
1779988423.713656,73358.2,1.051471,b
1779988426.218365,73351.6,1.016043,b
1779988426.2183652,73364.5,1.089709,b
1779988426.2183654,73372.8,1.30765,b
1779988426.2183654,73376.4,2.04425586,b
1779988426.2183654,73383.2,1.19254485,b
1779988426.2183654,73383.3,6.81354781,b
1779988426.2183657,73387.8,2.04444053,b
1779988426.2183657,73389.1,2.19704644,b
1779988426.2183657,73391.9,1.36286241,b
1779988426.2183657,73392.7,6.81267341,b
1779988426.2270973,73400.0,4.80850874,s
1779988426.2455997,73400.0,7.68779808,s
1779988426.3135066,73400.0,1.03372009,s
1779988426.327942,73400.0,39.526054,s
1779988426.3283217,73400.0,8.26265258,s
1779988507.1980357,73355.2,2.19704643,s
1779988609.1920779,73327.7,1.36331859,s
1779988673.6808083,73310.1,1.03739135,s
1779988673.6808083,73310.1,1.30876729,s
1779989954.8538225,73368.1,1.36566637,b
1779989954.8538225,73368.1,4.1944168,b
1779990349.2280414,73500.0,2.06413703,b
1779990355.1731443,73554.4,1.20677483,s
1779991388.099125,73500.0,1.33660791,b
1779992218.1125631,73600.0,2.99631826,b
1779992218.2203627,73600.0,1.23938505,b
1779992218.2425542,73600.0,1.221968,b
1779992237.6062815,73597.1,1.016705,b
1779992237.6062815,73603.5,1.086117,b
1779992237.6062818,73617.6,2.03755633,b
1779992237.6062818,73618.6,1.303341,b
1779992237.6062818,73627.8,2.03791392,b
1779992237.6062818,73627.9,1.3832216,b
1779993665.2660303,73470.3,1.30563,s
1779993665.2660303,73470.6,1.36069433,s
1779993665.2660306,73465.7,1.088018,s
1779993665.2660308,73460.4,2.04191372,s
1779994634.8550293,73591.1,1.0,s
1779994901.4959795,73450.1,1.22070767,s
1779994910.3189769,73438.2,1.36120582,s
1779996435.9779437,73395.6,1.060864,s
1779996435.977944,73388.9,1.089025,s
1779999265.0925074,73315.2,1.087177,b
1780000460.608014,73531.6,1.358701,s
1780000462.0285172,73531.6,1.2477,s
1780001011.1192384,73600.0,1.34340808,b
1780001328.1053793,73553.9,1.0,s
1780001353.8353686,73598.0,1.08674,b
1780002104.5346584,73509.1,1.087827,b
1780003031.6445765,73600.0,1.24169502,b
1780004043.2594419,73627.8,1.086176,b
1780004043.259442,73631.1,1.303435,b
1780004043.259442,73632.6,2.03714257,b
1780004043.259442,73634.6,2.58322889,b
1780004043.259442,73638.5,6.78993194,b
1780004043.2594423,73647.5,2.03690731,b
1780004043.2594423,73647.6,2.30847096,b
1780004043.2594423,73647.9,6.78906039,b
1780004043.2594423,73650.8,1.35791881,b
1780004043.2594423,73651.0,2.57928313,b
1780004043.2594426,73658.4,2.41655241,b
1780004043.2594426,73658.5,6.78809017,b
1780004043.2594426,73662.0,6.78776892,b
1780004043.2594426,73667.2,8.57192666,b
1780004043.2594426,73667.9,1.629355,b
1780004043.2594426,73669.0,6.78712126,b
1780004043.2594428,73679.3,1.86173118,b
1780004119.5763152,73632.6,1.357337,s
1780004119.6760738,73632.6,1.2218963,s
1780005662.8227947,73809.3,1.23362058,b
1780005667.3472874,73809.3,2.87487208,b
1780005811.5711873,73713.9,1.005339,s
1780005861.328911,73653.4,1.08538,s
1780005861.328911,73654.0,1.35725169,s
1780005861.328911,73658.0,1.058595,s
1780007288.891416,73504.9,1.30509,s
1780009402.5908437,73443.4,1.088945,b
1780009402.5908437,73446.7,2.04229951,b
1780011615.5917666,73500.0,7.353542,s
1780011765.3098307,73472.0,1.0477245,s
1780013768.648647,73611.9,1.0863,s
1780015373.272243,73705.3,1.301553,s
1780015373.272243,73706.1,1.06622642,s
1780015373.272243,73706.1,1.081445,s
1780015373.2722435,73693.1,2.03546633,s
1780018353.8620327,73453.0,1.00329182,s
1780022939.9886973,73260.4,1.309405,s
1780030303.5491588,73310.8,1.090263,s
1780030304.1831872,73322.9,1.088424,b
1780030490.050807,73303.7,1.23723989,b
1780033627.46342,73517.6,1.00076106,b
1780036243.0491712,73665.8,1.085484,b
1780038297.3331091,73674.2,1.079643,s
1780038297.381659,73674.5,1.066056,s
1780038369.4968922,73650.2,1.085264,s
1780038885.8187149,73717.4,1.084626,b
1780038885.818715,73723.1,1.30159,b
1780045935.2858284,73715.0,1.9495711,b
1780047588.4143143,73741.6,1.0,b
1780047592.922997,73741.6,1.0,b
1780049785.0077257,73600.3,1.08635,b
1780049785.0077257,73604.0,1.086406,b
1780050162.6490443,73583.9,1.4486,s
1780050162.6490443,73583.9,2.309915,s
1780050542.3547919,73536.4,1.087125,b
1780050638.0705297,73525.6,1.3,b
1780053994.5556593,73520.0,1.73301669,s
1780054089.7854302,73489.9,1.305239,s
1780054673.3855135,73393.8,2.0437683,s
1780054673.3855135,73395.2,1.089129,s
1780054673.3855135,73395.5,1.3624718,s
1780056934.2832284,73246.2,1.091829,s
1780057413.5152395,73250.0,4.209916,s
1780058047.2242355,73200.0,2.99631826,s
1780058047.2242358,73200.0,1.221968,s
1780058047.2242358,73200.0,1.23938505,s
1780059208.5766096,73227.3,1.091346,s
1780061613.336222,72795.4,1.098005,s
1780061665.572113,72830.0,4.556414,s
1780061970.6761227,73081.1,1.094007,s
1780062363.7368093,73145.0,1.02811475,b
1780064665.1868122,72616.7,1.321057,s
1780064665.1868122,72618.4,1.1009,s
1780064780.713278,72400.2,1.271287,s
1780064780.7132785,72362.8,1.38075101,s
1780064780.7132785,72375.8,1.276006,s
1780064781.7129896,72391.3,2.07207206,s
1780064781.7129896,72391.5,1.323571,s
1780064781.7129896,72391.6,1.0337482,s
1780064781.7129896,72400.8,1.102976,s
1780064978.6464293,72640.5,1.100947,b
1780065055.836563,72641.2,1.10064,b
1780065069.2164316,72621.0,1.0,s
1780065069.2164319,72600.4,6.88700747,s
1780065069.2164319,72605.9,2.06594767,s
1780065069.2164319,72606.4,1.320807,s
1780065069.2164319,72606.5,1.37728494,s
1780065069.2164319,72611.3,1.100672,s
1780065069.216432,72589.6,6.88803545,s
1780065069.2164323,72569.3,6.88996214,s
1780065069.2164323,72570.0,1.650997,s
1780065069.2164323,72570.7,1.81941024,s
1780065069.2164323,72580.2,6.88892388,s
1780065069.2164326,72546.7,4.82447537,s
1780065069.2164326,72552.2,2.20141,s
1780065069.2164326,72554.6,11.6402681,s
1780065069.2164328,72523.9,2.47520879,s
1780065069.2164328,72539.2,1.8191057,s
1780065069.2164328,72540.1,4.82491513,s
1780065109.4852521,72558.5,1.30782836,s
1780065109.4852521,72565.0,1.01144,s
1780065828.8277683,72494.9,8.50103881,s
1780066287.0298717,72859.0,1.10483118,b
1780066287.4860213,72890.0,1.0,b
1780066323.2014658,72916.2,1.096804,b
1780066407.7829785,72969.4,1.10449874,s
1780066407.7829785,72977.9,1.36954523,s
1780066631.7293923,72979.8,1.315323,b
1780066636.5516393,72999.9,1.75121206,b
1780066728.0021539,72996.6,1.15864028,b
1780067246.1272447,73387.1,1.090236,b
1780067246.1272447,73390.7,1.308283,b
1780067298.2416294,73400.0,1.0378653,b
1780067380.4517045,73500.0,7.159657,b
1780067417.5073733,73562.8,1.086915,b
1780067417.5073733,73570.6,1.304298,b
1780067417.5073736,73582.6,1.40696588,b
1780067417.5073736,73585.5,1.96105004,b
1780067508.278183,73600.0,1.59239451,b
1780067508.3437395,73600.0,1.5,b
1780067508.3437395,73600.0,1.5,b
1780067508.3437395,73600.0,3.9750245,b
1780068318.101664,73431.7,1.09377354,s
1780068318.4795265,73431.7,1.18734192,s
1780068677.231983,73700.0,2.15097891,b
1780068815.580103,73879.6,1.08562787,s
1780068851.738337,73980.9,1.19866295,b
1780068957.0174854,74009.8,1.35035551,s
1780068957.0174856,74004.9,1.080538,s
1780069218.4902105,73988.2,1.0807,b
1780069218.4902105,73988.7,1.24713557,b
1780069218.4902108,73996.8,2.02711531,b
1780069218.490211,74006.0,2.68549156,b
1780069375.118755,73790.0,1.18398338,s
1780069375.12537,73790.0,1.40902289,s
1780071184.1124892,73853.9,2.08428858,s
1780071767.095668,73670.0,1.3,b
1780071767.095668,73670.7,1.085431,b
1780071784.6610763,73635.0,1.00995354,s
1780072293.2301693,73700.0,1.13305671,b
1780072320.4687002,73700.0,1.15637669,b
1780072404.3431523,73800.0,1.218914,b
1780072406.8748126,73800.0,1.218795,b
1780072406.8933337,73800.0,1.14730188,b
1780072864.4349425,73950.0,1.08819395,b
1780072864.466203,73950.0,1.08659837,b
1780073932.0039642,73940.0,1.39957854,b
1780073932.274933,73940.0,6.165891,b
1780073932.296958,73940.0,1.18552179,b
1780074073.536039,74000.0,1.92433465,b
1780074727.9891086,74087.4,1.200991,s
1780074920.027612,74163.8,1.17069975,b
1780074930.922268,74131.4,1.34652404,s
1780075069.1364074,74200.0,1.02520557,b
1780075093.1514575,74167.5,1.34792455,s
1780075131.5285401,74156.8,1.078496,b
1780075131.5285404,74170.0,2.02238189,b
1780075131.5285404,74172.4,1.294459,b
1780075166.1901827,74095.6,1.00691114,s
1780075210.1237423,74158.6,1.05893489,b
1780076956.97512,73943.4,1.22992033,s
1780076956.97512,73946.8,1.080852,s
1780077013.5377173,73917.4,1.081453,s
1780077019.4073517,73900.0,1.08659837,s
1780077019.4073517,73900.0,1.08819395,s
1780077072.572042,73963.9,1.081951,b
1780077372.1507702,73813.6,1.299586,s
1780080740.7008917,73174.7,1.19517902,s
1780080740.8007767,73155.2,2.15997558,s
1780080741.003057,73232.8,1.08518627,s
1780081939.7401624,73343.7,3.387,s
1780082328.7070231,73200.0,1.0378653,s
1780082695.5278134,73231.2,2.04830902,b
1780082695.5278137,73236.2,1.091819,b
1780082695.5278137,73245.4,2.32124655,b
1780082695.5278137,73247.4,1.13791897,b
1780082700.574427,73220.8,1.35153533,s
1780082700.674698,73220.8,1.020134,s
1780083384.839643,73509.5,1.08766,s
1780083384.8396432,73503.7,1.305139,s
1780083384.8396435,73489.4,2.04110896,s
1780083384.8396435,73495.0,1.12342398,s
1780085451.5563004,73528.8,1.06835868,b
1780088778.7117057,73606.6,1.012726,b
1780091593.443016,73358.6,1.03618,s
1780092421.7929914,73302.5,1.16629534,b
1780093085.5753293,73345.2,1.02254,s
1780099486.387974,73331.2,1.308098,s
1780099486.387974,73336.7,1.090082,s
1780099486.3879743,73324.8,2.04569065,s
1780099486.3879745,73314.8,1.09474799,s
1780102960.1422753,73374.3,1.36237345,s
1780105191.0667174,73550.8,1.086949,b
1780105191.0667176,73556.1,1.1587422,b
1780113807.0123334,73435.2,1.088711,s
1780116682.8415298,73270.0,1.091229,s
1780117445.3168454,73290.0,1.15184345,b
1780117512.845958,73427.8,1.98351383,b
1780123004.2665236,73605.8,1.086394,s
1780129195.6017992,73408.3,1.089271,s
1780129446.07361,73429.5,1.088959,s
1780129446.07361,73429.5,1.088959,s
1780143844.7799284,73563.5,1.059402,s
1780143844.7799287,73548.3,1.304393,s
1780143844.7799287,73555.6,1.087002,s
1780143844.779929,73543.1,2.03962012,s
1780147267.0762208,73671.9,1.01005,b
1780147950.228914,73622.4,1.16936916,s
1780150314.9081156,73862.4,1.082348,s
1780153617.2375317,73766.5,1.09377354,s
1780153617.2375321,73752.6,3.387,s
1780161733.8309488,73888.8,1.04993649,b
1780165104.060084,73914.8,9.91975994,b
1780165539.108402,73889.8,1.08033622,b
1780165539.108402,73889.8,1.081486,b
1780165539.108402,73897.5,1.298333,b
1780165539.108402,73900.0,2.66301005,b
1780165731.6920216,73851.0,1.07215088,s
1780169499.9457536,73872.4,1.061763,b
1780169499.9457536,73876.4,1.082348,b
1780169499.9457538,73881.6,1.29873,b
1780169499.945754,73894.6,2.02992074,b
1780169747.7714713,73881.6,1.082082,s
1780169747.7714715,73869.6,1.11775984,s
1780169747.7714715,73872.0,1.298636,s
1780170134.906145,73919.9,1.95210786,s
1780173311.3808136,73842.9,1.994912,s
1780175104.9028816,73873.1,1.082421,b
1780175104.9028819,73874.2,1.01318,b
1780175159.6694794,73850.0,1.082447,s
1780176502.2862868,73889.3,1.082214,b
1780176502.2862868,73892.7,1.298662,b
1780176922.7863293,73890.7,2.089246,s
1780178855.3449142,73715.5,1.30146,s
1780178855.3449142,73721.8,1.08455,s
1780190650.8567646,74100.0,1.28031155,b
1780190851.298584,74099.8,2.0448681,s
1780191513.2805448,74066.9,1.076924,b
1780194367.1451793,73995.5,4.86908888,s
1780197568.047361,74050.0,1.0,b
1780197858.7013512,74050.0,1.34716797,b
1780216923.2151318,73775.0,5.945368,s
1780217193.9559858,73727.0,1.21837547,s
1780223010.9635584,73617.8,2.45545057,s
1780223010.9635584,73618.0,1.30269,s
1780223010.9635584,73624.0,1.085606,s
1780223010.9635584,73625.8,2.03732693,s
1780224714.3792393,73710.0,1.07450271,b
1780231583.0022812,73867.2,3.0,s
1780231983.2653265,73793.9,4.41067708,s
1780237220.5476468,73453.5,1.088391,s
1780237227.7860482,73466.5,1.088403,b
1780238266.7204776,73634.7,2.769484,s
1780238266.7207022,73634.7,1.933009,s
1780238266.72408,73634.7,1.221836,s
1780245319.18149,73317.5,2.04589567,s
1780245319.18149,73322.9,1.090252,s
1780245319.1814902,73313.3,1.308303,s
1780245346.7847812,73276.9,1.308325,s
1780245346.7847812,73278.1,1.090254,s
1780255574.7191646,73400.0,1.60589767,s
1780261444.6393182,73624.6,1.00739272,b
1780261476.4426796,73625.6,1.08599,s
1780266019.1550202,73744.4,1.30041,s
1780266100.8754258,73732.4,1.084721,b
1780270357.4872837,73623.6,1.00363297,s
1780270644.7239056,73524.4,1.03516989,b
1780276030.919736,73515.5,1.086918,b
1780276040.866394,73547.4,1.304684,b
1780276040.866394,73547.8,1.087265,b
1780278248.220671,73355.4,1.59079748,s
1780278866.5400667,73300.0,1.226939,s
1780279275.2183752,73205.6,1.092563,b
1780279308.3860128,73155.0,1.229502,s
1780280370.4479978,73357.3,1.089987,b
1780281920.108435,73694.3,1.076848,s
1780283042.4475951,73820.0,1.219123,b
1780288324.6340382,73350.2,1.089961,b
1780295902.4006855,73066.7,1.094548,b
1780296198.5197284,73000.0,1.30136986,s
1780296268.3514032,72900.0,1.10480287,s
1780296331.182287,72900.0,1.27927872,s
1780297902.64427,73077.8,1.094153,b
1780299220.8143933,72800.0,1.5915155,s
1780299324.8149996,72800.0,1.13305671,s
1780299369.5952868,72799.9,1.318111,s
1780300978.3009644,72752.2,1.099409,b
1780300978.3009644,72756.9,1.319291,b
1780300978.3009644,72761.6,1.94429102,b
1780301076.459166,72764.5,1.28624619,b
1780302131.9712625,72738.7,1.063674,s
1780302131.9712627,72735.4,1.099436,s
1780302253.115497,72748.7,1.099133,s
1780302258.6026728,72745.4,1.099192,s
1780302258.6026728,72747.8,1.033871,s
1780302265.9025683,72739.6,1.031977,s
1780302833.2330666,72678.9,1.100134,s
1780304242.1664727,72834.2,1.098554,b
1780306938.1929812,72871.3,1.028504,b
1780306985.2732058,72830.0,1.097876,s
1780307513.880807,72864.3,1.01983462,s
1780307517.553542,72842.3,1.019031,s
1780307555.5130043,72755.2,1.13891687,s
1780308007.0134482,72790.0,1.4526941,b
1780309102.2994285,72663.1,1.021778,s
1780312308.64397,72600.0,1.20580402,s
1780313410.2455416,72580.1,1.096555,s
1780313589.5618265,72521.4,1.102576,s
1780313589.5618267,72517.1,1.323091,s
1780313589.561827,72500.1,1.39519887,s
1780313589.561827,72505.5,2.06880701,s
1780313589.5618272,72500.0,1.02035524,s
1780315067.6290958,72500.0,2.41170031,s
1780315070.0897126,72500.0,4.56830283,s
1780315071.52644,72500.0,1.59670215,s
1780315071.6829937,72500.0,1.34716797,s
1780315122.0947917,72400.0,1.0,s
1780315122.0947917,72400.0,1.0,s
1780315122.1513734,72360.3,1.32464206,s
1780315122.2609162,72360.3,2.4166424,s
1780315122.510279,72316.5,2.199949,s
1780315122.5387654,72300.3,2.58092778,s
1780315122.6511219,72300.0,1.0,s
1780315122.9352124,72260.0,2.7,s
1780315123.079879,72260.0,2.59988929,s
1780315123.2532141,72260.0,2.1,s
1780315123.2635775,72260.0,1.3,s
1780315125.097457,72239.0,2.35195298,s
1780315186.7880812,72372.1,1.10619,b
1780315186.7880812,72377.9,1.327429,b
1780315243.5228844,72428.8,1.94617806,s
1780315245.687009,72341.8,2.34932227,s
1780315245.704331,72345.2,2.0,s
1780315259.3538973,72287.0,1.03255649,s
1780315389.8022282,72200.0,1.14277529,s
1780315465.5052962,72267.3,1.107446,s
1780315721.6263757,72071.8,1.109379,s
1780315721.6263757,72071.9,1.85406297,s
1780315721.626376,72054.7,1.07943584,s
1780315721.626376,72057.5,1.38777869,s
1780315721.626376,72064.4,1.04211127,s
1780315766.684367,72000.0,1.0,s
1780315766.684367,72000.0,1.7,s
1780315846.7571301,72050.0,1.081106,s
1780315846.7640898,72050.0,1.081106,s
1780315863.279496,72000.0,1.05813019,s
1780315867.0996675,71937.8,1.07245371,s
1780315867.1140115,71937.8,1.45204215,s
1780315871.3607821,71893.7,1.39042912,s
1780315904.9527588,71900.0,2.76036432,s
1780315905.022327,71900.0,1.29529494,s
1780316106.6859896,72000.0,1.250126,b
1780316292.645226,72018.1,1.049635,s
1780316292.6452262,72013.1,1.38809638,s
1780317267.4682703,72115.6,1.330536,s
1780317267.4682703,72116.6,1.108791,s
1780317267.4682705,72097.6,6.93504187,s
1780317267.4682705,72100.0,2.0,s
1780317267.4682705,72107.8,2.08021697,s
1780317268.2242293,72107.0,2.0802403,s
1780317268.2242293,72111.2,1.330566,s
1780317268.2242293,72112.4,1.108805,s
1780319079.3590267,71940.3,1.111187,s
1780319369.6007736,71923.0,1.112165,s
1780319479.4986935,71800.0,1.9754401,s
1780319479.50881,71800.0,1.252307,s
1780319479.5159085,71800.0,5.73399403,s
1780319550.7874339,71700.0,1.52406754,s
1780319550.846378,71700.0,1.254178,s
1780319554.9011,71726.9,1.03770487,b
1780319636.3375816,71723.8,1.13833428,s
1780319636.5856116,71700.0,1.16029172,s
1780319636.6020699,71700.0,1.07823367,s
1780319949.158705,71904.2,1.04756834,s
1780320141.8728015,71845.5,1.113222,s
1780320141.8728015,71848.9,1.007867,s
1780320141.8728018,71837.2,1.335867,s
1780320664.754688,71641.0,1.04293731,s
1780320853.7077782,71929.9,2.08536367,b
1780320853.7077782,71934.6,1.112539,b
1780320853.7077782,71937.4,2.36344132,b
1780320853.7077782,71939.8,2.08543408,b
1780320853.7077785,71942.8,1.335075,b
1780320853.7077785,71943.0,6.94994854,b
1780321259.1834295,71578.0,2.27493894,s
1780321260.8185823,71517.5,1.11591,s
1780321260.8185825,71506.2,1.339092,s
1780321260.8185828,71500.0,4.89489419,s
1780321777.840631,71500.0,1.02150192,s
1780321777.840631,71500.0,1.4321993,s
1780321908.4435253,71541.0,1.340049,s
1780321937.6718566,71500.0,4.23016128,s
1780322118.6792269,71400.0,1.0,s
1780322121.937837,71307.7,1.024203,s
1780322295.047643,71393.9,1.86937298,b
1780322295.3370945,71454.1,1.01391168,b
1780322296.5428991,71487.9,1.24571,b
1780322296.8180177,71529.8,1.64173723,b
1780322297.8668344,71690.0,1.0,b
1780322299.448422,71895.0,1.0086254,b
1780322299.800253,71840.0,1.40653013,b
1780322301.0755816,71842.3,2.08982918,b
1780322351.5870302,71484.0,4.0865097,s
1780322376.779036,71686.0,3.0,b
1780322840.8610303,71504.4,1.340743,s
1780322840.8610303,71507.4,1.117313,s
1780322843.1612053,71534.6,1.117502,b
1780323119.8844333,71455.0,1.39909463,s
1780323532.5322962,71550.0,3.0221562,s
1780323532.5762196,71550.0,1.26304558,s
1780323532.5887163,71550.0,1.05446882,s
1780323532.6200914,71550.0,1.57024089,s
1780324432.3185892,71384.8,1.343845,s
1780324432.3185894,71382.3,1.119878,s
1780324616.0588088,71364.9,1.09704838,s
1780324616.0588088,71365.6,1.119555,s
1780325559.990418,71300.0,1.4,s
1780325663.2923913,71314.9,1.120632,s
1780325663.2923915,71307.9,1.344752,s
1780327088.3457587,71200.0,2.06977035,s
1780327088.4234269,71200.0,2.4663013,s
1780327088.446314,71200.0,1.39948739,s
1780327103.2282503,71141.0,1.70325748,s
1780327285.238263,71204.9,1.40388598,s
1780327527.438829,71050.0,1.88197402,s
1780327534.4985108,71050.0,1.112668,s
1780327534.6042628,71050.0,1.12092821,s
1780327534.6725676,71050.0,1.266032,s
1780327534.7330453,71050.0,6.4668343,s
1780327690.9651785,71071.4,1.124665,s
1780327836.2117443,71196.8,1.119583,s
1780327836.2117443,71197.1,1.125066,s
1780328089.2381964,71280.0,1.12005083,s
1780328100.4015305,71280.0,4.89186947,s
1780329385.5910656,70984.1,1.15441743,b
1780330035.8717804,70950.0,1.28458952,s
1780330035.8797648,70950.0,1.267766,s
1780330035.933322,70950.0,1.36078306,s
1780330035.9505136,70950.0,2.87434807,s
1780330036.8853528,70844.6,1.41091207,s
1780330036.8853528,70844.6,1.41318177,s
1780330102.3873959,70859.2,1.03484919,b
1780330121.6798286,70844.5,1.49323961,s
1780330122.3227444,70844.5,12.724708,s
1780330123.116003,70844.5,1.269608,s
1780330123.1279383,70844.5,1.03971854,s
1780330337.6824749,70604.6,1.41582547,s
1780330337.6824749,70614.5,1.358199,s
1780330337.6824749,70618.3,1.131832,s
1780330337.682475,70592.1,6.13237139,s
1780330339.5267973,70603.6,1.41590325,s
1780330364.1353974,70625.7,2.3446672,b
1780330381.3531718,70603.8,1.132416,b
1780330469.2537327,70722.8,1.26471298,s
1780330473.1135247,70730.6,1.130837,b
1780330490.2215705,70785.9,1.130313,b
1780330490.2215705,70795.5,1.356376,b
1780330560.9384604,70750.0,1.03945712,s
1780332194.5270092,71224.1,1.40343354,s
1780332901.1605675,71302.5,1.261742,b
1780332935.524985,71324.9,1.40146838,s
1780332935.5249853,71324.9,1.12094,s
1780333040.1658566,71400.0,1.10189698,b
1780333040.1850212,71424.9,1.344246,b
1780333076.3706615,71431.6,1.39944501,s
1780333208.7294602,71430.1,1.005045,b
1780333228.422309,71393.9,1.074357,b
1780333830.797545,71488.3,1.08297315,b
1780334108.3336883,71506.0,1.18665007,b
1780334374.3988597,71400.0,6.41230211,b
1780334992.7505865,71480.0,1.52406754,b
1780334992.8803825,71480.0,1.07823367,b
1780334997.176385,71600.0,4.23016128,b
1780335025.5447943,71650.0,1.25447775,b
1780335205.324058,71437.7,1.00518898,s
1780335219.1297286,71437.0,1.05637893,b
1780335219.1685917,71437.0,2.04457416,b
1780335807.730899,71525.0,1.9359477,b
1780335807.7783358,71525.0,1.28458952,b
1780335808.029472,71525.0,1.36078306,b
1780335808.0694275,71572.4,1.118611,b
1780335960.8463223,71551.0,1.0,b
1780336016.7865381,71624.9,1.08237975,s
1780336016.9952426,71624.9,1.0294996,s
1780336089.768013,71590.8,1.11706,b
1780337806.2102396,71382.2,1.11611924,s
1780338642.0187604,71453.4,1.081283,s
1780338642.457502,71453.4,1.08352,s
1780338642.5574546,71453.4,1.085256,s
1780338642.6571412,71453.4,1.085639,s
1780338805.9933732,71564.9,1.106467,s
1780344461.6265244,71443.7,1.087955,s
1780345018.9258704,71459.9,1.03069307,s
1780345033.687835,71445.1,1.04975709,s
1780346749.0904984,71519.0,1.093952,s
1780347688.0227287,71330.0,1.20037818,s
1780348074.6109533,71181.3,1.096394,s
1780348114.6525242,71181.3,1.01244549,s
1780350225.388463,70900.0,1.27943681,s
1780350225.3904119,70900.0,1.29689638,s
1780350225.4010777,70900.0,1.02410111,s
1780350225.4237585,70900.0,2.0,s
1780350267.7598987,70927.1,1.127601,s
1780350507.3633618,70994.9,1.11511,s
1780350548.1600034,70988.9,1.053258,s
1780352771.5548825,71182.5,1.01157523,b
1780352963.051516,71202.2,1.118695,s
1780352963.0515163,71194.5,2.10690201,s
1780352963.0515163,71199.5,1.347743,s
1780352963.0515163,71201.5,1.123119,s
1780352963.0515165,71184.5,1.684413,s
1780352963.0515165,71187.5,7.0237021,s
1780352963.0515168,71170.2,1.02504596,s
1780352963.0515168,71178.9,7.02455146,s
1780352963.0515168,71179.0,2.50040096,s
1780353073.686095,71221.4,1.123055,b
1780353073.6860952,71228.2,2.38689824,b
1780353073.6860952,71228.3,2.10590656,b
1780353073.6860952,71232.2,1.347821,b
1780353073.6860955,71236.9,2.10608355,b
1780353073.6860955,71237.0,7.0188326,b
1780353073.6860955,71244.9,1.40398285,b
1780353073.6860955,71245.4,2.81563172,b
1780353073.6860955,71245.7,5.39186261,b
1780353152.068939,71249.9,1.122353,s
1780353152.068939,71249.9,1.40305846,s
1780353152.0689392,71246.3,1.347653,s
1780353152.0689392,71246.5,2.10450655,s
1780353152.0689392,71246.6,1.27885196,s
1780353152.0689394,71230.6,4.55021475,s
1780353152.0689394,71231.6,7.01934738,s
1780353152.0689394,71231.7,1.61537233,s
1780353152.0689394,71238.2,2.10560941,s
1780353855.7002556,71014.7,2.11223717,s
1780356380.936729,71239.4,1.28888796,s
1780356380.936729,71239.4,1.40324957,s
1780357993.7497008,71328.4,1.77459371,s
1780357993.7683365,71321.2,3.13509077,s
1780357993.778972,71321.2,3.227515,s
1780358456.2472014,71255.2,1.40299604,s
1780358456.2472017,71244.6,1.12215,s
1780358456.2472017,71246.5,2.10536585,s
1780358456.2472017,71246.6,1.01803813,s
1780358456.247202,71239.7,1.346586,s
1780364499.5370307,70857.9,1.22251249,b
1780364499.537031,70865.9,4.57205948,b
1780365038.9141586,70785.1,1.12928,b
1780365595.3673828,70600.0,1.41643059,s
1780365597.1611736,70555.0,1.53959226,s
1780365597.1855936,70555.0,2.0661888,s
1780365597.1870878,70555.0,1.68231008,s
1780365597.1943223,70555.0,1.61579134,s
1780365598.0751908,70524.8,1.9843414,s
1780365865.7220738,70524.8,2.38343845,s
1780365905.323765,70497.5,1.134644,b
1780366057.4961112,70134.0,1.0,s
1780366058.4262123,70100.0,1.02532492,s
1780366060.12923,70001.0,1.0,s
1780366110.553974,70214.9,1.99857579,b
1780366230.2862425,70180.0,1.42516487,b
1780369628.5893497,70903.5,1.113627,s
1780370242.9902866,70850.3,1.41084046,s
1780371806.9793208,70851.7,1.128665,s
1780372071.2345185,70880.0,1.19508327,b
1780372072.4967983,70879.9,1.107413,s
1780372209.2761934,70847.9,1.50543457,b
1780372373.463236,70874.9,1.082934,s
1780372373.463236,70874.9,1.353743,s
1780372905.5772169,70870.0,2.06016416,b
1780372909.5115035,70875.0,1.48513629,b
1780373463.2683618,70624.8,2.12389935,s
1780373463.2683618,70624.9,1.131633,s
1780373463.2683618,70626.1,1.41512957,s
1780373463.268362,70610.9,7.08105625,s
1780373463.268362,70614.4,1.86859781,s
1780373463.268362,70620.7,1.35796,s
1780373591.2733698,70649.2,1.132019,b
1780373591.2774258,70652.3,1.35832537,b
1780373718.7205422,70678.0,1.053697,s
1780373718.7205422,70678.0,1.131436,s
1780374031.134076,70783.9,1.095157,s
1780375118.4150593,70900.3,1.05146661,b
1780375923.7329323,70770.1,1.12288,b
1780376468.6600125,70700.0,1.03770619,b
1780376470.6389787,70700.0,1.48071985,b
1780376473.6383877,70700.0,1.55468715,b
1780376475.8927827,70700.0,1.370648,b
1780376475.8943367,70700.0,1.46095602,b
1780376507.9102235,70700.0,1.1016708,b
1780377262.165073,70700.0,1.46615777,b
1780378238.4669209,70514.9,1.30467069,s
1780378263.4312522,70450.0,1.0,s
1780378802.4124367,70469.9,2.11910915,s
1780379183.5611994,70296.9,1.83818844,s
1780379183.5611997,70296.9,1.11611924,s
1780379183.5612,70293.2,1.20037818,s
1780379801.5732388,70250.0,1.09667915,b
1780379801.577676,70250.0,1.05861922,b
1780379801.5967076,70250.0,1.08534939,b
1780379802.4008782,70250.0,1.49421326,b
1780380173.3244524,70274.7,1.07118526,b
1780380381.1368344,70315.9,1.01258932,b
1780380745.0720341,70234.2,1.138114,s
1780381161.713444,70211.3,1.07558,s
1780381547.0291,70172.6,1.29903987,s
1780382858.1332462,69865.1,1.0,s
1780383590.156601,69990.0,1.142286,s
1780383590.1566017,69973.6,1.33653023,s
1780383590.156602,69965.0,6.12292505,s
1780383590.156602,69965.1,1.183469,s
1780383590.1566021,69943.6,1.30516364,s
1780383590.1566021,69951.7,1.713285,s
1780383590.1566021,69954.3,1.8867037,s
1780383590.1566021,69956.5,7.14729791,s
1780383590.1566021,69956.6,2.45407592,s
1780383590.1566033,69916.6,4.16872228,s
1780383590.1566033,69921.6,1.06628562,s
1780383699.52141,69858.3,1.43102038,s
1780383736.366018,69751.2,2.04399568,s
1780383736.366018,69752.1,1.145285,s
1780383738.9696424,69781.7,1.071081,b
1780383778.2379856,69723.0,1.99970547,s
1780383786.5747855,69680.0,1.289798,s
1780383786.737671,69680.0,2.0,s
1780383787.2079303,69680.0,1.289932,s
1780383787.4908707,69680.0,1.99362812,s
1780383788.4736705,69680.0,1.99362812,s
1780383788.8610103,69680.0,1.290118,s
1780383789.3801935,69680.0,1.44285496,s
1780384666.835407,70143.0,1.140182,b
1780384666.8354073,70150.5,2.1383918,b
1780384812.6442382,70065.7,1.140884,s
1780385593.1034906,69993.1,1.42872113,s
1780386059.9727714,70093.3,1.0,b
1780387171.808485,70020.1,1.110927,b
1780387171.808485,70022.4,1.141716,b
1780387171.808485,70022.4,1.37006,b
1780387171.8084855,70037.9,2.42750889,b
1780387400.4315708,69996.4,2.34960956,s
1780387400.431571,69985.9,1.142577,s
1780388033.848275,69900.0,1.16867484,b
1780388145.8047354,69939.4,1.97346531,s
1780388352.9911072,69887.1,1.019641,b
1780390098.246133,69750.0,1.7771134,s
1780390098.303872,69750.0,1.9920801,s
1780390098.4294338,69750.0,1.16011598,s
1780390614.6461282,69625.6,1.20956643,s
1780390614.6461282,69628.4,1.148259,s
1780391351.2859652,69508.6,1.149897,s
1780392151.1503773,69362.3,2.16255533,s
1780392248.814417,69392.5,1.15256,b
1780392248.814417,69392.6,2.16161449,b
1780393378.621561,69389.3,1.124413,s
1780393384.7305937,69384.9,1.111085,s
1780393483.605201,69399.9,1.13078,s
1780393902.9722133,69394.1,1.152744,b
1780395583.3692944,69602.6,1.0,s
1780396341.3373027,69539.9,2.44417647,s
1780396387.1152892,69527.6,1.4216418,s
1780396387.1152892,69528.0,1.149793,s
1780396387.1152892,69535.0,1.144371,s
1780397831.4833517,69550.0,1.08786253,b
1780397831.4979525,69550.0,1.0194669,b
1780397882.5475142,69550.0,1.54170331,b
1780397882.552176,69550.0,1.38502717,b
1780397882.6361325,69550.0,1.50590412,b
1780398959.516482,69432.0,1.25618857,s
1780399291.0972614,69360.0,1.52779404,s
1780399415.188977,69394.2,1.136705,b
1780399890.1895294,69358.4,1.13860644,b
1780399890.1895294,69358.4,1.150894,b
1780399890.1895297,69364.1,1.383249,b
1780399890.18953,69379.6,2.16201935,b
1780399908.0011005,69358.3,1.47424903,s
1780399908.39159,69358.3,4.84710245,s
1780401039.673149,69450.0,1.0,b
1780401039.673149,69450.0,1.0,b
1780401064.9571877,69450.0,1.51359081,s
1780401065.0937593,69450.0,1.528445,s
1780401611.904593,69316.6,2.16398075,s
1780401611.9045932,69314.7,1.03405041,s
1780401611.9045932,69316.1,1.152843,s
1780401652.1401155,69290.5,2.16479805,s
1780401652.1401155,69290.6,1.03514452,s
1780401652.1401157,69283.6,1.384309,s
1780401652.1401157,69286.1,1.153591,s
1780401955.8157663,69260.0,1.29864325,s
1780401966.2092159,69260.0,1.298908,s
1780402318.4464715,69305.0,1.5113605,s
1780402318.5264075,69305.0,1.02308309,s
1780402318.5490081,69305.0,1.29807,s
1780402484.3718967,69201.4,1.0237368,s
1780402484.3718967,69205.6,1.154775,s
1780402665.4206357,69190.0,1.155512,b
1780402665.4206357,69195.0,1.386615,b
1780402665.4206357,69196.0,1.49988817,b
1780402665.4206357,69196.3,2.16774652,b
1780402665.4206357,69198.3,2.45694803,b
1780402665.420636,69204.5,7.22497325,b
1780402665.420636,69205.5,2.1678455,b
1780402665.420636,69211.1,1.44524672,b
1780402665.420636,69213.6,2.71421772,b
1780402681.2685518,69174.7,1.00156693,s
1780403901.910502,69034.4,1.195882,s
1780403915.5226727,69005.2,1.0,s
1780404020.1085222,69005.2,1.00971079,b
1780404027.9422755,69005.0,1.43291384,s
1780404027.9536664,69005.0,1.41523944,s
1780404182.1385372,69117.8,1.0,s
1780404663.8580737,69025.0,1.02073767,s
1780404667.2615724,69005.0,1.303537,s
1780404777.151953,69005.0,1.59308203,s
1780404939.3408806,69000.0,1.0,s
1780404957.0497537,69000.0,4.45286885,s
1780404957.1106007,69000.0,1.304227,s
1780404987.911856,69000.0,1.88610873,s
1780404987.9118567,69000.0,1.0,s
1780404987.9158704,69000.0,1.0,s
1780404990.3796031,68992.7,1.0,b
1780405198.8516681,68925.3,1.304882,s
1780405202.69886,68925.3,1.305083,s
1780405328.5034416,68978.0,1.26631803,b
1780405328.6170664,68978.0,2.01132834,b
1780405686.175444,68958.1,1.27791108,s
1780405974.9144979,68900.1,1.3,b
1780406015.345316,68835.7,1.393665,s
1780406015.345316,68839.9,1.15975704,s
1780406039.573862,68826.1,1.23986998,s
1780406039.573862,68829.7,1.161853,s
1780406247.7584763,68889.9,1.0,s
1780407175.30725,68888.8,2.71614244,s
1780407300.0631332,68855.1,1.107351,s
1780407369.003102,68735.5,1.0,s
1780407404.2492044,68788.8,1.394911,s
1780407404.2492044,68793.3,1.162425,s
1780407415.178293,68789.4,1.394852,s
1780407481.2431297,68780.0,2.33432041,s
1780407510.182611,68780.0,1.308017,s
1780407510.2786953,68780.0,1.4,s
1780407510.339899,68780.0,1.308036,s
1780407510.3701606,68780.0,7.412207,s
1780407510.411326,68780.0,1.4,s
1780407510.423821,68780.0,1.4,s
1780407510.4655716,68780.0,7.412207,s
1780407522.5529332,68780.0,4.0,s
1780407534.1547794,68780.0,1.4,s
1780407534.2362351,68780.0,1.4,s
1780407538.5082843,68780.0,2.65632796,s
1780407548.301403,68780.0,4.0,s
1780407553.8421433,68780.0,1.4,s
1780407555.0516365,68780.0,1.0,s
1780407555.180093,68780.0,11.72284767,s
1780407555.4739945,68780.0,1.4,s
1780407555.5190015,68780.0,1.539,s
1780407555.5421338,68780.0,1.308628,s
1780407555.558655,68780.0,1.4,s
1780407555.5607195,68780.0,1.07,s
1780407555.613393,68780.0,2.47,s
1780407557.1765492,68780.0,3.184,s
1780407557.2033427,68780.0,1.0009,s
1780407559.5383513,68780.0,5.24294072,s
1780407781.00877,68850.0,1.27792228,b
1780407843.3030171,68807.7,1.30765,s
1780407844.1764667,68807.7,1.307723,s
1780407844.302352,68807.7,2.0594,s
1780407890.4200497,68792.4,1.45405222,b
1780407890.4200497,68792.5,2.47155989,b
1780408238.780634,68800.0,1.87861095,s
1780408238.7806344,68759.9,1.0496633,s
1780408257.2990406,68760.6,1.03553,s
1780408457.0928576,68683.2,1.024079,s
1780408865.395328,68600.0,1.24996553,s
1780409097.2827983,68501.2,1.167013,s
1780409340.008493,68401.1,1.168279,s
1780409340.0084932,68400.0,3.69835114,s
1780409430.2807205,68300.0,1.00556339,s
1780409517.59057,68350.9,1.001459,s
1780409811.823953,68412.5,1.169005,s
1780409811.823953,68414.8,1.07516829,s
1780409811.8239532,68400.3,1.2328916,s
1780409811.8239532,68408.5,1.402806,s
1780410129.7458053,68078.6,1.32026008,s
1780410130.0023007,68078.6,3.53285088,s
1780410193.280575,68026.7,1.175136,b
1780410221.1932364,68010.0,1.2269695,s
1780410221.2257714,68010.0,1.72395214,s
1780410221.2480385,68010.0,2.33677991,s
1780410221.2615876,68010.0,1.09144218,s
1780410221.3135767,68010.0,2.24560513,s
1780410225.2482576,68005.0,1.97720655,s
1780410225.2516806,68005.0,2.36538962,s
1780410226.7809424,68000.0,1.0,s
1780410227.8049052,67999.0,1.55593929,s
1780410227.9057007,67997.7,1.29264322,s
1780410227.9178863,67997.7,1.63343809,s
1780410228.1375039,67997.7,7.141106,s
1780410228.8052309,67997.7,5.13843661,s
1780410230.5601673,67950.0,1.69875327,s
1780410230.6734269,67950.0,2.45589591,s
1780410364.62899,67800.0,1.03656508,s
1780410364.6318305,67800.0,1.38979627,s
1780410371.12036,67779.7,1.178758,s
1780410371.1203601,67769.9,1.57995132,s
1780410371.1203601,67776.1,1.41451,s
1780410434.7631536,67670.8,1.12860205,b
1780410468.8933856,67558.8,1.182848,s
1780410468.893386,67538.2,1.40918885,s
1780410468.893386,67542.0,1.419406,s
1780410474.9544191,67650.0,2.70300872,b
1780410490.8954906,67717.8,1.181685,b
1780410490.8954906,67720.8,2.33829362,b
1780410507.167468,67752.1,1.34914826,s
1780410515.2215018,67772.1,1.00418266,b
1780410517.4530773,67733.6,1.11041306,s
1780410530.2172153,67775.6,1.84060793,s
1780410552.914549,67829.9,1.415324,s
1780410560.949396,67806.7,1.179,s
1780410619.8919399,67900.9,1.178847,b
1780410619.8919399,67904.9,1.12505045,b
1780410813.558503,67985.2,1.02570827,b
1780410880.182849,67958.6,1.0,b
1780411070.1946902,68101.5,1.173971,s
1780411070.1946902,68102.0,1.10502208,s
1780411198.487498,67978.1,2.20659595,b
1780411198.487498,67983.4,1.47138179,b
1780411406.3137472,67800.0,1.34178767,s
1780411508.857645,67900.0,1.48691254,b
1780411570.4276125,68043.0,1.175682,b
1780411570.4276128,68046.3,2.49865586,b
1780411570.4276128,68046.7,6.35981308,b
1780411580.3779342,68082.3,2.20321659,b
1780411801.9489381,68100.0,1.0,b
1780412033.1551385,68048.5,2.26041332,s
1780412270.1074686,67971.9,1.145181,s
1780412483.6646066,67800.0,5.0,s
1780412657.7029963,67814.9,1.051574,s
1780412899.6290045,67931.6,1.47158734,s
1780413124.7727377,67807.2,1.17339146,s
1780413261.1225717,67700.0,3.59762729,s
1780413388.6273391,67576.3,1.182454,s
1780413388.6273394,67574.3,1.11161381,s
1780413425.2481742,67522.7,1.075501,b
1780413425.2481742,67528.2,1.183169,b
1780413425.2481742,67529.9,1.419685,b
1780413615.2795644,67473.9,1.48176486,s
1780413622.9599059,67438.7,1.421318,s
1780413622.9599059,67440.5,1.184521,s
1780413662.1278682,67606.9,1.420197,s
1780413662.1278682,67611.9,1.183497,s
1780413683.8110502,67589.9,2.96885638,s
1780413813.7933822,67495.1,1.155194,b
1780413919.110642,67450.0,2.21929271,s
1780413921.392165,67450.0,2.20564,s
1780414004.3174942,67265.8,1.0,b
1780414013.2205174,67356.8,1.187196,s
1780414047.3543434,67350.1,1.14236331,b
1780414047.379406,67350.1,1.170575,b
1780414099.1993344,67454.9,1.64878099,s
1780414132.4448156,67347.8,1.06126608,s
1780414188.1533327,67362.9,1.14535,b
1780414214.0508122,67252.7,1.9934762,s
1780414251.7923863,67250.0,1.337231,s
1780414252.653856,67200.0,1.0,s
1780414258.4484928,67150.0,1.0,s
1780414262.4706519,67100.0,1.00447093,s
1780414262.8695943,67097.2,1.338791,s
1780414294.0415134,67200.1,1.08525928,s
1780414585.938115,67050.0,2.39205724,s
1780414605.9675949,67050.0,2.442842,s
1780414621.0312483,67040.4,19.41841425,s
1780414666.7991848,67001.0,1.36193823,s
1780414666.8074923,67001.0,1.10339588,s
1780414666.815144,67001.0,2.49956589,s
1780414666.826353,67000.0,1.5,s
1780414669.8586652,67004.9,1.03891008,b
1780414669.8586652,67004.9,1.49878304,b
1780415173.638828,67313.1,1.04235404,b
1780415225.735884,67312.9,1.0,s
1780415225.735884,67312.9,2.5251632,s
1780415225.7358842,67306.3,1.18761,s
1780415250.1055086,67200.0,5.77293155,s
1780415306.3606207,67164.8,1.189958,s
1780415389.2676592,67053.6,1.192361,b
1780415444.3690114,67018.6,1.40618171,b
1780415497.5772862,67089.3,1.192307,b
1780415497.7026978,67094.9,1.192293,b
1780415497.7026978,67096.5,1.430809,b
1780415497.7026978,67105.9,1.9806215,b
1780415552.7600868,67071.5,1.192211,s
1780415625.400005,67080.3,2.43306163,s
1780415625.4376094,67080.3,1.02101832,s
1780415625.4415486,67080.3,2.27327371,s
1780415625.4675076,67080.3,18.33890554,s
1780415812.136322,67162.2,1.14009756,b
1780416028.114429,67173.9,1.85016177,b
1780416450.2456157,67293.3,1.42628958,s
1780416540.860707,67406.5,1.014149,s
1780416540.860707,67406.5,1.46747668,s
1780416651.7860382,67521.7,1.1075283,s
1780416757.6127138,67682.1,1.33155427,s
1780416775.6731863,67700.1,1.07841382,s
1780416789.1175916,67756.6,1.180379,s
1780416789.1175919,67749.6,1.41647,s
1780416823.591064,67817.2,8.16296448,s
1780416825.789127,67817.2,1.17918,b
1780416905.362977,67856.2,2.98673725,b
1780416905.420857,67856.2,1.68499892,b
1780416912.2910218,67856.2,1.325887,b
1780416957.4462082,67800.0,1.0,s
1780416957.4462082,67800.0,1.0,s
1780417046.1757755,67860.1,1.178259,b
1780417046.1757755,67860.1,1.3,b
1780417192.4744875,67969.9,1.176323,b
1780417192.4744875,67972.8,1.411589,b
1780417321.4610736,67701.5,2.21560755,s
1780417321.4610739,67685.2,1.180275,s
1780417321.4610739,67685.8,1.416311,s
1780417321.4610739,67690.0,7.38660797,s
1780417321.4610739,67690.1,2.29992194,s
1780417321.461074,67667.8,1.84534261,s
1780417321.461074,67680.4,7.38765654,s
1780417604.7232995,67682.5,1.4432382,b
1780417819.2123053,67740.0,1.119849,b
1780418086.0311644,67664.7,1.24780917,s
1780418086.0311646,67651.1,1.181506,s
1780418086.0311646,67656.4,2.21708488,s
1780418180.971806,67564.5,1.24799207,s
1780418330.312388,67474.0,1.112289,b
1780418330.312388,67476.7,1.184752,b
1780418780.3338878,67650.0,1.47424903,b
1780418780.3338878,67650.0,1.68499892,b
1780418780.333888,67650.0,1.325887,b
1780419117.437291,67543.1,1.18333,b
1780419117.4372911,67550.3,1.419877,b
1780419117.4372914,67562.2,2.51646241,b
1780419403.1343672,67443.1,1.39708016,s
1780419562.9332817,67335.0,1.0,s
1780420092.298819,67356.8,1.12262794,s
1780420134.0066113,67300.0,2.03267967,s
1780422024.363439,67500.0,1.71057051,s
1780422045.359337,67500.0,3.0690715,s
1780422045.3734963,67500.0,1.05809773,s
1780422045.4189336,67500.0,1.05302121,s
1780422045.4239604,67500.0,1.01989921,s
1780422045.475142,67500.0,4.49565568,s
1780422353.0565825,67390.1,1.48340894,s
1780422660.2511163,67300.0,3.38096453,s
1780422786.178994,67309.4,1.187738,s
1780422921.8309152,67307.8,2.22856653,s
1780423923.0646162,67500.0,2.15162223,s
1780423923.1944156,67500.0,14.847789,s
1780423923.7154524,67500.0,1.60910985,s
1780423971.958073,67500.0,3.07059772,s
1780423972.8266816,67500.0,3.07059772,s
1780424124.0061998,67500.0,1.84556174,s
1780424124.083636,67500.0,1.49752968,s
1780424124.4398038,67500.0,1.54529599,s
1780424141.4360628,67500.0,1.01732447,s
1780424141.5876768,67500.0,1.03857508,s
1780424142.614747,67500.0,1.06549363,s
1780424142.615272,67500.0,1.0001273,s
1780424142.6221318,67500.0,1.82598446,s
1780424142.6457405,67500.0,2.39909224,s
1780424142.646724,67500.0,2.70748834,s
1780424142.6489713,67500.0,1.79171159,s
1780424142.7254434,67500.0,2.07852698,s
1780425671.7349753,67100.0,1.02433846,s
1780425728.0379531,67116.9,1.191723,b
1780425728.0379531,67124.3,1.430068,b
1780425931.1620088,67189.7,1.03512561,s
1780426499.7875896,67050.0,1.341633,s
1780426932.4776995,67215.1,1.178023,b
1780426932.4776995,67215.1,1.3,b
1780426932.4776995,67215.1,2.52945339,b
1780427274.9354923,67169.5,1.19068,s
1780427274.9354923,67169.5,1.428969,s
1780427381.602035,67184.9,1.131982,s
1780427546.1746962,67259.9,1.189309,s
1780428315.0678694,67001.0,1.35725523,s
1780428479.8309848,67023.3,1.20357174,s
1780428480.1341312,66945.3,2.87878814,s
1780428480.1939704,66927.3,1.53593972,s
1780428480.1939704,66930.5,1.53757358,s
1780428480.3406126,66917.8,1.41232,s
1780428480.3667166,66909.0,1.19696787,s
1780428480.5358796,66900.0,1.60629302,s
1780428481.2850237,66900.0,1.341729,s
1780428481.2961257,66900.0,1.341729,s
1780428484.0269372,66866.2,1.193526,s
1780428521.0459168,66840.4,1.42621651,b
1780428521.2113616,66881.8,2.7,b
1780428578.5804186,66885.1,2.03887528,s
1780428671.2038336,66700.0,1.5,s
1780428671.984452,66700.0,1.35889746,s
1780428672.172117,66700.0,1.347514,s
1780428678.9119334,66608.2,1.48705895,s
1780428678.9873564,66608.2,1.348624,s
1780428679.1367242,66608.2,1.14572949,s
1780428679.3692484,66608.2,1.91446429,s
1780428679.7615235,66608.2,4.39176004,s
1780428679.7910042,66608.2,1.366448,s
1780428707.2779145,66584.9,1.200726,s
1780428808.5016794,66410.5,2.0,s
1780428996.0956366,66621.3,1.01868931,b
1780429084.471846,66687.7,1.199509,b
1780429165.4575927,66647.2,1.439301,s
1780429165.4575927,66650.1,1.49978757,s
1780429165.4575927,66657.4,1.199469,s
1780429165.457593,66631.6,2.24318593,s
1780429165.457593,66639.5,2.25091442,s
1780429165.4575932,66631.5,2.47197457,s
1780429283.0013356,66560.0,1.20113,b
1780429283.0013356,66561.1,1.0981853,b
1780429770.1769094,66990.7,1.193663,b
1780429804.2958336,67053.8,2.01132834,b
1780429868.3201194,67180.4,1.339134,s
1780429988.4579203,67300.0,1.51359081,b
1780429990.7027507,67352.5,1.17124013,b
1780430122.1295252,67110.1,1.171429,b
1780430122.1295252,67110.1,1.42139235,b
1780430628.31616,67114.5,1.34181316,b
1780430859.4241571,67289.9,1.8683844,s
1780431084.7981138,67325.0,1.51838271,s
1780431085.364309,67325.0,1.75198893,s
1780431182.1952507,67290.1,1.152939,b
1780432384.268025,67150.0,1.26740837,b
1780433469.631009,67477.2,1.423979,b
1780433469.631009,67480.7,1.17138553,b
1780434922.35474,67438.4,1.23925528,b
1780435609.0911734,67732.7,1.174978,s
1780435738.3339133,67698.8,1.0089,s
1780435833.2161417,67758.9,1.47537948,s
1780438690.9589117,66850.0,1.5,s
1780439030.8484275,67289.9,2.52458513,s
1780439212.3451765,67250.0,3.085,s
1780439598.9150689,67098.4,1.429293,s
1780439598.9150689,67103.5,1.191077,s
1780439693.6075559,66967.2,1.431937,s
1780439693.6075559,66969.7,1.193281,s
1780439693.607556,66955.9,7.46759201,s
1780439693.607556,66964.2,2.24000052,s
1780439693.6075563,66938.4,1.789795,s
1780439693.6075563,66943.2,1.64569077,s
1780439693.6075563,66947.2,7.46856384,s
1780439693.6075563,66947.3,2.22938153,s
1780439693.6075566,66936.1,7.46980019,s
1780439693.6075568,66903.0,2.29506832,s
1780439693.6075568,66906.7,2.42757,s
1780439693.6075568,66915.4,2.385982,s
1780439693.6075568,66916.1,5.23042332,s
1780439693.607557,66885.2,1.91632358,s
1780439693.607557,66885.3,11.21321214,s
1780439693.607557,66893.9,5.23215865,s
1780439693.607557,66897.4,4.954266,s
1780439693.6075573,66864.8,4.63794,s
1780439693.6075573,66868.0,1.3,s
1780439693.6075573,66872.0,5.23387526,s
1780439693.6075573,66883.0,5.23301652,s
1780439693.6075575,66859.2,1.67084426,s
1780439694.12948,66939.1,5.53257418,s
1780439694.12948,66943.3,2.24070172,s
1780439694.12948,66949.8,1.193343,s
1780439812.1862688,66921.9,1.28694224,b
1780439965.2644997,66926.0,1.28469325,s
1780440384.651954,66700.0,1.31176871,b
1780440659.68921,66500.0,1.18389614,s
1780440674.6037965,66500.0,2.523,s
1780440724.894503,66419.7,1.10293504,b
1780440724.894503,66421.0,1.202683,b
1780440752.4255288,66350.0,1.03695,s
1780440754.6318514,66310.0,1.354801,s
1780440754.6707363,66310.0,2.04735789,s
1780440754.7058713,66310.0,1.33357808,s
1780440754.7107077,66310.0,1.72568404,s
1780440761.4510665,66228.8,1.85988578,s
1780440856.9813464,66464.9,1.70994899,s
1780440857.3881228,66464.9,1.352739,s
1780440859.9722881,66445.1,1.202627,b
1780440859.9722881,66454.5,1.443152,b
1780440859.9722884,66473.3,1.78801673,b
1780441101.2803838,66405.0,3.092495,s
1780441102.5628016,66405.0,1.353566,s
1780441102.6326709,66405.0,3.067799,s
1780441102.6329534,66405.0,1.353566,s
1780441102.633033,66405.0,1.08620541,s
1780441351.1125445,66155.0,1.03913065,s
1780441351.1367886,66155.0,1.359599,s
1780441420.5812566,66155.0,1.789,s
1780441427.4770708,66155.0,1.44441904,s
1780441499.88139,66244.8,1.207603,b
1780441508.2340164,66250.0,1.33894466,s
1780441693.2518394,66499.2,1.22767127,b
1780442272.264532,66536.7,1.200955,s
1780442272.2645323,66522.9,1.441069,s
1780442272.2645326,66510.6,7.21364993,s
1780442451.7523744,66540.0,2.25428313,b
1780442451.7523744,66540.1,1.201656,b
1780442451.7523744,66544.2,1.441987,b
1780442451.7523746,66548.3,2.25434848,b
1780442451.7523746,66548.3,2.55498923,b
1780442487.1839058,66528.9,1.0,b
1780442747.9269183,66204.3,1.01623257,b
1780442867.4868233,66275.3,2.01897544,s
1780444284.570218,66645.1,1.098735,s
1780444850.0022454,66768.6,1.43756,s
1780444850.0022454,66772.6,1.197967,s
1780444850.0022454,66772.8,1.079358,s
1780444850.0022457,66752.1,1.797264,s
1780444850.002246,66740.3,1.87606923,s
1780444858.0016146,66715.9,1.197758,s
1780445692.8026128,66746.5,1.28244473,s
1780446490.2349844,66732.3,1.437045,s
1780446490.2349844,66737.4,1.197586,s
1780446490.2349846,66720.6,1.49880147,s
1780446490.2349846,66722.5,2.24811696,s
1780446490.2349849,66706.3,1.65147491,s
1780446490.2349849,66709.3,1.796306,s
1780446490.2349849,66713.0,7.49478394,s
1780446490.234985,66687.4,10.28678425,s
1780446490.234985,66700.0,1.60726342,s
1780446490.2349854,66666.3,2.30313483,s
1780446490.2349854,66672.8,5.24950942,s
1780446490.2349854,66676.1,2.395075,s
1780446490.2349854,66681.2,5.24884892,s
1780446490.2349856,66656.6,10.97350533,s
1780446491.2570424,66722.5,1.197669,s
1780446491.2570426,66717.9,1.437202,s
1780446491.7615552,66716.3,1.437249,s
1780447010.4888651,66943.7,1.164989,b
1780447114.0042906,67050.0,1.36759932,b
1780447114.0042906,67050.0,1.83824513,b
1780447114.0049942,67050.0,1.09144218,b
1780447114.0049942,67050.0,2.24560513,b
1780447114.0088558,67050.0,4.41401245,b
1780447167.7256877,66936.6,1.07774611,s
1780447167.7256877,66943.9,1.49313608,s
1780447265.5600793,66943.2,1.034496,s
1780449264.8297412,66700.0,1.14396581,b
1780449746.8134003,66843.1,1.094373,b
1780450137.8266342,66943.1,1.194549,s
1780450433.135361,66900.0,1.344573,s
1780451934.2631946,66813.2,1.4358,s
1780453297.3852372,66700.0,3.490607,s
1780456017.3204417,66495.0,1.20273,s
1780457183.4636567,66260.1,2.15969625,b
1780457193.9657655,66167.8,1.1302407,b
1780457193.9657655,66167.9,1.448648,b
1780457326.8570094,66055.0,5.81518997,s
1780457326.8570094,66055.0,10.0,s
1780457556.4661548,66010.2,1.39570149,s
1780457617.82624,66028.8,1.210762,s
1780458188.7871873,65900.0,1.144799,s
1780458211.3403234,65829.4,4.418543,s
1780458236.5886393,65717.4,1.458677,s
1780458236.5886393,65725.0,3.04298212,s
1780458236.5886393,65726.5,1.215564,s
1780458236.58864,65687.2,3.89625218,s
1780458471.3630433,65768.5,1.25714535,b
1780458601.8290997,65550.0,2.86035981,s
1780458602.816561,65522.8,5.33177327,s
1780458602.8467162,65522.8,2.07293637,s
1780458602.8674254,65522.8,1.88888603,s
1780458602.8727775,65522.8,4.36143013,s
1780458602.9441698,65522.8,2.196477,s
1780458641.0757463,65459.9,1.21771642,s
1780458794.2762458,65778.4,1.03572903,b
1780458794.2762458,65783.3,1.21645,b
1780458794.2762458,65784.7,2.28056665,b
1780458794.276246,65788.4,1.52043319,b
1780458794.276246,65788.5,1.459842,b
1780458794.276246,65795.8,2.58433294,b
1780458794.276246,65795.9,2.69131499,b
1780459395.4260385,66186.1,1.30094031,b
1780459432.3925898,66200.0,1.35916,b
1780459492.8737752,66400.0,1.355548,b
1780459539.6426,66375.0,1.204631,s
1780459660.3920019,66315.1,1.028626,b
1780460377.1708658,66262.8,1.29800616,s
1780460377.1708658,66266.3,1.206668,s
1780460442.9240415,66302.7,1.447354,s
1780460442.9240415,66304.4,1.206123,s
1780460678.2175114,66362.9,1.33533552,s
1780462657.2722404,66345.0,1.96848932,s
1780463087.2491724,66817.8,1.49981911,b
1780463087.5406773,66960.3,1.05297387,b
1780463087.5406775,67000.0,1.19006069,b
1780463087.540678,67047.7,2.394705,b
1780463087.5406783,67100.0,1.76777208,b
1780463370.4674904,66922.7,1.0704579,b
1780463370.4770832,66922.7,1.31166844,b
1780463373.0889127,66922.7,2.0,b
1780463373.0891206,66922.7,2.0,b
1780463373.0892296,66922.7,1.99989893,b
1780463373.0893152,66922.7,1.99979786,b
1780463578.213594,67122.0,1.72273775,b
1780463578.2374187,67122.0,1.340319,b
1780463613.6690185,67149.9,1.0,s
1780463623.6507037,67150.0,1.35072633,b
1780463701.082174,67069.3,1.15660766,b
1780463782.2494726,67149.9,1.89133095,b
1780463795.343659,67150.0,1.39444531,b
1780463795.3558369,67150.0,1.65293981,b
1780463795.4867108,67150.0,1.08525928,b
1780465043.5243003,66791.3,1.01222443,s
1780465872.3708277,67101.8,1.02978608,b
1780466379.071086,67272.1,1.1435925,s
1780467698.584043,67214.8,1.105481,s
1780467698.584043,67214.8,1.190105,s
1780468480.8755457,67300.0,2.0,b
1780468569.8466487,67331.2,1.05333542,s
1780469212.3502874,67134.4,3.10766723,b
1780469297.2707832,67134.4,1.06574115,b
1780469570.7110565,67005.3,1.41559819,s
1780471014.5348697,67185.0,1.68082827,b
1780473850.9673383,67139.9,1.18884784,s
1780474712.9282546,67005.1,1.13969513,b
1780474951.060262,66974.9,1.05256222,s
1780475074.4968114,66946.3,1.06900711,b
1780476413.4278471,66959.9,1.49298763,s
1780477374.7911413,66888.1,1.79992409,b
1780480090.7224004,66617.9,1.013344,s
1780480090.7224007,66605.6,1.440136,s
1780480090.7224007,66609.3,1.200117,s
1780480090.722401,66591.3,4.98139651,s
1780480090.722401,66600.0,2.25225145,s
1780480167.1347895,66570.0,1.85867116,b
1780480167.1358166,66570.0,2.1,b
1780480167.6248965,66641.8,3.498297,b
1780480167.627785,66641.8,1.44348394,b
1780480175.7763274,66750.0,3.32150642,b
1780480175.790348,66750.0,1.63643126,b
1780480275.9522552,67117.5,1.191821,b
1780481179.078057,67159.4,1.0,b
1780481795.9169104,67177.0,1.24997123,s
1780481796.4630642,67177.0,5.734752,s
1780484986.701726,67133.1,1.0,b
1780486458.7450697,67133.0,1.24062268,s
1780488155.896099,66927.4,2.18048,b
1780490111.3190756,67000.5,2.23878898,s
1780493100.220453,67018.5,1.13416644,s
1780493100.256516,67018.5,1.44045342,s
1780493521.8689206,66900.0,1.05552943,b
1780493528.4315062,66900.0,1.16118199,b
1780494709.725852,66915.9,1.49481901,b
1780494945.6857631,66749.5,1.62966144,s
1780495534.2314866,66704.8,1.01122296,b
1780496098.8156135,66779.9,1.6471573,s
1780496352.628583,66654.2,1.43505717,s
1780496402.6698968,66600.0,1.77579398,s
1780496402.7083766,66600.0,1.5440274,s
1780496857.4857721,66600.0,1.57829359,s
1780496857.4898138,66600.0,1.11272668,s
1780496858.0553162,66600.0,4.369627,s
1780498848.4957623,66750.0,1.52799141,s
1780498849.3850567,66750.0,24.37902779,s
1780499083.3993287,66700.0,1.01554632,s
1780499222.5895834,66500.0,1.17367053,s
1780499232.4844549,66492.8,1.75299292,s
1780499350.7148592,66479.9,2.55635272,s
1780499803.247848,66400.0,1.34996032,s
1780500007.570873,66277.2,2.26322208,b
1780500007.570873,66283.6,2.56503415,b
1780500007.5708733,66286.4,7.54303224,b
1780500007.5708733,66288.2,1.50782967,b
1780500007.5708733,66288.3,2.26330863,b
1780500007.5708733,66294.5,2.42524293,b
1780500007.5708733,66294.6,7.54209728,b
1780500007.5708735,66300.0,1.01554632,b
1780500007.5708735,66302.3,7.54122396,b
1780500007.5708735,66310.2,7.54032531,b
1780500007.5708735,66314.2,2.12948235,b
1780500007.5708737,66333.7,3.45783434,b
1780500007.5708737,66333.9,1.88639591,b
1780500007.5708737,66336.0,1.38668293,b
1780500007.5708737,66336.0,5.27617148,b
1780500022.8315709,66275.7,2.12948235,s
1780500076.8690846,66174.2,1.26495503,s
1780500076.869085,66160.9,1.12769889,s
1780500076.869085,66160.9,2.26612314,s
1780500076.8690853,66150.1,7.52950667,s
1780500076.8690856,66141.5,5.42155275,s
1780500076.8690856,66143.5,1.86465859,s
1780500783.583514,66408.5,2.5601888,b
1780500783.583514,66415.8,1.50609093,b
1780501865.3106818,66235.0,1.50933884,s
1780501865.310682,66235.0,1.54899104,s
1780502461.6468253,66000.0,1.14750414,s
1780502543.9216561,65850.0,15.424931,s
1780502670.8641062,66010.6,1.56527017,s
1780502727.736581,66198.1,1.03403649,b
1780503702.5845366,65712.6,1.0205566,s
1780503762.9367259,65666.3,1.64296281,s
1780503762.9367259,65666.9,1.52230576,s
1780503848.848054,65655.0,2.434529,s
1780503848.902084,65655.0,1.19326242,s
1780503848.9041193,65655.0,1.57266654,s
1780503848.9212837,65655.0,7.6482066,s
1780503848.9236693,65655.0,1.88716179,s
1780503848.927549,65655.0,1.86380588,s
1780503848.9316673,65655.0,1.56552252,s
1780503848.9382348,65655.0,1.00508565,s
1780503848.954282,65655.0,1.22160949,s
1780503848.9911375,65655.0,3.64988798,s
1780503883.5651693,65619.9,2.5841148,s
1780503891.465239,65676.3,1.16476112,s
1780504041.291264,65500.0,1.16569013,s
1780504056.7078989,65500.0,1.20764832,s
1780504059.715891,65500.0,3.772744,s
1780504091.5247955,65532.9,1.52553658,s
1780504161.4920063,65530.4,1.27687856,s
1780504161.4920065,65515.9,2.0,s
1780504252.2908561,65580.0,2.72765007,s
1780504285.1818082,65600.0,1.843391,s
1780505671.6649787,65886.9,1.51720624,s
1780505671.664979,65873.4,2.27709458,s
1780505671.6649792,65864.1,2.93340824,s
1780505671.6649792,65864.7,7.59131849,s
1780505671.6649792,65864.8,2.26600857,s
1780508023.4361875,66063.8,1.35161191,b
1780508756.9782004,65971.3,1.51533466,s
1780508756.9782004,65975.5,2.30538275,s
1780510029.584314,65954.9,1.23187598,b
1780513356.5701408,65968.6,1.38058811,b
1780513539.5521216,65928.4,1.0,s
1780514610.9733171,65644.3,1.09843498,s
1780515093.2158701,65579.9,1.23837078,s
1780515475.7077854,65706.9,1.06066841,b
1780515826.0386767,65715.7,2.2074439,s
1780516296.3068101,65500.0,3.47247587,s
1780516297.79529,65500.0,1.0080173,s
1780516297.804512,65500.0,2.04257112,s
1780516333.813484,65458.1,1.25596638,s
1780516333.818947,65458.1,2.204504,s
1780516333.8200765,65458.1,2.204504,s
1780516333.8269148,65458.1,1.763133,s
1780516333.9055197,65458.1,1.29981078,s
1780516333.9080648,65458.1,1.31018692,s
1780516333.9104278,65458.1,1.88768628,s
1780516333.9196203,65458.1,1.10199859,s
1780516333.931142,65458.1,1.30066078,s
1780516333.980349,65458.1,2.1,s
1780516333.9995627,65458.1,1.03489939,s
1780516333.9995627,65458.1,2.69935302,s
1780516375.3704145,65412.2,1.222171,s
1780516441.891653,65349.2,1.03629747,s
1780516442.0438027,65341.2,1.72530221,s
1780516442.0689497,65341.2,1.7405194,s
1780516520.4828415,65187.6,1.225907,s
1780516531.8168652,65261.5,1.00048409,b
1780516792.551875,65402.8,1.07357449,b
1780516822.7139912,65329.2,1.22326,s
1780517701.3641953,65439.7,1.81812322,s
1780517702.2354763,65400.2,1.7,s
1780517926.6784143,65210.3,1.225523,s
1780518157.2217405,65399.3,1.222652,s
1780518456.6910758,65521.6,1.08873615,b
1780519415.9524229,65185.0,9.73436094,s
1780519549.6582217,65100.0,1.24949438,s
1780519549.868509,65100.0,1.39324967,s
1780519550.09066,65089.0,1.18230115,s
1780519550.1623275,65089.0,2.0559918,s
1780519609.6999729,65036.2,1.19810314,b
1780519722.4996753,65006.7,1.230029,s
1780519722.5003095,65039.1,1.230029,b
1780519809.0074887,65000.0,1.12188697,s
1780519820.9929402,65000.0,1.02213257,s
1780519822.3965826,65000.0,1.0,s
1780519822.3965833,65000.0,1.23076924,s
1780519822.3965833,65000.0,2.0,s
1780519822.3965838,65000.0,1.63444553,s
1780519844.2579103,65000.0,1.19822616,s
1780519884.8307903,65000.0,2.85269826,s
1780519884.8307908,65000.0,1.24709419,s
1780520104.9166923,64900.0,2.19274531,s
1780520104.954844,64900.0,1.66742518,s
1780520107.461179,64707.2,1.3,s
1780520127.822009,64844.9,1.36122006,b
1780520146.9270427,64811.7,1.233506,s
1780520170.8460534,64887.9,1.232469,s
1780520170.84926,64860.0,2.00644205,b
1780520170.8544757,64860.0,2.33547618,b
1780520538.3857894,65147.8,1.91756066,b
1780520538.3857894,65161.9,2.15258792,b
1780520563.2739103,65159.9,1.227633,s
1780520563.2739105,65159.9,2.47841843,s
1780520563.2739108,65129.1,1.22989726,s
1780520563.2739108,65136.5,2.30167796,s
1780520573.8172643,65147.9,1.227472,s
1780520619.2046087,65271.4,1.05683146,s
1780520715.0889611,65279.9,1.12710898,s
1780520860.6318524,65455.7,1.52715214,s
1780520937.5654378,65450.0,1.29605982,b
1780522408.2393692,65513.9,1.14944666,b
1780522864.6798685,65251.5,2.29879731,s
1780522864.6798685,65251.8,2.29759423,s
1780522864.6798685,65251.9,1.14973073,s
1780523310.548068,65645.3,1.219415,b
1780523310.5480683,65654.9,2.58949816,b
1780523310.5480683,65665.5,1.65689819,b
1780524323.5915692,65481.8,1.22132,s
1780525327.0110846,64958.2,1.230546,s
1780525327.0110848,64939.6,2.03135143,s
1780525449.169194,65123.4,1.01152611,b
1780526834.9275632,64800.0,3.40038315,s
1780526834.9324777,64800.0,1.03646651,s
1780526888.93951,64774.2,1.234014,s
1780526888.9395103,64767.6,2.31596964,s
1780526888.9395106,64751.0,7.72187991,s
1780526888.9395106,64757.9,7.72105671,s
1780526888.9395108,64743.9,2.03755788,s
1780526888.939511,64721.0,1.53424511,s
1780526888.939511,64721.1,1.2053575,s
1780526923.8835123,64844.7,1.91750423,b
1780526935.7599728,64860.1,1.232571,s
1780527731.4875426,64669.2,1.04468806,s
1780527753.3683825,64607.1,1.06933106,b
1780527753.3683825,64631.5,1.23355158,b
1780527808.719182,64500.0,1.51368297,s
1780528088.433042,64410.0,1.00708385,s
1780528097.9381475,64410.0,1.69291615,s
1780528097.9381475,64411.3,1.240917,s
1780528097.9381475,64414.2,1.23771294,s
1780528097.9381478,64405.7,1.60181936,s
1780528123.0329337,64355.8,1.73500315,s
1780528123.0329337,64358.2,1.241391,s
1780528706.0972104,64333.3,1.547792,s
1780529030.696173,64322.0,1.242711,s
1780529030.6961732,64318.0,7.77386559,s
1780529030.6961732,64318.1,2.25050206,s
1780529045.1138465,64288.1,1.243245,b
1780529635.335132,64400.0,1.18989063,s
1780529823.664544,64289.0,2.33321332,s
1780529823.664544,64289.1,1.07213248,s
1780530004.357351,64220.0,1.0004824,b
1780530266.591955,64189.1,1.12705729,s
1780530269.2962904,64189.1,1.16132492,s
1780530269.2978597,64189.1,1.22896,s
1780530269.2990263,64189.1,1.22896,s
1780530269.3690867,64189.1,1.31956279,s
1780530269.3813236,64189.1,1.10321561,s
1780530271.7484484,64189.1,4.30106341,s
1780530274.0115335,64189.1,1.23342892,s
1780530274.020315,64189.1,1.16066675,s
1780530495.130995,64212.8,1.244667,s
1780530781.1623738,64100.0,1.10735235,s
1780530781.1897712,64100.0,1.17020878,s
1780530781.2670455,64100.0,1.20500098,s
1780530781.2681487,64100.0,2.23021526,s
1780530781.284949,64100.0,1.24669171,s
1780530781.3028905,64100.0,1.15644922,s
1780530781.3169286,64100.0,2.56442315,s
1780530781.366071,64100.0,1.54098975,s
1780530783.631886,64093.5,1.96289648,s
1780530875.544561,64037.0,2.34239406,s
1780530875.544561,64039.7,1.248126,s
1780530875.5445611,64030.8,2.50623345,s
1780530995.243576,64050.0,1.11447706,b
1780531448.4516995,64197.1,1.244823,s
1780531448.4516997,64184.6,2.33700747,s
1780531951.6895514,64273.7,1.244131,b
1780532393.7473235,64185.0,1.245844,b
1780532393.7473238,64185.0,2.2436007,b
1780532650.6732051,64025.0,1.54391545,s
1780532650.6743836,64025.0,1.16142107,s
1780532651.5803583,64000.0,1.0,s
1780532651.5803583,64000.0,1.0,s
1780532651.5827825,64000.0,1.0,s
1780532651.6047528,64000.0,4.5,s
1780532764.5908864,63756.0,1.253246,s
1780532918.5438547,63656.7,1.256875,b
1780532918.5438547,63664.1,7.8537249,b
1780532918.5438547,63667.0,2.67074799,b
1780532918.5438547,63673.7,1.96033834,b
1780532918.543855,63676.7,2.35642097,b
1780532918.543855,63682.9,1.56692092,b
1780532918.543855,63683.0,7.03912294,b
1780532943.999089,63555.0,1.32424065,s
1780532944.026435,63555.0,1.96768074,s
1780532944.0586157,63555.0,1.36563178,s
1780532944.0783617,63555.0,1.08581941,s
1780532944.1472902,63550.0,1.0,s
1780532968.2484198,63477.7,1.0,s
1780533012.4876761,63431.6,1.08888728,s
1780533086.7230122,63670.9,1.257079,s
1780533086.7230127,63613.3,7.85998608,s
1780533086.723013,63580.1,2.60677581,s
1780533086.723013,63607.1,2.06796756,s
1780533086.7230132,63559.8,5.50662043,s
1780533086.7230132,63562.5,5.50638611,s
1780533086.7230132,63568.4,1.3,s
1780533086.7230132,63570.3,5.5057148,s
1780533086.7230134,63522.5,5.50985801,s
1780533086.7230134,63528.4,5.50934095,s
1780533086.7230134,63528.5,3.49207466,s
1780533086.7230136,63488.4,2.03083342,s
1780533111.4512217,63601.8,1.256576,s
1780533528.6095765,63076.3,1.02437582,s
1780533528.610078,63073.8,1.266389,s
1780533528.610078,63076.3,1.05597358,s
1780533534.6012137,63147.3,1.266854,s
1780533615.7024267,63174.1,1.13432468,b
1780533757.7750268,63196.5,5.541797,s
1780534020.4343345,63156.4,1.09361404,s
1780534134.9080563,63171.3,1.265742,s
1780534440.4231393,63000.0,1.13442512,s
1780534440.5347128,63000.0,2.17019312,s
1780534465.3708763,63136.8,1.26822,b
1780534772.519573,63272.0,1.17823835,b
1780534772.519956,63272.0,1.14412505,b
1780534772.5219464,63275.0,1.37646641,b
1780534884.0270703,63327.4,1.5687569,b
1780534906.3144758,63311.0,1.24323888,s
1780535065.6376166,63240.3,1.01489663,b
1780535515.9519792,63122.8,1.53731737,b
1780535770.4810007,62888.8,1.50509902,s
1780535785.014209,62837.2,1.27182,s
1780535812.8798244,62815.9,1.270605,s
1780535932.8911152,62830.5,1.270822,s
1780535966.51424,62799.0,1.32011647,b
1780536030.6718228,62878.8,1.271282,b
1780536030.6718233,62908.1,2.34582012,b
1780536030.6718233,62908.3,2.80931309,b
1780536030.6718235,62908.3,1.53731737,b
1780536137.4254935,62684.8,1.1858543,s
1780536177.3434901,62600.0,1.40016089,s
1780536397.2234275,62848.3,1.273553,b
1780536552.8828077,62668.6,1.276272,s
1780536681.7859936,62744.6,1.274711,s
1780536688.418337,62773.8,1.274492,s
1780537027.5763428,62919.7,1.27009841,s
1780537529.7799134,62791.2,2.38925394,b
1780537759.691247,62500.0,1.01025884,s
1780537759.94847,62500.0,1.08867594,s
1780537760.0077147,62500.0,1.0,s
1780537760.0077152,62500.0,2.0,s
1780537760.007716,62500.0,4.95431078,s
1780537768.1945014,62417.9,1.27956,s
1780537804.7917986,62413.7,2.59179119,s
1780537804.7993128,62413.7,1.45316699,s
1780537804.8026285,62413.7,1.23962089,s
1780537804.8075244,62413.7,3.20967256,s
1780537804.807913,62413.7,1.36804822,s
1780537804.8240669,62413.7,3.97617248,s
1780537812.0292304,62493.1,1.10556864,b
1780537812.0323255,62493.1,1.71292848,b
1780537812.0324934,62493.1,1.71292267,b
1780537812.0333793,62493.1,1.17950706,b
1780537857.5750885,62359.3,1.3519257,s
1780537875.1184309,62325.0,1.0025882,s
1780537949.133313,62276.8,1.0,s
1780538022.3998556,62200.0,1.00629707,s
1780538077.3948417,62218.9,1.284726,b
1780538162.5180042,62090.5,1.15602743,b
1780538206.2904086,62133.8,1.287696,b
1780538371.18132,62088.2,2.4946143,s
1780538408.6328673,62082.2,1.287542,s
1780538448.8714118,62086.6,2.53182292,s
1780538463.1047447,62000.0,1.26384048,s
1780538463.215748,62000.0,3.87316234,s
1780538463.232774,62000.0,2.3138551,s
1780538463.2978268,62000.0,2.41316929,s
1780538463.2978277,62000.0,1.0,s
1780538463.2978282,62000.0,1.0,s
1780538463.3162606,62000.0,3.0,s
1780538463.7892158,61961.0,1.0,s
1780538464.7735982,61986.3,1.17304449,b
1780538464.774746,61986.3,1.0,b
1780538477.2758489,61861.1,1.32933969,s
1780538477.2758489,61870.7,1.290957,s
1780538477.2758489,61871.6,2.04914832,s
1780538478.9696107,61909.5,1.29118,s
1780538518.9138882,61861.0,1.08258293,s
1780538519.0056286,61861.0,1.20176966,s
1780538519.0174277,61861.0,1.43991809,s
1780538519.0540805,61861.0,1.27452962,s
1780538519.057482,61861.0,1.0748606,s
1780538519.0800025,61861.0,7.57027551,s
1780538533.6621873,61777.8,1.01657702,s
1780538542.512292,61750.0,2.0,s
1780538600.668303,61555.0,1.40200866,s
1780538600.6766047,61555.0,1.95754696,s
1780538600.7027967,61555.0,2.31058877,s
1780538600.8233342,61555.0,1.13972478,s
1780538606.6090455,61500.0,1.23262708,s
1780538606.6147816,61500.0,2.08047305,s
1780538606.6333516,61500.0,1.81223354,s
1780538606.6414824,61500.0,1.27968467,s
1780538606.6953955,61500.0,8.74993542,s
1780538607.3669777,61448.6,4.31002371,s
1780538607.3669777,61448.7,1.62709762,s
1780538628.5288944,61550.0,2.73895005,b
1780538628.5425744,61550.0,2.01147238,b
1780538628.545687,61550.0,1.16912773,b
1780538638.0801258,61576.2,2.43754817,b
1780538638.0801258,61581.7,1.53103127,b
1780538688.725787,61356.6,1.62893596,s
1780538688.7257872,61350.0,1.0,s
1780538688.7301075,61324.4,1.65070987,s
1780538688.7356193,61287.6,1.72917325,s
1780538688.7374592,61268.6,1.64688209,s
1780538688.737938,61261.6,1.09632007,s
1780538689.753678,61258.8,1.30296452,s
1780538689.7578397,61255.9,1.17371427,s
1780538690.755115,61328.9,1.66638189,s
1780538690.7561738,61315.2,1.0,s
1780538690.7568033,61315.2,1.0,s
1780538690.7574773,61315.2,1.0,s
1780538697.548694,61362.4,1.00435116,b
1780538706.761108,61434.3,1.57803141,b
1780538713.8197625,61443.0,1.171882,s
1780538716.9466615,61500.0,2.31866296,b
1780538717.0543196,61500.0,1.53855164,b
1780538717.060765,61500.0,1.18572212,b
1780538784.7396188,62054.9,3.84009506,b
1780538809.7430067,62047.0,1.160834,s
1780538850.1969056,62338.6,1.285122,b
1780538850.1969056,62350.4,1.60472981,b
1780538850.1969056,62350.9,2.72724952,b
1780538876.8697786,62300.0,1.0,b
1780538901.7024775,62300.0,1.39845512,s
1780538902.2836382,62300.0,1.37612491,s
1780538902.3215547,62300.0,5.52317873,s
1780538928.7614207,62146.6,1.0,s
1780538929.7731147,62121.5,1.05456164,s
1780539175.229511,62314.5,1.283701,b
1780539175.2295113,62334.1,2.00612629,b
1780539218.7119389,62333.1,1.10460126,b
1780539268.039473,62370.5,1.54116929,s
1780539316.7459917,62234.0,1.16504654,s
1780539317.0791724,62234.0,20.08592742,s
1780539390.4345398,62342.9,1.283923,b
1780539415.8379335,62340.3,1.0,s
1780539667.8228996,62552.9,1.01535086,s
1780539852.1170304,62800.0,1.43047251,s
1780540041.5453825,63000.1,1.00744657,s
1780540041.5785687,63000.1,1.01014415,s
1780540041.6950226,63000.1,1.63413847,s
1780540303.9772737,63140.8,1.3049974,s
1780540304.0216029,63140.8,1.51351636,s
1780540307.4337428,63118.5,1.47197142,b
1780540307.9154248,63118.5,1.21086975,b
1780540844.0574632,63283.2,2.68678324,b
1780540844.0574632,63283.3,2.37029631,b
1780540844.0574632,63288.1,2.37068804,b
1780540844.0574632,63290.2,1.58043347,b
1780540844.0574632,63290.3,7.90010647,b
1780540844.0574634,63299.5,7.89895698,b
1780540844.0574634,63300.0,1.0,b
1780540844.0574634,63308.7,7.89781291,b
1780540844.0574634,63310.8,1.87028565,b
1780540844.0574634,63317.8,3.67053529,b
1780540844.0574636,63317.9,7.89666191,b
1780540844.0574636,63320.1,4.53614881,b
1780541233.0704668,63337.8,1.4727904,b
1780541289.3430178,63302.5,1.32738676,b
1780541314.1639295,63517.6,1.25017074,b
1780541314.1714394,63517.6,1.20158935,b
1780541314.2424695,63517.6,1.8570668,b
1780541314.2527907,63517.6,7.93991107,b
1780541314.37268,63517.6,1.03804541,b
1780541521.0550272,63438.0,1.93042234,s
1780541554.6986492,63314.8,1.04663285,b
1780541744.637932,63200.0,1.29211669,b
1780541749.095061,63222.5,1.58172585,s
1780541749.095061,63225.4,1.58118234,s
1780541749.0950613,63215.4,2.37283658,s
1780541749.0950615,63196.1,7.91187236,s
1780541749.0950615,63196.4,7.91183756,s
1780541749.0950615,63206.3,7.91060009,s
1780541749.0950618,63170.7,1.2146377,s
1780541749.0950618,63174.7,1.87144073,s
1780541749.0950618,63180.0,7.91389349,s
1780541749.0950618,63183.3,7.91347823,s
1780541749.0950618,63183.4,1.38929271,s
1780541812.6566942,63203.9,1.0,b
1780542343.380896,63698.1,1.256188,b
1780542343.380896,63698.3,2.35485091,b
1780542457.0680802,63855.0,1.252007,b
1780542457.0680804,63869.9,2.66238378,b
1780542457.0680804,63878.3,1.58708875,b
1780542521.0629163,63899.9,2.66101325,b
1780542521.0629163,63900.8,1.253775,b
1780542521.0629163,63909.7,1.95601,b
1780542521.0629165,63914.1,6.98372182,b
1780542521.0629165,63921.0,1.85234888,b
1780542521.0629165,63943.3,1.80324921,b
1780542716.8752825,63704.9,1.35183035,s
1780542772.258803,63714.7,1.255498,s
1780542787.2953923,63700.0,1.0,b
1780542864.9850588,63820.0,1.81249076,b
1780542864.9985664,63820.0,1.8140295,b
1780542865.0046537,63820.0,1.8696223,b
1780542865.2419112,63849.5,1.55466888,b
1780542895.965401,63891.9,1.66283495,b
1780542895.965401,63892.0,2.66101424,b
1780542895.965401,63892.2,2.34770639,b
1780542895.9654012,63905.3,7.82407956,b
1780542895.9654012,63908.4,1.95276863,b
1780542895.9654014,63915.3,7.82286132,b
1780542895.9654014,63924.6,7.82172143,b
1780542895.9654014,63934.6,1.85212442,b
1780542895.9654014,63934.9,7.82045959,b
1780542895.9654016,63937.2,7.82017741,b
1780543019.1862717,64036.1,2.34243114,b
1780543019.1862717,64039.1,1.94979226,b
1780543019.1862717,64042.8,2.65494786,b
1780543019.1862717,64046.5,7.80683582,b
1780543019.186272,64057.0,1.84863268,b
1780543019.186272,64057.8,7.80545811,b
1780543019.186272,64068.0,7.80421003,b
1780543019.1862721,64078.9,1.21160141,b
1780543019.1862721,64090.8,1.55989787,b
1780543019.1862721,64095.4,2.20136731,b
1780543019.1862724,64096.2,5.46054247,b
1780543019.1862724,64104.9,3.18529597,b
1780543066.970078,64080.9,1.38238507,b
1780543077.6597583,64000.0,1.04515279,s
1780543525.0987575,63900.0,1.17836628,b
1780543908.6772206,64214.9,2.64674407,s
1780543911.7105818,64235.4,1.246249,b
1780543911.710582,64249.9,1.31709225,b
1780543911.710582,64249.9,1.32927649,b
1780543935.8520641,64250.0,1.1934116,b
1780543964.9399693,64306.5,1.243297,s
1780543999.197458,64389.0,1.242525,s
1780543999.1974583,64389.0,1.36873349,s
1780544332.8219862,64290.0,2.46551107,s
1780544438.5542247,64395.0,4.30130047,s
1780544707.4730992,64334.9,1.36292477,s
1780544707.4730997,64320.4,1.57266654,s
1780544707.662907,64317.3,2.30797362,b
1780544708.2203863,64317.3,2.70510384,b
1780544708.2259004,64317.3,1.13073816,b
1780544708.2495291,64317.3,1.53532118,b
1780544708.2607195,64317.3,1.19016079,b
1780544708.2607195,64317.3,3.64988798,b
1780545138.8788493,64289.9,1.55499364,s
1780545437.6523054,64250.0,1.05906914,s
1780545437.6528523,64250.0,2.33510028,s
1780545911.9606457,64450.0,1.16066675,b
1780545948.135869,64500.6,1.18243015,b
1780545949.6710658,64500.6,1.912692,b
1780545949.6801052,64500.6,1.912692,b
1780545949.683122,64500.6,2.129808,b
1780545949.685691,64500.6,2.129808,b
1780545949.7116206,64500.6,1.00984512,b
1780545949.7544057,64500.6,1.10175608,b
1780546157.4769113,64323.3,1.55414125,s
1780546157.4769115,64323.1,1.242928,s
1780546311.0349567,64470.0,1.12129284,b
1780546311.0380104,64470.0,1.07711009,b
1780546311.1229756,64470.0,1.05550137,b
1780546425.6409929,64525.0,1.25157014,b
1780546427.845635,64550.0,1.39064311,b
1780546519.5054052,64600.0,1.61382752,b
1780547137.0635152,64678.2,1.3,b
1780547137.0635152,64678.5,1.16004233,b
1780547137.0635154,64678.6,2.62862501,b
1780547137.0635154,64678.9,2.31914963,b
1780547137.0635157,64685.9,1.07196327,b
1780547137.0635157,64685.9,2.76225448,b
1780547851.5203395,64304.9,2.64294419,s
1780548753.3915012,64315.0,1.58493262,b
1780549313.1571264,64109.6,2.33974078,s
1780549313.1571264,64124.9,1.247021,s
1780549313.1571267,64100.0,3.33713775,s
1780549313.1571267,64100.1,1.01010598,s
1780549313.157127,64084.3,7.80221104,s
1780549313.157127,64084.4,2.33885289,s
1780549313.157127,64084.5,1.23773525,s
1780549313.157127,64094.9,7.80093001,s
1780549313.1571271,64069.1,1.84533802,s
1780549313.1571271,64073.7,7.80350161,s
1780549313.1571271,64073.8,2.32934523,s
1780549313.1571274,64062.8,2.34938732,s
1780549324.831381,64139.9,1.246947,s
1780549413.0766146,64002.3,1.248768,s
1780549413.076615,63981.3,7.8147805,s
1780549495.2913666,63962.0,1.249782,s
1780549495.2913668,63945.0,7.81920968,s
1780549495.2913668,63945.1,1.79931582,s
1780549495.291367,63927.7,7.82132539,s
1780549495.291367,63929.1,7.82115872,s
1780549495.291367,63929.2,2.76527683,s
1780549495.291367,63935.6,7.8203614,s
1780549495.291367,63938.8,1.84889826,s
1780549495.2913673,63916.2,2.1098025,s
1780550078.0464067,63800.0,1.24386909,b
1780550448.6907167,63658.2,1.12726956,s
1780550940.3702946,63795.1,1.3,b
1780550940.38637,63803.0,2.35098741,b
1780551233.9528925,64168.7,1.247119,b
1780551233.9528928,64182.4,1.51308357,b
1780551233.9528928,64182.5,2.64917898,b
1780551233.9528928,64186.4,1.55839762,b
1780551233.9528928,64186.5,1.90486795,b
1780551233.9528928,64189.5,2.37589337,b
1780551233.9528928,64189.6,7.78942821,b
1780551233.952893,64195.2,2.35593309,b
1780551233.952893,64195.3,7.78873546,b
1780551233.952893,64199.5,1.84489922,b
1780551233.9528933,64220.6,3.61,b
1780551233.9528933,64223.0,5.44976816,b
1780551233.9528935,64228.1,2.20506988,b
1780551248.0452092,64175.7,1.30348237,s
1780551346.514182,64239.8,2.33500443,b
1780551346.5141823,64241.7,1.24519,b
1780551346.5141823,64248.0,7.78235089,b
1780551346.5141823,64252.1,1.00648494,b
1780551346.5141826,64252.2,2.64626925,b
1780551346.5141826,64257.9,7.78115154,b
1780551346.5141826,64268.1,2.35033757,b
1780551346.5141826,64268.2,7.77990807,b
1780551346.5141828,64274.5,4.34626659,b
1780552243.7328503,63963.4,1.249862,s
1780552243.7328503,63963.7,2.65701572,s
1780552243.7328506,63944.1,2.34579842,s
1780552243.7328506,63954.2,1.56293816,s
1780552243.7328508,63927.4,1.12937716,s
1780552243.7328508,63936.9,7.82020043,s
1780552243.732851,63916.6,4.8087786,s
1780552243.732851,63920.9,7.82216468,s
1780552243.732851,63922.8,1.02448556,s
1780552243.732851,63927.0,7.82142109,s
1780552277.1914778,63909.8,1.17750501,s
1780552277.6112323,63895.5,2.34758138,s
1780552277.6112323,63901.0,1.32826209,s
1780552277.6112323,63902.1,2.65901531,s
1780552277.6112325,63870.0,1.8508849,s
1780552277.6112325,63875.6,7.82771191,s
1780552277.6112325,63886.7,7.82634758,s
1780552277.6112328,63860.4,3.49237414,s
1780552277.6112328,63865.5,7.82895247,s
1780552769.741903,63887.2,1.20180816,b
1780552970.5515246,64000.0,1.20743758,b
1780553053.7690694,64078.7,1.248187,b
1780553053.7690697,64093.6,1.56056574,b
1780553053.7690697,64093.8,2.65269359,b
1780553053.7690697,64095.9,1.32826209,b
1780553053.7690697,64101.6,7.8001174,b
1780553053.7690697,64103.9,1.84693595,b
1780553053.76907,64111.1,7.79896587,b
1780553053.76907,64117.4,7.79820288,b
1780553053.76907,64127.4,1.94643896,b
1780553053.7690701,64135.9,4.4640114,b
1780553077.6306157,64104.8,1.247773,b
1780553077.630616,64116.3,2.33950127,b
1780553077.630616,64118.6,2.65168016,b
1780553077.6306162,64128.2,7.79688349,b
1780553077.6306162,64137.3,7.7957855,b
1780553077.6306162,64137.7,1.86793997,b
1780553077.6306164,64146.3,2.51072838,b
1780553077.6306164,64146.4,3.96914464,b
1780553165.0011995,64093.5,1.81170436,s
1780553898.8227067,64344.7,1.94059843,b
1780553898.822707,64349.2,1.76558052,b
1780555316.763773,64294.2,1.14397701,s
1780556774.5875483,63810.1,2.03477425,s
1780556798.501268,63748.9,1.51105655,s
1780556798.5012684,63717.2,1.85514772,s
1780556798.5012686,63692.4,2.29242034,s
1780556798.501269,63599.2,6.57869261,s
1780556798.501269,63603.1,2.13649129,s
1780556798.501269,63615.6,6.9424097,s
1780556798.5012693,63531.7,3.69165955,s
1780556798.5012693,63531.8,1.40028309,s
1780556798.50127,63404.1,1.24636122,s
1780556798.50127,63441.0,1.17025521,s
1780556798.5012703,63353.9,2.10225877,s
1780556853.5946825,63572.0,1.05372568,s
1780556853.5946825,63572.0,4.21090541,s
1780556867.0490036,63754.0,2.43601913,b
1780556867.0546677,63754.0,1.33407684,b
1780556867.0570104,63754.0,1.90377016,b
1780556867.0693343,63754.0,2.12183722,b
1780556867.0722315,63754.0,1.25315552,b
1780556868.395833,63754.0,1.31572232,b
1780556868.685739,63754.0,1.06927037,b
1780556893.8339975,63754.0,4.06492655,b
1780556894.789783,63754.0,1.18287108,b
1780556895.0705042,63754.0,1.14490211,b
1780556895.0716703,63754.0,2.9577,b
1780556895.0722716,63754.0,1.0299535,b
1780556968.8290923,63803.9,1.22253658,b
1780557111.4865758,63757.6,1.3352568,b
1780557408.8201802,63660.1,1.06442803,b
1780557475.523359,63518.5,1.57595822,s
1780557527.9627652,63465.0,1.3,s
1780557529.0932488,63465.1,1.54836534,b
1780558211.958433,63665.8,1.256551,b
1780558260.4272473,63704.9,1.255703,s
1780558275.974025,63800.0,1.29568462,b
1780558648.147213,63771.5,1.253361,b
1780558914.4310532,63892.8,1.24426485,b
1780560045.6472988,63499.8,7.60652898,s
1780560045.6472988,63506.1,1.259126,s
1780560045.6472988,63507.2,2.36193515,s
1780560316.3047948,63812.2,1.252931,s
1780560838.872565,63323.3,2.33088813,s
1780560838.8824987,63323.3,2.54905213,s
1780560846.975175,63323.3,6.0164239,s
1780561033.147494,63362.4,1.07206955,b
1780561033.1474943,63367.4,1.25315552,b
1780561033.1474943,63373.5,1.06927037,b
1780561033.1474943,63373.5,4.06492655,b
1780561033.1474946,63382.1,1.14490211,b
1780561033.1474948,63382.1,1.0299535,b
1780561033.1474948,63382.1,2.9577,b
1780561045.7988465,63327.4,1.262275,b
1780561045.7988465,63335.0,2.37615611,b
1780561045.7988465,63335.1,7.89452197,b
1780561045.7988465,63343.7,1.00375182,b
1780561045.7988465,63343.8,7.89343481,b
1780561045.7988467,63352.1,2.57431373,b
1780561045.7988467,63352.4,3.3302594,b
1780561045.7988467,63352.5,7.89235642,b
1780562765.841277,63393.6,2.3983249,s
1780562839.4391856,63362.3,2.08733699,s
1780562839.4391856,63365.0,7.89078411,s
1780562839.4391856,63374.2,1.57794296,s
1780562839.4391859,63331.2,5.52649561,s
1780562839.4391859,63333.7,2.08711761,s
1780562839.439186,63308.9,2.270443,s
1780562839.439186,63315.0,1.65892285,s
1780562839.439186,63327.7,5.52680028,s
1780562839.4391863,63302.2,1.79686636,s
1780562839.4391863,63303.0,1.97105764,s
1780563138.3565745,63543.1,1.10108761,b
1780563157.384336,63511.7,2.23802352,b
1780563825.4576316,63353.3,1.0,s
1780563825.4576316,63353.7,1.0,s
1780563837.0938442,63379.4,1.32435948,s
1780564054.0350113,63277.8,1.02822953,s
1780564726.2659135,63060.0,1.0,s
1780565158.2165554,62900.0,1.0,s
1780565414.1174908,62700.0,1.0,s
1780565414.1612744,62700.0,2.4354685,s
1780565489.623925,62683.9,1.27609,s
1780565625.314716,62788.7,1.273467,s
1780565642.994911,62782.3,1.27555199,b
1780565651.0166895,62824.4,1.1067939,s
1780565699.0352018,62906.8,1.58896732,s
1780566323.649389,62860.0,1.0036297,b
1780566323.6911318,62860.0,1.76205943,b
1780566484.15014,62958.0,1.42007682,s
1780567367.6904876,63124.5,1.266804,b
1780567367.6904879,63137.6,2.37576444,b
1780567367.6904879,63139.3,2.69282369,b
1780567367.690488,63144.6,1.58284315,b
1780567420.0222952,63097.9,2.333776,s
1780567867.807531,62746.5,1.273895,s
1780568487.1236887,62774.4,1.04749315,s
1780568919.2386632,62500.0,1.10797616,s
1780568919.2604582,62500.0,1.34384737,s
1780569038.9706445,62501.1,1.0036531,b
1780569055.6563563,62501.1,1.10337429,b
1780570005.0399814,62548.2,1.278853,s
1780570066.3492959,62399.4,1.281029,s
1780570104.2427974,62365.0,1.33629573,s
1780570104.2567368,62365.0,2.11190386,s
1780570104.3186812,62365.0,11.108189,s
1780570115.9094877,62350.0,1.148922,s
1780570115.9096222,62350.0,1.13629122,s
1780570115.9106114,62350.0,1.47544162,s
1780570119.7394915,62319.4,1.282354,s
1780570125.8737512,62314.3,1.282651,s
1780570128.8490996,62377.7,2.19367865,b
1780570129.0209892,62405.4,1.33424443,b
1780570129.068914,62405.4,1.81873115,b
1780570296.5716424,62349.6,1.90884222,s
1780570296.6172752,62349.6,1.19041478,s
1780570301.9362264,62349.6,1.61327415,s
1780570301.9656315,62349.6,2.86167829,s
1780570301.973946,62349.6,1.12418055,s
1780570302.111483,62349.6,1.61373812,s
1780570302.130779,62349.6,3.20471356,s
1780570302.2362194,62349.6,1.39826839,s
1780570302.249565,62349.6,1.52988146,s
1780570302.6307874,62349.6,1.37973029,s
1780570382.928146,62342.8,1.282172,b
1780570539.6898968,62271.4,1.284004,b
1780570642.8049283,62302.1,1.41606544,s
1780570642.8049283,62318.4,1.283934,s
1780570769.4616542,62372.4,1.281607,s
1780570789.196495,62347.4,1.282147,s
1780571446.5576713,62238.7,1.284272,s
1780571446.5576715,62228.2,2.67631679,s
1780571484.125066,62161.9,2.41305229,s
1780571484.125066,62166.0,1.286114,s
1780571484.1250663,62152.0,8.04478826,s
1780571484.1250663,62154.9,2.2880371,s
1780571484.1250665,62143.8,8.04584618,s
1780571484.1250668,62128.3,8.04785769,s
1780571484.1250668,62135.0,8.04698635,s
1780571484.1250668,62135.1,2.40914103,s
1780571484.125067,62119.4,2.12897997,s
1780571484.125067,62120.6,5.63419647,s
1780571484.1250672,62102.2,5.63586761,s
1780571484.1250672,62104.8,2.28054476,s
1780571484.1250675,62082.1,2.12897997,s
1780571484.1250675,62090.4,5.63694114,s
1780571484.1250675,62090.5,2.982168,s
1780571484.1250677,62050.4,5.64057407,s
1780571484.1250677,62065.2,5.63922337,s
1780571484.1250677,62079.2,1.3,s
1780571484.1250677,62079.3,5.63794947,s
1780571484.1250677,62080.0,1.73449883,s
1780571484.125068,62038.8,1.38075399,s
1780571635.6858876,62162.3,1.00100147,b
1780572300.9032333,62500.9,1.3,s
1780572686.6479669,62700.1,1.12418055,s
1780572686.6479669,62700.1,1.51918888,s
1780572686.6479669,62700.1,2.86167829,s
1780572686.6479669,62700.2,1.19041478,s
1780572686.6538427,62695.7,1.37973029,b
1780572686.6538427,62695.7,1.39826839,b
1780572686.6538427,62695.7,1.52988146,b
1780572686.6538427,62695.7,1.61373812,b
1780572686.6538427,62695.7,3.20471356,b
1780572708.9196236,62683.4,1.148959,b
1780572753.4553676,62535.1,1.278173,b
1780573040.840902,62291.0,1.07158576,b
1780573045.8768775,62291.0,1.68821874,b
1780573045.8813865,62291.0,1.03699894,b
1780573045.8893273,62291.0,1.45021499,b
1780573047.8002448,62291.0,1.11589553,b
1780573047.8044212,62291.0,1.37987363,b
1780573064.2759771,62291.0,1.16116771,b
1780573075.0250459,62243.3,1.283741,s
1780573104.25333,62186.4,1.285335,s
1780573104.2533302,62169.7,8.04250003,s
1780573104.2533302,62178.4,8.04136921,s
1780573104.2533302,62183.6,2.41221009,s
1780573104.2533307,62132.5,2.28238621,s
1780573104.2533307,62134.4,5.63294789,s
1780573104.2533307,62141.2,5.63232863,s
1780573104.2533307,62141.7,2.12848054,s
1780573104.253331,62104.4,1.87432759,s
1780573104.253331,62112.3,1.73589938,s
1780573104.253331,62122.2,5.63405435,s
1780573146.9105759,62295.0,1.3809,s
1780573146.910576,62288.1,2.40816167,s
1780573146.910576,62288.3,1.284652,s
1780573159.3518643,62288.0,1.07386229,b
1780573193.143652,62288.0,1.04114314,b
1780573193.35888,62288.0,1.06825036,b
1780573193.4646707,62288.0,1.26396031,b
1780573193.4732628,62288.0,1.55808569,b
1780573193.5628893,62288.0,1.86012405,b
1780573193.5881233,62288.0,1.22253658,b
1780573194.4530873,62288.0,1.22253658,b
1780573345.844157,62199.9,1.01678385,s
1780573350.7260275,62199.9,1.22253658,s
1780573351.5702176,62199.9,1.11632468,s
1780573351.6032307,62199.9,1.22253658,s
1780573361.33315,62199.9,1.59493793,s
1780573392.227982,62199.9,1.15970392,s
1780573392.2283025,62199.9,1.08295062,s
1780573392.2295735,62199.9,1.20665586,s
1780573405.3210878,62199.9,1.22253658,s
1780573405.4865885,62199.9,1.856598,s
1780573405.503029,62199.9,1.13671599,s
1780573409.9467273,62199.9,12.6446162,s
1780573411.1762595,62199.9,5.39825969,s
1780573413.4615414,62199.9,2.04317666,s
1780573464.8851738,62162.9,1.2866,b
1780573464.885174,62172.0,1.78260457,b
1780574130.8516085,62346.4,1.282443,s
1780574130.8516085,62351.1,2.72576148,s
1780574130.8516088,62339.4,1.24138682,s
1780574644.3583844,62600.0,1.96505071,b
1780574703.5506117,62583.0,1.8024,s
1780575370.4737625,62591.5,2.65747615,b
1780575370.474916,62591.5,1.17942481,b
1780575511.0881414,62659.6,1.59538968,s
1780575557.5859003,62597.9,1.277172,b
1780575562.370255,62600.0,1.25513198,s
1780575562.5671155,62600.0,4.71918979,s
1780575854.505084,63330.4,1.24386909,b
1780576230.8050795,63205.4,1.234378,s
1780576230.9008765,63201.8,2.68897987,s
1780576231.5937939,63190.2,1.3,s
1780576321.4344964,63330.4,1.3902066,b
1780576321.437571,63330.4,1.02816988,b
1780576321.475466,63330.4,4.81428233,b
1780576321.4760332,63330.4,1.825149,b
1780576321.4772096,63330.4,1.124091,b
1780576321.4795187,63330.4,2.25565379,b
1780576324.2006314,63400.0,1.04942208,b
1780576324.201612,63400.0,1.71887029,b
1780576710.0366058,63587.2,1.25795,s
1780576723.4669247,63640.9,1.0,b
1780576878.0432768,63540.6,1.75113582,s
1780576878.0432768,63544.4,1.258128,s
1780576878.043277,63533.3,2.33379386,s
1780577020.61684,63557.8,1.0,b
1780577079.574485,63565.6,1.2574296,b
1780577390.348081,63782.3,1.56456118,s
1780578036.793458,63612.5,1.55819447,b
1780578036.793458,63612.5,2.67299577,b
1780578036.7934582,63615.1,1.257231,b
1780578194.230799,63637.0,1.65558971,b
1780578194.243102,63637.0,1.13734188,b
1780578194.4016097,63637.0,1.03291915,b
1780578970.3449085,63513.6,1.5736741,s
1780578970.3449085,63514.9,2.36165038,s
1780578970.3449085,63521.8,1.258986,s
1780578970.3449087,63505.9,4.24634826,s
1780578970.3449087,63506.0,2.35111504,s
1780579101.3589747,63350.0,1.05238499,b
1780579101.359804,63350.0,1.20342811,b
1780579101.3930292,63350.0,3.803,b
1780579149.1017377,63287.0,1.15862303,s
1780579341.390753,63080.8,2.15213755,b
1780579342.0070918,63080.8,1.60635804,b
1780579342.342273,63080.8,1.32941306,b
1780579342.4633865,63080.8,1.69311408,b
1780579342.4635692,63080.8,1.63069143,b
1780579342.5473402,63080.8,37.20843,b
1780579343.0272439,63080.8,1.45369132,b
1780579343.716214,63080.8,17.01202248,b
1780579449.1502244,63193.7,1.26226369,s
1780579449.1680963,63193.7,1.60071724,s
1780579449.3051963,63193.7,1.45931707,s
1780579449.307021,63193.7,1.12993594,s
1780579450.5715017,63193.7,1.59870168,s
1780579455.0713284,63193.7,1.15714431,s
1780579455.077544,63193.7,1.23622294,s
1780579465.8155825,63193.7,1.22679233,s
1780579466.369812,63193.7,1.49051347,s
1780579466.3949168,63193.7,1.59870168,s
1780579466.4419425,63193.7,1.09885683,s
1780579466.5053933,63193.7,37.320169,s
1780579482.8207293,63193.7,1.11028609,s
1780579482.9030752,63193.7,1.33192342,s
1780579482.914255,63193.7,1.17503366,s
1780579797.0372941,63177.5,1.266195,b
1780579827.1990414,63200.0,1.64894269,s
1780579900.5487776,63598.5,1.259026,b
1780579900.5487778,63607.4,2.67323044,b
1780579900.5487778,63609.5,7.86046814,b
1780579900.5487778,63620.1,1.57257237,b
1780579900.548778,63646.0,5.499169,b
1780579900.5487783,63660.7,5.49790601,b
1780579900.5487783,63679.1,5.49631578,b
1780579900.5487785,63693.2,5.49509243,b
1780579900.5487785,63699.9,4.911016,b
1780579900.5487788,63716.5,4.45346008,b
1780579935.3918798,63704.4,1.0,b
1780579972.2133734,63562.4,1.257977,s
1780579973.2376535,63551.1,1.75991571,b
1780580095.6213305,63702.6,1.256011,b
1780580095.6213305,63702.6,2.35469443,b
1780580095.6213305,63705.0,2.6690904,b
1780580095.6213305,63714.7,7.84749146,b
1780580095.6213307,63715.8,2.35497393,b
1780580095.6213307,63735.0,2.11314398,b
1780580095.621331,63750.4,1.88016811,b
1780580095.621331,63751.1,5.49010642,b
1780580095.621331,63758.0,5.48951518,b
1780580095.621331,63768.2,5.4886319,b
1780580095.6213312,63773.2,1.93685602,b
1780580095.6213312,63788.7,5.48687307,b
1780580095.6213315,63799.9,5.4859095,b
1780580095.6303148,63800.0,33.48064244,s
1780580169.3261802,63757.1,1.254591,s
1780580295.5365672,64055.0,1.0,b
1780580298.487396,64055.0,2.78111043,b
1780580311.3476374,64031.4,1.0,s
1780580376.2073436,64155.0,1.02858928,b
1780580380.5862017,64165.5,1.24731,b
1780581200.5221012,63743.8,1.222,b
1780581415.5287747,63890.1,2.34656123,s
1780581640.6240575,64210.4,1.65226625,b
1780581646.134978,64180.1,1.246328,b
1780581688.1334026,64210.4,1.37825906,b
1780581890.4026902,64012.4,1.04393087,s
1780581890.4026902,64013.8,2.65515802,s
1780582108.1770453,64255.0,4.21284339,b
1780582120.3743212,64300.0,2.161288,b
1780582120.402456,64300.0,1.00273824,b
1780582127.7699773,64355.0,1.75677246,b
1780582127.7742317,64355.0,1.26689433,b
1780582411.3267493,64376.3,1.22428513,s
1780582430.9591355,64356.0,2.97306211,b
1780582615.910265,64307.9,1.55434058,s
1780582615.9102652,64286.5,2.33330327,s
1780582615.9159515,64280.0,1.25671461,b
1780582615.9194262,64280.0,2.45848559,b
1780582979.1652641,64051.3,1.248775,s
1780582981.2123642,64050.7,2.969,b
1780582981.576616,64050.7,1.52500979,b
1780582995.396431,64064.0,3.11126588,s
1780582995.396431,64075.2,1.248182,s
1780583087.585834,64112.9,1.70720596,b
1780583089.7235312,64112.9,1.68723209,b
1780583089.7407026,64112.9,1.00427598,b
1780583089.7701032,64112.9,1.9,b
1780583089.8514683,64112.9,1.60565901,b
1780583089.9204776,64112.9,1.08730016,b
1780583089.9236643,64112.9,3.38933998,b
1780583090.0920737,64112.9,37.808249,b
1780583090.9188335,64112.9,1.59870168,b
1780583194.2136626,64075.8,1.248403,b
1780583304.9799342,64088.0,1.481,b
1780583434.4733284,64021.8,1.01585838,s
1780583434.4792132,64021.8,1.48180484,s
1780583502.4222505,63896.1,1.01666108,s
1780584094.9302497,63916.6,1.28895821,s
1780584141.2268527,63916.6,1.59899505,s
1780584141.2324245,63916.6,1.1776309,s
1780584141.249626,63916.6,1.27586853,s
1780584141.2740839,63916.6,37.695054,s
1780584141.2742906,63916.6,19.88676357,s
1780585608.1151056,64199.9,1.54302141,b
1780585611.9897223,64247.4,2.6467116,b
1780585651.9860294,64250.8,3.06783954,b
1780585689.2926557,64186.1,1.246181,b
1780585689.2926557,64196.0,1.5176154,b
1780585742.5548887,64300.0,1.37498952,b
1780585742.554889,64318.8,1.24451,b
1780585745.2334888,64268.6,2.6446084,s
1780585768.453849,64240.5,1.27987043,s
1780585768.453849,64246.9,1.24448,s
1780585835.3710663,64262.1,1.529579,b
1780585835.3718112,64262.1,1.11615633,b
1780585845.666481,64241.6,1.81097969,s
1780585958.1865218,64250.0,2.19894,b
1780585958.2638328,64250.0,1.02481173,b
1780586093.8136325,64281.0,1.78773383,b
1780586110.6597252,64300.0,1.57604632,b
1780587486.9212828,63781.7,1.253626,s
1780588084.257558,63650.5,1.60279677,s
1780588360.1041794,63800.8,1.98224878,s
1780588369.0242758,63800.0,1.0,s
1780588526.5814404,63642.9,1.25633,s
1780588526.9853442,63640.0,1.08366759,b
1780588527.0195541,63640.0,1.77982638,b
1780589344.9677384,63689.2,1.56953645,s
1780590438.2753277,63600.0,2.1445544,s
1780590438.2869334,63600.0,1.72823474,s
1780590777.01839,63493.6,4.08857048,b
1780590820.6728241,63493.6,1.99644915,b
1780590836.2533548,63493.6,1.54967639,b
1780590890.5523458,63400.0,2.39111492,s
1780590891.2309039,63400.0,2.02902,s
1780591592.5742261,63723.9,1.96089171,s
1780591594.59293,63723.9,1.82127003,s
1780591594.6042264,63723.9,1.25624191,s
1780591594.8115575,63723.9,1.26499694,s
1780591688.5266695,63773.2,1.02147441,b
1780592037.668105,63669.3,1.93325968,s
1780592148.5120423,63452.7,1.05570383,s
1780593546.4387503,63232.0,1.265203,b
1780593895.237773,63100.0,1.0,s
1780593898.8432307,63056.9,1.267332,s
1780594535.7927883,63011.2,1.268936,s
1780594744.3163033,62950.0,1.66224332,s
1780595145.8631663,62897.0,1.27151425,s
1780595500.4292617,63277.8,1.02723308,b
1780596433.2661285,63164.0,1.05698962,s
1780596602.447416,63202.9,1.55592708,s
1780596885.8505728,63072.4,2.3782168,s
1780596885.8505728,63074.7,1.266912,s
1780596885.850573,63060.7,7.92886123,s
1780596885.850573,63060.8,1.48974247,s
1780596885.8505733,63052.0,1.86684706,s
1780597007.0204296,63172.8,1.29485513,b
1780597445.9232054,63437.4,1.04654697,b
1780597520.173293,63480.1,1.47011923,s
1780597834.6046176,63900.0,2.17694802,b
1780597835.0579576,63900.0,1.508202,b
1780597848.644327,63941.1,1.251113,b
1780597953.377308,63759.3,1.06364385,b
1780598230.262106,63860.8,1.43866805,s
1780598340.4685566,63967.4,1.250786,b
1780598340.4685566,63978.4,2.65775382,b
1780598376.3212554,63879.7,2.66157439,b
1780598476.2141514,64000.0,2.92713699,b
1780599129.288995,63946.9,1.250184,s
1780599483.9184425,63799.5,1.253656,b
1780599483.9184427,63811.3,1.26052458,b
1780599667.3490717,63691.0,2.25374795,s
1780599854.9252374,63613.3,1.256659,s
1780600189.8597834,63602.2,1.25628688,s
1780600945.7355497,63866.1,1.252225,s
1780601553.4494424,63850.2,1.18190295,s
1780601593.5218072,63830.6,1.56612014,s
1780602643.1387997,63638.8,1.1470633,s
1780602868.5806346,63529.3,2.99248896,b
1780602868.5993006,63529.3,1.10402214,b
1780602868.748096,63529.3,1.00464647,b
1780603688.8591552,63212.3,1.88015171,s
1780603709.1763716,63200.0,1.17159419,s
1780604226.6217058,63446.7,1.41465128,s
1780604226.6242619,63446.7,1.10402214,s
1780604820.1515684,63133.9,1.22233795,b
1780604820.383035,63133.9,3.28506974,b
1780606097.310936,63400.5,1.262042,b
1780607260.8948462,63758.2,1.254777,b
1780607898.1573677,63601.6,1.256635,s
1780607898.1573677,63604.3,1.57171056,s
1780607990.7353284,63582.2,2.00668872,b
1780607990.7639945,63582.2,1.61441065,b
1780607990.944083,63582.2,2.11075482,b
1780607990.9464412,63582.2,1.48800303,b
1780607991.366077,63582.2,1.42847354,b
1780607991.6195543,63582.2,1.61441065,b
1780607991.91985,63582.2,1.33100776,b
1780607992.6910143,63582.2,1.44603496,b
1780607993.691004,63582.2,1.44603496,b
1780607994.6909811,63582.2,1.44603496,b
1780608166.9152672,63465.3,1.14580679,s
1780608166.920992,63465.3,1.12430095,s
1780608166.9234147,63457.7,1.02206036,s
1780608166.9244661,63457.7,1.0,s
1780608523.2341452,63449.0,2.6796179,b
1780608523.2341452,63449.1,1.260434,b
1780608524.8695254,63453.5,1.07185896,s
1780608524.8805878,63453.5,1.80324609,s
1780608524.8937757,63453.5,1.59870168,s
1780608524.9252687,63453.5,5.4934256,s
1780609031.9913914,63300.7,3.09905471,s
1780609284.2931557,63150.0,1.20388692,s
1780609284.3020017,63150.0,1.60718485,s
1780609284.304137,63150.0,1.20634923,s
1780609284.764364,63150.0,1.48174473,s
1780609286.4782867,63057.2,1.39038259,s
1780610363.8026543,63227.1,1.12400439,b
1780610363.8026545,63239.3,1.02732995,b
1780610363.8026545,63239.3,1.03291915,b
1780610363.8026545,63239.3,2.22124321,b
1780610363.8026547,63243.8,2.29266506,b
1780610363.8026547,63245.1,1.17247926,b
1780610363.8026547,63247.2,1.37825906,b
1780610426.169952,63176.7,1.60513951,s
1780612658.5225892,63299.0,1.07902026,b
1780612660.66287,63299.0,1.00899382,b
1780612660.7473009,63299.0,1.46172318,b
1780612833.1900606,63469.3,2.67875836,b
1780612863.743768,63507.1,1.260277,b
1780614707.0670547,63580.9,2.62879274,s
1780615116.0080676,63400.0,1.00694503,s
1780617055.8999357,63800.0,1.24479412,b
1780618239.7199652,63767.0,1.46226297,s
1780618277.074012,63696.0,1.254,s
1780618312.108956,63679.7,1.2549,s
1780621312.3655162,63223.7,1.07659329,s
1780621493.913328,62962.6,1.07715115,s
1780622217.5850546,63258.8,1.264926,b
1780622425.540146,63210.6,1.44062637,s
1780622425.540146,63211.3,1.264563,s
1780622542.8089092,63150.0,5.803835,s
1780622785.6863685,63250.0,1.99746651,b
1780623114.9498754,63432.3,1.260659,b
1780623209.567707,63401.0,1.20666073,b
1780623266.1677194,63312.6,1.57915712,s
1780624014.4333966,63300.0,1.10086904,s
1780624014.4367406,63300.0,1.15286987,s
1780625923.342359,63091.3,1.267396,b
1780625924.2296894,63088.2,1.01842384,s
1780626068.4464054,62708.7,3.0887395,s
1780626135.673599,62764.8,7.96624843,s
1780626135.673599,62766.7,7.96599881,s
1780626135.673599,62771.7,1.273358,s
1780626135.673599,62771.7,2.38960812,s
1780626135.6735992,62745.1,7.96874972,s
1780626135.6735992,62754.2,7.96758936,s
1780626135.6735995,62736.5,7.96983075,s
1780626135.6735995,62736.7,2.11134727,s
1780626135.6735995,62738.6,1.46877242,s
1780626135.6735997,62704.1,5.58176623,s
1780626135.6735997,62704.6,9.38492885,s
1780626135.6735997,62717.8,5.58055178,s
1780626135.6736,62680.5,4.68510176,s
1780626135.6736,62689.2,2.779956,s
1780626135.6736,62690.0,4.3798523,s
1780626135.6736,62695.6,5.58252551,s
1780626135.6736,62699.1,2.11134727,s
1780626165.7450778,62714.5,1.274739,s
1780626165.745078,62701.0,2.58121208,s
1780626195.7135878,62781.4,1.40822062,b
1780626447.5708745,62780.9,1.40296844,s
1780626447.5711138,62780.9,1.86506461,s
1780626447.5722697,62780.9,1.06356686,s
1780626447.590265,62780.9,1.34600807,s
1780626615.793667,62579.7,1.06356686,s
1780626615.793667,62579.7,1.34600807,s
1780626615.793667,62579.7,1.86506461,s
1780626620.763584,62568.7,1.277311,b
1780626941.5524201,62769.5,1.21496755,s
1780627010.650185,62769.5,1.88528738,s
1780627261.2658453,62834.6,1.71082854,b
1780627320.3606038,62788.7,1.04898351,b
1780628376.556914,62557.7,1.26078403,b
1780628477.3307362,62501.0,2.283091,s
1780628477.3358638,62501.0,1.193301,s
1780628477.4808502,62500.0,1.53474877,s
1780628477.4808507,62500.0,1.2,s
1780628564.49243,62428.2,1.88523293,s
1780628564.825176,62428.2,14.55457829,s
1780629080.0212667,62300.0,1.09060111,s
1780629487.5550423,62694.4,1.27683,b
1780629639.7796428,62617.6,1.277106,b
1780629639.7796428,62617.6,2.39549639,b
1780629639.779643,62626.3,1.59705975,b
1780629639.779643,62626.4,2.39562756,b
1780629639.779643,62628.2,1.89369623,b
1780629639.779643,62628.2,2.95241057,b
1780629639.779643,62628.2,3.13751989,b
1780629639.779643,62631.1,2.01652878,b
1780629639.7796433,62636.8,1.00847654,b
1780629639.7796433,62636.8,1.498177,b
1780629639.7796433,62636.8,2.94925473,b
1780629639.7796435,62645.2,1.41420461,b
1780629639.7796435,62645.2,1.80492837,b
1780629639.7796435,62645.2,3.52369219,b
1780629639.7796435,62649.2,4.3024759,b
1780629780.8925927,62539.1,2.38650508,b
1780629780.8925927,62539.2,7.9949919,b
1780629780.892593,62543.8,1.74222424,b
1780629780.892593,62544.0,1.279186,b
1780629780.892593,62544.9,1.5992752,b
1780629780.895836,62550.0,1.35977794,s
1780629780.8969834,62550.0,3.5523136,s
1780629780.9004278,62550.0,3.63150661,s
1780629780.901548,62550.0,38.757711,s
1780629780.9031632,62550.0,31.47574337,s
1780630711.963442,62605.3,1.01400043,s
1780632216.766234,62508.4,1.53901087,s
1780632216.766234,62510.1,1.27917,s
1780632216.766234,62512.4,2.39952126,s
1780632217.6355464,62500.8,1.21206163,b
1780632927.569656,62801.7,1.273533,s
1780633270.9189715,62665.6,1.276585,b
1780633558.2425973,62970.9,1.25357801,b
1780633558.3206925,62988.3,1.0498369,b
1780633563.3581307,63000.0,2.0,b
1780633563.3624105,63000.0,1.13315334,b
1780633563.4055479,63000.0,1.37020057,b
1780633563.4383547,63000.0,1.0075312,b
1780633563.4440417,63000.0,1.3539732,b
1780635265.861256,63155.8,1.266716,s
1780635539.39833,63362.5,2.16372202,b
1780635539.9175575,63389.5,1.7,b
1780635540.0651042,63389.5,1.824978,b
1780635540.148821,63389.5,1.07355187,b
1780635540.2338452,63389.5,1.943466,b
1780635540.3139138,63389.5,6.50952844,b
1780635540.5585668,63389.5,1.99606232,b
1780635666.0112514,63422.4,1.259988,b
1780635991.0766394,63440.2,1.18159533,b
1780637687.3496728,63309.4,1.10129546,s
1780637803.4871593,63144.1,1.266608,s
1780638094.669256,62986.9,1.32754821,b
1780638094.669256,63002.4,1.05690125,b
1780639009.6237018,62574.8,1.74541763,b
1780639078.8840806,62421.9,2.84654927,s
1780639078.9241576,62421.9,1.5288651,s
1780639078.9353397,62421.9,1.23321178,s
1780639078.9365315,62421.9,2.13399263,s
1780639078.9436169,62421.9,5.033915,s
1780639078.9463413,62421.9,2.29121585,s
1780639078.9646304,62421.9,1.06830721,s
1780639078.9694963,62421.9,1.81146279,s
1780639154.5529275,62300.0,2.0,s
1780639167.0054939,62223.4,1.284475,b
1780639347.0879548,62300.0,1.54878287,s
1780639389.5831301,62100.0,1.0,s
1780639389.6587157,62100.0,1.0,s
1780639391.5233626,62046.6,1.286332,s
1780639391.5233626,62050.0,1.0,s
1780639391.523363,62016.7,1.95539377,s
1780639433.1308749,62000.0,1.09150702,s
1780639436.5276053,61967.1,1.22458595,s
1780639469.531197,62063.8,1.64268869,s
1780639469.531197,62073.6,1.287559,s
1780639584.4059806,62403.1,1.05175977,b
1780639899.8120658,62397.9,1.0,s
1780639899.812066,62388.2,1.0,s
1780639899.812066,62388.2,1.19,s
1780639899.812066,62388.2,1.29249956,s
1780639899.812066,62388.2,3.9240245,s
1780639899.812066,62388.3,1.0759755,s
1780639899.8120663,62379.4,1.0,s
1780639984.953741,62211.0,1.24864812,s
1780640153.8331766,62000.0,1.62903225,s
1780640176.579301,61959.0,1.290144,s
1780640219.618889,61859.7,1.17972614,s
1780640291.6539512,61968.3,1.290833,b
1780640291.6539512,61981.8,2.42046869,b
1780640291.6539512,61983.5,3.24995843,b
1780640411.4573863,61840.2,1.43453079,s
1780640412.306374,61840.2,1.10858632,s
1780640449.108934,61675.8,1.01710946,s
1780640456.8605704,61645.1,1.62219238,s
1780640456.8605704,61656.2,1.295766,s
1780640456.8605704,61656.4,2.75618211,s
1780640456.8605707,61640.7,1.46459544,s
1780640458.9469903,61626.2,1.296061,b
1780640458.9469903,61646.0,1.62392991,b
1780640458.9469905,61670.0,3.61,b
1780640458.9469905,61681.4,1.03561696,b
1780640459.0014594,61600.0,1.0,s
1780640467.176796,61571.9,1.3267358,s
1780640467.180458,61571.9,1.17179059,s
1780640467.180685,61571.9,2.27014045,s
1780640468.697627,61571.9,1.09645445,s
1780640468.9869397,61571.9,19.398232,s
1780640470.8702803,61514.7,1.34044956,s
1780640487.6517432,61500.0,1.12094075,s
1780640487.669364,61500.0,1.19533402,s
1780640490.0733738,61500.0,1.65,s
1780640490.0733743,61500.0,1.0,s
1780640490.0733745,61500.0,3.15673414,s
1780640490.0920088,61500.0,1.09596097,s
1780640512.6254802,61500.0,1.0,s
1780640524.0294378,61459.2,2.32276196,s
1780640524.0500638,61459.2,1.43167148,s
1780640524.0621886,61459.2,2.1,s
1780640524.073059,61459.2,4.22874432,s
1780640524.0982513,61459.2,5.1149483,s
1780640524.1030781,61459.2,3.48102269,s
1780640524.1156845,61459.2,1.55603889,s
1780640529.317337,61433.9,1.300943,b
1780640529.317337,61456.4,1.0298399,b
1780640552.8882408,61348.6,1.12978436,s
1780640552.8882408,61350.0,1.0,s
1780640580.876272,61277.7,1.0,s
1780640581.4843395,61252.0,1.31991241,s
1780640598.4870884,61358.5,2.18717827,b
1780640660.9385185,61181.8,1.2085,s
1780640661.0952709,61176.9,1.14007454,s
1780640661.1383314,61176.9,2.33344627,s
1780640661.1730356,61176.9,3.0,s
1780640661.1960695,61176.9,1.57281319,s
1780640663.8730626,61120.0,1.50351194,s
1780640669.4531083,61142.1,1.306866,b
1780640669.4531083,61164.6,2.00244651,b
1780640737.3324833,61434.7,5.01420176,b
1780640797.727943,61500.0,1.11723511,b
1780640798.8216043,61500.0,1.75765374,b
1780640798.8696036,61500.0,1.51714357,b
1780640798.870743,61500.0,2.82602393,b
1780640799.467636,61500.0,1.912905,b
1780640799.4679348,61500.0,1.878511,b
1780640799.4888725,61500.0,2.34740662,b
1780640799.496412,61500.0,1.92028735,b
1780640799.534389,61500.0,1.654518,b
1780640964.3704033,61509.3,1.76099208,s
1780641051.4846864,61700.2,1.08777378,s
1780641099.8442724,61732.8,1.46138743,b
1780641110.2604563,61733.8,1.296406,b
1780641188.9312327,61803.6,1.293726,b
1780641439.777829,61777.7,1.35029859,s
1780641748.1212873,61758.6,1.294368,s
1780641748.1212873,61759.5,1.37319383,s
1780641847.8969576,61889.6,1.292949,b
1780641847.8969576,61899.0,1.31758515,b
1780641901.1229537,62084.4,1.62712074,b
1780641901.4386296,62084.4,1.508933,b
1780641901.4694653,62084.4,1.15133271,b
1780641901.4781687,62084.4,1.3954853,b
1780641901.4821355,62084.4,2.66568408,b
1780641901.8358407,62084.4,5.03248536,b
1780641924.2237012,62101.4,1.287737,b
1780642104.8153193,62000.0,1.07598105,b
1780644622.549184,62271.8,1.285804,s
1780644821.4390748,62401.2,1.40544553,b
1780644822.3660302,62401.2,4.008888,b
1780644822.3865883,62401.2,4.12182608,b
1780644822.393774,62401.2,1.25842707,b
1780644822.3969352,62401.2,3.15471215,b
1780644822.3982713,62401.2,1.81718724,b
1780644822.4039705,62401.2,1.2193513,b
1780644822.410331,62401.2,1.37388965,b
1780644822.4184217,62401.2,2.30327378,b
1780644837.5006816,62428.5,2.1,b
1780644837.538711,62428.5,1.7617449,b
1780645024.2288558,62550.0,2.55881454,b
1780645075.8593788,62721.5,1.70499187,b
1780645267.7111328,62763.6,1.06629222,b
1780645267.7162716,62763.6,1.30774676,b
1780645318.1091497,62801.7,1.273851,s
1780645377.2557096,62800.9,1.27440151,b
1780645500.3054178,62817.0,1.4969171,b
1780645635.2767248,62748.1,2.3905093,s
1780646304.9898229,62900.0,1.06496012,b
1780646353.5283113,63021.6,1.26992,b
1780646387.5629394,63023.5,1.4521058,b
1780646438.3821614,63000.0,1.05656558,s
1780646897.6959321,62800.2,2.3885269,s
1780646897.6959321,62802.0,1.59158661,s
1780646935.1864471,62705.5,1.274362,s
1780646935.1864474,62692.8,7.95493064,s
1780646935.1864476,62680.6,2.11335323,s
1780646935.1864476,62683.6,1.37913916,s
1780646935.1864476,62683.6,2.96591433,s
1780646935.1864476,62683.6,3.63150661,s
1780646935.1864476,62683.7,1.72271174,s
1780646935.1864479,62663.1,5.58541801,s
1780646935.1864479,62674.5,7.97771591,s
1780646935.186448,62637.3,2.11362184,s
1780646935.186448,62650.7,1.05395714,s
1780646935.186448,62652.8,5.5863367,s
1780646935.1864483,62614.1,11.9781288,s
1780646935.1864483,62619.0,5.58935357,s
1780646935.1864483,62619.4,1.3,s
1780646935.1864483,62630.3,1.06943224,s
1780646935.1864483,62630.3,3.31264236,s
1780646935.1864483,62631.5,5.58824087,s
1780646935.1864486,62592.9,2.52361444,s
1780646935.1864486,62606.8,5.59044482,s
1780646935.1864486,62609.7,2.687618,s
1780646935.2020295,62695.1,1.274414,s
1780646935.2064488,62689.2,4.66809402,b
1780646935.2076235,62689.2,5.17654591,b
1780648492.9156392,62657.9,1.276515,b
1780649704.5218275,62343.3,1.06629222,s
1780649704.5218275,62343.3,1.70499187,s
1780649704.5218277,62343.3,1.27440151,s
1780649704.5218277,62343.3,1.30774676,s
1780649704.5218277,62343.3,1.42003817,s
1780649704.5218277,62343.3,1.4521058,s
1780649704.5218277,62343.3,1.4969171,s
1780649704.5218277,62343.3,3.28765814,s
1780650261.9307277,62552.8,2.499517,s
1780650262.000995,62552.8,1.84587,s
1780650573.1872752,62650.6,1.1617721,b
1780650573.187594,62650.6,1.725268,b
1780650573.2090757,62650.6,1.37415202,b
1780650573.210004,62650.6,1.37425059,b
1780650784.8405614,62610.8,1.564197,b
1780650785.0187933,62617.7,1.59738755,b
1780650785.0481212,62632.2,1.09889069,b
1780650865.5123737,62930.0,1.18996374,b
1780650865.5131032,62930.0,2.23120782,b
1780651221.5145392,62881.3,1.271074,b
1780651322.4908154,62931.8,1.270712,b
1780651815.530546,63063.0,1.15417948,s
1780651971.8291821,62973.9,1.270291,b
1780651989.9850235,62946.3,1.26235001,s
1780652088.2420878,62984.3,1.12910874,s
1780652383.432258,62786.2,1.05324005,s
1780652726.5239613,62780.8,1.59238694,s
1780652726.5239613,62783.7,1.273756,s
1780657152.9446328,62515.2,1.279685,s
1780657280.8853767,62373.2,1.24003174,s
1780657918.8764424,62326.0,1.283997,s
1780657918.8764424,62326.0,2.72693238,s
1780658655.331839,62443.8,1.01778655,s
1780658655.447158,62409.4,1.78174112,s
1780658655.4477754,62409.4,1.25,s
1780659643.4068868,62201.3,1.02347524,s
1780659889.7363229,62100.0,1.24111782,s
1780659889.7395852,62100.0,1.24737858,s
1780659941.893295,62000.0,1.23331655,s
1780659973.8901563,62050.5,1.09516773,s
1780660605.6405053,62035.9,1.289384,s
1780660605.6405056,62013.8,1.47786451,s
1780660857.31326,61900.0,1.13645273,b
1780660885.1929615,61788.0,1.00162033,s
1780661212.5409944,61985.2,1.01459386,b
1780661311.7511697,62080.9,1.288603,s
1780661311.75117,62073.0,2.41650927,s
1780661485.202135,62246.1,1.285929,b
1780661485.2021353,62251.1,2.73117236,b
1780661485.2021353,62252.8,2.07713634,b
1780661485.2021353,62255.3,1.01703662,b
1780661529.4821923,62088.8,1.10949429,s
1780662662.4435809,62007.5,1.0710381,s
1780662665.6206362,61917.8,1.61433287,s
1780662665.6206362,61923.2,1.289343,s
1780662665.6206365,61896.4,4.5280741,s
1780662668.1411831,61916.7,1.289678,s
1780662668.1411834,61896.5,1.49621721,s
1780662668.1411839,61852.1,2.78545025,s
1780662668.1411839,61856.1,5.65828693,s
1780662668.141184,61824.5,5.66117836,s
1780662668.141184,61827.6,5.687345,s
1780662668.141184,61828.3,2.785996,s
1780662668.141184,61836.3,5.66010531,s
1780662786.027864,61875.4,1.292273,s
1780662874.6942356,61867.3,8.971281,s
1780662886.3405983,61750.0,1.23331655,s
1780662886.8826966,61750.0,2.78492322,s
1780662892.6330612,61687.0,1.294705,s
1780662892.6330612,61687.1,1.62109877,s
1780662892.6330614,61674.0,3.00360219,s
1780662978.8348072,61600.0,1.01117604,s
1780663080.4676402,61928.8,2.99321019,b
1780663080.4676404,61943.1,1.292562,b
1780663310.8770678,61950.0,1.23331655,s
1780663570.954965,61919.0,2.15535948,s
1780663662.229822,61897.0,1.0,s
1780663958.411471,61944.0,1.291543,b
1780663982.0398097,61978.8,1.291307,b
1780663982.0398097,61984.3,8.06656399,b
1780663982.03981,61984.8,1.62109877,b
1780663982.03981,61984.9,2.74302523,b
1780663982.03981,61986.8,1.5005841,b
1780663982.03981,61988.0,1.5983505,b
1780663982.03981,61995.3,5.64559647,b
1780663982.0453649,62000.0,3.41518033,s
1780663982.0497909,62000.0,38.410628,s
1780663982.0509622,62000.0,2.88678912,s
1780663990.0174367,62000.0,1.03857719,s
1780663990.4494462,62000.0,1.22584512,s
1780664017.3748376,62000.0,1.02597704,s
1780664018.4856482,62000.0,1.05678453,s
1780664018.4953547,62000.0,1.1409221,s
1780664018.52801,62000.0,1.69165171,s
1780664529.8995836,61999.5,1.290229,b
1780664575.8539197,61900.1,1.46918437,b
1780664635.7005925,62001.0,3.0,b
1780664710.3718085,62023.5,1.12047357,b
1780664710.4345765,62023.5,1.19587763,b
1780664710.4413965,62023.5,1.61279857,b
1780664710.4641006,62023.5,1.10924649,b
1780664715.3411345,62031.0,1.65274936,b
1780664801.916331,61970.1,1.19587763,b
1780664801.916331,61980.8,1.10924649,b
1780665014.798946,61919.0,1.08226747,b
1780665269.2243571,61998.2,1.289969,b
1780665269.2243571,61999.0,2.74249125,b
1780666134.4514303,62150.0,5.51276743,s
1780666184.0458894,62100.2,2.73709147,s
1780666184.0458894,62100.3,1.6097411,s
1780666708.7939348,61885.7,1.22723501,s
1780666708.7954412,61885.7,1.2919789,s
1780666750.157335,61783.2,2.48939959,s
1780666752.1323798,61776.5,1.61279857,b
1780666752.642238,61776.5,38.295628,b
1780666752.643862,61776.5,38.295628,b
1780666752.644843,61776.5,8.53697561,b
1780666916.5347838,61631.5,2.43381739,s
1780666916.534784,61625.0,4.86061772,s
1780666916.534784,61630.2,1.3729213,s
1780666962.5335517,61685.0,5.81709493,s
1780667004.4692044,61759.5,8.09592803,b
1780667004.6370392,61762.2,38.21914,s
1780667074.67372,61762.2,1.04421609,s
1780667075.6828759,61762.2,1.39656218,s
1780667075.7032392,61762.2,1.6887402,s
1780667075.7069123,61762.2,1.10082429,s
1780667075.7346377,61762.2,19.301531,s
1780667075.8108916,61762.2,1.06624801,s
1780667075.88979,61762.2,3.0742412,s
1780667284.2739387,61625.0,1.13619597,s
1780667356.1847832,61497.0,1.0,s
1780667383.0872376,61400.0,1.47206727,s
1780667383.0980763,61400.0,1.97359226,s
1780667383.1110961,61400.0,2.52266509,s
1780667383.1210487,61400.0,1.00443941,s
1780667409.5404341,61244.1,1.11713387,b
1780667409.5624127,61244.1,1.0121537,b
1780667409.711904,61244.1,1.7102574,b
1780667409.73057,61244.1,1.2113,b
1780667409.7821758,61244.1,3.72,b
1780667409.7914128,61244.1,1.36726587,b
1780667409.8043778,61244.1,1.59406682,b
1780667409.8074493,61244.1,1.1025,b
1780667409.808986,61244.1,2.42923097,b
1780667409.8200634,61244.1,8.34943065,b
1780667409.8254929,61244.1,2.30434185,b
1780667409.852933,61244.1,3.89487366,b
1780667409.860549,61244.1,1.80404992,b
1780667409.8625596,61244.1,1.42374487,b
1780667409.8677633,61244.1,1.79933679,b
1780667409.8704417,61244.1,1.1725,b
1780667409.8942552,61244.1,1.00878244,b
1780667409.947764,61244.1,1.62797199,b
1780667409.9954689,61244.1,1.60317429,b
1780667410.1096907,61244.1,2.33268428,b
1780667410.1121366,61244.1,2.09711906,b
1780667410.4789884,61244.1,1.05,b
1780667410.5175407,61244.1,1.47743249,b
1780667410.5186405,61244.1,1.08910883,b
1780667410.5395424,61244.1,1.96575069,b
1780667410.5396023,61244.1,2.11754923,b
1780667410.539748,61244.1,1.69268623,b
1780667411.438287,61279.4,3.31776236,s
1780667425.2680285,61274.6,1.34954941,b
1780667445.0626538,61229.7,2.44979115,s
1780667445.0626538,61229.8,1.63243843,s
1780667445.062654,61214.1,8.16804391,s
1780667445.062654,61222.7,8.16689797,s
1780667445.0626543,61203.5,1.51329953,s
1780667445.0626543,61205.5,3.29900338,s
1780667445.0626543,61205.5,4.39229209,s
1780667445.0626545,61197.0,1.0,s
1780667445.0626547,61184.0,9.43700172,s
1780667445.0626547,61196.4,8.17040579,s
1780667445.062655,61165.6,1.7839043,s
1780667445.062655,61166.8,1.03708482,s
1780667445.062655,61166.8,1.30179956,s
1780667445.062655,61177.7,5.7210379,s
1780667445.062655,61177.8,1.70772981,s
1780667445.062655,61180.8,5.72074062,s
1780667445.0626552,61151.4,1.03857719,s
1780667445.0626554,61151.4,1.02597704,s
1780667445.0626554,61151.4,1.22584512,s
1780667445.0626557,61151.4,1.05678453,s
1780667445.0626557,61151.4,1.1409221,s
1780667522.5548046,61099.8,2.45499928,s
1780667522.5548048,61086.0,8.18517356,s
1780667522.5548048,61086.1,1.33029007,s
1780667522.554805,61074.6,8.18669652,s
1780667522.5548055,61043.2,5.73363955,s
1780667522.5548058,61026.8,5.73518313,s
1780667522.554806,61018.8,5.73592982,s
1780667522.5548065,61005.0,1.0,s
1780667522.5548086,61000.0,2.04230692,s
1780667522.5548098,61000.0,2.0,s
1780667522.554811,61000.0,1.0,s
1780667522.554811,61000.0,2.13491141,s
1780667522.5548117,61000.0,2.18450114,s
1780667522.5922277,61000.0,3.534,b
1780667522.5928204,61000.0,1.9153,b
1780667522.5929604,61000.0,11.12386928,b
1780667535.2092583,61125.7,1.3,b
1780667792.3924725,60935.4,1.23660476,s
1780667797.8875778,60900.0,1.0,s
1780667835.3710592,60800.0,1.65509309,s
1780667835.3710597,60777.7,1.4,s
1780667835.37106,60763.0,1.5,s
1780667879.1507967,60763.3,1.55089617,s
1780667942.841242,60735.8,1.38605449,s
1780668063.6797748,60895.8,1.41936675,s
1780668063.682621,60895.8,1.26203878,s
1780668064.002479,60895.8,1.15014843,s
1780668064.0035894,60895.8,1.67940112,s
1780668064.055713,60895.8,1.02888509,s
1780668064.0615227,60895.8,1.08432779,s
1780668064.0698383,60895.8,37.688066,s
1780668064.0716524,60895.8,5.864,s
1780668064.8630404,60895.8,1.98261953,s
1780668064.8658805,60895.8,2.34989348,s
1780668064.8684003,60895.8,1.94938258,s
1780668065.7525618,60895.8,2.10335542,s
1780668066.4836996,60895.8,16.72240305,s
1780668066.4938393,60895.8,1.17,s
1780668066.499741,60895.8,9.2704,s
1780668066.521709,60895.8,1.10865584,s
1780668094.461613,60700.0,2.31725993,s
1780668259.4310086,60595.4,1.65079656,b
1780668259.4310086,60595.4,2.80667806,b
1780668259.4342597,60600.0,2.26137329,s
1780668259.4356904,60600.0,1.56579916,s
1780668259.5288274,60600.0,1.2464494,s
1780668260.7756207,60600.0,1.15669493,s
1780668260.8178241,60600.0,27.909473,s
1780668260.8211603,60600.0,19.301531,s
1780668262.566162,60600.0,1.93296181,s
1780668266.517522,60600.0,1.0,s
1780668268.0877202,60600.0,1.60722355,s
1780668268.1484082,60600.0,1.00364968,s
1780668268.290275,60600.0,2.67929841,s
1780668273.6954148,60600.0,1.28580171,s
1780668273.6972206,60600.0,2.46107358,s
1780668273.7008555,60600.0,3.69337449,s
1780668273.7079928,60600.0,19.301531,s
1780668273.7316532,60600.0,1.63204997,s
1780668273.7659318,60600.0,26.6486,s
1780668273.7673984,60600.0,2.66387871,s
1780668302.4706373,60575.2,1.82945545,b
1780668302.4722748,60575.2,1.14088664,b
1780668302.4735868,60575.2,1.48628807,b
1780668302.4759455,60575.2,1.07771943,b
1780668302.477531,60575.2,1.13699803,b
1780668302.507728,60575.2,1.66385717,b
1780668302.5096738,60575.2,1.29838164,b
1780668302.6528666,60575.2,1.07820004,b
1780668340.4517584,60595.0,1.07472653,s
1780668341.9247766,60602.4,1.08159662,s
1780668392.9245212,60500.0,1.54349449,s
1780668392.9245217,60500.0,1.0,s
1780668395.0076716,60456.8,1.14604235,b
1780668423.8466969,60599.0,2.4752907,b
1780668455.1047606,60802.4,1.53313738,s
1780668461.5308952,60912.1,1.36625361,b
1780668461.5308952,60915.3,2.79151295,b
1780668461.5308952,60917.9,8.2077699,b
1780668461.5308957,60960.9,5.74138906,b
1780668461.5308957,60980.3,5.73956407,b
1780668461.530896,60984.1,1.99231045,b
1780668461.530896,60992.8,5.73838758,b
1780668461.530896,61003.5,2.64328188,b
1780668474.5155988,60802.4,1.26909729,s
1780668551.4177017,61083.0,1.12557055,b
1780668708.6738546,60677.8,2.06434725,b
1780668912.0998123,60867.7,2.00434856,b
1780668912.0998123,60869.8,2.63218674,b
1780668936.3116362,60891.7,1.92882166,s
1780668984.861878,60936.0,2.6864159,s
1780669134.7859583,60651.2,1.50261813,s
1780669507.051818,60536.3,4.635873,b
1780669627.471914,60400.0,5.9555151,b
1780669713.2632391,60331.0,2.04160728,s
1780669724.747291,60356.0,37.38792,b
1780669724.7475135,60356.0,37.38792,b
1780669724.7501328,60356.0,28.15446896,b
1780669728.8138351,60366.4,1.14228179,b
1780669728.8138351,60366.4,1.19203848,b
1780669734.7747421,60373.9,2.57647062,b
1780669756.1191351,60331.0,3.32,s
1780669837.8291912,60331.0,2.39605053,s
1780669837.8291912,60333.9,1.65663153,s
1780669924.1896892,60331.0,1.53494399,s
1780669934.6697435,60331.0,4.19966648,s
1780669963.3932424,60365.4,2.10675115,b
1780670164.701413,60906.9,1.10208217,s
1780670164.7209363,60906.9,1.02749786,s
1780670184.6788602,60886.6,2.00372753,b
1780670184.6788602,60887.5,2.79273669,b
1780670184.6788602,60896.7,6.60134816,b
1780670184.6821995,60900.6,2.47314378,s
1780670184.683399,60900.6,1.97265759,s
1780670184.6957731,60900.6,1.59106317,s
1780670184.702059,60900.6,1.0100182,s
1780670184.7057755,60900.6,1.05306833,s
1780670184.7977972,60900.6,1.5095155,s
1780670184.881888,60900.6,1.06700402,s
1780670184.8827906,60900.6,1.57161372,s
1780670184.8870838,60900.6,1.95156966,s
1780670184.8943975,60900.6,10.34577269,s
1780670195.1424844,61000.0,1.182452,b
1780670195.1494246,61000.0,1.86914847,b
1780670249.3751228,61040.0,1.40093451,s
1780670249.3780768,61040.0,1.36290637,s
1780670249.5413406,61040.0,2.73044942,s
1780670249.548551,61040.0,2.40993862,s
1780670249.7715592,61040.0,1.01127853,s
1780670249.772484,61040.0,1.36579814,s
1780670249.9828956,61040.0,3.05842022,s
1780670249.9862175,61040.0,1.46722202,s
1780670250.0226982,61040.0,2.04844251,s
1780670250.0598047,61040.0,3.4902909,s
1780670250.3793128,61040.0,1.68316701,s
1780670251.505777,61040.0,1.5409,s
1780670251.6201837,61040.0,9.3246,s
1780670251.676946,61040.0,2.13379179,s
1780670251.68123,61040.0,2.63151033,s
1780670313.48598,60925.9,1.225217,s
1780670339.609679,60853.7,1.5959408,s
1780670339.609679,60853.9,1.64266811,s
1780670383.4851203,60853.0,37.763481,b
1780670383.4854057,60853.0,37.763481,b
1780670383.4887803,60853.0,26.58047682,b
1780670536.010753,60963.8,2.78911736,b
1780670536.0107532,60972.5,1.64055817,b
1780670648.4433722,60777.3,1.06454332,s
1780670788.87517,60986.9,1.63882578,s
1780670788.87517,60995.6,8.1973109,s
1780670788.8751702,60974.4,4.54113645,s
1780670788.8751702,60974.5,2.70060055,s
1780670789.6283586,61041.0,2.5720442,b
1780670789.6283586,61047.1,1.68305716,b
1780670789.6283588,61051.8,2.57158845,b
1780670953.5261805,60893.1,2.79126245,s
1780671004.3767028,60754.8,2.04084907,s
1780671019.2717643,60770.0,2.6485465,s
1780671019.2734861,60770.0,1.36719029,s
1780671020.1572063,60770.0,2.63148806,s
1780671020.2155979,60770.0,37.688066,s
1780671020.2158768,60770.0,37.688066,s
1780671020.2214026,60770.0,11.34536568,s
1780671049.3606296,60875.1,1.64209918,s
1780671052.7989662,60867.9,1.10514044,s
1780671141.4897149,60911.6,1.21354449,s
1780671141.4897149,60924.6,1.09620298,s
1780671141.4897149,60924.6,1.64510261,s
1780671141.489715,60911.5,1.18250604,s
1780671141.489715,60911.5,1.33129407,s
1780671141.4897153,60903.0,2.47593808,s
1780671371.8232749,60676.6,1.2202,b
1780671781.9427097,60817.5,1.95,b
1780671782.0732622,60844.8,2.123,b
1780671782.0812368,60844.8,1.185773,b
1780671782.0983672,60844.8,2.31923998,b
1780671788.8341131,60967.2,1.0608694,b
1780671809.7067127,60918.5,2.78979443,s
1780671809.706713,60908.9,1.64100316,s
1780671809.706713,60910.2,2.46264095,s
1780671862.0995042,60875.0,2.46406248,s
1780671862.0995042,60881.3,1.64205414,s
1780671862.0995045,60862.8,4.13167421,s
1780672549.5008557,60500.0,1.39067379,s
1780672549.5021424,60500.0,1.14089471,s
1780672549.518978,60500.0,1.21240076,s
1780672549.5442243,60500.0,1.55382975,s
1780672549.6064053,60500.0,1.49037032,s
1780673010.1687655,60836.7,1.03521607,b
1780673181.359645,61000.0,1.3522426,b
1780673313.386335,60730.8,1.06911583,s
1780673825.7362316,60437.7,1.185773,b
1780673825.7362316,60437.7,2.123,b
1780673825.7362316,60438.4,1.88332545,b
1780673825.7362318,60438.4,2.10026634,b
1780673825.7362318,60444.6,1.78355935,b
1780673858.7966204,60311.1,2.81957812,b
1780673858.7966204,60312.1,1.17847275,b
1780673858.7966204,60312.2,1.69636363,b
1780673858.7966206,60320.4,1.55834749,b
1780673858.7966206,60324.1,1.55194906,b
1780673858.7966206,60324.2,5.03943968,b
1780673923.5013332,60270.0,1.2609922,s
1780673923.6222625,60250.0,1.74674353,s
1780673923.757882,60250.0,1.492731,s
1780674037.5769596,60167.6,2.82603666,b
1780674037.5769598,60187.7,1.74569891,b
1780674037.5769598,60203.7,1.71026493,b
1780674037.57696,60215.9,2.42461013,b
1780674063.5308237,60100.0,1.0,s
1780674063.5308237,60100.0,2.07659384,s
1780674063.5308237,60100.0,10.0,s
1780674078.0597782,60075.0,2.9398917,s
1780674082.2664785,60075.0,2.54328528,s
1780674092.2327678,60055.0,1.2022493,s
1780674097.3162293,60050.0,1.0,s
1780674097.3162296,60050.0,1.61756702,s
1780674120.8649967,60081.3,37.201539,b
1780674120.8657534,60081.3,37.201539,b
1780674120.8741448,60081.3,1.93535828,b
1780674120.8747675,60081.3,21.56649259,b
1780674177.436994,60316.0,1.05440347,b
1780674199.6687465,60406.5,1.063,b
1780674257.6735451,60376.2,1.56174357,s
1780674257.6735454,60356.4,1.65627949,s
1780674257.6735454,60363.0,2.81567208,s
1780674257.6735456,60338.1,8.28663654,s
1780674257.6735456,60345.1,2.48570131,s
1780674257.6735456,60345.2,1.63622686,s
1780674257.673546,60289.9,2.776735,s
1780674257.673546,60290.0,5.288363,s
1780674257.673546,60300.8,5.80423445,s
1780674257.673546,60301.7,15.38809689,s
1780674257.6735463,60265.3,4.851667,s
1780674257.6735463,60269.7,5.80722224,s
1780674257.6735463,60273.4,4.55561476,s
1780674257.6735463,60278.8,5.80634918,s
1780674257.6735463,60283.0,2.69020738,s
1780674257.6735463,60283.7,2.02602477,s
1780674257.6735463,60287.7,5.80548755,s
1780674257.6735466,60242.9,5.80981167,s
1780674257.6735466,60252.2,5.80891326,s
1780674257.6735466,60254.2,1.3,s
1780674257.6735466,60254.3,9.1476922,s
1780674257.6735466,60258.3,9.04027538,s
1780674257.6735468,60198.5,2.26362523,s
1780674257.6735468,60200.0,1.1325,s
1780674257.6735468,60227.6,12.45274805,s
1780674257.6735468,60228.9,5.81115636,s
1780674257.673547,60163.5,3.78185905,s
1780674257.673547,60167.2,4.89427801,s
1780674257.673547,60179.9,5.954177,s
1780674257.6735473,60062.2,5.38390835,s
1780674257.6735473,60069.8,1.30926358,s
1780674257.6735473,60075.7,5.82598141,s
1780674257.6735473,60084.7,7.799783,s
1780674257.6735473,60111.1,3.61,s
1780674257.6735477,60025.0,1.0,s
1780674257.673548,60018.0,1.0,s
1780674257.673548,60020.0,1.0,s
1780674257.673548,60020.3,1.31428729,s
1780674257.6735485,60005.0,4.3335647,s
1780674257.6735485,60007.9,2.3223444,s
1780674257.6735485,60008.5,2.58414291,s
1780674257.6735485,60008.6,2.33045772,s
1780674257.6735485,60008.6,2.5200198,s
1780674257.6735487,60005.0,1.0,s
1780674257.6735501,60000.0,1.0,s
1780674257.673551,60000.0,1.1388125,s
1780674257.673551,60000.0,2.0,s
1780674257.673554,60000.0,1.05773333,s
1780674257.6735544,60000.0,1.0,s
1780674257.6735551,60000.0,1.67,s
1780674257.6735559,60000.0,16.6666666,s
1780674257.673556,60000.0,1.875,s
1780674257.673557,60000.0,2.0,s
1780674257.6735575,60000.0,3.82891216,s
1780674257.6735578,60000.0,1.0,s
1780674257.6735585,60000.0,1.0,s
1780674257.6735585,60000.0,1.01254432,s
1780674257.6735587,60000.0,1.0,s
1780674257.7461689,60354.9,1.65632243,s
1780674257.7756984,60299.8,7.25212386,b
1780674257.7831616,60299.8,2.749705,b
1780674260.3339393,60333.4,1.56174357,s
1780674281.175903,60291.0,2.161288,b
1780674365.9733326,60185.4,2.21732197,s
1780674403.0438187,60200.5,1.09204008,b
1780674403.6582239,60200.5,1.13830968,b
1780674579.4352324,60386.2,1.432262,b
1780674580.1799905,60500.0,1.63934426,b
1780674605.7331533,60481.4,1.9644779,s
1780674837.3343008,60524.9,1.96079537,s
1780674838.2064798,60524.9,1.96079537,s
1780674838.228328,60524.9,37.500188,s
1780674838.229051,60524.9,37.500188,s
1780674838.6672,60524.9,5.71017293,s
1780674838.6917648,60524.9,1.50235599,s
1780674839.2393694,60524.9,3.54138316,s
1780674999.0073397,60548.2,1.93535828,b
1780674999.9781535,60548.2,1.12537613,b
1780675000.0084422,60548.2,1.93535828,b
1780675000.0137296,60548.2,37.537692,b
1780675000.0149622,60548.2,37.537692,b
1780675000.0219715,60548.2,15.83635735,b
1780675019.762487,60482.4,1.19455012,s
1780675196.1359963,60410.8,1.65476991,s
1780675196.1359963,60414.0,1.08571723,s
1780675248.8976638,60211.1,1.06759342,s
1780675427.3006463,60208.8,1.49124084,s
1780675495.5578902,60198.6,1.66069614,s
1780675505.7654362,60175.1,2.82561174,b
1780675506.4525201,60180.0,1.95443647,s
1780675511.0516756,60180.0,1.93535828,s
1780675514.39198,60180.0,2.7341037,s
1780675514.4142609,60180.0,1.63577478,s
1780675515.48817,60180.0,1.93535828,s
1780675515.5772698,60180.0,2.09685849,s
1780675516.3330069,60180.0,1.32492507,s
1780675525.0749896,60180.0,1.12067964,s
1780675525.0834432,60180.0,1.7522691,s
1780675525.098094,60180.0,1.93535828,s
1780675527.3004117,60180.0,37.275977,s
1780675527.3008924,60180.0,27.58907244,s
1780675762.8233223,60010.1,1.12557583,s
1780675809.495972,60001.0,2.03516761,s
1780675809.5013614,60001.0,6.02348575,s
1780675809.508529,60001.0,3.64946679,s
1780675809.5363164,60001.0,1.97574091,s
1780675809.5460014,60001.0,2.23485466,s
1780675809.553342,60001.0,2.31128599,s
1780675809.7882435,60000.0,2.0,s
1780675809.788244,60000.0,1.0,s
1780675809.7882473,60000.0,2.75177173,s
1780675856.668903,60000.0,3.042337,s
1780675881.7039056,59900.0,1.29010023,s
1780675882.3637779,59838.3,1.07126806,s
1780675882.3705075,59838.4,1.02221898,s
1780675882.3721697,59838.4,1.07548774,s
1780675882.3759649,59814.8,1.07613861,s
1780675927.3685303,59800.0,1.29306755,s
1780675927.3685308,59777.7,1.4,s
1780675963.435314,60108.4,5.14090528,s
1780675974.5838547,60414.3,1.84355011,b
1780675974.5838547,60416.0,3.77546445,b
1780675979.8356404,60376.2,2.19746186,b
1780676028.301805,60723.8,1.9878567,s
1780676028.610142,60686.4,1.087422,s
1780676073.9859092,60900.0,8.12075014,b
1780676075.913769,61000.0,2.57793695,b
1780676089.824551,60958.5,1.19004938,b
1780676308.4840317,60997.0,1.38662575,b
1780676308.4852116,60997.0,2.41999886,b
1780676309.1504767,60997.0,2.5220877,b
1780676309.2477338,60997.0,1.73672234,b
1780676309.2532933,60997.0,19.301531,b
1780676309.2684476,60997.0,1.87471268,b
1780676309.2688127,60997.0,1.7594331,b
1780676309.2695034,60997.0,2.01379678,b
1780676466.4258692,61050.0,1.12626255,b
1780676480.8715284,61150.0,1.65610526,b
1780676481.2415466,61150.0,1.13759969,b
1780676481.2920697,61150.0,1.80662635,b
1780676482.2670176,61250.0,1.272,b
1780676508.1031382,61356.6,1.057823,b
1780676508.1752412,61356.6,1.80876989,b
1780676508.1801474,61356.6,2.95753754,b
1780676508.1927226,61356.6,1.59292916,b
1780676508.2061186,61356.6,8.605465,b
1780676584.8220334,61410.8,1.0,b
1780676591.5192914,61351.0,1.35112713,s
1780676599.151489,61351.0,1.0307804,s
1780676600.7490835,61351.0,1.25686015,s
1780677005.890515,60908.4,1.4314955,b
1780677005.890515,60908.4,1.64274056,b
1780677005.890515,60908.4,2.79225397,b
1780677005.890515,60920.1,1.76771849,b
1780677005.890515,60926.8,1.6899719,b
1780677244.3648393,60700.0,1.03319951,s
1780677434.266289,60835.1,1.25327052,s
1780677517.6430135,60925.8,1.64535998,b
1780677546.0099027,60867.3,1.48102432,b
1780677546.0099027,60867.4,1.49704261,b
1780677762.0281706,60878.9,1.0539107,b
1780678191.3313649,61085.9,1.78389465,b
1780678414.1843457,61250.6,2.77450456,s
1780678414.184346,61233.2,1.64134702,s
1780678414.184346,61239.6,1.63210567,s
1780678414.1843462,61217.7,1.67856942,s
1780678447.7433875,61294.7,1.57528252,b
1780678447.8025768,61300.0,1.20498582,b
1780678453.4467256,61296.8,1.14610654,b
1780678600.636044,61367.6,1.40336707,s
1780678892.724935,61350.0,1.30909906,s
1780678892.724935,61350.4,1.62937132,s
1780679101.0171595,61332.9,8.05908222,s
1780679186.0060978,61200.0,1.498,s
1780679483.100382,61208.3,1.58891185,s
1780679495.8283417,61084.4,1.06306312,s
1780680302.2107477,60753.3,2.31813868,s
1780680302.2107477,60753.4,1.63471309,s
1780680546.093613,60650.0,1.703,s
1780680565.3908997,60650.0,1.95268445,s
1780681482.2765682,60704.4,1.0258166,s
1780681616.2854288,60648.7,1.73585312,s
1780681657.119359,60698.4,2.903,s
1780681973.7609076,60741.5,1.38662575,s
1780681973.7609076,60741.5,1.59798231,s
1780681997.8544676,60741.5,2.5220877,s
1780681997.8712192,60741.5,1.401508,s
1780681997.8748405,60741.5,2.29395763,s
1780681997.9010913,60741.5,2.00760545,s
1780681997.909615,60741.5,1.29307398,s
1780681997.9373543,60741.5,1.24910341,s
1780681997.9471686,60741.5,1.13472595,s
1780681997.9542224,60741.5,1.43545577,s
1780681997.9590745,60741.5,2.05138762,s
1780681997.9948008,60741.5,1.02402663,s
1780681998.034464,60741.5,2.01379678,s
1780682400.3268075,60747.0,1.29288006,b
1780682400.3284795,60747.0,2.25791799,b
1780682426.818985,60787.7,3.886,s
1780682541.883995,60866.4,1.067,s
1780682692.1974406,60713.5,2.80037525,b
1780682692.1974406,60715.7,2.47053152,b
1780682692.1974409,60726.1,1.64727173,b
1780682692.1974409,60726.2,3.89821546,b
1780683334.904845,60577.0,1.25,s
1780683337.9122374,60577.0,1.75094574,s
1780683337.9512634,60577.0,2.2731898,s
1780683519.6432345,60535.4,1.031,s
1780683523.3377726,60535.4,1.34100957,s
1780683600.3134158,60412.0,2.34143278,s
1780683600.510876,60412.0,1.37161941,s
1780683809.8519754,60349.9,1.0,s
1780683985.8123736,60200.1,1.28508092,s
1780684155.9387226,60100.0,1.02184297,s
1780684162.4074688,60100.0,2.10960577,s
1780684162.5327878,60100.0,1.94560533,s
1780684620.3160887,60066.0,2.289766,s
1780684620.6944294,60056.3,14.276098,s
1780684627.4488153,60056.3,1.20024814,s
1780684647.55035,60000.0,1.97335132,s
1780684647.5896049,60000.0,1.14677463,s
1780684658.3969765,59964.8,1.66657329,s
1780685018.9326038,59858.5,3.28061678,s
1780685018.9326038,59858.5,5.07241015,s
1780685018.932604,59849.6,1.63211479,s
1780685038.3153634,59800.0,3.92162508,s
1780685044.4395812,59693.2,4.16863041,s
1780685044.4395812,59693.3,1.51508661,s
1780685050.8692853,59629.5,2.31541987,s
1780685082.5381799,59851.4,1.25632745,b
1780685082.590498,59851.4,3.26401727,b
1780685174.4844604,59766.0,1.48102114,b
1780685250.340165,59672.3,1.13692375,s
1780685250.3409367,59659.5,1.18306406,s
1780685250.3421674,59659.5,1.1998912,s
1780685250.342349,59659.5,1.32601362,s
1780685250.3427417,59659.5,1.32340369,s
1780685250.3429096,59659.5,1.18347439,s
1780685250.344279,59653.0,1.23506525,s
1780685268.7079933,59764.8,3.10231427,s
1780685280.2200046,59745.9,2.51063286,b
1780685280.2200048,59755.7,8.36741629,b
1780685280.2200048,59756.0,2.84541605,b
1780685280.2245288,59762.4,1.77587135,s
1780685280.2274408,59762.4,12.35404607,s
1780685352.5555723,59700.0,1.16504654,b
1780685352.5555723,59700.0,1.3956395,b
1780685352.5555723,59700.0,16.57196592,b
1780685352.5560093,59700.0,3.5139615,b
1780685359.2368438,59723.5,1.64393681,s
1780685501.7254934,59500.0,1.17647058,s
1780685501.7254937,59500.0,1.0,s
1780685501.8701494,59500.0,2.0,s
1780685546.5173025,59368.7,2.47601212,s
1780685546.5173025,59369.7,1.0,s
1780685565.2081084,59294.7,1.07742481,s
1780685610.5430992,59300.0,1.33132473,b
1780685612.458488,59286.1,2.41439128,s
1780685617.312048,59355.2,6.32688989,b
1780685773.868939,59397.5,2.5229057,b
1780685900.2831893,59459.0,2.85844273,s
1780685900.2831895,59447.2,2.52324349,s
1780685900.2831898,59438.3,8.41207767,s
1780685901.2886488,59449.0,2.85893499,s
1780685901.288649,59438.8,1.68179868,s
1780685909.5461006,59417.3,2.85996245,s
1780685921.4044008,59313.4,2.22548096,s
1780685925.3990297,59238.2,1.25880432,s
1780685935.2903452,59309.2,2.52911548,s
1780685935.6262949,59288.1,1.89721796,s
1780685937.80417,59270.5,1.88376477,s
1780685976.2586715,59449.0,1.6442879,b
1780686035.4158301,59250.0,1.46094665,s
1780686041.0978577,59165.0,1.5,s
1780686148.7375586,59427.8,1.54507906,b
1780686161.5449,59462.5,1.49979947,b
1780686212.7966366,59525.2,1.08635538,b
1780686526.7061207,59289.0,1.68591137,s
1780686544.9975703,59250.0,1.23458915,b
1780686555.4284484,59250.0,1.1018999,b
1780686555.667298,59250.0,1.93535828,b
1780686674.218368,59429.6,2.49913302,b
1780686674.218368,59439.6,8.4119135,b
1780686730.7450552,59400.0,1.37687055,s
1780686759.1442554,59321.8,2.86498076,s
1780686759.1442554,59321.9,1.03856742,s
1780686759.1442554,59322.4,1.68499299,s
1780686759.1442556,59306.9,1.42001389,s
1780686872.6517978,59387.4,1.46908178,b
1780687049.6299589,59203.8,1.68823978,s
1780687049.6299589,59205.4,2.8706141,s
1780687068.8978424,59141.7,2.44625697,s
1780687068.8978424,59152.5,2.53581601,s
1780687068.8978426,59141.2,5.30669527,s
1780687070.0943606,59111.4,1.73868977,s
1780687244.600759,59284.9,4.962479,b
1780687253.967522,59330.0,5.17731578,b
1780687309.653132,59428.7,1.06882706,b
1780687309.653132,59434.6,2.86082859,b
1780687309.653132,59439.9,1.65856807,b
1780687309.653132,59440.0,1.68292108,b
1780687309.653132,59440.1,1.79864337,b
1780687309.6531322,59440.2,1.49942016,b
1780687309.6531322,59442.8,2.55160535,b
1780687309.6531322,59442.9,8.41144024,b
1780687350.5234199,59370.2,3.98889647,s
1780687512.6494906,59683.7,2.59041502,b
1780687512.6494908,59684.4,1.57058493,b
1780687512.652954,59700.0,1.51135942,s
1780687512.6532013,59700.0,1.21675046,s
1780687794.0852885,59802.1,11.287,b
1780687795.7328844,59802.1,1.95330802,b
1780687796.93081,59802.1,1.95330802,b
1780687797.9683394,59802.1,1.0265172,b
1780687816.1832623,59802.1,1.67218208,b
1780687821.3647873,59802.1,1.67218208,b
1780687826.1752393,59802.1,1.67218208,b
1780687923.0875,59535.8,1.27702415,s
1780687955.9224777,59500.0,1.92980097,s
1780688027.9030802,59638.0,2.8500083,s
1780688461.2227323,59701.6,1.67427387,s
1780688679.2106233,59700.0,1.97263606,b
1780688679.2511604,59700.0,1.37350649,b
1780688679.264482,59700.0,1.00467946,b
1780688679.3397863,59700.0,1.01028334,b
1780688679.6144707,59700.0,1.11616684,b
1780688679.625826,59700.0,1.02335504,b
1780688680.2515306,59700.0,1.97263606,b
1780688690.138267,59700.0,2.08759232,b
1780688770.6190841,59850.3,1.67043488,s
1780688770.6190844,59828.6,2.28400918,s
1780688770.6190844,59829.0,1.71768319,s
1780688770.6190844,59829.1,1.67143651,s
1780688801.153564,60100.9,1.66427282,b
1780688805.3322794,60113.3,1.49017301,b
1780688806.3739848,60157.8,2.82501354,s
1780688882.0953948,60293.2,1.04584357,b
1780689270.8624842,60157.9,1.78202739,b
1780689566.2629902,60301.4,1.70421611,s
1780689566.2629902,60308.6,3.39480917,s
1780689566.2629905,60272.7,1.37734223,s
1780689578.9842076,60302.2,8.29155885,s
1780689578.9842076,60309.8,2.48715788,s
1780689589.2393749,60276.6,8.29508596,s
1780689589.2393749,60276.7,1.13429435,s
1780689589.239375,60267.8,4.84358867,s
1780689606.3973224,60319.7,1.638673,b
1780689611.7090461,60347.0,8.28541036,s
1780689611.7090464,60337.9,2.15615875,s
1780689628.9102354,60316.9,2.45376607,s
1780689628.9102354,60322.6,1.65709887,s
1780689635.3121355,60264.0,2.82026351,s
1780689646.9712036,60394.3,2.48367497,s
1780689646.9712038,60386.5,3.83938704,s
1780689867.0265558,60012.1,1.52809427,s
1780689897.8980927,60000.0,1.05046498,b
1780689933.1095984,59939.0,8.34181354,s
1780690098.4337397,60290.7,1.06475199,b
1780690127.3093948,60492.6,1.46066448,b
1780690150.735397,60654.1,1.97571919,b
1780690150.7609308,60654.1,1.05373329,b
1780690150.9049888,60719.4,2.500647,b
1780690150.90983,60726.8,1.66041522,b
1780690153.361757,60819.5,2.0,b
1780690153.3901744,60819.5,1.60416065,b
1780690155.6866739,60878.4,1.55192223,b
1780690155.6962345,60878.4,2.63126705,b
1780690158.773293,60792.8,1.17,s
1780690177.0747435,60878.4,2.6446554,b
1780690177.0786705,60878.4,1.49925065,b
1780690177.1320782,60878.4,2.9889226,b
1780690291.3137338,60645.7,1.45708842,s
1780690519.5896463,60864.3,1.26403996,s
1780690519.6352057,60860.0,1.4726717,s
1780690519.6408312,60866.5,1.21720216,s
1780690530.728781,60957.8,1.93535828,b
1780690531.1340969,60957.8,17.10236873,b
1780690540.8829284,61000.0,1.13991947,b
1780690555.158225,61000.0,1.93535828,b
1780690584.3060243,60802.8,1.64398259,s
1780690617.5890684,60767.5,1.91043716,b
1780690935.8742647,60829.6,1.1212282,b
1780690985.613858,60829.6,1.16088081,b
1780690985.616897,60829.6,1.93535828,b
1780690985.6569948,60829.6,1.05091371,b
1780690992.2499053,60829.6,1.93535828,b
1780690992.3787122,60829.6,37.688066,b
1780690992.440964,60829.6,1.51214844,b
1780690992.456939,60829.6,1.83290592,b
1780690992.458641,60829.6,1.40138631,b
1780690992.4690614,60829.6,1.4951007,b
1780690992.855835,60829.6,1.08938031,b
1780690993.0065105,60829.6,2.83843361,b
1780690993.2030044,60829.6,1.37084703,b
1780690994.2168686,60829.6,1.61717952,b
1780691018.9550812,60829.6,1.0986095,b
1780691027.4319172,60829.6,1.93535828,b
1780691296.7318637,60977.3,2.12017374,b
1780691454.2217853,61081.9,1.33714343,b
1780691594.9737198,61071.6,2.78290697,s
1780691594.9737203,61051.9,2.23444222,s
1780691594.9737203,61052.2,1.50828104,s
1780691594.9737203,61052.3,1.63696119,s
1780691606.95852,61023.9,2.45805155,s
1780691606.9585202,61016.5,3.66438443,s
1780691877.9776804,61178.4,1.30310541,b
1780692135.5439544,61188.0,1.56189367,b
1780692171.2194567,61188.0,1.93535828,b
1780692325.6172602,61289.9,1.93754406,s
1780692330.4276042,61289.9,1.93535828,s
1780692331.4085743,61289.9,1.93535828,s
1780692371.6556838,61289.9,37.990635,s
1780692371.65591,61289.9,29.07967399,s
1780692528.8295968,61342.8,1.09920329,s
1780692531.37828,61358.6,1.20363224,s
1780692653.530441,61707.6,2.2333,s
1780692653.533832,61707.6,1.00915802,s
1780692654.2108006,61678.1,1.3772524,s
1780692668.5123193,61576.7,1.83543646,s
1780692887.688227,61462.9,2.44049544,s
1780692906.007482,61501.0,1.044886,b
1780692906.0138056,61501.0,1.09988,b
1780692953.3128488,61595.0,1.62291051,s
1780692974.2950976,61590.4,1.62318316,s
1780692974.507006,61590.4,1.51087202,s
1780692974.5237687,61590.4,1.60795325,s
1780692974.5610452,61581.9,1.30795323,s
1780693068.098188,61648.3,1.1243443,s
1780693178.9965498,61627.0,1.66949743,b
1780693178.9965498,61627.1,2.59484471,b
1780693342.0188944,61617.4,2.51163895,b
1780693421.5231216,61801.3,2.43159163,s
1780693433.9211738,61833.2,1.64981184,b
1780693457.3772047,61868.1,1.06844172,b
1780693467.5011666,61885.2,1.0,b
1780693467.5011666,61892.1,1.43056273,b
1780693467.5099883,61892.1,2.0,b
1780693467.5262253,61892.1,1.4861063,b
1780693467.5844414,61892.1,1.3,b
1780693467.6338952,61892.1,1.164017,b
1780693467.6685383,61892.1,2.2,b
1780693467.716094,61892.1,1.51379024,b
1780693467.7447052,61892.1,2.05991942,b
1780693467.7454953,61892.1,3.414106,b
1780693908.6510837,61658.4,1.62152942,s
1780693908.651084,61645.7,2.9398917,s
1780693908.651084,61645.7,3.29581663,s
1780693908.651084,61647.7,2.43317758,s
1780693908.6510842,61636.5,2.54328528,s
1780693921.1768582,61770.4,1.09034005,b
1780693921.1814923,61770.4,1.4877213,b
1780693921.4097168,61770.4,1.41506469,b
1780694165.644287,61842.2,2.74946314,b
1780694165.644287,61851.4,1.8286883,b
1780694243.9433527,61772.3,38.21914,b
1780694293.2015092,61790.0,1.93535828,b
1780694293.271422,61790.0,1.0277213,b
1780694293.4327295,61790.0,1.07253586,b
1780694293.474614,61790.0,1.71716704,b
1780694293.495101,61790.0,1.63698813,b
1780694293.5632987,61790.0,1.72165433,b
1780694293.6340256,61790.0,2.52693316,b
1780694293.6357937,61790.0,2.12086271,b
1780694293.6822448,61790.0,4.17753423,b
1780694293.7105446,61790.0,1.54897388,b
1780694294.2339332,61790.0,1.93535828,b
1780694313.8463192,61790.0,1.93535828,b
1780694314.8528008,61790.0,1.93535828,b
1780694597.4801595,61578.8,1.62337837,s
1780694597.4801595,61579.0,2.29111404,s
1780694642.381945,61583.0,1.21520897,s
1780695025.216194,61550.0,1.02586891,s
1780695027.383566,61550.0,1.15734921,s
1780695502.6420288,61753.1,1.54747893,b
1780695502.6420288,61753.2,2.75317363,b
1780695622.4399996,61804.3,1.47731282,s
1780695622.4979506,61804.3,38.295628,s
1780695623.424248,61804.3,1.47731282,s
1780695624.4246173,61804.3,1.47731282,s
1780695660.3460476,61804.3,1.45151871,s
1780695660.6861112,61804.3,1.2511867,s
1780695661.9961355,61804.3,7.68121211,s
1780695662.0064259,61804.3,1.12231012,s
1780695662.0117266,61804.3,4.52525284,s
1780695662.0133395,61804.3,4.29087817,s
1780695662.0134614,61804.3,4.29087817,s
1780695662.0386012,61804.3,1.70848927,s
1780696563.2999392,61676.1,1.41266156,s
1780696563.2999392,61676.2,2.53723312,s
1780696563.2999392,61682.5,1.18074076,s
1780696563.2999392,61685.8,2.43167748,s
1780696905.0064278,61533.1,1.04016219,s
1780697196.3805528,61169.1,1.60413128,s
1780697196.380553,61132.5,5.72525986,s
1780697196.380553,61159.0,2.10616198,s
1780697196.3805532,61122.3,2.23283553,s
1780697227.896168,61250.0,1.14203249,s
1780697297.5434222,61364.5,2.44441004,b
1780697451.3288875,61371.9,1.50325425,s
1780697476.691931,61314.7,1.0215085,b
1780697513.1378927,61306.4,1.18629443,s
1780697701.8376002,61300.0,1.32749388,s
1780697816.2260435,61479.1,2.43985201,s
1780697850.6467566,61501.6,2.11589922,b
1780697850.6467566,61501.6,2.43963206,b
1780697868.4915922,61527.0,2.088993,b
1780697868.5303485,61527.0,1.74550156,b
1780697868.5973136,61527.0,2.26125623,b
1780697868.598744,61527.0,1.09688814,b
1780697868.6431208,61527.0,1.6583038,b
1780697868.6580012,61527.0,1.5852538,b
1780697868.704828,61527.0,1.14254912,b
1780697868.7061846,61527.0,2.0,b
1780697868.7509916,61527.0,1.1375038,b
1780697868.7540414,61527.0,2.57017621,b
1780697868.7867103,61527.0,3.31755515,b
1780697868.810512,61527.0,1.5852538,b
1780697868.8296196,61527.0,1.63197168,b
1780697868.8296196,61527.0,1.70720475,b
1780697868.8513527,61527.0,1.08868753,b
1780697868.8579733,61527.0,1.54227415,b
1780697868.8579733,61527.0,1.85648588,b
1780697868.8639507,61527.0,1.46922416,b
1780697868.8639507,61527.0,1.92953587,b
1780697868.8838139,61527.0,1.39465972,b
1780697964.8143415,61445.1,1.30010308,s
1780698058.689267,61613.3,1.57772156,b
1780698058.689267,61613.3,1.62364934,b
1780698058.6892672,61615.7,2.33165853,b
1780698195.2143257,61580.1,2.1,s
1780698668.5372174,61464.3,1.0,s
1780699126.4324718,61680.3,1.4877213,b
1780699126.4492273,61680.3,1.45151871,b
1780699128.4422612,61680.3,1.10584534,b
1780699131.8539674,61680.3,1.45151871,b
1780699140.1763358,61680.3,2.53729814,b
1780699140.1764565,61680.3,2.53729814,b
1780699140.1765673,61680.3,1.63403203,b
1780699140.1766574,61680.3,2.53729814,b
1780699140.1768253,61680.3,1.80653222,b
1780699140.1769066,61680.3,2.36479795,b
1780699140.1770916,61680.3,2.53729814,b
1780699140.1771686,61680.3,1.0757663,b
1780699140.1771686,61680.3,1.46153184,b
1780699140.1773512,61680.3,2.53729814,b
1780699140.177416,61680.3,1.97903241,b
1780699140.187145,61680.3,1.08813426,b
1780699140.2340977,61680.3,1.30178319,b
1780699755.3587363,61800.0,1.45151871,b
1780700086.097457,61910.8,1.0,s
1780700086.097457,61910.8,1.13363574,s
1780700358.54764,61562.7,1.02938884,s
1780700591.2517908,61515.3,1.62586325,b
1780701273.5285017,61380.4,1.62846869,s
1780701672.2459304,61128.1,2.78138102,b
1780701672.2459307,61129.3,2.4538174,b
1780701770.4367676,60963.4,8.19363359,s
1780701876.002882,60948.0,1.10870508,s
1780701876.2090182,60948.0,1.62811806,s
1780701876.274364,60948.0,5.0485729,s
1780701876.3881328,60948.0,1.2,s
1780701876.4975173,60948.0,2.53275073,s
1780701876.6423888,60948.0,1.82675513,s
1780701876.6423888,60948.0,1.82675513,s
1780701877.4448793,60948.0,1.68900695,s
1780702143.5821888,60954.3,1.37817817,b
1780702143.6083329,60954.3,1.20959893,b
1780702146.5477388,60954.3,1.11496278,b
1780702146.5659442,60954.3,1.20959893,b
1780702382.6228375,60674.6,2.06689202,s
1780702514.0323894,60712.9,2.80047605,b
1780702514.0323894,60714.0,2.47060392,b
1780702514.0323894,60715.2,1.64778602,b
1780702779.991807,60716.7,2.66936585,s
1780702779.991807,60717.0,1.6464849,s
1780702779.9918072,60704.4,8.23662662,s
1780702779.9918072,60710.2,2.47075172,s
1780702779.9918072,60710.3,1.6396391,s
1780702779.9918075,60691.0,6.77465015,s
1780702779.9918075,60692.1,2.32569482,s
1780702779.9918075,60692.2,1.05198461,s
1780703704.3047218,60995.3,1.02599956,b
1780704370.5237098,61266.9,1.02374332,s
1780704372.0413983,61278.6,2.77470594,b
1780704372.0413983,61280.9,2.44774521,b
1780704372.0413983,61286.2,5.89364308,b
1780704816.5883088,61395.3,2.44318446,b
1780704816.5883088,61399.8,1.31194026,b
1780705345.005847,61250.0,1.42617182,s
1780705345.015894,61250.0,2.11183796,s
1780705345.051179,61250.0,1.33,s
1780705359.7888358,61207.1,2.25723713,s
1780705359.788836,61189.0,1.63380844,s
1780705359.7888362,61173.1,8.17351622,s
1780706462.2287638,61319.3,1.78333769,b
1780706648.5743425,61211.3,1.7803204,s
1780708362.1484182,61233.7,2.77557198,s
1780708401.8859293,61121.0,1.069,s
1780708796.487157,61080.5,2.504,s
1780709792.0082417,61220.0,1.94419926,b
1780711004.313809,61099.4,1.23866347,s
1780716688.3022683,60683.4,1.57620852,s
1780716795.69678,60547.8,2.11912299,s
1780717572.7673504,60700.8,2.80112828,b
1780717572.7673504,60702.1,2.47108422,b
1780717572.7673504,60705.9,8.2364402,b
1780717572.7673504,60707.7,1.64760654,b
1780717572.7673504,60707.8,1.40734718,b
1780717572.7673507,60714.3,2.56689979,b
1780717572.7673507,60714.4,3.73651852,b
1780719255.7091587,60113.8,1.36780194,s
1780719257.9550126,60113.8,1.22282879,s
1780719259.3387973,60113.8,1.6332628,s
1780719259.3416586,60113.8,1.38511768,s
1780719259.5643942,60113.8,3.64559585,s
1780719259.57036,60113.8,1.76369157,s
1780719259.5703602,60113.8,2.28395425,s
1780719259.5954008,60113.8,7.71604575,s
1780719259.5960014,60113.8,6.08070008,s
1780719259.5960014,60113.8,9.35138992,s
1780719259.5968802,60113.8,3.91929992,s
1780719259.5968802,60113.8,3.99133108,s
1780719261.1314082,60113.8,1.0,s
1780719266.8587058,60113.8,1.32138309,s
1780719268.6113327,60113.8,4.42604444,s
1780719268.6212122,60113.8,2.22521555,s
1780719268.622808,60113.8,1.11705513,s
1780719268.6844049,60113.8,1.2576881,s
1780719268.7031605,60113.8,1.04653558,s
1780719310.9039555,60113.8,3.37608324,s
1780719312.5152197,60113.8,5.76127026,s
1780719373.24791,60327.3,1.32466831,b
1780719610.580349,60009.1,2.94077531,s
1780719610.6017992,60009.1,1.26077784,s
1780719612.7229767,60009.1,1.623603,s
1780719612.7844427,60009.1,2.63847364,s
1780719612.7886994,60009.1,1.38445734,s
1780719612.790934,60009.1,1.05702688,s
1780719612.7910702,60009.1,1.2062391,s
1780719612.8037827,60009.1,2.44334907,s
1780719612.8051856,60009.1,1.0760679,s
1780719612.8131814,60009.1,1.10111497,s
1780720059.5408845,59900.0,1.0,s
1780720114.3244846,59942.2,2.48643599,s
1780720446.6602824,59620.0,1.0,s
1780720446.6602824,59620.0,2.0,s
1780720510.9318295,59559.7,1.04637426,s
1780723122.033416,60064.2,1.31409224,b
1780723273.6780603,60218.4,1.02279538,b
1780723329.3078492,60326.2,2.91875152,b
1780723329.5477824,60399.7,3.0,b
1780723329.81784,60452.6,2.29257054,b
1780723352.10708,60601.7,1.03413766,b
1780723355.3664172,60610.3,1.25109464,s
1780723366.487971,60750.0,1.0,b
1780723408.0917,60922.7,2.02661101,b
1780723408.1148915,60922.7,3.4259228,b
1780723408.1469522,60922.7,1.37502772,b
1780723408.2082126,60922.7,3.17997445,b
1780723408.2155669,60922.7,1.25802535,b
1780723408.216938,60922.7,3.42581784,b
1780723423.6209025,60943.5,2.0,b
1780723762.1263742,60717.0,1.01134508,s
1780723900.6630046,60638.9,1.06489179,s
1780724185.6641245,60900.0,1.0,b
1780724512.143879,60770.2,1.80206693,s
1780724867.4665487,60867.2,1.29120897,s
1780726096.5940735,61022.4,2.78607237,b
1780727449.3198652,61000.0,1.11430382,s
1780729201.2988346,60743.1,1.50770152,b
1780729381.7443476,60743.1,2.13183134,b
1780729381.7805517,60743.1,1.3153142,b
1780729388.1469693,60743.1,2.6188121,b
1780729388.874718,60743.1,1.02042391,b
1780729388.8769188,60743.1,1.02064891,b
1780729388.8903787,60743.1,1.93486871,b
1780729388.8949428,60743.1,1.28693573,b
1780729388.9176826,60743.1,1.06979989,b
1780729413.167014,60743.1,1.27867898,b
1780729775.978968,61040.4,1.03831493,b
1780731992.8274715,61029.4,1.12078607,s
1780731992.8424528,61029.4,1.7522337,s
1780733268.7683032,60970.0,1.22805461,b
1780736724.6681101,61141.9,1.08772645,s
1780737362.6672616,61188.0,1.10372342,s
1780737595.7657068,61188.0,1.23997319,s
1780739120.7024698,61062.7,1.2098599,s
1780739121.2948256,61018.9,1.63820092,s
1780739259.451206,60930.7,1.0379014,s
1780740556.313439,60706.3,1.00514262,s
1780740556.313439,60715.9,2.47051958,s
1780740702.1408558,60682.6,1.8207819,b
1780740753.446393,60671.1,2.80242201,b
1780740753.446393,60674.6,1.6482175,b
1780741842.1759155,60250.0,1.28904345,s
1780741842.1992347,60250.0,2.03532736,s
1780742849.0860403,60389.5,1.01266729,s
1780742849.0860403,60397.5,2.48354275,s
1780743658.3309565,60560.8,1.65077818,s
1780747673.9755468,61000.0,2.02478448,b
1780752678.4959147,60755.4,1.0861811,s
1780758138.4877982,60700.0,1.01047229,s
1780758138.5142384,60700.0,1.34005618,s
1780758139.3813925,60700.0,1.20959893,s
1780759168.7382283,60400.9,1.46234171,s
1780759168.7382283,60401.0,1.55506582,s
1780759168.7382283,60405.0,2.4832362,s
1780759284.7252495,60495.0,1.27122832,b
1780761140.2027798,60779.7,2.46792925,s
1780761140.20278,60771.0,8.22759825,s
1780761140.2027802,60768.5,8.22793634,s
1780763408.6855617,60551.7,1.05910026,s
1780765323.723466,60800.4,1.10032072,b
1780765323.723466,60800.5,2.79626429,b
1780765323.7234662,60804.4,1.00119421,b
1780765323.7234662,60806.9,1.28338056,b
1780769186.5341125,60500.0,1.689916,s
1780769186.558616,60500.0,1.20800088,s
1780773475.061051,60637.7,1.49669486,b
1780774504.7118638,60570.1,2.4764654,s
1780774504.7118638,60571.2,2.80508596,s
1780774504.711864,60554.1,8.25707385,s
1780774504.711864,60562.7,8.25590287,s
1780774504.711864,60562.9,1.5,s
1780774504.7118642,60538.9,8.25913887,s
1780774504.7118642,60545.8,1.26975174,s
1780774504.7118642,60545.9,8.25819034,s
1780774504.7118642,60546.0,8.25817735,s
1780774504.7118645,60517.8,5.78341538,s
1780774504.7118645,60521.4,5.7830723,s
1780774504.7118645,60521.7,7.61007186,s
1780774504.7118647,60498.4,5.78526819,s
1780774504.7118647,60508.3,3.91283451,s
1780774504.7118647,60509.5,3.11680742,s
1780774504.711865,60485.1,4.49567085,s
1780774504.711865,60492.6,1.5,s
1780774616.735815,60520.9,2.54250058,b
1780774616.7358153,60540.1,2.47770036,b
1780774616.7358153,60542.7,2.80852793,b
1780774616.7358155,60543.8,1.65204371,b
1780774616.7358155,60543.9,2.70958184,b
1780774616.7358155,60545.6,2.47809792,b
1780774616.7358155,60545.8,8.25821494,b
1780774785.1249943,60533.7,1.0,b
1780775846.1702697,60624.2,1.15231759,b
1780775935.6270103,60601.0,1.57691634,s
1780776001.1540527,60571.1,1.00840343,b
1780776001.1540532,60586.0,1.49925065,b
1780776001.1540532,60586.0,1.74080356,b
1780776001.1540532,60586.0,1.87033523,b
1780776001.1540532,60586.0,2.6446554,b
1780776001.1540532,60589.7,1.14806804,b
1780778085.3768175,60642.0,1.29908176,b
1780778616.42948,60649.5,1.19807936,b
1780778660.0056581,60700.8,1.26422975,b
1780778660.0716746,60700.8,2.02091668,b
1780778910.1029649,60639.7,2.80292661,s
1780780320.9306812,60850.0,2.49000522,b
1780789111.817551,60777.3,1.05059862,b
1780789274.4965408,60850.0,2.16667729,b
1780790847.16697,60811.7,1.03667203,s
1780794219.9124353,60896.9,1.69235762,b
1780794220.0447092,60896.9,1.51518841,b
1780794232.5633242,60959.8,1.342463,b
1780794232.5637436,60960.2,1.5,b
1780794232.5637436,60960.4,1.5,b
1780794232.5821888,60961.1,1.0394671,b
1780794514.3942473,61302.6,2.77367293,b
1780794514.3942473,61307.8,4.48051991,b
1780794514.3942475,61311.9,7.20524203,b
1780795098.3964608,61593.5,2.43532302,b
1780795116.3698492,61603.5,4.80748184,b
1780795766.3789701,61603.5,1.16815145,b
1780795766.4132361,61603.5,1.03288552,b
1780795801.1059299,61603.5,1.16876643,b
1780796562.6218922,61400.0,1.0837026,s
1780796562.6218925,61389.4,2.7680631,s
1780796562.6218925,61389.6,1.5145408,s
1780796562.6218927,61373.0,8.1468976,s
1780796823.7131705,61346.5,8.15042016,s
1780796823.7131705,61353.4,2.44485204,s
1780796823.7131708,61336.8,1.16636252,s
1780796875.7415624,61420.0,2.13588461,b
1780796891.8093255,61420.0,1.01163071,b
1780796891.8185616,61420.0,1.33497437,b
1780797596.9759705,61473.1,2.44009388,b
1780801221.7827008,61488.2,1.02032728,s
1780801544.3538084,61433.1,1.5,b
1780802074.3663373,61493.1,1.76637735,s
1780802351.6999028,61603.5,1.57057857,b
1780802372.3849132,61603.5,1.264635,b
1780802372.4232547,61603.5,1.0409881,b
1780804747.2309575,61704.1,2.75551836,b
1780804747.2309577,61707.4,2.43082719,b
1780804747.2309577,61708.6,1.5,b
1780804747.2309577,61710.7,1.48801656,b
1780804747.2309577,61714.3,4.15590346,b
1780804760.210587,61681.8,1.620798,s
1780809233.45627,61859.0,1.1794139,b
1780809233.5064259,61859.0,1.09055292,b
1780809233.5565996,61859.0,1.0366,b
1780809233.5970113,61859.0,1.3922494,b
1780809233.6076255,61859.0,4.48135207,b
1780809233.6196215,61859.0,2.47038038,b
1780809233.6558764,61859.0,1.48433635,b
1780809422.8994799,61815.6,1.07809288,b
1780809491.5632212,62000.0,1.0,b
1780809492.0307882,62097.4,1.35459102,b
1780809493.0804875,62191.4,2.61067105,b
1780809493.0873883,62301.1,1.3956395,b
1780810136.193256,61800.0,1.02855208,s
1780810161.6979353,61738.1,2.4296186,b
1780810161.6979356,61745.1,2.75386441,b
1780810314.4997702,61703.2,1.05871892,s
1780810421.6440246,61638.6,1.0,s
1780810657.3276947,61742.1,2.75213566,s
1780810657.3276947,61743.7,2.42939454,s
1780810657.3276947,61743.8,1.6200336,s
1780810657.327695,61725.6,5.1761006,s
1780810657.327695,61733.9,8.09926579,s
1780810875.5650744,61793.9,2.75140558,b
1780811415.5298557,61720.0,1.35319757,s
1780811928.5123463,61740.0,2.86034004,b
1780813048.147088,61740.0,1.14195124,b
1780814178.1212533,62205.2,1.1620748,b
1780815669.1044517,62000.0,1.01106598,s
1780815669.1233387,62000.0,1.39227835,s
1780815669.1797414,62000.0,1.23038695,s
1780815669.2313206,62000.0,2.0,s
1780815669.242558,62000.0,3.07441565,s
1780815669.2541866,62000.0,9.12074427,s
1780815669.3083725,62000.0,3.46659546,s
1780816261.7070327,62146.4,1.04212102,s
1780817696.5678039,62232.2,1.0,s
1780819139.9334424,62356.9,2.72654155,b
1780819284.5338476,62390.0,2.15147598,s
1780819394.0254793,62400.0,1.05842746,s
1780820723.3353128,62440.1,1.68123241,s
1780820897.1691365,62500.0,1.61917157,b
1780821189.1072981,62452.6,1.21420824,s
1780821189.1072984,62449.2,2.14950476,s
1780821997.821516,62606.1,1.73169051,b
1780822045.4321592,62739.9,1.04322007,b
1780822097.66157,62817.7,1.55634046,b
1780822097.670862,62817.7,2.274622,b
1780822097.6723382,62817.7,1.14684,b
1780822097.7043567,62817.7,2.0,b
1780822097.7563813,62817.7,4.65411362,b
1780822101.7790544,62914.3,1.58875966,s
1780822252.3046336,62779.8,1.97068552,b
1780823155.9846923,62816.9,1.11396328,s
1780824602.6970086,62650.0,1.00645221,b
1780824906.4629374,62546.0,1.36041509,s
1780825094.3713639,62500.0,2.5231133,b
1780831467.970366,62529.8,1.71959077,b
1780831467.970366,62536.4,1.59953319,b
1780831567.9506986,62517.9,2.71871519,s
1780833349.7691283,62569.4,2.71727736,b
1780833349.7691283,62569.6,2.39733166,b
1780833349.7691283,62576.2,7.99026003,b
1780833349.7691286,62584.5,4.73935357,b
1780834361.110387,62223.0,1.5,s
1780834436.087941,62142.6,1.20797195,s
1780834671.7798104,61951.9,1.3091191,s
1780834685.0009398,61977.7,2.21219992,b
1780834801.8216474,61981.7,1.49939619,s
1780835595.919799,61858.4,1.28463265,s
1780835595.9282694,61858.4,1.26232567,s
1780835595.9674644,61858.4,1.72822286,s
1780835595.9758565,61858.4,1.69165433,s
1780835595.989194,61858.4,2.48265092,s
1780835595.9938025,61858.4,1.05217105,s
1780835596.022765,61858.4,3.43469951,s
1780835622.6571624,61765.6,1.5,s
1780835622.6571624,61767.2,2.42847143,s
1780835639.7380152,61755.6,1.5,s
1780835639.7380152,61757.1,8.0962293,s
1780835639.7380152,61763.9,2.4286018,s
1780835639.7380154,61748.7,4.61470453,s
1780836179.4416745,61580.6,1.3739208,s
1780836223.4041927,61628.1,1.58393571,s
1780836223.404803,61628.1,1.17395542,s
1780836758.4354465,61782.7,1.61806221,s
1780836758.435447,61773.0,1.75057263,s
1780837011.2893326,61780.1,1.71274484,s
1780839246.1430337,61832.1,2.42592506,b
1780839246.1430337,61838.0,1.82341187,b
1780841867.3748238,61883.0,2.42393284,b
1780841867.3748238,61887.9,2.74725098,b
1780841867.374824,61891.1,8.07870764,b
1780842043.4416225,62024.6,2.625415,b
1780844922.6331067,61802.4,1.5769131,b
1780844949.3528974,61771.8,2.75146089,s
1780848366.2398033,61968.6,1.61306219,s
1780848443.1612177,61948.9,2.74359359,s
1780848443.1612182,61934.5,2.42191164,s
1780848443.1612182,61934.6,1.61375772,s
1780849340.2703638,62265.7,2.73060332,b
1780849340.2703638,62266.8,2.40899057,b
1780849340.270364,62272.1,2.076605,b
1780849511.6602046,62240.0,1.53709702,b
1780849652.623444,62150.0,1.58307049,s
1780851381.5022025,62077.0,1.82319124,s
1780851381.565883,62065.5,1.17316498,s
1780852816.7239873,62289.5,1.59294276,b
1780852845.130005,62260.5,1.94649653,s
1780853226.4225507,62223.3,2.73159231,s
1780854503.9632144,62125.2,2.4,s
1780856482.506837,62160.2,1.86822798,s
1780858927.4078832,61800.1,2.45622472,b
1780858936.9371448,61754.1,2.42898474,s
1780858936.937145,61744.9,4.86920969,s
1780859888.224273,61362.0,1.25152374,s
1780859888.3412626,61344.9,1.6298966,s
1780860320.1580267,61327.8,2.2467,s
1780861615.7303345,61140.1,2.45338143,s
1780861694.847092,61200.1,1.44874201,b
1780861698.134539,61200.1,1.23945428,b
1780861699.2134364,61200.1,1.52229443,b
1780861816.98263,61308.4,1.23946474,s
1780861868.1373293,61283.7,1.9401,s
1780862523.8797822,61278.7,1.21068147,s
1780862598.1327524,61354.8,1.03592157,s
1780863663.0482082,61604.1,2.75903847,s
1780864522.1700597,61798.7,2.4272356,b
1780864522.1700597,61800.0,1.20050669,b
1780864522.1700597,61804.9,2.42725069,b
1780868133.9775972,61715.3,1.10628776,b
1780868134.005122,61729.6,1.041436,b
1780868134.0231671,61729.6,1.041436,b
1780870323.5966163,62062.0,1.0,b
1780870459.348903,62777.0,1.51921247,b
1780870459.6274283,62813.3,5.66516795,b
1780870460.042676,62813.3,2.55440816,b
1780870460.0455644,62813.3,5.00736179,b
1780870460.0617898,62813.3,3.8475128,b
1780870460.457529,62813.3,2.1,b
1780870461.4235053,62813.3,1.91264236,b
1780870464.2520154,62906.8,1.58393241,b
1780870476.533786,63000.0,1.0,b
1780870476.5337863,63000.0,1.25,b
1780870476.6275983,63000.0,1.34996032,b
1780870476.6275985,63000.0,1.0080173,b
1780870476.6275985,63000.0,3.47247587,b
1780870476.6275985,63000.0,15.424931,b
1780870476.6454005,63000.0,1.14603918,b
1780870480.2855065,63192.7,1.58380713,b
1780870480.2855065,63194.0,2.69130891,b
1780870480.2855065,63205.0,15.71872211,b
1780870484.378313,63331.2,2.23256649,b
1780870484.3783135,63400.0,1.31238449,b
1780870484.3783138,63400.0,1.16209084,b
1780870484.3783138,63400.0,1.21339419,b
1780870484.3783138,63400.0,1.23945428,b
1780870484.3783138,63400.0,1.82044786,b
1780870484.378314,63400.0,1.34140871,b
1780870484.378314,63400.0,1.48035098,b
1780870484.378314,63400.0,1.50803616,b
1780870484.378314,63400.0,1.76542528,b
1780870484.378314,63400.0,1.77609616,b
1780870484.378314,63400.0,1.82044786,b
1780870484.378314,63400.0,1.82044786,b
1780870493.5862556,63320.8,2.68843139,b
1780870495.1832285,63414.8,1.15273011,b
1780870495.184637,63414.8,1.18152928,b
1780870495.184637,63414.9,1.06304366,b
1780870495.1862981,63414.9,1.22819841,b
1780870495.307218,63414.9,7.32720498,b
1780870495.5933201,63414.9,1.05624169,b
1780870495.6132796,63414.9,2.23380259,b
1780870495.6151137,63414.9,3.31058528,b
1780870495.6806393,63414.9,1.87666004,b
1780870495.712861,63414.9,2.29410445,b
1780870495.7395654,63414.9,3.69217767,b
1780870495.791738,63414.9,1.63205886,b
1780870495.8789425,63414.9,5.132428,b
1780870495.8843756,63414.9,1.141033,b
1780870495.9195428,63414.9,3.68915026,b
1780870495.9515903,63414.9,1.28298835,b
1780870495.954789,63414.9,1.49260772,b
1780870502.6804261,63775.0,1.15964651,b
1780870502.7409992,63711.0,1.68509128,s
1780870514.0496485,63777.0,2.7,b
1780870514.0982265,63777.0,1.04989069,b
1780870514.178096,63791.0,2.1633,b
1780870514.2129307,63791.0,2.9,b
1780870514.2315502,63791.0,1.05604402,b
1780870514.3475413,63791.0,2.4,b
1780870514.4571073,63791.0,2.2,b
1780870514.521736,63791.0,10.14396319,b
1780870515.7428408,63623.4,1.33,s
1780870515.7428408,63623.4,1.60550969,s
1780870515.749354,63800.0,2.1,b
1780870515.7557404,63800.0,2.711399,b
1780870515.7564275,63800.0,2.341066,b
1780870515.758622,63800.0,1.00181,b
1780870515.7802691,63800.0,1.131609,b
1780870515.843518,63800.0,2.2,b
1780870516.7463846,64000.0,2.02839378,b
1780870521.3014896,64100.0,1.20996218,b
1780870521.3014896,64100.0,1.62846286,b
1780870521.3036525,64100.0,1.2,b
1780870521.4023933,64100.0,3.83028742,b
1780870521.408365,64113.0,1.6,b
1780870521.503907,64113.0,1.128785,b
1780870521.6091173,64113.0,1.4,b
1780870521.639997,64113.0,1.18587356,b
1780870521.639997,64113.0,1.41412644,b
1780870521.7331352,64113.0,1.1,b
1780870521.8001065,64113.0,1.96914344,b
1780870532.82286,64237.4,2.64976653,b
1780870532.8228605,64373.6,2.21016081,b
1780870532.822861,64444.9,6.72162826,b
1780870532.822861,64450.0,3.0,b
1780870532.822861,64455.0,5.0,b
1780870532.8228612,64500.0,1.0,b
1780870532.8228612,64555.0,5.0,b
1780870556.6702886,63741.9,2.66922223,b
1780870556.6702888,63762.7,1.69995574,b
1780870556.6702888,63800.9,2.35004425,b
1780870556.6702888,63823.7,6.84442153,b
1780870556.6702888,63967.6,5.439072,b
1780870556.670289,64011.2,2.21253138,b
1780870556.670289,64080.6,6.201544,b
1780870556.670289,64106.5,8.32335203,b
1780870556.6702893,64142.5,8.25666337,b
1780870557.4697897,63707.3,1.3318,s
1780870602.8955686,63494.4,1.12791619,s
1780870618.6180568,63425.6,1.79663895,s
1780870676.6838918,63457.3,2.67997407,b
1780870676.683892,63470.1,7.87772996,b
1780870796.939713,63199.6,2.29681019,s
1780870842.4352324,63099.2,1.71488866,s
1780870900.376889,63193.1,2.69106832,b
1780870900.376889,63205.5,1.21356599,b
1780870924.5374265,63064.5,1.22966329,s
1780870924.6147108,63064.5,1.53723578,s
1780870924.8019576,63064.5,1.22736264,s
1780870924.9544983,63064.5,1.42081294,s
1780870924.9580805,63064.5,1.33825061,s
1780870924.964096,63064.5,1.82181925,s
1780870925.0949798,63064.5,1.380863,s
1780870925.0968297,63064.5,1.054386,s
1780870925.1205738,63064.5,1.19227168,s
1780870925.1384056,63064.5,1.28170768,s
1780870925.1501527,63064.5,1.58841176,s
1780870925.1676688,63064.5,1.50055746,s
1780870925.1682706,63064.5,1.786884,s
1780870925.1685154,63064.5,1.57505,s
1780870925.1719968,63064.5,1.16191426,s
1780870925.1737475,63064.5,1.519779,s
1780870925.1738048,63064.5,1.15437326,s
1780870925.1738048,63064.5,2.01830674,s
1780870925.1738048,63064.5,4.7,s
1780870925.1862292,63064.5,2.26421672,s
1780870925.1933737,63064.5,1.27031002,s
1780870925.1933737,63064.5,2.1479823,s
1780871545.5766919,62817.1,1.13054482,s
1780871545.5950453,62817.1,1.7695093,s
1780871545.6115975,62817.1,1.01719376,s
1780871545.6202116,62817.1,1.12811702,s
1780871545.6312826,62817.1,1.52473671,s
1780871549.4721906,62817.1,1.50843202,s
1780871558.772026,62817.1,1.96522529,s
1780871807.9339395,63245.1,2.68845777,b
1780871807.9339395,63247.9,3.19707021,b
1780871807.9339397,63254.0,1.1314407,b
1780871807.9339397,63255.8,1.32527904,b
1780871807.9339397,63255.8,1.9153,b
1780871807.9339397,63255.8,4.66383758,b
1780871807.93394,63262.8,1.71317261,b
1780871807.9339402,63300.7,2.33682739,b
1780871807.9339402,63302.6,1.27796874,b
1780871807.9339402,63302.6,2.14219208,b
1780871807.9339402,63303.7,1.66043661,b
1780871807.9339402,63303.7,2.65630951,b
1780871807.9339402,63307.5,2.48119191,b
1780871807.9339404,63307.5,1.1626793,b
1780871807.9339404,63313.1,1.92870824,b
1780871830.438462,63268.8,1.26547624,s
1780871919.64431,63209.6,1.79707421,s
1780872018.3966513,63088.5,1.48109,s
1780872710.1404908,63130.0,1.07335637,s
1780872712.5706232,63130.0,1.01655404,s
1780872712.5796225,63130.0,1.11648418,s
1780874237.9250367,62846.9,1.13569026,s
1780874583.8659055,62866.3,2.70355913,s
1780874867.134513,63228.4,1.0166637,b
1780874867.134513,63228.4,1.65060329,b
1780874892.1864262,63194.5,1.00181,b
1780874952.4816732,63221.6,1.88857493,b
1780878375.4998066,63400.0,1.00199685,b
1780878405.0760286,63400.0,1.18989063,b
1780878782.2295108,63456.4,1.03219311,b
1780879011.752947,63598.3,1.67323215,b
1780879195.203395,63785.8,3.26401727,b
1780879231.6906395,63800.0,1.15644922,b
1780879505.2200325,63683.8,2.07380894,s
1780880057.6653237,63685.4,1.00068173,s
1780880349.2963881,63591.5,1.5720441,s
1780881087.0867674,63214.3,2.68878331,s
1780881096.3943083,63214.3,1.13993059,b
1780882098.018349,62850.0,1.0,s
1780894606.722337,62791.8,1.59211242,s
1780897046.8724844,62456.5,1.0,s
1780899831.5358806,63023.2,1.05911086,s
1780904757.3850334,63094.1,2.37740266,b
1780906866.400289,63028.2,2.37989058,b
1780906866.400289,63033.2,1.27460736,b
1780906879.7812448,63008.9,2.38061607,b
1780906879.7812448,63011.2,2.16965471,b
1780906897.2558594,62982.5,2.38161597,b
1780906897.2558594,62984.4,1.5,b
1780906897.2558596,62988.3,3.91412644,b
1780907430.626986,63050.0,1.42193422,b
1780907431.646008,63050.0,1.42193422,b
1780907574.2991514,63050.0,1.08669908,b
1780907580.7332592,63050.0,1.42172697,b
1780907585.3298683,63050.0,1.05353614,b
1780907585.50336,63050.0,1.14952417,b
1780907586.2509117,63050.0,1.05353614,b
1780907625.692314,63050.0,20.59304926,b
1780909127.850308,63093.8,1.43068985,b
1780909127.856194,63093.8,1.18972173,b
1780910222.2159903,63546.2,2.1664246,b
1780911401.7952337,63282.3,2.034186,b
1780913769.0454323,63334.0,1.129842,b
1780914281.495535,63115.0,2.5861603,s
1780914281.78611,63112.0,2.598416,s
1780914394.4762175,63103.4,1.03486098,s
1780915588.0936313,63100.0,1.42172697,s
1780915589.3427875,63100.0,1.42172697,s
1780916821.9816997,63100.0,1.07022365,b
1780916822.0092218,63100.0,1.34139856,b
1780916822.0485592,63100.0,1.41986538,b
1780916822.0556476,63100.0,2.53810259,b
1780917262.337881,63338.4,1.99803323,s
1780919051.5433016,63622.4,2.16091545,b
1780919996.868842,63414.9,1.57610378,s
1780919996.8688424,63377.2,2.22780554,s
1780920485.0832784,62988.2,2.69933319,b
1780920485.0832787,62997.8,1.58784506,b
1780920485.0832787,62999.0,1.43148745,b
1780920485.0832787,62999.1,3.73381551,b
1780922576.134036,63525.0,1.14299702,b
1780922576.6431,63525.0,1.56943415,b
1780922788.724602,63551.9,2.622994,s
1780924979.732851,63818.0,1.43226716,b
1780925259.866783,63596.3,2.12033267,b
1780925613.9189856,63376.6,1.418474,s
1780926100.9020784,63500.0,1.14537587,b
1780926242.221943,63472.7,1.13117711,b
1780926242.3061326,63472.7,1.60766456,b
1780926873.3790689,63775.1,1.39156288,s
1780928451.534071,63773.1,1.10347925,b
1780928577.48601,63732.9,2.66771693,b
1780928577.4860103,63747.7,1.03371317,b
1780928577.4860103,63747.8,7.65903073,b
1780929009.2081294,63761.1,2.07523817,b
1780929199.3403287,63850.0,1.54273704,b
1780929199.3796546,63850.0,1.93156463,b
1780929199.4685133,63850.0,1.52799895,b
1780929282.3737485,63862.3,2.39610989,s
1780929716.7258341,63868.6,2.66218817,b
1780929716.7258341,63869.2,2.34855283,b
1780929716.7258344,63872.8,5.6523593,b
1780930068.197491,63900.0,1.8608417,b
1780930068.2179673,63900.0,1.64735899,b
1780930648.1626272,64000.0,1.81643985,b
1780931451.3624177,64061.0,1.91917778,b
1780931529.3657792,64100.0,1.0,b
1780931551.2273068,64122.7,5.815954,b
1780931553.6763577,64122.7,1.0519126,b
1780931554.105745,64122.7,3.75738017,b
1780931554.1059299,64122.7,3.03866933,b
1780931554.106013,64122.7,2.77733701,b
1780931554.1060822,64122.7,3.75738017,b
1780931554.1062098,64122.7,1.07858301,b
1780931554.1062098,64122.7,2.67879716,b
1780931554.106296,64122.7,3.13720918,b
1780931554.1063643,64122.7,3.75738017,b
1780931554.1064563,64122.7,1.43845518,b
1780931554.1064563,64122.7,2.31892499,b
1780931554.1066751,64122.7,3.49708135,b
1780931554.1068695,64122.7,3.21165046,b
1780931821.5781398,64010.4,1.0588252,s
1780931824.1978748,64010.4,1.31649378,s
1780931824.2716231,64010.4,1.62936497,s
1780931981.6113672,64142.3,1.28511227,s
1780932170.9405196,64047.5,2.06485977,s
1780932170.9405196,64058.1,2.65320189,s
1780932186.7134662,64051.5,1.56043392,s
1780932628.4501216,63945.4,2.34575438,b
1780932768.9325328,63923.3,2.65821594,s
1780932920.2417152,63803.9,1.04919221,s
1780932923.1433258,63750.0,2.00283514,b
1780932923.1569602,63750.0,2.31646949,b
1780932987.681334,63791.3,1.06478034,b
1780932992.687235,63780.2,2.3518268,s
1780932992.6872354,63761.0,2.45591713,s
1780932992.6872354,63769.3,7.84076235,s
1780933133.3063223,63824.2,1.5,s
1780933940.7544167,63857.1,2.20295768,b
1780934075.2474585,63866.4,7.64467337,s
1780936503.3659897,63670.8,1.09991809,b
1780936503.3659897,63670.9,2.27947966,b
1780936733.8436854,63576.7,1.25573214,s
1780938687.0650172,63367.4,1.1742617,s
1780940583.3705997,63261.0,1.92413913,s
1780943512.1753705,63533.3,1.88595145,s
1780943820.9957263,63437.7,2.67936686,s
1780943820.9957263,63437.7,3.14664508,s
1780943820.9957263,63437.7,9.80117482,s
1780943820.9957263,63437.7,9.80117482,s
1780943820.9957263,63437.8,1.57601963,s
1780944000.2740836,63437.7,1.00921032,s
1780944004.674041,63437.7,1.07512555,s
1780944004.7120538,63437.7,2.85965166,s
1780944004.7158144,63437.7,1.28224573,s
1780944004.7158868,63437.7,1.28224573,s
1780944004.715943,63437.7,1.28224573,s
1780944903.984625,63393.9,2.68186,b
1780944999.4973917,63466.4,2.67883055,b
1780945595.4240155,63503.8,3.289416,b
1780947170.2007604,63495.1,2.67764258,b
1780947760.4071696,63469.9,1.40128412,s
1780948211.0112705,63492.5,1.75124777,s
1780948224.4835393,63491.4,2.677127,s
1780948623.5286918,63395.0,2.68184051,b
1780948922.329769,63340.4,2.68357007,s
1780949394.660825,63325.4,1.53385915,s
1780949394.660825,63325.4,1.57863425,s
1780949566.8993187,63344.1,1.23330848,s
1780949566.956039,63337.3,1.58752852,s
1780950478.272401,63228.7,1.58115679,s
1780950494.8433735,63212.0,2.008659,s
1780950518.4650028,63161.0,1.82272472,s
1780950518.465003,63155.7,1.06976246,s
1780950671.6863701,63214.4,2.3728804,b
1780955849.6814005,63735.2,1.5685095,s
1780956358.0222743,63527.8,2.67638105,b
1780960774.829796,63111.0,1.06092935,s
1780962548.661733,63000.0,1.037612,s
1780962548.6857278,63000.0,2.95188133,s
1780962548.7263064,63000.0,1.59267046,s
1780962548.9167333,63000.0,3.00272762,s
1780962549.1943724,63000.0,3.03921016,s
1780962549.2424042,63000.0,1.79055461,s
1780962551.5782268,63000.0,1.1706386,s
1780962551.5817795,63000.0,5.96742879,s
1780962551.5817797,63000.0,1.0,s
1780964231.618746,63127.2,1.38751494,b
1780964905.4493866,62811.0,1.06906914,s
1780964930.0761604,62779.1,1.43320591,s
1780964963.9718325,62711.0,1.88667748,s
1780965014.329607,62700.0,1.03072069,s
1780965073.3929205,62611.0,1.09272862,s
1780965099.4460418,62586.8,1.27796093,s
1780965104.5432332,62601.5,2.7147306,s
1780965988.645293,62550.0,1.55908767,s
1780965989.509082,62517.3,1.020545,s
1780965991.0953357,62511.0,1.48206479,s
1780966186.0811484,62400.0,1.0,s
1780967463.4473982,62611.1,2.39574101,s
1780967463.4473984,62602.5,1.8315903,s
1780968344.10707,62801.0,1.05353614,b
1780968344.10707,62806.1,1.14952417,b
1780968344.1070702,62806.1,1.05353614,b
1780968344.1070707,62832.8,1.4478289,b
1780968344.107071,62838.9,1.73502889,b
1780968344.107071,62839.3,5.56976589,b
1780968344.107071,62841.8,5.56954186,b
1780968344.107071,62848.8,1.5,b
1780968344.1070712,62863.8,2.21347446,b
1780968565.3663356,62823.2,1.18415233,s
1780968834.8879929,62774.5,1.02781657,s
1780968834.8879929,62774.5,3.72532044,s
1780968864.0781205,62808.9,7.96065276,s
1780968864.0781205,62809.0,2.4927884,s
1780968864.0781205,62818.2,2.38784238,s
1780968864.0781207,62800.9,5.50051726,s
1780968864.0781207,62801.0,2.37655512,s
1780969581.3129315,62696.4,1.61268239,s
1780969581.3129315,62698.4,2.39240338,s
1780973813.1153364,62815.2,2.38795872,b
1780973813.1153364,62818.3,2.70676826,b
1780973813.1153364,62823.5,1.59222267,b
1780973813.1153364,62823.5,2.38844358,b
1780973813.1153364,62823.6,1.2047274,b
1780976994.3181505,62773.2,1.6357236,b
1780979656.4181259,63063.0,1.06229019,b
1780979656.7120285,63100.2,4.662216,b
1780980793.35514,63243.4,1.0,b
1780981077.0237646,63246.4,2.68727108,s
1780983610.4166903,63400.0,1.10472066,s
1780984572.5356624,63300.0,1.09975568,s
1780986349.7812097,63435.6,2.36460286,b
1780986349.7812097,63437.6,2.68039332,b
1780990146.568526,62991.0,1.36415964,s
1780993073.0661964,62902.4,1.04222014,s
1780994862.8116357,62925.0,1.05353614,s
1780994863.8803756,62925.0,1.05353614,s
1780999261.5027244,62698.0,1.05353614,b
1781002170.8775084,62645.1,1.59560225,s
1781003694.5515177,62475.7,1.02728187,s
1781003869.2862194,62500.0,1.50692994,b
1781003979.3116922,62512.7,1.22143757,b
1781004274.3270473,62607.5,2.39588245,b
1781004274.3270476,62612.6,7.98562341,b
1781004274.3270476,62615.4,1.59743698,b
1781004274.3270476,62615.4,2.39616713,b
1781004274.3270476,62615.6,2.71521214,b
1781004274.3270478,62620.6,7.98459813,b
1781004274.3270478,62628.8,3.61013067,b
1781006444.2484577,62668.0,2.06081533,s
1781007159.785493,62750.0,1.53365172,s
1781007159.8818572,62750.0,1.73357907,s
1781007875.4184854,62680.1,1.59485604,s
1781011158.0661433,62350.0,1.6,s
1781011175.832264,62311.0,1.89619628,s
1781011178.4348528,62300.0,1.0,s
1781011198.571698,62357.6,1.22776347,b
1781011365.375112,62280.9,8.02814271,s
1781011365.375112,62284.6,1.55268852,s
1781011365.375112,62288.1,2.40816394,s
1781011365.3751123,62272.7,8.02919513,s
1781011365.3751125,62255.5,8.03141836,s
1781011365.3751125,62256.3,1.65948576,s
1781011365.3751125,62264.4,8.03026293,s
1781011365.3751128,62253.0,2.14156713,s
1781011365.375113,62247.5,8.0324388,s
1781011365.3751132,62242.4,8.25670289,s
1781011365.3751135,62219.4,5.62524891,s
1781011365.3751135,62232.1,5.62410016,s
1781011365.3751137,62206.2,1.5,s
1781011365.3751137,62211.0,2.00929097,s
1781011365.3751137,62215.2,2.14149249,s
1781011365.375114,62202.9,4.41507101,s
1781011365.375114,62203.2,5.62671811,s
1781011400.571775,62268.9,9.99959364,s
1781011422.84594,62285.9,4.25735403,b
1781011751.0796144,62299.7,1.60452855,s
1781011976.4587173,62411.7,1.6013694,s
1781012178.391389,62200.0,1.29366964,s
1781012178.4165204,62200.0,1.3241416,s
1781012178.4495277,62200.0,1.33943779,s
1781012245.0594687,62177.8,2.7598995,s
1781012254.3765492,62177.8,2.57826581,s
1781012271.2868943,62146.2,1.25148901,s
1781012282.1435153,62146.3,1.05303482,s
1781012350.066282,62184.6,4.99859908,s
1781012391.4204307,62200.0,1.33326877,s
1781012450.217874,62211.1,1.74120436,b
1781012578.860468,62358.7,1.67057097,s
1781013361.7716439,62323.8,1.13846283,b
1781013669.7557774,62290.4,2.40807416,s
1781014147.845247,62110.5,1.02226599,s
1781014277.2572436,62011.0,1.14714869,s
1781014277.5599644,62000.0,1.218138,s
1781014277.576771,62000.0,1.0,s
1781014571.2940054,61943.0,1.07664828,s
1781014571.3070292,61943.0,1.25232839,s
1781014571.4537842,61943.0,3.29567974,s
1781014571.5136597,61943.0,1.73286923,s
1781014571.5597985,61943.0,3.10606013,s
1781014587.1411715,61911.0,1.24819448,s
1781014587.4046538,61900.0,1.0,s
1781014587.4046538,61900.0,3.87487786,s
1781014587.404654,61871.2,1.61556217,s
1781014587.4046543,61867.1,1.30980726,s
1781014587.4046547,61834.2,2.15575578,s
1781014587.404655,61808.1,2.15536706,s
1781014587.404655,61811.0,2.02229377,s
1781014587.4046552,61796.4,2.543405,s
1781014587.4046552,61800.0,1.0,s
1781014587.4046552,61801.7,5.66326709,s
1781014587.4046555,61784.8,4.37340929,s
1781014606.0930333,61856.6,1.10098401,s
1781014734.2212694,61736.4,1.73357907,s
1781014747.287067,61796.0,1.21845747,b
1781014835.6104815,61700.0,1.0,s
1781014884.390026,61623.3,5.918022,s
1781014896.9970186,61678.2,1.97800656,s
1781014920.1018212,61624.9,1.03249899,b
1781014948.0127854,61640.6,1.49396032,b
1781014948.0228631,61640.6,1.64012092,b
1781015359.571319,61611.0,1.3338972,s
1781015426.9781144,61511.0,1.28672996,s
1781015427.1761756,61500.0,1.07399001,s
1781015427.2682328,61500.0,1.13904915,s
1781015477.931887,61480.0,1.51441732,b
1781015502.392856,61480.0,1.46563096,b
1781015502.5066411,61480.0,1.36349369,b
1781015502.5407512,61480.0,1.23945428,b
1781015502.727465,61480.0,1.59781871,b
1781015502.9687178,61480.0,9.35094543,b
1781015508.3743458,61480.0,10.36093983,b
1781015578.239586,61562.8,1.62362223,s
1781015677.0168307,61552.4,1.05577751,s
1781015722.4937193,61483.0,1.24705411,s
1781015738.5861757,61440.0,1.0,s
1781016040.6906729,61391.7,2.44332939,b
1781016040.690673,61392.2,2.76939455,b
1781016040.690673,61404.0,1.62909631,b
1781016040.690673,61404.0,2.44363603,b
1781016040.6906734,61404.1,1.74269413,b
1781016040.6906734,61404.2,10.4904752,b
1781016040.6906734,61406.2,8.14250057,b
1781016040.6906734,61414.3,1.98174849,b
1781016040.6906734,61414.4,8.14141553,b
1781016040.6906736,61427.9,2.69437391,b
1781016040.6906736,61441.3,3.13163971,b
1781016040.6906736,61442.0,5.69643472,b
1781016040.6906738,61445.3,5.69613067,b
1781016040.6906738,61449.1,3.61,b
1781016040.6906738,61462.8,1.5,b
1781016040.6906738,61465.5,1.35570414,b
1781016040.690674,61469.9,12.20107513,b
1781016040.690674,61471.6,5.69368674,b
1781016040.690674,61476.8,4.4814478,b
1781016040.690674,61478.2,1.65671931,b
1781016041.2047253,61396.2,2.44380819,b
1781016041.2047253,61399.5,2.44301993,b
1781016057.4521463,61442.9,2.43982552,s
1781016057.4521463,61443.0,1.62655006,s
1781016057.4521463,61457.3,2.74359054,s
1781016444.3491223,61211.0,2.04211662,s
1781016444.3491225,61200.0,1.0,s
1781016444.3491225,61200.0,2.0,s
1781016472.0842545,61132.0,3.96433054,s
1781016472.0842547,61120.0,9.15589756,s
1781016502.2433593,61200.0,5.23629399,b
1781016562.3331957,61178.7,2.45182988,s
1781016562.333196,61171.1,4.88797846,s
1781016630.9342778,61150.0,1.27182185,b
1781016644.3886263,61150.0,1.0419729,b
1781016644.4389598,61150.0,1.16917408,b
1781016644.4533944,61150.0,1.03219996,b
1781016644.4742937,61150.0,1.06371122,b
1781016644.4799387,61150.0,1.05996934,b
1781016644.4823697,61150.0,1.17769362,b
1781016644.4997513,61150.0,1.6046708,b
1781016644.7218757,61150.0,1.23945428,b
1781016644.7777643,61150.0,2.71392221,b
1781016644.8106863,61150.0,1.043,b
1781016645.6363103,61150.0,1.23945428,b
1781016647.7285042,61150.0,1.5351234,b
1781016647.762862,61150.0,3.71422483,b
1781016647.7935421,61150.0,1.23945428,b
1781016650.6302705,61150.0,1.23945428,b
1781016657.6812787,61150.0,1.23945428,b
1781016659.9381874,61150.0,1.23945428,b
1781016659.9605236,61150.0,1.69199604,b
1781016659.9655898,61150.0,2.12885389,b
1781016659.968773,61150.0,3.88104106,b
1781016659.9755921,61150.0,1.17446857,b
1781016659.9885674,61150.0,1.66829015,b
1781016660.2240803,61150.0,1.46044387,b
1781016661.1497507,61150.0,3.65258317,b
1781016661.948758,61150.0,1.05226474,b
1781016662.0045097,61150.0,1.08024049,b
1781016662.0073678,61150.0,3.70781721,b
1781016662.0424573,61150.0,1.29898056,b
1781016662.0844796,61150.0,1.55995414,b
1781016662.1126547,61150.0,1.60036546,b
1781016662.1230934,61150.0,1.39137336,b
1781016673.854944,61219.7,1.31121373,s
1781016673.856021,61219.7,1.15942961,s
1781017651.1466687,61497.5,2.40103294,b
1781017774.2973945,61564.2,1.02032891,b
1781017774.3023584,61564.2,1.19819138,b
1781017785.1506715,61584.2,1.91049131,b
1781017861.3174317,61630.4,2.43386502,b
1781018093.0555668,61619.6,2.197085,s
1781018594.3547118,61418.0,1.19870414,b
1781019295.5390575,61306.1,2.18276179,b
1781019297.0576408,61306.1,1.23945428,b
1781019301.681184,61306.1,1.90170424,b
1781019301.683803,61306.1,1.00345436,b
1781019301.7088716,61306.1,1.23945428,b
1781019369.6390634,61271.6,8.16037956,s
1781019675.0689964,61278.1,1.6314397,s
1781019675.068997,61256.9,1.68368731,s
1781019847.3629735,61316.3,1.10844129,b
1781019847.3629735,61316.4,2.7727148,b
1781019902.8330562,61302.3,1.10466327,s
1781019948.7388709,61275.0,1.29330188,s
1781019948.806881,61275.0,1.00124726,s
1781019948.8310378,61275.0,1.26238844,s
1781020009.3869288,61231.2,1.0419729,b
1781020009.386929,61236.2,1.03219996,b
1781020009.386929,61236.2,1.05996934,b
1781020009.386929,61236.2,1.06371122,b
1781020009.386929,61236.2,1.17769362,b
1781020009.386929,61236.2,1.6046708,b
1781020009.3869293,61239.1,1.043,b
1781020009.3869293,61239.1,2.71392221,b
1781020009.3869295,61246.1,1.5351234,b
1781020009.3869295,61246.1,3.71422483,b
1781020009.3869295,61252.9,1.23945428,b
1781020009.3869298,61254.6,1.23945428,b
1781020009.3869298,61254.6,1.23945428,b
1781020009.3869298,61257.0,1.69199604,b
1781020009.3869298,61257.0,2.12885389,b
1781020009.38693,61271.4,2.76782332,b
1781020009.38693,61283.0,1.46049376,b
1781020009.3869302,61283.0,1.46044387,b
1781020009.3869305,61292.1,2.38507945,b
1781020009.3869305,61294.6,1.21750372,b
1781020009.386931,61320.4,1.03842779,b
1781020009.386931,61320.4,3.70781721,b
1781020009.3869312,61329.7,1.55995414,b
1781020009.3869312,61331.2,1.08572103,b
1781020009.3869314,61342.8,1.13757517,b
1781020072.7021022,61246.2,1.12759613,s
1781020128.5262468,61244.4,1.25291101,s
1781020136.047729,61242.6,1.91078724,s
1781020355.7539058,61324.1,2.77241566,b
1781020355.753906,61331.5,1.63100729,b
1781020355.753906,61334.3,3.5637179,b
1781020537.7230484,61111.0,1.26995309,s
1781020539.0638566,61058.4,1.9315291,s
1781020623.3639884,61040.7,1.22673186,s
1781020787.570643,61110.4,1.0,s
1781020970.4058554,61042.8,2.45729201,s
1781020970.4058557,61039.3,1.43615193,s
1781021057.0094287,61000.0,4.45371476,s
1781021151.57244,60923.0,1.0,s
1781021192.9144323,60917.2,1.2873446,s
1781021192.9430516,60917.2,1.13910335,s
1781021192.9537225,60917.2,1.40453443,s
1781021195.2255487,60917.2,1.478987,s
1781021200.9393778,60917.2,2.5455053,s
1781021200.9393778,60917.2,5.18210002,s
1781021200.9393778,60917.2,5.18210002,s
1781021200.9393778,60917.2,5.18210002,s
1781021200.9393778,60917.2,5.18210002,s
1781021200.9393778,60917.3,1.10900699,s
1781021200.9393778,60918.2,2.46231832,s
1781021200.939378,60910.2,8.20879478,s
1781021200.939378,60911.0,3.28347918,s
1781021200.939378,60917.2,3.36109982,s
1781021200.939378,60917.2,5.18210002,s
1781021200.9393785,60889.4,8.21160785,s
1781021200.9393785,60891.8,2.18986604,s
1781021200.9393785,60893.5,1.53861288,s
1781021200.9393785,60898.0,8.21044975,s
1781021200.9393787,60880.8,8.21276127,s
1781021200.9393787,60881.7,2.15828113,s
1781021200.9393787,60881.8,1.15047623,s
1781021200.9393787,60881.9,5.98540661,s
1781021200.939379,60866.7,6.1531965,s
1781021200.939379,60873.1,5.74965706,s
1781021200.9444234,60866.6,1.25,s
1781021741.7544737,60950.0,3.9847026,s
1781021882.0854595,60898.0,2.99163002,s
1781022020.2429602,60819.5,1.78700578,b
1781022143.1697946,60939.9,2.20996097,s
1781022143.8590634,60939.9,5.8985172,s
1781022226.830397,61000.0,1.03888697,b
1781022778.0959778,61109.5,2.45461287,b
1781022778.0959778,61113.5,2.78208334,b
1781022778.095978,61116.5,1.63657477,b
1781022778.095978,61121.7,2.05964723,b
1781022778.095978,61121.8,8.18039965,b
1781022778.095978,61127.8,1.10439958,b
1781022778.0959783,61135.4,2.70760466,b
1781022778.0959783,61137.7,11.55929062,b
1781022778.0959783,61151.8,3.61,b
1781022778.0959785,61156.1,5.72306172,b
1781022778.0959785,61161.1,1.34213401,b
1781022778.0959785,61172.7,5.72151055,b
1781022778.0959785,61179.7,1.05995107,b
1781022778.0959787,61184.9,5.72036923,b
1781022778.0959787,61185.6,1.5,b
1781022778.0959787,61193.6,12.25617022,b
1781022778.0959787,61196.8,5.71925976,b
1781022778.0959787,61200.5,1.39986,b
1781022778.095979,61211.8,1.93371364,b
1781022778.095979,61215.9,5.71747609,b
1781022778.095979,61224.4,5.71667953,b
1781022778.095979,61226.5,1.38775,b
1781022778.0959792,61233.9,5.71578994,b
1781022778.0959792,61245.9,1.2597011,b
1781022778.11207,61125.0,2.9123277,s
1781022778.11303,61125.0,1.30618385,s
1781022778.116062,61125.0,3.29992361,s
1781022778.1167579,61125.0,1.2597011,s
1781022778.1167579,61125.0,4.7050152,s
1781022859.462655,61100.0,1.15138861,s
1781023088.0174851,61213.4,1.4948,s
1781023090.0348198,61087.0,1.5,s
1781023096.6867487,60886.8,1.0756436,s
1781023184.1937268,60811.0,1.01041644,s
1781023283.2333577,60941.2,1.0573828,s
1781023521.574564,61300.0,1.91046623,b
1781023527.648464,61327.8,2.44587624,b
1781023679.1223416,61350.0,4.50163973,b
1781024323.5320106,61356.1,1.70024709,s
1781024323.5320106,61356.1,1.70024709,s
1781024323.5320106,61356.1,2.44373285,s
1781024653.9275434,61537.4,1.62451828,s
1781024653.9275436,61526.1,1.04371746,s
1781025237.8517041,61529.9,1.98989225,b
1781025238.0339198,61529.9,1.00052384,b
1781025265.7851655,61579.9,1.64012991,b
1781025265.8019333,61579.9,1.23945428,b
1781025267.7408864,61579.9,1.23945428,b
1781025403.869588,61579.9,1.24789899,b
1781025404.0120149,61579.9,2.45132382,b
1781025404.8488204,61579.9,1.24789899,b
1781025405.8066955,61579.9,1.19221448,b
1781025406.486657,61579.9,1.18775793,b
1781025412.02095,61579.9,2.91954982,b
1781025454.5475414,61655.2,1.41524267,b
1781025455.6420057,61732.1,1.27227957,b
1781025529.7477918,61780.2,1.99810759,b
1781025529.852784,61780.2,1.2251659,b
1781025529.8741374,61780.2,1.52305553,b
1781025529.879494,61780.2,1.72475223,b
1781025529.8876243,61780.2,1.07870977,b
1781025529.9160802,61780.2,1.04821769,b
1781025529.9207778,61780.2,1.98701974,b
1781025620.513872,61767.5,2.42846372,b
1781025711.6538672,61751.1,2.75230049,s
1781027413.6088355,61600.0,1.0,b
1781028930.8814893,61691.0,1.26171803,s
1781029112.2735133,61730.6,1.61928334,s
1781029112.2735136,61730.6,1.60067879,s
1781029135.1774497,61854.2,1.27051912,b
1781029135.1854813,61854.2,1.37286021,b
1781031615.0849044,61736.7,2.75385578,b
1781031615.0849047,61739.7,1.09621999,b
1781031615.0849047,61739.8,2.43000523,b
1781031709.0395973,61710.0,2.71248728,s
1781031966.122842,61811.9,1.05570335,s
1781033524.5947115,61954.2,1.53929298,b
1781034481.8466797,61750.0,1.12192813,s
1781034810.3819366,62000.0,1.38484716,b
1781034810.4075043,62000.0,1.14314039,b
1781034822.3487854,62000.0,2.381427,b
1781034908.8278706,61999.9,1.05303482,b
1781034908.8278706,61999.9,1.34702708,b
1781034908.8278706,61999.9,2.57826581,b
1781034908.8278706,61999.9,2.7598995,b
1781034908.8278706,61999.9,2.80027556,b
1781035106.52064,62032.2,1.33326877,b
1781035106.52064,62032.2,2.05888552,b
1781035106.52064,62032.2,4.4891606,b
1781035185.6167758,62037.6,1.05577751,b
1781035195.3126478,62050.0,4.74338335,b
1781035358.1629586,61948.8,2.74448981,b
1781035383.3093317,61917.9,2.69781391,s
1781035964.8041987,62089.1,2.41588605,b
1781035964.8041987,62092.9,2.73816391,b
1781036442.554326,61993.4,1.86135655,s
1781038105.4380639,62051.4,2.41735265,b
1781038105.438064,62055.0,2.33157648,b
1781038224.2711008,62008.3,1.5,s
1781039241.6403782,62057.0,1.812502,s
1781039579.9409888,62101.0,1.5,b
1781039579.9409888,62103.7,1.298238,b
1781040134.2091308,61829.2,1.03171834,s
1781040137.6188536,61804.1,1.61721926,s
1781040271.2720296,61880.6,1.99854694,s
1781042052.5232458,61661.0,2.99958794,s
1781042534.2126403,61652.2,2.95215872,s
1781042534.2126403,61659.0,2.43273175,s
1781042534.2126405,61647.3,2.56634928,s
1781042534.2126405,61647.4,1.15203887,s
1781042556.5751123,61641.5,2.10462188,s
1781043638.9740639,61894.0,1.0,b
1781043638.974064,61901.1,1.0,b
1781043852.5329292,61820.4,2.41425204,s
1781043852.5329292,61824.8,1.5,s
1781043852.5329292,61831.4,2.42594808,s
1781043852.5329294,61820.3,1.30030152,s
1781043852.5329294,61820.3,3.27864015,s
1781043852.5329294,61820.3,3.281502,s
1781046561.0889335,61736.9,2.57227856,b
1781046950.8732138,61730.6,2.54992612,s
1781046950.873214,61723.3,1.29321603,s
1781047433.6813974,61736.0,1.62011795,b
1781047433.6813974,61736.0,2.754128,b
1781048117.1752236,61611.0,1.07960363,s
1781048126.485389,61593.0,2.75969309,s
1781048127.503278,61561.0,1.00582123,s
1781048127.5605524,61561.0,1.7285602,s
1781049628.4884331,61665.4,7.30736388,s
1781049628.4884331,61665.5,1.35004759,s
1781049628.4884331,61665.5,1.44292305,s
1781049628.4884331,61667.3,2.16233209,s
1781049628.4884331,61676.0,2.43206174,s
1781050052.8410285,61822.4,1.0,b
1781051785.1376197,61511.0,1.34064139,s
1781053137.092261,61845.3,2.74904157,b
1781053438.395712,61870.0,1.18498781,b
1781057950.168128,61361.9,1.51763086,s
1781057950.1689627,61361.5,1.22877918,s
1781057950.170243,61361.5,2.23915018,s
1781057950.1706707,61361.5,3.00840738,s
1781057950.1709094,61361.5,1.67208506,s
1781057950.2421353,61349.2,1.67821226,s
1781058765.9541972,61311.0,1.82477631,s
1781058984.5975993,61272.4,2.77484023,b
1781058984.5975995,61282.6,1.80550146,b
1781058984.5975995,61282.6,2.20457919,b
1781058984.5975995,61282.7,2.44835587,b
1781058984.5975995,61282.9,1.07846671,b
1781058984.5975995,61283.1,2.44765685,b
1781058984.5975995,61283.4,8.1588241,b
1781058984.5975997,61292.4,1.91114891,b
1781058984.6031177,61292.4,4.67491649,s
1781058984.6213934,61292.4,4.15439955,s
1781059544.4162574,61295.3,2.44716832,s
1781059544.4162574,61307.6,2.7725084,s
1781059544.4162576,61291.4,1.50865601,s
1781059685.152549,61250.0,2.0,s
1781059702.158757,61250.0,2.0,s
1781060043.0889363,61211.0,1.40986401,s
1781060608.624308,61332.2,1.26241233,s
1781066178.141079,61305.0,1.01285875,s
1781068628.5621777,61080.2,1.12423592,s
1781068628.5718248,61080.2,1.40472728,s
1781068628.5754778,61080.2,1.00619544,s
1781068628.851395,61080.2,3.92785671,s
1781072815.3958833,61345.6,2.44516237,s
1781072822.50102,61337.6,1.3696588,b
1781073903.2479312,61369.9,1.54233561,b
1781073905.240987,61369.9,1.84057673,b
1781073905.244474,61369.9,1.72658781,b
1781073905.647825,61369.9,4.67491649,b
1781073905.6478252,61369.9,4.15439955,b
1781074276.9130142,61398.9,1.22323568,b
1781075881.6661882,61642.8,2.4333776,b
1781075881.6661882,61643.7,2.75827787,b
1781075881.6661885,61652.5,1.81992754,b
1781077194.2655458,61667.1,1.50412711,s
1781077282.864435,61712.3,1.57474956,b
1781077282.8644352,61712.4,2.75523834,b
1781078900.0384831,61531.5,2.05951571,s
1781078900.0384834,61521.0,4.02880539,s
1781078900.0384834,61526.3,2.43797882,s
1781079157.464675,61600.0,1.09451072,s
1781079157.504381,61600.0,1.0031904,s
1781082924.467101,61036.1,1.77488672,s
1781083195.4764524,61000.0,3.01361766,s
1781083195.5069377,61000.0,1.03552959,s
1781083296.3311238,60897.4,1.96535826,b
1781083296.3311238,60897.5,2.30039567,b
1781083296.3311238,60897.5,2.79227969,b
1781083296.4123642,60900.6,4.8469424,s
1781083296.4133961,60900.6,5.83876022,s
1781083296.4245768,60900.6,1.14825618,s
1781083296.5075462,60900.6,1.08592191,s
1781083296.514134,60900.6,1.13654906,s
1781083296.6997867,60900.6,1.27360656,s
1781083297.1782868,60900.6,9.84521032,s
1781083304.4059834,60800.0,1.80352251,s
1781083305.2665422,60746.8,1.41601771,s
1781083305.5318336,60746.8,1.0031904,s
1781083305.5318336,60746.8,1.09451072,s
1781085602.49121,61280.7,2.77365479,s
1781085870.3570266,61254.9,2.77492871,s
1781087301.076715,61250.0,1.04315364,b
1781087319.9352236,61280.7,1.1854087,b
1781087340.1204438,61280.7,1.28223032,b
1781087340.1505864,61280.7,1.49807638,b
1781087340.2098234,61280.7,1.14825618,b
1781087340.2570705,61280.7,1.00462181,b
1781087340.2570705,61280.7,2.52890149,b
1781089371.98017,61397.0,2.76930541,b
1781089484.0315268,61033.1,1.06353285,s
1781089484.031527,61009.3,1.63909513,s
1781089578.8327684,60850.0,1.04315364,s
1781090057.1103284,60990.0,1.54892476,b
1781090057.1458678,60990.0,1.19786909,b
1781092894.2102966,60918.1,2.79022331,s
1781092903.599643,60937.5,2.78936303,s
1781093104.9505692,61030.0,1.052604,b
1781093112.7838984,61030.0,1.00727755,b
1781095281.2359307,61612.7,2.43456068,s
1781095281.2359307,61618.3,2.75808019,s
1781095285.5956254,61610.0,1.3062571,b
1781095285.6360068,61610.0,1.52195138,b
1781095285.6775434,61610.0,1.11599359,b
1781095285.690969,61610.0,1.22157276,b
1781095286.163054,61610.0,1.04490048,b
1781095286.221752,61610.0,1.34953406,b
1781095286.2717059,61610.0,1.13586906,b
1781095286.2720535,61610.0,1.65059663,b
1781095286.4466448,61610.0,1.3177288,b
1781095286.4527092,61610.0,1.15151771,b
1781095286.467399,61610.0,1.49227585,b
1781095286.4687796,61610.0,1.55191628,b
1781095286.7140832,61610.0,1.27890065,b
1781095287.1013784,61610.0,2.75935208,b
1781095287.1030488,61610.0,1.03944474,b
1781095287.1146433,61610.0,2.03070787,b
1781095287.1212988,61610.0,1.01536434,b
1781095287.2410297,61610.0,1.9375031,b
1781095287.6200533,61610.0,1.27890065,b
1781095287.6832592,61610.0,1.12635954,b
1781095288.2835705,61610.0,1.01401681,b
1781095288.9738402,61610.0,6.66763308,b
1781095394.1871288,61625.1,8.11357196,s
1781095394.1871288,61630.2,2.43386992,s
1781095394.190452,61620.0,1.62485818,b
1781095394.192172,61620.0,1.83661655,b
1781096885.6175933,61544.1,1.04728077,b
1781096885.6175933,61544.2,2.76246328,b
1781097228.9946873,61500.2,2.43901422,s
1781097228.9946873,61500.4,1.62542668,s
1781097518.4011974,61416.9,8.1410752,s
1781097518.4011974,61417.0,2.55438246,s
1781097518.4011974,61421.0,2.76644191,s
1781097518.4011974,61424.3,2.44202687,s
1781097518.4011977,61401.5,8.14311486,s
1781097518.4011977,61401.9,8.14306581,s
1781097518.4011977,61408.3,8.14220998,s
1781097518.4011977,61408.4,1.62472488,s
1781097518.4072056,61400.0,6.12213207,b
1781097518.4082727,61400.0,10.67087077,b
1781097522.1900878,61400.0,4.35150678,b
1781097522.198048,61400.0,2.17014504,b
1781097522.201049,61400.0,2.04605133,b
1781097522.3453307,61400.0,1.4488317,b
1781097718.113274,61511.5,2.76395045,b
1781097718.113274,61511.8,1.5,b
1781097721.024732,61512.9,1.225153,s
1781097742.7132046,61482.2,2.76530068,b
1781097742.7820487,61483.4,1.28247468,s
1781097743.6312103,61483.4,1.26528274,s
1781097743.6497371,61483.4,1.11531136,s
1781097900.3009133,61479.4,1.57662597,s
1781097900.3725767,61479.4,1.6167323,s
1781097900.3748605,61479.4,1.19849494,s
1781097900.3954759,61479.4,1.1360636,s
1781097900.4181507,61479.4,1.47961619,s
1781097900.420089,61479.4,1.14068981,s
1781097900.4354556,61479.4,1.02280615,s
1781097900.4375927,61479.4,1.04372495,s
1781097900.4982605,61479.4,1.29909323,s
1781097900.5244658,61479.4,1.90058817,s
1781097900.5710933,61479.4,1.70136674,s
1781097900.5799963,61479.4,35.477834,s
1781097900.616147,61479.4,1.11569521,s
1781097900.6388106,61479.4,1.68345753,s
1781097900.677156,61479.4,1.4403424,s
1781098217.4229038,61634.6,1.67937823,b
1781098629.9050128,61931.3,1.46377828,b
1781098629.9129667,61931.3,1.25331077,b
1781098629.9157465,61931.3,2.22121749,b
1781098629.92283,61931.3,1.37832588,b
1781098629.9404442,61931.3,1.037878,b
1781098629.9747279,61931.3,2.075756,b
1781098629.9855635,61931.3,1.037878,b
1781098629.9857862,61931.3,1.037878,b
1781098629.994987,61931.3,4.36517949,b
1781098630.0011525,61931.3,1.08138377,b
1781098630.7960691,61995.0,1.28456981,b
1781098631.1374326,61995.0,1.50504948,b
1781098631.1384788,61995.0,1.42352486,b
1781098631.1463125,61995.0,1.56459633,b
1781098680.555269,62083.8,1.52845029,s
1781098797.276153,62099.3,1.07666863,s
1781098819.2742715,62132.3,1.0,b
1781098961.0499156,62151.5,1.26509288,b
1781099017.0359654,62152.8,1.85421561,b
1781099029.683207,62165.6,1.07104138,b
1781099038.5116916,62250.0,1.71385262,b
1781099040.760828,62250.0,1.21042624,b
1781099041.0548856,62250.0,1.55743,b
1781099041.0594895,62250.0,1.13337495,b
1781099041.1018994,62250.0,1.63779836,b
1781099041.4635007,62250.0,2.80953001,b
1781099041.4667408,62250.0,1.03279448,b
1781099041.470239,62250.0,1.13441404,b
1781099041.5895202,62250.0,1.31465029,b
1781099041.6915479,62250.0,1.00790961,b
1781099041.6990151,62250.0,1.12917174,b
1781099041.7002232,62250.0,1.22030226,b
1781099044.170584,62250.0,1.25331077,b
1781099045.1217976,62250.0,1.25331077,b
1781099046.7051556,62250.0,2.22591791,b
1781099069.18791,62250.0,1.40050416,b
1781099109.3552012,62298.2,1.41193704,s
1781099347.342253,62350.0,2.16875166,b
1781099348.1847758,62355.8,2.31713541,s
1781099348.1847758,62366.6,1.60261216,s
1781099775.482361,62180.8,1.69330634,s
1781100182.9284005,62034.4,1.11768133,s
1781100342.5705297,62165.8,1.41016544,b
1781100831.7424538,62012.5,1.813945,b
1781100929.5644205,61917.2,2.56831659,s
1781100960.169225,61880.0,1.07394211,s
1781102920.8635285,61909.3,2.42289756,s
1781102920.8635285,61917.4,1.6146562,s
1781103501.795461,61925.8,1.3,s
1781104102.3769681,61908.2,1.32266329,s
1781105943.8853796,62155.9,2.41328976,b
1781105943.8853796,62161.8,2.41348465,b
1781105943.8853796,62161.9,2.73514708,b
1781105943.8853798,62165.9,1.60902722,b
1781105943.8853798,62165.9,2.40083053,b
1781105943.8853798,62166.0,8.04298335,b
1781105943.8853798,62171.4,2.33058768,b
1781106385.211769,62500.0,1.27396008,b
1781106409.652992,62491.1,1.36725079,s
1781106409.652992,62491.1,1.59983414,s
1781106450.994856,62374.4,1.32,s
1781106607.5967631,62277.9,2.40856289,b
1781106607.5967631,62278.3,1.60114896,b
1781106807.0133677,62478.0,1.05346171,b
1781106843.099514,62674.0,1.07394211,b
1781107090.57171,62670.4,1.25887625,s
1781107090.6669602,62670.4,1.1466642,s
1781107095.1750026,62670.4,1.25331077,s
1781107095.1993098,62670.4,1.38425891,s
1781107095.204498,62670.4,2.21227679,s
1781107095.320637,62670.4,1.01332943,s
1781107095.4456418,62670.4,1.20348546,s
1781107095.4493148,62670.4,1.70097255,s
1781107098.2814617,62670.4,1.25331077,s
1781107099.2372086,62670.4,1.25331077,s
1781107111.568572,62670.4,1.24546112,s
1781107111.7494965,62670.4,1.22876322,s
1781107111.7565768,62670.4,1.21130857,s
1781107111.759817,62670.4,2.67459244,s
1781107111.763396,62670.4,1.25331077,s
1781107111.7672486,62670.4,2.19206446,s
1781107111.7835624,62670.4,4.72026501,s
1781107111.7835624,62670.4,4.74368995,s
1781107111.7835624,62670.4,6.12213207,s
1781107112.6032093,62670.4,1.25331077,s
1781107112.6683455,62670.4,1.1756914,s
1781107112.6732767,62670.4,1.03781513,s
1781107112.8721771,62670.4,1.05578319,s
1781107112.8962133,62670.4,1.4488317,s
1781107112.8962133,62670.4,2.04605133,s
1781107112.8962133,62670.4,2.17014504,s
1781107590.2862182,62492.4,2.40085158,b
1781108480.032636,62192.8,2.41185147,s
1781108480.032636,62204.5,2.2150019,s
1781108480.0326362,62185.5,1.20115958,s
1781108480.0326362,62185.6,2.41064368,s
1781108480.0326362,62190.3,1.5,s
1781109329.7743044,62317.6,2.72821624,b
1781109329.7743044,62320.8,2.40690284,b
1781109329.7743044,62326.7,1.1557432,b
1781110050.440874,62000.0,1.0,s
1781110050.4408743,61983.8,1.61290241,s
1781110050.4408746,61964.9,3.34258332,s
1781110050.4408746,61964.9,4.72649829,s
1781110050.4408748,61951.7,3.82918434,s
1781110050.4408748,61951.8,1.20157663,s
1781110209.8395207,61922.4,8.07461524,s
1781110209.8395207,61934.5,2.42191333,s
1781110209.844177,61920.0,3.54455987,b
1781110209.8511493,61920.0,3.69165456,b
1781110265.9311213,61920.0,1.0118834,b
1781110265.9805436,61920.0,1.25331077,b
1781110265.9983118,61920.0,1.43916646,b
1781110266.0486677,61920.0,1.27461987,b
1781110301.0767956,61920.0,1.22286181,b
1781110304.9718957,61920.0,1.25331077,b
1781110304.9830403,61920.0,1.02316384,b
1781110304.984474,61920.0,2.585263,b
1781110305.6721547,61920.0,2.46415842,b
1781110306.6651478,61920.0,1.00413146,b
1781110338.8303955,61981.4,1.61251305,s
1781111223.1960888,62230.0,1.25331077,b
1781111226.2715056,62230.0,1.55259085,b
1781111354.4880574,62120.0,1.58716861,b
1781111354.4992285,62120.0,1.47198555,b
1781111354.5231986,62120.0,1.25331077,b
1781111358.4526656,62120.0,2.798662,b
1781111590.7350621,62015.0,1.23093336,b
1781111594.138219,62015.0,1.34692641,b
1781111594.226426,62015.0,1.86618603,b
1781111594.2483883,62015.0,1.080003,b
1781111594.2510526,62015.0,1.25331077,b
1781111594.2683508,62015.0,1.52994662,b
1781111594.2759542,62015.0,1.2765711,b
1781111595.2560627,62015.0,1.25331077,b
1781111597.4848487,62015.0,1.25331077,b
1781111598.6016574,62015.0,1.25331077,b
1781111599.614088,62015.0,1.25331077,b
1781111606.8780043,62015.0,1.45216336,b
1781111606.8791502,62015.0,1.36497711,b
1781111606.8875642,62015.0,1.02394942,b
1781111606.8896775,62015.0,1.60410176,b
1781111606.8932662,62015.0,2.02773934,b
1781111606.897681,62015.0,1.25331077,b
1781111606.912819,62015.0,1.05295062,b
1781111614.9668927,62015.0,1.25331077,b
1781111615.978169,62015.0,1.25331077,b
1781111624.3401644,62015.0,1.18600106,b
1781111624.3447254,62015.0,1.17030264,b
1781111728.2813163,62015.0,1.20958312,b
1781111728.8119886,62015.0,1.27937117,b
1781111728.8247643,62015.0,2.16684028,b
1781111729.1871743,62015.0,1.12034267,b
1781111733.5210388,62015.0,1.48218373,b
1781111733.522147,62015.0,2.24445695,b
1781111733.5388901,62015.0,1.44924972,b
1781111733.5608199,62015.0,1.29394562,b
1781111733.9559798,62015.0,1.71331219,b
1781111739.1165764,62015.0,2.38057355,b
1781113249.8487933,61728.0,1.3,s
1781113250.1443868,61706.4,1.3,s
1781113829.0706794,61789.3,2.13670742,s
1781116063.6148057,61810.0,7.26210277,s
1781116397.9953625,61889.0,1.24425977,b
1781116615.9567618,61769.2,2.26307023,s
1781117448.1747134,61555.0,2.6,s
1781117492.0487983,61656.4,2.0391175,b
1781117679.8384206,61757.6,2.42885401,b
1781117679.8384206,61762.7,2.7527895,b
1781117679.8384209,61766.3,5.88305274,b
1781117990.9509687,61819.9,2.42640626,b
1781117990.950969,61823.7,1.61794745,b
1781117990.950969,61824.5,2.26854219,b
1781117990.950969,61824.6,1.82654365,b
1781117990.950969,61824.9,2.88889337,b
1781117990.950969,61824.9,3.69165456,b
1781117990.9509692,61832.4,1.0118834,b
1781117990.9509695,61837.6,1.25331077,b
1781117990.9509695,61837.6,1.36501627,b
1781117990.95097,61839.9,1.22286181,b
1781117990.9509702,61840.3,1.06170165,b
1781117990.9509702,61847.4,1.18330189,b
1781117990.9509706,61855.4,1.00413146,b
1781117990.9509706,61855.4,1.15503363,b
1781118213.9501793,61782.2,2.36407576,s
1781119838.1915271,61743.5,1.040435,b
1781120920.8291433,61859.3,1.31265951,s
1781120920.8291433,61872.3,2.74716256,s
1781120920.8291435,61848.4,2.24573233,s
1781120920.8291435,61859.2,2.42486056,s
1781120974.8769794,61899.9,1.42658385,b
1781120974.8769794,61900.0,1.53392436,b
1781120974.8769794,61900.1,2.01779909,b
1781122711.962309,61790.3,1.48278169,b
1781122711.962309,61790.4,1.10225535,b
1781123374.4567378,61852.6,1.79828326,s
1781124900.1432443,61700.0,1.15383332,b
1781125122.5241015,61700.0,1.04442564,b
1781125122.745015,61700.0,1.31595036,b
1781125122.7618694,61700.0,1.18912212,b
1781125122.8982477,61700.0,1.35813762,b
1781125123.3623812,61700.0,1.33214142,b
1781125493.429315,61705.5,2.75526866,b
1781125682.4212236,61588.1,2.75980682,s
1781125682.4212236,61595.0,9.33990468,s
1781125682.4212239,61573.4,2.43611568,s
1781125682.4212239,61576.5,1.62399691,s
1781125682.421224,61567.2,8.12119891,s
1781125682.4212244,61548.3,1.87013996,s
1781125682.4212244,61549.4,8.12355172,s
1781125682.4212244,61556.8,1.85603351,s
1781125682.4212244,61558.7,8.12232,s
1781125682.4212246,61534.4,8.12553303,s
1781125682.4212246,61534.5,1.48151804,s
1781125682.4212246,61540.0,2.16616405,s
1781125682.4212246,61542.3,8.12448291,s
1781125839.296012,61498.5,1.63485041,b
1781126265.4877033,61608.5,2.75832969,s
1781126496.6279154,61528.8,1.79177789,b
1781126496.6279154,61528.9,2.43788234,b
1781126496.6279154,61531.3,1.21475169,b
1781126496.6279154,61531.4,7.34221734,b
1781128141.1135113,61577.9,2.41301489,s
1781128141.1241324,61577.9,1.4,s
1781128141.6196663,61520.4,2.16584856,s
1781128205.3600757,61223.4,1.5,s
1781128205.3600757,61245.7,1.3,s
1781128231.3372517,61200.0,1.04808425,s
1781128231.6033134,61200.0,1.9,s
1781128282.0549197,61244.5,1.0,b
1781128334.8797786,61177.6,1.54056518,b
1781129963.7217336,61158.2,2.53227116,b
1781130047.1266584,61084.1,1.23194382,s
1781131462.8355303,61505.2,1.31533599,s
1781134177.4823315,61496.2,1.05887979,b
1781134863.099468,61470.4,1.43854804,s
1781135602.6314497,61500.0,2.088949,b
1781141940.0428607,62200.0,2.61782838,b
1781142108.4757235,62222.0,6.51555254,b
1781142114.074601,62222.0,2.35962778,b
1781143314.5254204,62190.5,2.7341998,b
1781143314.5254204,62192.4,2.41187259,b
1781143318.2709782,62201.6,2.73352484,b
1781143318.2709782,62201.7,2.41150998,b
1781143318.2709782,62205.4,2.46115318,b
1781144940.2786698,61993.2,1.04887156,s
1781146427.5696185,62019.0,2.30394465,s
1781146427.5696187,62011.7,2.4188946,s
1781146427.569619,62003.9,5.52434511,s
1781146427.569619,62004.0,2.56415573,s
1781148819.2320127,62286.3,1.031812,b
1781148819.2396474,62286.3,1.69801035,b
1781148821.326639,62337.9,1.52142214,b
1781148829.3824947,62350.1,1.07895467,b
1781148847.860302,62377.8,1.31977971,b
1781148847.8766332,62377.8,1.40585788,b
1781149511.5638363,62330.1,1.76123536,b
1781149663.6785088,62355.0,1.07686818,b
1781149663.7093565,62355.0,1.04914997,b
1781150145.0281727,62410.0,1.0,b
1781150145.1309557,62442.9,1.48629454,b
1781150145.1521611,62458.7,1.3,b
1781150145.1521614,62471.6,2.07588413,b
1781150145.4623697,62516.2,1.50609001,b
1781150401.34287,62634.9,2.71441946,b
1781150401.34287,62639.6,2.39465412,b
1781150401.3428702,62646.7,7.20141229,b
1781153323.7007282,62649.3,1.56971297,s
1781153348.5466974,62681.0,1.18121742,b
1781153348.6418092,62681.0,1.7088845,b
1781153348.6438417,62681.0,1.692206,b
1781153348.672487,62681.0,2.00826842,b
1781153348.6948586,62681.0,1.74410489,b
1781153349.232,62681.0,5.98459731,b
1781153375.8990424,62711.7,2.39189948,b
1781153375.8990424,62712.3,2.7110485,b
1781153375.8990426,62723.7,1.59466666,b
1781153375.8990426,62723.8,7.97146183,b
1781153375.8990426,62732.6,7.9703443,b
1781153375.8990428,62735.6,2.73889649,b
1781153375.8990428,62740.8,1.11145047,b
1781153375.8990428,62741.0,7.9692817,b
1781153375.8990428,62741.4,1.3,b
1781153375.899043,62748.3,7.96835088,b
1781153375.899043,62749.8,7.96816335,b
1781153375.8990433,62760.4,5.57676535,b
1781153375.8990433,62773.3,1.3111035,b
1781153375.8990433,62777.6,5.57524255,b
1781153375.8990436,62786.9,4.38580957,b
1781153375.8990436,62790.4,5.57410324,b
1781153375.8990436,62794.0,3.61,b
1781153375.8990438,62797.7,5.53448493,b
1781154045.083371,62587.5,1.464034,s
1781154535.9885995,62517.7,2.71748147,s
1781154604.4444218,62525.4,2.28914617,s
1781159446.6041808,62806.0,1.82886311,s
1781161298.7407749,62689.2,1.29366964,s
1781166231.0593355,62850.0,1.19952492,b
1781169409.095677,62758.5,1.00345436,b
1781169409.095677,62758.5,1.90170424,b
1781169409.0956771,62766.4,1.23945428,b
1781169409.0956771,62766.4,5.90942553,b
1781169409.0956771,62767.1,1.46972258,b
1781169409.0956774,62774.0,1.91727962,b
1781169450.4494328,62708.2,2.66949872,s
1781169450.4494328,62716.4,1.2469713,s
1781172395.8226995,62788.3,1.0,b
1781172965.4663453,62850.3,1.53598064,b
1781172965.4663453,62850.4,2.70505142,b
1781172965.4663453,62850.6,2.38661237,b
1781172965.4663455,62862.8,7.95383665,b
1781173414.437043,62751.0,1.51521956,b
1781173414.44068,62751.0,1.03464296,b
1781175083.4271815,62988.7,2.699139,b
1781175089.063492,63000.0,1.24034975,b
1781175089.1189728,63000.0,1.04978836,b
1781175089.1654832,63000.0,1.54772614,b
1781175089.2843325,63000.0,1.57972599,b
1781175286.5835009,63000.0,2.04547528,b
1781175286.5935721,63000.0,1.16383439,b
1781175286.6094005,63000.0,1.97131453,b
1781175286.6419137,63000.0,1.31339366,b
1781175347.7595859,63021.0,1.19158542,b
1781175785.7065084,63123.0,1.0,b
1781180529.1075227,62836.9,1.47557667,s
1781180530.3464036,62802.3,1.0335,s
1781180531.397072,62751.1,1.3,s
1781181017.4153092,62600.0,1.78496247,s
1781181017.4248528,62600.0,1.05403279,s
1781181017.4399571,62600.0,2.51939476,s
1781181030.361199,62500.1,1.14669908,b
1781181117.7327464,62571.0,1.17320899,s
1781185435.8094525,62815.9,1.04087243,b
1781185583.7518208,62929.0,1.58834404,s
1781185583.7518208,62929.2,2.38362856,s
1781186459.045916,62980.1,1.58730643,s
1781186459.0459163,62972.3,1.44469575,s
1781186796.9493794,62836.3,2.05849806,s
1781187026.6479006,62786.2,1.05448079,s
1781188835.8972166,62808.7,1.10410234,s
1781188847.8575072,62825.0,1.87697919,b
1781190085.7880895,62512.4,1.3,s
1781190351.1126356,62553.0,2.39796491,s
1781190535.867767,62698.6,1.1304347,s
1781191941.5539956,62644.4,2.70791407,b
1781193180.388525,62538.1,1.027125,s
1781194403.504484,62696.6,2.71097034,s
1781194910.9350874,62721.1,1.28,s
1781197912.229038,62463.2,1.25331077,s
1781198395.765539,62323.3,1.90843488,s
1781199006.4091253,62956.0,1.97010408,b
1781199006.4098408,62956.0,1.08446665,b
1781199006.4220922,62956.0,1.28814335,b
1781199041.33792,62900.0,1.1263757,b
1781199041.39595,62900.0,1.23088568,b
1781199041.3978324,62900.0,1.70158294,b
1781199109.37375,63149.0,1.58402788,b
1781199109.37375,63149.0,2.49793089,b
1781199118.145929,63166.9,2.3754881,b
1781199118.145929,63168.6,2.69191179,b
1781199118.145929,63178.5,2.27604763,b
1781199340.7621706,63090.7,1.0,s
1781199734.5340052,63299.1,2.0,s
1781200166.1573534,63500.0,1.54969495,b
1781200166.330626,63500.0,1.27154742,b
1781200166.360205,63500.0,1.75371452,b
1781200166.4487972,63500.0,2.85521071,b
1781200167.0555446,63500.0,1.68846866,b
1781200179.1948814,63500.0,1.504688,b
1781200198.0877507,63500.0,3.127,b
1781200200.7348452,63500.0,3.0,b
1781200414.6478815,63400.0,1.3391301,s
1781200415.6653094,63400.0,1.25134825,s
1781200828.7308533,63600.0,1.25391849,b
1781200989.7412815,63500.0,2.85254377,b
1781201183.9876835,63351.5,2.68368434,b
1781201183.9876835,63365.6,1.41722634,b
1781201355.552686,63294.3,1.2560609,s
1781201751.4845421,63420.1,1.03126891,b
1781202129.2913032,63449.6,1.50850971,s
1781202694.2121253,63383.7,2.36654219,b
1781202694.2121255,63387.6,2.68216093,b
1781203802.3412054,63450.0,10.29147613,s
1781203869.5694041,63440.2,2.64337196,b
1781203882.5675027,63436.4,2.6801816,b
1781203893.0285642,63462.8,2.67931612,b
1781203902.1592367,63450.9,2.17310234,b
1781204437.9133925,63370.1,1.28612467,s
1781205970.3202217,63595.5,2.67274155,s
1781206249.0519812,63750.0,1.30239406,b
1781206249.1744046,63750.0,1.00993309,b
1781206249.2487328,63750.0,1.48934876,b
1781206250.0295234,63750.0,1.00392312,b
1781206250.4338121,63750.0,1.007906,b
1781206250.456685,63750.0,1.74869305,b
1781206250.4574487,63750.0,1.025731,b
1781206250.4683495,63750.0,1.025731,b
1781206250.4726405,63750.0,1.87273197,b
1781206250.4825816,63750.0,19.19078891,b
1781206367.91152,63800.0,1.26012473,b
1781206435.5718644,63800.0,1.25705448,b
1781206908.7844698,63717.5,2.35414294,b
1781206908.7844698,63719.8,2.66837079,b
1781206942.0468109,63729.5,2.35369848,b
1781206942.0468109,63733.8,2.66783651,b
1781206942.0468109,63736.7,1.68952219,b
1781207446.6115344,63600.0,1.19209037,s
1781207446.6115344,63600.0,1.19209037,s
1781207783.1320364,63600.9,2.67190915,s
1781208148.7782211,63548.5,2.6747124,s
1781213289.1375015,63403.7,2.6808689,s
1781214131.0826664,63446.6,1.41354642,s
1781215271.508855,63481.6,1.15359406,s
1781218614.946889,63468.5,2.67792768,s
1781219310.6226003,63321.9,2.6850258,b
1781219310.6226006,63328.7,2.36859602,b
1781219310.6226006,63332.3,7.89487487,b
1781221412.62331,63593.6,2.49154471,s
1781221412.6233103,63568.9,6.96346813,s
1781221412.6233103,63576.9,7.8644907,s
1781221412.6233103,63577.0,1.57291137,s
1781221412.6233103,63583.9,2.35908418,s
1781226260.6944087,63440.6,1.5,s
1781233037.7747703,63506.3,1.0,s
1781233115.3193471,63506.3,1.30900158,s
1781233117.0262852,63506.3,4.17894525,s
1781233524.501659,63506.3,2.24330865,s
1781245887.3212986,63000.0,1.85881076,s
1781245887.4236557,63000.0,1.02371815,s
1781245887.4240847,63000.0,2.77267251,s
1781245887.424085,63000.0,1.0,s
1781246026.8334484,62775.4,1.10928494,s
1781246026.8334486,62775.3,7.54691622,s
1781251507.916376,63072.6,2.69554268,b
1781251507.916376,63072.7,2.37821051,b
1781251507.916376,63079.8,1.58561345,b
1781251507.916376,63079.9,7.9264672,b
1781252527.4632025,63515.1,1.88677771,b
1781252527.4632025,63517.4,2.67675129,b
1781252527.4632027,63527.6,3.30620152,b
1781257640.830105,63818.1,2.66287822,s
1781261170.0561173,63606.8,1.38520318,s
1781261170.0561173,63608.7,1.5714426,s
1781267179.5306673,63475.5,1.05120354,s
1781268058.7979915,63351.8,1.57797399,s
1781268084.9515426,63327.4,1.58709223,s
1781269110.9473631,63364.0,2.36727264,s
1781271273.578845,63199.9,1.58156119,s
1781272008.550207,63104.3,2.37701564,s
1781272008.5502071,63093.5,1.7683057,s
1781272182.271308,63124.4,1.16142672,s
1781272861.344991,63384.2,1.06779512,b
1781273015.9902394,63300.0,1.25331077,b
1781273017.6075907,63300.0,1.25331077,b
1781273370.92365,63380.8,2.6824211,b
1781273370.92365,63380.9,1.07929513,b
1781276422.1651154,64000.0,1.81435548,b
1781276429.6294773,64000.0,1.33646586,b
1781276444.6695545,64000.0,1.1696797,b
1781276444.725088,64000.0,2.19266752,b
1781276444.7284808,64000.0,1.89067636,b
1781276444.7511115,64000.0,1.87618055,b
1781276445.7578955,64000.0,1.08493703,b
1781276445.7777872,64000.0,1.09996968,b
1781276445.7816455,64000.0,1.64281123,b
1781276445.7822382,64000.0,3.36697601,b
1781276445.7841687,64000.0,3.83353404,b
1781276445.7879684,64000.0,2.80456798,b
1781276445.8186135,64000.0,8.01569288,b
1781276445.9200647,64000.0,4.0,b
1781276445.9200647,64000.0,5.72007095,b
1781276557.3611686,64082.0,2.65307848,b
1781276988.5079584,64047.9,2.65386195,s
1781277067.8634663,64199.0,1.51924263,b
1781277239.8086214,64333.0,1.0,b
1781277300.8255317,64300.0,1.30621397,b
1781277300.836391,64300.0,1.06583831,b
1781277300.8400795,64300.0,2.47764169,b
1781277300.8408084,64300.0,3.21688603,b
1781277300.9052594,64300.0,1.13766628,b
1781277301.0183284,64300.0,1.08592001,b
1781277301.0581827,64300.0,2.00993038,b
1781277306.9822388,64300.0,2.247112,b
1781277321.8037179,64300.0,1.00928766,b
1781277323.8402948,64300.0,1.69260799,b
1781277428.336074,64300.0,1.56442925,b
1781277428.3543081,64300.0,3.8011498,b
1781277428.3686993,64300.0,1.08801778,b
1781277428.3766823,64300.0,2.67100329,b
1781277428.3790174,64300.0,1.10506649,b
1781277463.0233839,64300.0,1.12607527,b
1781277898.51892,64232.9,2.64685805,b
1781277898.51892,64233.3,2.33523868,b
1781277965.8852603,64233.1,2.50301162,s
1781278801.2121027,63910.1,1.02445734,s
1781279981.5979328,63550.0,1.4,s
1781280162.9629424,63540.0,1.28724585,s
1781280165.8826332,63540.0,1.27587196,s
1781280165.8873663,63540.0,2.2861552,s
1781280165.9476085,63540.0,4.4976352,s
1781280165.9683971,63540.0,1.01199413,s
1781280165.987396,63540.0,23.89797629,s
1781280790.0171275,63876.7,1.42253049,b
1781280790.055185,63880.5,1.04661799,b
1781281765.408651,63893.8,2.56236729,b
1781282309.2510939,63900.0,1.25331077,b
1781282477.0902307,63951.5,1.0,b
1781282852.9559703,63844.9,2.66193115,s
1781286104.08437,63780.0,1.22632049,b
1781286148.8838654,63806.0,1.0,s
1781288167.4871821,63804.8,1.24732129,b
1781290547.6959817,63737.3,2.35340971,s
1781290547.6959817,63744.5,1.5683295,s
1781290547.695982,63731.7,6.56671135,s
1781290547.695982,63731.8,1.56908795,s
1781293005.9366274,63727.8,1.44836911,b
1781294881.9642444,63637.4,2.26388552,s
1781294881.9642444,63642.3,2.35692161,s
1781294881.9642444,63648.2,1.57068926,s
1781296099.1449485,63468.9,2.36336185,s
1781296099.1449487,63455.3,6.50579668,s
1781296099.1449487,63462.9,7.87860806,s
1781296741.0804272,63495.6,1.74402053,b
1781296882.1183484,63495.6,1.34591589,b
1781296901.7797961,63495.6,5.28643979,b
1781297129.3716226,63488.1,2.0185998,s
1781297129.3815184,63488.1,1.37603894,s
1781297129.4303982,63488.1,1.665481,s
1781297129.4450724,63488.1,3.58,s
1781297129.4453683,63488.1,2.0,s
1781297225.258827,63476.7,7.87689368,s
1781297225.258827,63477.1,2.36305364,s
1781297225.2588272,63461.4,5.32817287,s
1781297225.2588272,63464.0,1.66891965,s
1781297225.2588272,63469.2,7.87783234,s
1781298246.5009525,63413.7,7.88471991,s
1781298246.5009525,63424.7,2.36500739,s
1781298246.5009525,63429.5,1.57598077,s
1781298246.5009527,63397.9,7.88668856,s
1781298246.5009527,63398.4,1.30328973,s
1781298246.5009527,63406.3,7.88564427,s
1781298246.500953,63395.3,1.45282484,s
1781299346.6034722,63524.0,7.87102937,s
1781299346.6034722,63533.1,2.36097143,s
1781299346.6034725,63508.5,7.87296132,s
1781299346.6034725,63516.3,7.87198288,s
1781299346.6034725,63516.4,1.77480969,s
1781299346.6034727,63500.0,3.31539522,s
1781299346.6034727,63501.5,1.45015102,s
1781299346.6034727,63501.5,7.87382223,s
1781299346.6034727,63501.6,1.23796711,s
1781299346.6034727,63504.9,2.09906037,s
1781304981.6996822,63462.0,1.5752027,s
1781304981.6996825,63458.2,1.57598613,s
1781304981.6996827,63451.6,3.43978364,s
1781304981.6996827,63452.9,2.36395807,s
1781306123.5159318,63420.0,1.12196,b
1781306123.5358088,63420.0,1.13822347,b
1781306164.2164426,63472.6,2.36322454,b
1781316119.3378115,63783.0,1.0,s
1781327648.9632945,63535.0,2.36089994,s
1781327648.9632945,63538.7,1.57339969,s
1781356243.7328432,64081.8,2.34075554,s
1781356243.7328432,64081.9,1.55982578,s
1781360393.09642,64144.9,2.3384577,b
1781361215.5555284,64094.8,1.5591818,s
1781361264.8835666,64135.4,1.24496928,b
1781361387.199316,64127.8,1.55937051,s
1781363482.4182012,64205.0,1.63995286,b
1781363482.4205036,64205.0,2.000924,b
1781366399.0234382,64253.4,1.15215953,s
1781367837.5970516,63944.5,7.81927755,s
1781367837.5970516,63950.0,2.34558082,s
1781367837.5970519,63935.1,7.82042548,s
1781371565.6716,63982.8,1.56236233,s
1781372847.6069689,64078.0,1.70076545,s
1781373264.8051374,63963.2,1.42894297,b
1781373264.8051376,63963.2,2.65799741,b
1781374348.1716113,64037.4,1.92280153,b
1781375346.0882347,64163.5,2.35419224,s
1781375501.4008129,64163.5,2.09558746,b
1781375861.0638957,64200.0,4.871,b
1781378887.086024,64131.8,2.65098996,b
1781378887.0860243,64136.8,2.33875217,b
1781379911.16473,64272.3,1.85505128,b
1781382359.588011,64225.2,2.64714172,b
1781382359.5880113,64232.2,2.33527907,b
1781385039.62736,64263.0,1.27212668,b
1781385039.62736,64263.1,2.64560531,b
1781386881.7692912,64345.0,1.0,b
1781386882.1430645,64400.0,1.80519518,b
1781386882.1441953,64400.0,2.31265699,b
1781386882.7646363,64438.0,2.71077145,b
1781386883.0188177,64491.4,1.16470229,b
1781386883.0188177,64491.9,2.63632688,b
1781386883.578239,64541.1,1.54938567,b
1781386884.0912304,64596.2,1.80042989,b
1781386927.0918984,64726.5,1.26371711,b
1781386941.8713822,64750.0,1.15767089,b
1781392373.607836,64414.0,1.55245754,b
1781396212.7533424,64424.6,1.43718122,s
1781398394.4659352,64499.9,1.54989307,s
1781408622.238173,64457.6,1.28755776,b
1781414881.023755,64300.0,1.38957164,s
1781415546.3199763,64300.0,1.01842566,b
1781418912.9905705,64270.2,1.30756156,s
1781419002.7933402,64257.2,1.44708563,s
1781419002.7980447,64257.2,1.01573477,s
1781433193.7738128,64597.3,1.0,b
1781439896.3022852,64456.9,1.55087745,s
1781439896.3022854,64449.1,1.67950572,s
1781444554.9171646,64260.7,1.03079029,b
1781446866.586694,64226.1,1.55650366,s
1781447658.2777476,64000.0,1.0,s
1781449060.6881485,63897.0,2.37218792,s
1781449060.6881485,63904.0,2.12819136,s
1781452527.886067,64025.0,1.5,b
1781453449.76918,64050.0,1.55245754,b
1781454876.605242,64170.7,2.07165256,b
1781455756.1007147,64048.0,1.03846868,s
1781456447.4213681,63908.0,2.39873145,s
1781458046.5725448,63894.0,2.56555513,s
1781467201.4793198,63750.0,1.85774512,b
1781471938.872079,64837.7,1.58443834,b
1781471939.0901358,64837.7,2.0,b
1781471939.2614188,64837.7,12.09239157,b
1781471939.3317876,64837.7,2.11031453,b
1781471939.3317876,64837.7,3.05214844,b
1781471939.3343449,64837.7,3.7085,b
1781471939.3492064,64837.7,1.00516994,b
1781471939.3664143,64837.7,2.74308865,b
1781471939.3864508,64837.7,1.92937898,b
1781471939.393044,64837.7,2.2,b
1781471939.393447,64837.7,1.114149,b
1781471939.4071276,64837.7,1.22492572,b
1781471939.407877,64837.7,1.41396283,b
1781471939.407877,64837.7,2.07944726,b
1781471939.4115696,64837.7,2.52741197,b
1781471939.4374647,64837.7,1.23026767,b
1781472387.6865175,64888.0,1.11017293,b
1781472387.6951494,64888.0,1.59037592,b
1781472390.7408345,64888.0,1.21706554,b
1781472390.7851582,64888.0,1.41992054,b
1781472390.8352208,64888.0,1.17059233,b
1781472603.9123805,64821.8,1.15143374,b
1781472908.261631,64879.8,1.19059336,s
1781473210.6133883,64950.0,1.07486582,b
1781473233.2035234,64995.0,1.08568146,b
1781473233.2221358,64995.0,1.4,b
1781473233.2323852,64995.0,1.66663279,b
1781473233.2377274,64995.0,1.4,b
1781473233.358808,65000.0,1.883725,b
1781473233.3742676,65000.0,1.329688,b
1781473233.374694,65000.0,1.108074,b
1781473233.3788278,65000.0,1.19740061,b
1781473246.4529414,65250.0,1.59657344,b
1781473246.6194499,65250.0,1.1159023,b
1781473247.3299851,65344.8,3.91323732,b
1781473247.3322449,65344.8,4.77437277,b
1781473247.4446034,65344.8,1.93148994,b
1781473247.4519374,65344.8,6.30159607,b
1781473277.974694,65179.8,1.53330001,s
1781473277.9746943,65157.7,4.48412415,s
1781473277.9746943,65169.8,1.55401643,s
1781473329.340798,65171.9,1.7643689,s
1781473353.893583,65136.5,1.53522874,s
1781473353.893583,65144.3,2.30257934,s
1781473353.893583,65156.7,1.53394903,s
1781473353.8935833,65134.1,3.75262483,s
1781473385.00501,65169.0,2.30171042,b
1781473385.0050101,65173.7,2.60868236,b
1781473385.0050101,65176.4,1.4926472,b
1781473455.9218621,65269.4,2.6049131,b
1781473455.9218624,65274.9,2.29797503,b
1781473455.9218624,65279.6,1.53230141,b
1781473455.9218624,65279.7,3.81068971,b
1781473809.7475054,65500.0,1.20388692,b
1781473809.7722304,65500.0,1.19758597,b
1781473810.173841,65500.0,1.37945431,b
1781473810.180489,65500.0,2.72785666,b
1781473811.135782,65500.0,1.58852965,b
1781473811.1401622,65500.0,1.7609589,b
1781473811.1811662,65500.0,1.13619597,b
1781473811.1811662,65500.0,1.5414687,b
1781473966.4199097,65474.1,1.48886459,s
1781474339.9791615,65300.6,1.19059336,s
1781474357.7141893,65300.6,1.19059336,s
1781474358.6393385,65300.6,1.19059336,s
1781474358.7426424,65300.6,3.32633763,s
1781474359.0244727,65300.6,3.32436041,s
1781474681.7689114,65320.2,1.53163307,b
1781474681.7689114,65320.3,2.60295162,b
1781474681.7689114,65326.8,3.95797493,b
1781475011.1009443,64931.9,2.31011236,s
1781475011.1009443,64942.6,1.53927912,s
1781475125.459204,65159.9,1.01873114,b
1781475125.459204,65160.7,1.13699698,b
1781475125.4598083,65160.7,1.47225823,b
1781475125.4603148,65164.7,1.18662882,b
1781475125.4685838,65169.9,1.53482729,b
1781475833.2428174,65196.5,1.13965603,b
1781476567.7094555,65374.6,2.60071321,b
1781476567.7094557,65374.7,2.29446803,b
1781476567.7094557,65387.1,1.52978767,b
1781476923.443517,65335.2,1.46282251,b
1781476923.444249,65335.2,1.12818984,b
1781478260.2398906,65303.2,1.11278048,s
1781478713.9910626,65500.0,1.69053824,b
1781479243.5221334,65500.1,1.05904795,b
1781479351.320821,65481.0,1.41034654,s
1781479351.320821,65484.2,1.5265934,s
1781479351.320821,65484.4,1.09611609,s
1781479351.3208215,65465.4,2.56555513,s
1781480183.261292,65602.3,1.11423617,b
1781480822.8682966,65560.0,1.17932457,b
1781480823.9397795,65560.0,1.17932457,b
1781480824.9401772,65560.0,1.17932457,b
1781480825.1851165,65560.0,1.76146544,b
1781480825.1871634,65560.0,2.61454466,b
1781480825.873455,65560.0,1.14693827,b
1781480839.8153884,65560.0,1.14693827,b
1781480839.8192487,65560.0,2.33909537,b
1781480839.82653,65560.0,1.19482003,b
1781480839.8305593,65560.0,1.25929466,b
1781480842.6398208,65560.0,1.159279,b
1781480843.3719735,65560.0,13.58527472,b
1781481709.503075,65710.0,1.32838155,s
1781482036.8431437,65659.5,1.41945446,b
1781482065.0796995,65750.0,3.81281055,b
1781482065.0830207,65750.0,1.4948579,b
1781482065.1952472,65750.0,1.40103181,b
1781482119.8631797,65713.7,2.5871866,b
1781483541.752762,65570.2,1.09192412,s
1781483541.752762,65570.8,1.52437819,s
1781483541.752762,65570.9,1.41066419,s
1781483562.186601,65623.1,2.59108638,b
1781483644.0546548,65578.4,1.51902314,s
1781484377.6626492,65487.7,1.03546446,b
1781484642.8358023,65511.1,1.17965466,b
1781485202.1947114,65580.1,1.52425121,s
1781485202.1947114,65580.1,1.52484576,s
1781495087.8074024,65850.0,1.85691667,b
1781495087.901354,65850.0,4.60787326,b
1781495093.0385728,65850.0,1.36845011,b
1781495093.0461562,65850.0,1.27005452,b
1781495335.5454793,65890.0,1.02416322,s
1781495475.678698,65890.0,1.07089589,s
1781495475.684458,65890.0,1.22766427,s
1781495476.9304366,65890.0,1.36568062,s
1781495479.8662837,65890.0,1.36568062,s
1781495479.9661863,65890.0,1.21281148,s
1781495480.8376265,65890.0,1.59887401,s
1781495480.8380105,65890.0,1.22544981,s
1781495480.8391926,65890.0,1.48040801,s
1781495516.8828297,65890.0,1.42266887,s
1781495535.3237743,65890.0,1.52749381,s
1781495539.3505642,65890.0,1.01200436,s
1781495923.4678683,65900.0,1.72720373,s
1781495938.4442434,65890.0,1.01200436,s
1781496016.6134171,65890.0,1.01200436,s
1781496017.6367536,65890.0,1.01200436,s
1781496030.6015797,65890.0,1.01200436,s
1781496030.6163633,65890.0,1.18894092,s
1781496030.6179013,65890.0,1.45016002,s
1781496030.623998,65890.0,1.18607753,s
1781496030.6416426,65890.0,12.032054,s
1781496060.3308828,65890.0,7.41557223,s
1781497842.6951814,65682.4,1.12098,s
1781498694.079485,65629.2,1.43200654,b
1781504234.3223753,65834.0,1.00486262,s
1781505160.4114711,65852.9,2.58175675,b
1781505518.5628152,65757.8,1.52097102,s
1781507197.8848596,65732.9,1.49567972,s
1781507197.8848596,65734.9,1.52080681,s
1781507197.8848598,65726.4,2.28218655,s
1781507197.88486,65720.0,4.87601107,s
1781507197.88486,65722.2,2.24190497,s
1781507259.3631957,65772.7,1.04363166,b
1781507259.3631957,65772.7,1.23695073,b
1781507259.3631957,65772.7,2.47367035,b
1781508339.908,65943.0,1.33072469,b
1781508339.9080005,65946.9,2.21575517,b
1781509926.0290458,65679.7,1.0,b
1781510811.3152812,65693.0,1.73857039,s
1781511992.6224692,65586.7,1.39471182,b
1781512266.497752,65621.7,1.52347933,s
1781512266.497752,65621.7,2.58991134,s
1781512989.4896276,65700.0,2.1027639,b
1781512989.527306,65700.0,1.09483076,b
1781512989.641125,65700.0,1.28564073,b
1781512989.6437058,65700.0,1.14719339,b
1781512989.648314,65700.0,1.25559237,b
1781512989.6770918,65700.0,1.31133775,b
1781517902.0556645,65592.0,1.01787836,b
1781517902.0769665,65592.0,1.09003161,b
1781520027.4932358,65680.0,1.78678856,b
1781520027.500624,65680.0,1.02067986,b
1781520076.6427007,65680.0,2.84100659,b
1781520210.5826833,65735.5,1.06281867,b
1781521075.6256526,65794.4,1.51937972,s
1781521937.8544166,65939.4,1.50492787,b
1781521937.8544166,65939.5,2.57838428,b
1781521937.8544166,65939.8,2.03432882,b
1781522191.1294136,65955.0,1.05810478,b
1781522191.1411128,65955.0,1.47168428,b
1781522191.1477787,65955.0,1.06581546,b
1781522306.9277048,65970.0,1.02338347,b
1781522307.0408742,65980.0,1.54999835,b
1781522307.2868204,66000.0,1.07312916,b
1781522307.3118212,66000.0,1.01941248,b
1781522391.253591,66100.0,1.04364207,b
1781522396.3704634,66261.1,1.27142658,b
1781522436.8141112,66184.8,2.2666072,b
1781522436.8141112,66187.8,2.26628048,b
1781522436.8141112,66194.5,1.21776126,b
1781522436.8141112,66194.6,1.51105202,b
1781522436.8141112,66194.6,2.56855018,b
1781522436.8141112,66198.4,2.38004967,b
1781522436.8141112,66198.5,7.55304664,b
1781522436.8182814,66202.5,4.14446056,s
1781522436.8335571,66202.5,6.04508729,s
1781522436.9438963,66202.5,1.0826641,s
1781522436.9483092,66202.5,1.24255829,s
1781522436.9649494,66202.5,2.82217719,s
1781522436.9673696,66202.5,1.36794486,s
1781522436.9682488,66202.5,1.09222506,s
1781522440.7712653,66202.5,2.12609512,s
1781522440.7717266,66202.5,7.1916,s
1781522440.7767003,66202.5,1.39180616,s
1781522474.1724927,66170.1,1.07600696,b
1781522495.787065,66149.7,1.93716261,s
1781522764.3528163,66285.5,1.44734545,b
1781524616.3956583,66216.0,1.92922433,b
1781526421.1082263,66257.7,1.22790393,s
1781527342.3601103,66357.5,1.80854813,b
1781527342.3710392,66357.5,1.83923863,b
1781527342.4117613,66357.5,1.0750005,b
1781527342.5548806,66357.5,1.60004959,b
1781527342.7128916,66357.5,2.79575571,b
1781527342.720988,66357.5,1.31420492,b
1781527343.0844493,66357.5,1.1228893,b
1781527824.8252218,66500.0,1.0,b
1781528021.0957968,66508.9,1.51067048,s
1781528021.0957968,66517.2,1.50296999,s
1781528126.768113,66556.0,1.0,s
1781528173.368241,66556.0,1.14989258,s
1781528197.7815475,66543.3,1.683437,b
1781528197.7815475,66547.3,2.55476642,b
1781528197.7815478,66555.1,1.50278122,b
1781528197.7815478,66563.8,2.25419753,b
1781528197.7815478,66563.9,7.51158641,b
1781528197.7815478,66565.7,2.30156044,b
1781528197.781548,66571.8,3.21495694,b
1781528447.410332,66527.2,1.50355184,b
1781528450.2066672,66560.7,1.2427,b
1781528646.954417,66500.0,1.351635,b
1781528664.9374797,66500.0,1.17581386,b
1781528864.2244332,66600.0,1.00772,b
1781528864.2257047,66600.0,2.095855,b
1781528864.2258317,66600.0,1.00772,b
1781528864.229883,66600.0,2.159863,b
1781528982.0774155,66543.5,1.682986,b
1781528982.0774155,66553.0,1.43557521,b
1781529351.8831549,66593.9,1.15831751,b
1781529393.6962817,66640.0,1.312682,b
1781529474.3539398,66731.1,1.498028,s
1781529653.3469768,66800.0,1.22888286,b
1781529952.7586987,66862.3,1.17818146,b
1781530207.6068387,66799.0,2.97399109,s
1781530208.571647,66799.0,1.242535,s
1781530208.5833094,66799.0,1.19059336,s
1781530208.7066152,66799.0,1.83939374,s
1781530209.0771327,66799.0,2.62806478,s
1781530209.1033113,66799.0,2.50532907,s
1781530209.1101053,66799.0,2.86261425,s
1781530209.112415,66799.0,1.729011,s
1781530209.1127946,66799.0,1.407246,s
1781530209.1193545,66799.0,2.86261425,s
1781530209.1446059,66799.0,1.045,s
1781530209.1791701,66799.0,1.5,s
1781530209.1841514,66799.0,2.0,s
1781530209.2578688,66799.0,1.45081884,s
1781530209.2582839,66799.0,3.20364284,s
1781530209.2641597,66799.0,2.0,s
1781530209.2982218,66799.0,1.44619129,s
1781530209.3303337,66799.0,1.08791863,s
1781530209.3792076,66799.0,3.4,s
1781530209.3991103,66799.0,1.66167048,s
1781530209.4260657,66799.0,27.72677756,s
1781530209.5085576,66775.0,1.41798956,s
1781530209.6631463,66736.2,1.08107348,s
1781530237.4462621,66698.5,2.54805744,s
1781530237.4462621,66703.9,1.4988153,s
1781530237.4462621,66706.6,1.678755,s
1781530237.4462624,66672.0,1.93325867,s
1781530237.4462624,66676.2,7.49891827,s
1781530237.4462624,66680.4,3.88187071,s
1781530237.4462624,66681.0,1.21132261,s
1781530237.4462626,66667.0,4.30183828,s
1781530237.4462626,66671.8,1.23839233,s
1781530237.4462626,66672.0,3.34755991,s
1781530237.4462628,66653.0,1.0826641,s
1781530237.446263,66639.2,2.82217719,s
1781530237.4462633,66625.6,1.08250278,s
1781530237.446264,66598.9,1.39180616,s
1781530237.446264,66598.9,4.88564228,s
1781530237.446264,66604.9,1.70449865,s
1781530237.446264,66604.9,2.12609512,s
1781530513.5231757,66809.0,1.25,s
1781530563.5062838,66761.3,1.0,b
1781530905.7948341,66535.8,1.48123543,s
1781530982.585044,66456.0,1.50425915,s
1781531040.98197,66500.0,1.2067181,b
1781531041.2177098,66500.0,1.1461358,b
1781531081.3942316,66500.2,1.20606616,s
1781531718.1146896,66415.1,1.685799,s
1781531718.1146896,66415.8,1.33352792,s
1781532124.1704206,66306.9,1.27163285,s
1781532212.2856274,66309.2,1.20741978,s
1781532795.0601351,66365.9,2.26019607,s
1781532795.0601351,66372.9,1.686597,s
1781532795.0601351,66373.1,1.50611856,s
1781532795.0601354,66358.0,2.73759701,s
1781532932.2012098,66462.5,1.686039,b
1781532932.2012098,66467.3,2.2567503,b
1781532932.20121,66469.3,2.55789956,b
1781532932.20121,66469.4,2.25702533,b
1781533006.6374264,66461.3,1.19940943,s
1781533255.1571982,66439.0,1.06304716,s
1781533690.2075555,66474.4,1.96958777,b
1781533800.3180573,66500.0,1.0,b
1781533978.741781,66488.5,1.684237,b
1781533978.7417812,66491.9,2.55693587,b
1781533978.7417812,66496.2,1.95316236,b
1781534001.1188533,66500.0,3.77657965,b
1781534017.5493376,66511.6,1.31561944,b
1781534017.5493376,66511.6,1.47190198,b
1781534101.86898,66491.7,1.35801419,s
1781534294.183365,66400.0,1.81059266,s
1781534756.7232578,66554.0,1.5441695,b
1781535061.1775365,66586.5,1.79458122,s
1781535369.1354094,66587.1,1.83063521,b
1781536772.1575444,66652.4,1.02839075,b
1781536926.0704021,66658.4,1.56445903,b
1781536926.0738356,66661.7,1.13668084,b
1781536926.075953,66664.9,1.69188671,b
1781537151.925276,66643.6,1.35649201,b
1781537206.8072941,66643.6,1.01785366,b
1781537936.5508738,66828.9,1.26168862,b
1781537936.550874,66839.6,1.23945428,b
1781537936.550874,66839.6,1.36349369,b
1781538357.1899145,66923.0,1.2201,b
1781538357.6133285,66933.3,1.3884863,s
1781538389.1344466,66950.0,3.0,b
1781538390.3020382,66950.0,1.28019542,b
1781538390.4960938,66950.0,1.236882,b
1781538424.9931922,66980.0,1.724394,b
1781538425.0030391,66980.0,2.173344,b
1781538425.0137413,67000.0,1.77540665,b
1781538730.3861268,67125.1,1.668357,b
1781538760.6426475,67200.0,1.2,b
1781538760.6426475,67210.2,1.667485,b
1781538760.6426475,67211.0,2.52960467,b
1781538760.642648,67219.6,1.31722025,b
1781538760.642648,67219.6,2.23202143,b
1781538760.642648,67219.8,3.06457401,b
1781538816.9437895,67234.5,2.22961416,b
1781538826.5414095,67232.9,1.666114,b
1781538826.5414095,67235.9,1.33714934,b
1781538826.5414097,67240.6,2.52879642,b
1781538826.5414097,67241.7,1.70438432,b
1781539036.3373983,67160.0,1.14989258,b
1781539322.605841,67146.7,1.65396,s
1781539470.8742688,67111.5,1.25,s
1781539590.574773,67105.9,1.668561,s
1781539627.199219,67124.6,1.0,s
1781539627.199219,67127.4,1.0,s
1781539655.1174314,67102.0,2.53296169,s
1781539655.1174316,67095.3,1.10487488,s
1781539774.6865876,67126.7,1.52512202,s
1781539798.0569668,67130.0,1.22500021,b
1781539799.3575828,67130.0,2.7196405,b
1781539799.6956017,67130.0,1.53394498,b
1781539799.696268,67130.0,1.50047031,b
1781539799.7023609,67130.0,1.07049516,b
1781539831.6920464,67210.0,1.19099157,b
1781539886.8547153,67184.5,1.666633,s
1781539886.8547156,67172.3,1.48870776,s
1781540284.0732791,67074.3,1.49033295,s
1781540521.9532857,67124.8,1.02508507,b
1781541022.6539392,67185.5,1.02359159,b
1781541067.888141,67210.7,1.666396,b
1781542984.4599643,67000.0,1.723387,s
1781542988.637243,66860.7,1.0348697,s
1781542988.6377127,66860.5,1.27014485,s
1781543443.6510847,66777.0,1.59220884,s
1781543451.7196681,66756.7,1.4337825,s
1781543832.229918,66932.3,1.04038625,b
1781544480.570039,66843.0,1.67512,b
1781545852.566619,66888.6,1.18805374,b
1781545852.5666192,66888.7,2.5417271,b
1781545852.5666192,66889.5,1.674153,b
1781546691.401579,66792.7,1.60239395,b
1781549305.079207,66837.9,1.675856,s
1781551840.6209087,66525.2,1.30626082,s
1781553517.2870972,66555.8,1.682156,s
1781555357.6002684,66545.4,1.12715311,b
1781555357.6002684,66545.5,1.68284,b
1781555408.1385894,66553.8,1.682843,b
1781555408.1385896,66567.1,2.25336856,b
1781555408.1385896,66572.7,2.25332774,b
1781555408.1385896,66572.8,1.50234852,b
1781555408.1385896,66574.6,2.55373155,b
1781555408.1385896,66575.6,7.51026672,b
1781555408.1385899,66584.0,7.50931665,b
1781555408.1385899,66585.8,7.50911978,b
1781555408.1385899,66591.1,1.59265171,b
1781555408.1385899,66593.2,7.50827475,b
1781555408.13859,66602.4,4.07271239,b
1781555408.13859,66602.5,7.50723523,b
1781555408.1385903,66611.6,5.25434418,b
1781555408.1385903,66617.7,2.29659998,b
1781555668.2717476,66637.7,1.79841016,s
1781557599.0651772,66487.4,1.05622688,s
1781557599.0651772,66488.5,1.50324775,s
1781557600.1812773,66492.4,1.50324981,s
1781557610.408618,66471.8,1.684211,s
1781557649.8845882,66421.0,2.0,s
1781558145.7575696,66475.5,1.684329,s
1781558145.7575696,66478.8,2.25635785,s
1781559267.6474473,66420.7,2.25833442,b
1781559267.6474473,66428.9,2.55932024,b
1781559267.6474476,66429.1,1.50546183,b
1781560522.91177,66377.0,1.0,b
1781561378.8301542,66424.1,1.11651169,s
1781562238.9224772,66209.2,1.21727687,s
1781562368.103129,66100.0,1.21252327,s
1781569281.3717053,66308.2,1.153799,s
1781572084.9281526,66260.6,1.70243852,b
1781572085.0154412,66296.6,1.3,b
1781574961.9571815,66315.0,1.5,b
1781574961.9571817,66321.6,1.17775664,b
1781575141.4312794,66301.3,2.53060099,s
1781575957.55576,66032.2,1.01618225,s
1781576573.1629996,66000.0,1.0,s
1781576573.163,65989.5,1.51539331,s
1781576573.163,65992.6,2.27298203,s
1781577825.5312102,65828.7,1.26930981,b
1781577825.5312102,65828.8,2.58269022,b
1781577825.5312102,65833.5,1.25073946,b
1781577825.5312102,65833.6,1.51922355,b
1781578088.0351229,65834.8,1.11565388,s
1781578946.479279,65708.8,1.52187908,s
1781578946.479279,65717.9,1.52098542,s
1781579467.8050244,65761.6,1.43533784,b
1781585996.1083562,65840.6,1.02,s
1781587080.5433743,65960.0,1.19725874,b
1781587080.5505588,65960.0,1.38025504,b
1781587133.5061076,66000.0,1.0,b
1781590053.8094833,66100.0,2.57207848,b
1781590053.8094833,66100.0,6.56403407,b
1781590053.8094838,66108.7,1.21105826,b
1781590960.559234,66215.3,1.06249856,b
1781591407.7506669,66316.5,1.20633645,b
1781591484.5519803,66338.6,2.56280378,b
1781593736.8068202,66488.6,2.55714239,b
1781594301.9939103,66392.7,2.2592862,b
1781595443.192086,66347.4,1.00683544,s
1781598196.9884212,66381.0,1.29725719,s
1781598197.671274,66381.0,1.2777042,s
1781599137.8763096,66500.0,1.27328116,s
1781600482.31009,66800.0,1.14364628,b
1781600482.3247223,66800.0,1.09972344,b
1781600482.3583233,66800.0,1.2559571,b
1781600482.5194325,66803.2,1.00394584,b
1781606755.217235,66562.7,1.681912,s
1781606761.1379287,66562.8,2.2560635,b
1781606942.418937,66524.8,1.76595569,s
1781608910.5703952,66525.4,1.03442071,s
1781610547.1836522,66376.5,1.09750115,b
1781611370.9270954,66396.1,1.686267,s
1781612435.4104443,66594.1,2.55300102,b
1781612435.4104443,66601.0,1.52571568,b
1781612435.4104443,66601.1,1.96882433,b
1781613575.3487236,66572.6,2.55309953,s
1781615068.2551725,66400.0,1.15172637,s
1781615812.2416756,66207.1,1.13124396,s
1781616713.8580194,66090.7,1.694791,b
1781616713.8580196,66099.6,1.21953549,b
1781616713.8580196,66099.7,2.57225259,b
1781616713.8580196,66099.8,1.51329344,b
1781616713.8580196,66102.8,1.53078585,b
1781616859.9251876,65902.3,1.2,s
1781616875.6193109,65925.5,1.59491589,s
1781617886.5245936,66072.2,1.694371,s
1781617886.5245936,66075.5,1.51288867,s
1781617886.5245938,66050.2,1.40169839,s
1781617886.5245938,66050.3,1.5139996,s
1781617950.8528936,66038.5,2.95968785,s
1781618769.7413816,66194.6,1.692256,b
1781618788.0360463,66177.5,1.15508445,s
1781618860.48756,66068.6,1.51290627,s
1781619455.3690546,65833.8,1.13608134,b
1781619500.2321613,65787.2,1.2777042,s
1781619500.2321613,65787.2,1.29725719,s
1781619500.2321613,65787.3,2.29437308,s
1781619501.9909565,65787.2,2.97614204,s
1781619518.8365834,65767.5,1.701704,s
1781619518.8365834,65767.6,1.1559537,s
1781619587.2915304,65675.0,2.164213,s
1781619587.3310425,65675.0,1.5210179,s
1781619587.3567872,65675.0,1.166814,s
1781619587.5209544,65675.0,1.41489132,s
1781619587.5434997,65675.0,1.02607617,s
1781619621.0178213,65700.0,1.14420494,b
1781619621.021512,65700.0,1.04704728,b
1781619621.0224636,65700.0,1.27837627,b
1781619621.0692573,65700.0,1.17274276,b
1781619621.3637993,65700.0,1.00502825,b
1781619621.9894638,65700.0,1.14200501,b
1781619621.9947174,65700.0,1.09657854,b
1781619622.0155716,65700.0,1.14420494,b
1781619622.0967207,65700.0,2.07868756,b
1781619622.134906,65700.0,2.2137853,b
1781619622.465603,65700.0,1.8405018,b
1781619622.5284407,65700.0,2.379772,b
1781619638.8119476,65649.9,1.45148171,s
1781619666.0376086,65700.0,1.17103354,b
1781619670.0596852,65700.0,1.14420494,b
1781619671.0883062,65700.0,1.14420494,b
1781619671.2432547,65700.0,2.80394643,b
1781619672.0565622,65700.0,1.14420494,b
1781619729.7398384,65649.9,1.18334804,s
1781619729.7826886,65649.9,1.21012146,s
1781619730.6816008,65649.9,1.18334804,s
1781619731.853404,65649.9,1.18334804,s
1781619782.35194,65610.0,1.15937848,s
1781619782.5460174,65610.0,7.28632544,s
1781619887.6514075,65600.0,1.81986148,b
1781619887.7219412,65600.0,1.468649,b
1781619888.139873,65600.0,1.14420494,b
1781619888.335709,65600.0,1.19800839,b
1781619888.3507895,65600.0,1.32637373,b
1781619888.3718233,65600.0,1.20548509,b
1781619921.0543406,65600.0,1.05229777,b
1781619921.1404054,65600.0,1.02801201,b
1781619921.1467555,65600.0,1.84409286,b
1781619921.8831427,65600.0,1.09295353,b
1781619921.894185,65600.0,1.36871163,b
1781619922.755412,65600.0,1.3007105,b
1781619923.4868612,65600.0,1.13042002,b
1781619925.5386925,65600.0,1.19753244,b
1781619925.5496836,65600.0,1.14420494,b
1781619927.8408206,65600.0,1.14420494,b
1781619928.8608875,65600.0,2.82489894,b
1781619928.8643932,65600.0,1.31172473,b
1781619930.8216207,65600.0,4.66961269,b
1781619931.123407,65600.0,12.98833907,b
1781620066.5971477,65570.0,1.16895664,s
1781620067.063502,65570.0,2.10513367,s
1781620216.7354743,65530.4,1.09477373,s
1781620216.7499208,65530.4,1.15969192,s
1781620217.7537239,65530.4,1.15969192,s
1781620219.5185018,65530.4,1.14420494,s
1781620220.3110392,65530.4,1.73365356,s
1781620220.321975,65530.4,1.12749625,s
1781620220.3504667,65530.4,1.08984651,s
1781620220.351529,65530.4,1.62940366,s
1781620220.368525,65530.4,1.5,s
1781620220.443556,65530.4,1.14420494,s
1781620220.490591,65530.4,1.010338,s
1781620308.8316607,65380.4,1.709954,s
1781620308.8324974,65371.6,1.12440156,s
1781620323.0916388,65386.1,1.17500764,b
1781620384.2917469,65345.8,1.13428362,b
1781620726.2309315,65580.0,1.10480437,s
1781620785.416141,65627.7,2.28561905,s
1781620785.4161413,65609.1,7.6208922,s
1781620785.4161413,65610.8,7.62069052,s
1781620785.4161413,65619.5,7.61968521,s
1781620785.4161413,65624.0,1.09906532,s
1781620785.4161413,65625.3,1.706663,s
1781620785.4207852,65600.0,1.17274276,b
1781620785.4213033,65600.0,6.3272908,b
1781620785.4219692,65600.0,1.11244358,b
1781620785.424334,65600.0,11.46074177,b
1781620785.4295564,65600.0,1.41669276,b
1781620786.429214,65600.0,1.14420494,b
1781620788.1016023,65600.0,1.14420494,b
1781620918.8782346,65686.1,1.07594172,b
1781621341.6840389,65615.0,1.17723016,s
1781622435.4272926,65755.4,1.702595,b
1781622518.3131905,65762.2,1.703102,b
1781622518.3131907,65766.0,2.28081716,b
1781623366.1283262,65675.7,1.3523004,s
1781624229.223529,65864.0,1.43267715,s
1781624267.2553453,65863.8,1.699874,b
1781624937.991033,65697.2,1.0,s
1781626089.2176094,65772.2,1.702129,s
1781627751.485132,65702.3,1.34573275,b
1781628446.5721667,65717.6,1.0,s
1781628465.1422033,65717.1,1.6,s
1781628465.1422036,65704.1,2.28296015,s
1781628465.1422038,65699.1,1.98819978,s
1781628465.1422038,65702.5,1.703639,s
1781632397.72528,65952.0,1.20336743,b
1781632944.4308474,66000.0,2.9660374,b
1781632945.6386898,66054.7,1.03569012,b
1781632946.3483827,66088.3,1.80176898,b
1781632946.3483832,66162.6,1.5,b
1781632946.3483832,66163.8,1.5121759,b
1781632946.3483837,66260.7,1.04863138,b
1781632946.348384,66278.8,1.40609,b
1781632946.3483841,66328.3,2.12429,b
1781632946.3483841,66349.0,1.13321275,b
1781632946.3483844,66394.3,1.75308,b
1781632946.3483846,66479.9,3.98756626,b
1781632946.3483846,66499.5,1.95590401,b
1781632946.348385,66581.1,1.69676081,b
1781632946.3483853,66644.8,1.11244358,b
1781632946.3483853,66644.8,4.00153899,b
1781632946.3483853,66644.8,5.65392897,b
1781632946.3483856,66753.2,1.41669276,b
1781632946.3483856,66753.2,3.63601445,b
1781632946.3483858,66753.2,1.14420494,b
1781632946.3483858,66753.2,1.14420494,b
1781632946.8002439,66186.7,1.04042547,b
1781632946.8002439,66197.1,1.43208235,b
1781632946.8002439,66216.1,1.04599799,b
1781632946.8002439,66236.8,2.45027654,b
1781632946.800244,66289.3,2.14390107,b
1781632946.8051713,66614.2,1.41669276,s
1781632947.8773491,66144.6,2.26868052,b
1781633528.712104,66060.4,2.37175843,s
1781634223.1391544,65901.7,2.90227439,s
1781635678.0953846,65827.8,1.701278,b
1781636451.7728007,65704.7,1.702915,s
1781638167.0435364,65643.0,1.6349765,s
1781639152.8789923,65665.2,1.28131981,b
1781640780.0794291,65663.6,1.704828,s
1781640780.0794294,65652.3,2.2847624,s
1781648696.6443548,65652.2,1.40763613,s
1781648696.644355,65645.2,1.52290848,s
1781653425.2168932,65665.8,1.70466775,b
1781659379.1038134,65471.2,1.24633561,s
1781662707.6529965,65849.0,1.28326874,b
1781663812.6507368,65833.1,1.4916663,b
1781679911.2919781,65506.4,1.708727,s
1781679911.2919784,65494.5,1.52617927,s
1781679911.2919786,65490.9,2.29039206,s
1781679911.2919786,65494.4,1.52685029,s
1781682857.3171287,65200.0,1.0,s
1781682857.317129,65163.9,1.68388116,s
1781682857.317129,65167.8,2.30174886,s
1781682857.3171291,65153.7,1.89750688,s
1781682884.3223777,65200.0,1.1854216,b
1781682884.322378,65224.6,1.717184,b
1781682884.322378,65240.9,2.60599992,b
1781682884.3223782,65241.6,1.17219361,b
1781682906.0019438,65275.5,1.716051,b
1781685579.4868097,65000.1,1.08042396,s
1781685579.4868102,65000.0,1.0,s
1781685579.4868107,64998.0,1.53804493,s
1781685579.4868107,65000.0,1.0,s
1781685579.486811,64986.3,1.53321197,s
1781685579.486811,64987.4,1.722332,s
1781685579.486811,64987.9,2.30811966,s
1781685579.4868112,64979.9,7.69468196,s
1781685579.4868112,64980.0,1.54222621,s
1781685579.4868114,64967.5,2.0544141,s
1781685579.4868114,64971.2,7.69571419,s
1781685579.4868114,64971.3,2.30339871,s
1781685579.4868116,64955.0,3.5482345,s
1781685579.4868116,64955.1,7.69761897,s
1781685579.4868116,64962.3,7.69676641,s
1781685584.1311538,64967.8,1.72236,s
1781685584.1311538,64974.3,2.30860168,s
1781685925.9045365,64854.5,1.06184855,b
1781686036.9739928,64889.8,1.54064703,s
1781686184.7112026,64866.1,3.67969621,s
1781686184.7174478,64866.1,1.018985,s
1781686184.7177565,64866.1,1.018985,s
1781686184.7179325,64866.1,1.77991,s
1781686184.741879,64866.1,2.61433247,s
1781686184.762824,64866.1,1.30763406,s
1781686327.4699605,64809.8,1.727616,s
1781686327.4699607,64797.6,1.4458907,s
1781689070.853519,64897.3,2.31134312,s
1781689070.853519,64904.6,1.5401669,s
1781689070.8535192,64892.9,1.24976672,s
1781689138.0247202,64922.2,4.00588366,b
1781690933.2826385,64777.0,2.0,s
1781693178.695102,64873.9,2.52506959,s
1781693665.237167,64777.0,1.0,s
1781694327.712091,64546.0,1.732763,s
1781694327.7120912,64532.8,1.54832852,s
1781694327.7120914,64518.2,1.22719901,s
1781694327.7120914,64520.2,1.03464097,s
1781694327.7120914,64520.3,1.48028447,s
1781696024.709371,64687.5,1.731125,b
1781696024.7093713,64700.7,2.62773933,b
1781696024.7093713,64708.3,2.31865085,b
1781696024.7093713,64708.4,1.54572293,b
1781696024.7093716,64713.9,2.5883861,b
1781696024.7093716,64718.4,2.04850169,b
1781696024.7093718,64737.0,10.5316172,b
1781696024.7093718,64739.5,1.3,b
1781696024.7093718,64746.3,1.46133798,b
1781696024.709372,64773.9,2.75056709,b
1781696025.2236314,64696.2,1.731122,b
1781697007.8553092,64777.7,1.52448837,b
1781697261.9876542,64791.5,1.04467126,b
1781700486.1328542,64950.4,1.724719,b
1781700486.1328545,64961.5,2.61718645,b
1781700486.1328545,64961.6,2.30905702,b
1781700486.1328545,64968.0,1.71085389,b
1781700486.1328545,64968.1,1.53955441,b
1781700486.1328547,64968.2,7.69607623,b
1781700486.1328547,64976.2,7.69513383,b
1781700486.132855,64984.1,7.69419366,b
1781700486.132855,64985.6,2.57814688,b
1781700486.132855,64989.1,7.69360735,b
1781700486.132855,64993.5,1.77416238,b
1781700486.1328552,64997.1,4.99049188,b
1781703037.7222378,64792.5,1.54295346,s
1781703384.7793546,65014.9,1.53762727,s
1781703620.1033967,65130.1,1.718832,b
1781704218.091448,65183.2,2.30120308,s
1781704218.091448,65183.6,2.30009402,s
1781704218.091448,65188.7,1.53341617,s
1781704218.091448,65190.3,1.716374,s
1781704218.0914483,65164.3,7.67290659,s
1781704218.0914483,65164.4,2.36666461,s
1781704218.0914483,65172.8,7.67190424,s
1781704218.0914483,65174.1,2.16225746,s
1781704218.0914485,65160.3,1.23308471,s
1781704839.2075884,65153.2,1.16309836,s
1781705322.4240472,65275.3,1.0,b
1781705831.0930147,65340.8,1.712852,b
1781705831.093015,65352.0,2.60154307,b
1781707635.577137,65000.0,1.4771,s
1781707635.7174313,65000.0,1.76987993,s
1781707635.8752162,65000.0,1.28019542,s
1781707635.9026377,65000.0,1.236882,s
1781707838.892128,65120.0,1.21797877,b
1781708520.9957964,65071.5,1.53621862,s
1781708799.1309965,65099.1,2.17108108,s
1781711333.645939,65553.9,1.52506073,s
1781711333.645939,65554.1,1.52547255,s
1781711333.6459394,65540.4,7.62888094,s
1781711333.6459394,65547.6,1.708214,s
1781711355.1181715,65570.6,1.707731,b
1781711453.7480772,65800.0,1.19384516,b
1781711769.6091614,65650.6,2.58966056,b
1781711769.6091614,65658.3,2.28455692,b
1781711933.183417,65669.2,1.52231375,s
1781711934.7657015,65684.2,2.2836551,b
1781711934.7657015,65686.6,1.53900524,b
1781712760.100631,65734.2,1.05817472,b
1781713027.5262625,65904.7,1.39793989,s
1781713049.086792,65928.6,2.2756328,b
1781713049.086792,65928.7,2.27518801,b
1781713049.086792,65929.3,1.43483087,b
1781713372.6481295,65848.9,1.270538,b
1781713389.812009,65860.0,1.77624903,b
1781713391.2990632,65860.0,1.11084198,b
1781713502.0143652,65900.0,1.3981895,b
1781713601.1288238,66000.0,2.0469929,b
1781713636.6241195,66046.6,2.28814622,b
1781713636.6331203,66046.6,1.20188566,b
1781713636.6416392,66046.6,1.16309836,b
1781713636.6439335,66046.6,4.41791299,b
1781713691.2613587,66345.7,1.690128,s
1781713691.2613587,66346.1,1.22484175,s
1781713691.261359,66333.2,1.5066381,s
1781713837.0931954,66146.4,1.51116604,s
1781713837.0931957,66143.4,1.35985738,s
1781713908.9682062,66050.0,1.00625148,s
1781713971.5307052,66045.4,2.57418041,b
1781714099.5967007,65968.1,1.03921722,s
1781714932.106195,65863.6,1.51760033,s
1781714932.1061952,65854.2,1.73516635,s
1781716358.0219476,65842.8,2.58145854,s
1781716385.145334,65833.7,2.27846639,s
1781716737.0606067,65899.9,1.29617281,b
1781716737.0606067,65900.0,3.42503948,b
1781717876.448317,65867.8,1.2927702,s
1781718843.8712168,66054.1,1.51333682,s
1781719055.3798702,66000.0,1.48446893,s
1781719201.132824,66025.0,3.252804,s
1781719201.4284678,66025.0,1.9739,s
1781719201.5231266,66025.0,1.2367,s
1781719201.5897691,66025.0,1.38539305,s
1781719201.6949532,66025.0,11.62468735,s
1781719201.7588012,66025.0,1.85238998,s
1781719201.7811434,66025.0,1.27562336,s
1781719201.8050907,66025.0,10.83454246,s
1781719201.8148277,66025.0,2.17382635,s
1781719201.947691,66025.0,1.17762007,s
1781719201.9597735,66025.0,2.753167,s
1781719201.9710505,66025.0,1.63,s
1781719202.0095117,66025.0,1.21152825,s
1781719202.0506272,66025.0,1.3313547,s
1781719202.0520859,66025.0,4.97805983,s
1781719202.0660663,66025.0,1.27719104,s
1781719202.0740676,66025.0,2.16642442,s
1781719202.0765204,66025.0,1.66318698,s
1781719202.0920396,66025.0,1.3,s
1781719202.1114213,66025.0,22.39957819,s
1781719202.129876,66025.0,1.86575178,s
1781719202.1589162,66025.0,3.30310174,s
1781719202.1881368,66025.0,4.82919038,s
1781719202.1904268,66025.0,2.38254234,s
1781719202.203072,66025.0,1.7,s
1781719202.208504,66025.0,3.53873,s
1781719202.2119527,66025.0,3.322953,s
1781719202.2401743,66025.0,1.14217827,s
1781719202.2574632,66025.0,1.51284473,s
1781719202.3692806,66025.0,1.41879682,s
1781719202.4908347,66025.0,2.753121,s
1781719202.5617006,66025.0,2.439934,s
1781719259.2850835,65415.6,1.197275,s
1781719259.2850838,65366.4,1.34147374,s
1781719266.1595397,65437.3,1.52818508,s
1781719266.1595397,65439.3,1.198207,s
1781719277.1626623,65490.0,2.63017319,b
1781719277.1692944,65490.0,1.20471559,b
1781719277.432223,65490.0,1.234805,b
1781719277.5130928,65490.0,1.72427806,b
1781719278.236316,65490.0,1.01535212,b
1781719278.2389517,65490.0,1.11066655,b
1781719278.239855,65490.0,1.03825051,b
1781719278.2945728,65490.0,2.12967509,b
1781719278.2990859,65490.0,1.28482657,b
1781719278.3258224,65490.0,1.47932655,b
1781719278.3287733,65490.0,1.88590343,b
1781719278.3517697,65490.0,16.617887,b
1781719278.3519506,65490.0,16.617887,b
1781719278.365393,65490.0,16.617887,b
1781719278.854494,65490.0,17.794618,b
1781719278.8665226,65490.0,1.065,b
1781719278.893809,65490.0,8.5564,b
1781719278.8955524,65490.0,3.6424,b
1781719278.9986098,65490.0,1.31489,b
1781719278.9988253,65490.0,1.234714,b
1781719279.0437741,65490.0,2.10749,b
1781719279.9808428,65490.0,5.59955172,b
1781719481.9099078,65321.6,2.60301095,b
1781719802.1329544,65438.9,1.712815,s
1781720785.4635806,65363.1,1.59150519,s
1781720785.4635808,65352.8,1.21610453,s
1781721832.4238467,65999.9,2.57614818,b
1781721832.4238467,66000.0,1.25511768,b
1781721917.5101936,65950.0,1.11484641,b
1781722102.469049,65802.3,2.22487235,s
1781722738.375431,65355.8,1.46943483,s
1781722738.375431,65364.7,1.713103,s
1781723382.8184242,65150.0,1.89127033,s
1781723382.8400404,65150.0,1.31799518,s
1781723394.3511236,65150.0,1.30383405,s
1781723806.774225,65071.4,2.24798322,s
1781723945.0100067,64888.0,1.22284479,s
1781723995.9780717,64749.1,2.18626375,s
1781724370.6083744,64741.5,1.46954722,s
1781724549.5479283,64539.0,1.733319,s
1781724552.4030678,64500.0,1.0,s
1781724556.5265298,64320.9,1.12698454,s
1781724589.2375467,64424.2,1.27812717,b
1781724824.208151,64359.8,1.738845,s
1781724824.2081513,64340.5,4.39049532,s
1781724824.2081513,64342.0,1.1651744,s
1781724956.4710457,64437.7,1.737508,s
1781724996.309326,64479.6,1.736323,s
1781724996.3093262,64466.3,1.67249449,s
1781724996.3093262,64466.3,5.0,s
1781725070.8151069,64483.8,1.27288947,b
1781725122.8883786,64324.0,1.7378228,s
1781725122.8883786,64326.3,1.739958,s
1781725187.3932908,64248.4,1.742023,b
1781725409.5157568,64139.9,1.55941349,b
1781725409.5157568,64140.0,1.97575093,b
1781725421.0005345,64122.4,2.95998017,s
1781725456.2340817,64122.4,2.06091532,s
1781725456.2343864,64122.4,1.863544,s
1781725470.153974,64122.4,2.593814,s
1781725528.3963702,64238.2,1.83705382,b
1781725560.5987926,64122.4,3.16026926,s
1781725563.1594281,64122.4,1.39571803,s
1781725563.168794,64122.4,2.05309992,s
1781725563.195152,64122.4,1.25823087,s
1781725563.2758098,64122.4,2.22497187,s
1781725563.298576,64122.4,1.800723,s
1781725609.1441035,64157.5,1.00691076,b
1781725800.6832519,64103.3,3.361,s
1781725800.8547642,64103.3,2.87357796,s
1781725801.1132324,64103.3,1.47773938,s
1781725801.141524,64103.3,1.43901776,s
1781725801.1598804,64103.3,1.2293077,s
1781725801.2836297,64103.3,1.94748623,s
1781725805.6386483,64177.1,1.2290171,b
1781725872.8800914,64035.8,5.04688752,s
1781725872.8800914,64040.8,1.746244,s
1781725872.8800914,64040.9,1.56072678,s
1781725872.8800914,64041.5,2.34222885,s
1781725906.6045015,64052.4,1.13350542,s
1781727330.7473702,64199.0,1.26392324,b
1781727492.2098913,64180.9,1.55768685,s
1781727959.04637,64353.1,1.740537,b
1781727959.0463703,64357.6,2.64173842,b
1781727959.0463703,64359.5,2.33065892,b
1781727959.0463703,64362.8,1.55401102,b
1781729845.958917,64281.1,1.742593,s
1781729845.958917,64281.3,1.8545678,s
1781729845.9589171,64258.5,1.50951411,s
1781729845.9589171,64264.5,2.33410263,s
1781729845.9589171,64264.8,1.55540185,s
1781732152.154956,64335.4,1.740935,b
1781732152.3212602,64336.8,2.113877,b
1781732903.9855165,64103.8,1.746786,s
1781732903.9855168,64091.0,1.55969616,s
1781732973.7677414,64137.2,1.74593,s
1781733782.8954842,64000.0,1.59908995,s
1781733787.1842668,63900.0,1.13613398,b
1781733788.396325,63899.9,1.14825742,s
1781733953.7783492,64019.3,1.750009,s
1781734448.5621252,64104.4,1.96037403,b
1781735004.0794706,64170.2,1.19635224,s
1781735165.387489,64264.6,1.41877291,s
1781738559.0643728,64366.8,1.738707,s
1781744882.2369914,64639.5,1.732861,b
1781744882.2369914,64640.8,2.32064392,b
1781744882.2369914,64641.0,1.00989333,b
1781744882.2369914,64641.1,1.91385194,b
1781744882.2369914,64641.1,7.01788003,b
1781744891.3505898,64641.1,1.11414902,b
1781744891.352383,64641.1,1.01596289,b
1781744891.6883967,64641.1,1.80512989,b
1781744891.7599947,64641.1,1.46135589,b
1781744891.761567,64641.1,2.75952525,b
1781744891.8043535,64641.1,4.92592287,b
1781744891.8043535,64641.1,5.39106513,b
1781744891.8045154,64641.1,1.6268149,b
1781750074.35081,64629.5,1.731878,s
1781753962.8783457,64252.2,1.742005,s
1781753962.878346,64243.3,2.33487232,s
1781754290.2879517,64214.0,1.89778603,b
1781754290.5561922,64231.0,1.91273005,b
1781755726.0367568,64100.0,2.0,s
1781755839.1520922,63969.4,1.89078764,s
1781759009.4182997,63705.1,1.16905968,s
1781759085.9976885,63707.2,1.40854042,s
1781759086.048267,63700.0,1.20336739,s
1781759086.211142,63693.4,1.56982394,s
1781759728.8358927,63900.0,1.00712203,b
1781762028.3747246,63851.6,1.3187927,b
1781764185.3342752,63906.5,1.46174296,s
1781765843.9281132,64029.4,1.07336558,s
1781765987.3404248,64022.4,1.33501335,s
1781765987.35015,64022.4,1.00791344,s
1781767588.8532524,64237.0,1.40449876,b
1781769918.9378362,64321.1,1.740174,s
1781769918.9378364,64321.1,1.45420506,s
1781770084.643376,64532.2,1.3255028,b
1781770153.9838057,64478.3,1.2064187,b
1781771455.0360308,64521.4,1.735524,b
1781771998.1591733,64500.0,1.53573848,b
1781771998.2008011,64500.0,1.5483328,b
1781774489.0106993,64410.2,1.738854,b
1781774489.0106995,64423.3,1.55230607,b
1781774915.7417152,64191.2,1.06683585,s
1781777491.330945,64005.0,1.12352018,s
1781777491.4910262,64000.0,1.35419106,s
1781782945.840476,63884.0,1.40841074,s
1781783325.255074,63848.0,1.753195,s
1781783325.255074,63848.0,2.34932945,s
1781783325.255074,63848.2,1.56567152,s
1781784049.6495767,63910.0,2.09535211,s
1781787519.955068,64318.8,1.0,s
1781790184.084221,63900.0,1.18060495,b
1781790338.3293564,63900.0,1.06456353,b
1781790338.9495432,63900.0,1.12619695,b
1781790341.455805,63900.0,3.68890835,b
1781790341.5308697,63900.0,1.88828385,b
1781790341.5332458,63900.0,1.13550338,b
1781792501.1723514,63900.0,1.1887389,s
1781792508.3792152,63900.0,1.33586654,s
1781792692.1089864,64021.8,1.39884139,s
1781793512.2706552,63866.4,1.752575,s
1781793512.2706552,63866.8,1.56529866,s
1781793512.2706554,63850.4,1.05429198,s
1781793512.2706554,63850.4,2.33799633,s
1781793512.2706554,63851.8,2.26394284,s
1781793512.2706554,63851.9,1.02194371,s
1781793512.2706554,63858.4,2.34894525,s
1781793987.2667944,63862.5,1.56525825,s
1781793987.2667947,63849.8,2.29357658,s
1781793987.2667947,63849.9,2.33751438,s
1781793987.2667947,63850.0,1.07970243,s
1781793987.2667947,63859.0,1.752873,s
1781794062.7758644,63838.7,2.34967131,s
1781794062.7758646,63827.2,2.73562382,s
1781794376.9140916,63655.8,1.929941,s
1781794379.1055684,63512.5,2.04206559,s
1781794422.487889,63528.0,1.76035801,s
1781794422.487889,63530.0,2.36108598,s
1781794713.063203,63772.0,2.35212918,s
1781794855.7062225,63657.7,2.35635115,s
1781795154.5901763,63506.5,1.0,b
1781795164.7235992,63522.7,1.56705691,s
1781795318.2634542,63613.8,1.19209566,b
1781795488.8079724,63592.2,1.18773408,s
1781795544.778775,63550.8,1.0,b
1781795696.7461827,63510.1,1.59113341,s
1781795698.2676866,63500.1,2.5,s
1781795716.3325155,63493.1,1.51141982,b
1781795830.7890162,63377.7,1.0,s
1781795830.7897487,63359.7,1.41829723,s
1781795860.6228912,63335.7,1.35866908,b
1781795883.9683168,63181.3,1.25907984,s
1781795883.9854088,63181.3,1.47650791,s
1781795883.9908714,63181.3,1.28582225,s
1781795884.14464,63181.3,1.09292045,s
1781795884.164169,63181.3,1.5752366,s
1781795884.1666372,63181.3,2.14610012,s
1781795884.3032103,63181.3,4.50711819,s
1781795884.3641434,63181.3,1.19506229,s
1781795885.4510047,63181.3,1.825144,s
1781795899.3172247,63138.4,2.28300838,s
1781795899.3172247,63162.8,1.771834,s
1781795941.9193904,63181.8,1.73718917,s
1781795941.9193904,63189.1,2.37382474,s
1781795947.7041802,63150.1,2.00447422,s
1781795947.7041802,63150.2,2.36341522,s
1781795956.681987,63158.7,2.37496784,s
1781795956.6819873,63152.5,2.39428501,s
1781795975.8142018,63249.2,2.776059,b
1781795975.918424,63263.8,3.613762,b
1781795975.969901,63263.8,1.11413812,b
1781796034.4362097,63377.7,2.36676297,s
1781796034.4631305,63367.0,2.47469,s
1781796034.4870167,63367.0,2.47469,s
1781796034.4950943,63367.0,1.940148,s
1781796037.5539317,63385.8,1.57701024,s
1781796154.302496,63354.8,1.14082767,b
1781796227.429547,63272.0,1.70990131,b
1781796560.766508,63225.0,1.37592961,s
1781796942.705137,63121.1,2.455873,s
1781796942.7800403,63121.1,1.1887389,s
1781796947.3871408,63121.1,7.08208259,s
1781796973.5811265,63121.1,1.00636579,s
1781796974.2189558,63121.1,2.80201877,s
1781796974.2191222,63121.1,2.80248774,s
1781796974.2192447,63121.1,2.80248774,s
1781796974.2193558,63121.1,2.80248774,s
1781796974.2194405,63121.1,2.80248774,s
1781796974.2195082,63121.1,1.17138843,s
1781796974.2195082,63121.1,1.63109931,s
1781796974.2195687,63121.1,2.80248774,s
1781796974.219611,63121.1,2.80248774,s
1781796974.2196634,63121.1,2.80248774,s
1781796974.219767,63121.1,1.89799754,s
1781796990.4874127,63100.0,1.30656824,s
1781796990.4906263,63100.0,1.5425845,s
1781796990.5006726,63100.0,1.68617149,s
1781796990.5328205,63100.0,1.31567311,s
1781797008.4049647,63012.6,1.09909089,s
1781797017.659042,63028.6,2.37986876,s
1781797017.659042,63028.8,1.58604412,s
1781797017.659042,63028.9,1.18382499,s
1781797017.6590421,63013.8,7.93475837,s
1781797017.6590421,63013.9,2.79635067,s
1781797017.6590421,63019.6,1.77595,s
1781797017.6590424,63004.8,7.93590309,s
1781797017.6590424,63004.9,2.36886707,s
1781797017.659043,63000.0,1.0,s
1781797017.6590438,62999.1,1.5,s
1781797017.659044,62986.9,3.66747104,s
1781797017.659044,62987.1,2.67905165,s
1781797017.659044,62987.4,3.96270251,s
1781797017.659044,62995.6,7.93705882,s
1781797054.3923216,62888.0,1.834156,s
1781797057.4187818,62888.0,3.7355788,s
1781797239.4503083,62634.1,1.28560701,s
1781797247.8932793,62621.1,1.785788,s
1781797458.6560657,62666.6,6.14273918,b
1781797458.7176235,62675.8,1.602829,b
1781797633.070275,62660.7,1.63955913,b
1781797735.2493525,62644.9,1.46074809,b
1781797987.377771,62500.0,2.48656655,s
1781798162.0604346,62369.6,1.40344452,s
1781798344.9517448,62314.8,1.79774,b
1781798526.0149999,62502.7,1.791818,b
1781798526.015,62518.5,2.71943666,b
1781798526.015,62522.2,1.26478794,b
1781798579.4156976,62550.6,2.71807771,b
1781798579.4156978,62556.9,1.1451329,b
1781798803.4857635,62595.3,2.39634843,b
1781799119.6386418,62630.0,1.3907527,b
1781799367.549939,62501.0,2.719607,s
1781799376.9450612,62519.5,1.980909,s
1781799766.5794587,62608.7,1.48359781,b
1781799766.5803385,62608.7,1.7160928,b
1781799782.5231066,62630.0,1.1887389,b
1781799782.6328511,62630.0,1.02873692,b
1781799782.7499354,62630.0,2.23829754,b
1781800047.5938787,62649.9,1.42892771,b
1781800997.142601,62623.4,1.63245996,b
1781800997.1466277,62623.4,1.796024,b
1781802197.4099321,62500.0,35.02078,s
1781802197.6252122,62500.0,3.166,s
1781802746.8772821,62343.2,1.05715158,s
1781802884.8372724,62400.3,1.00777088,b
1781803742.8978803,62421.6,1.27811901,b
1781803765.0425937,62446.0,2.6676479,s
1781803924.3119628,62611.9,1.43689556,b
1781805475.9470797,62479.0,1.1887389,s
1781805532.976742,62514.6,1.791404,b
1781805532.976742,62527.2,2.3992448,b
1781805532.9767423,62528.2,2.71930952,b
1781805532.9767423,62538.9,1.59959948,b
1781805532.9767425,62546.9,3.20421489,b
1781805532.9767427,62575.9,7.36831256,b
1781805532.9767427,62576.0,1.5,b
1781805532.9767427,62593.2,4.40151184,b
1781805532.9767427,62593.5,1.37872,b
1781805532.976743,62605.4,1.61808478,b
1781805532.976743,62605.7,1.4231,b
1781805532.976743,62624.3,1.750246,b
1781805532.9767435,62674.8,5.066183,b
1781805532.9767435,62676.5,10.39792731,b
1781805532.9911714,62521.9,1.791404,b
1781805532.9937851,62601.2,7.99158388,s
1781805746.030385,62564.6,1.721044,s
1781807379.3205225,62767.1,1.42894638,s
1781807379.3205225,62769.1,1.782849,s
1781807539.7289813,62723.6,1.784655,s
1781807841.8703434,62733.3,1.14240232,b
1781808318.211087,62716.3,2.71100962,b
1781808318.211087,62717.1,1.74528036,b
1781808709.8742797,62733.3,3.11742551,b
1781809652.3624132,62617.9,1.340097,s
1781810320.5361087,62590.0,1.08063805,s
1781811002.98848,62709.9,1.577125,s
1781812829.9712296,62974.7,1.00607939,s
1781812847.3913958,63000.0,1.56701094,b
1781812847.6064403,63000.0,1.86594025,b
1781812847.6064403,63000.0,3.0,b
1781812870.6855853,63087.0,1.04039608,b
1781817200.6336932,62876.8,1.5903196,s
1781817200.6336932,62884.3,1.780202,s
1781817200.6336932,62884.5,1.58965859,s
1781817200.6336932,62884.6,1.26136241,s
1781824406.17457,62764.1,1.59281914,s
1781824406.1745703,62755.3,2.39023553,s
1781824406.1745703,62755.8,1.783736,s
1781824422.572997,62715.3,6.37590171,s
1781824422.572997,62715.4,1.783726,s
1781824422.572997,62719.8,2.3915882,s
1781824432.537334,62699.2,2.12777139,s
1781824432.537334,62704.1,2.39218733,s
1781825885.924812,62824.8,1.06306484,b
1781829028.2574317,62904.2,1.779893,b
1781829028.257432,62925.2,2.383783,b
1781829028.257432,62928.2,2.55356799,b
1781830195.0267916,62968.7,1.02560868,b
1781830848.072,62931.8,2.70087728,s
1781834563.5630918,62967.8,2.7000299,b
1781834563.5630918,62968.0,1.02318765,b
1781834563.5630918,62968.5,1.777909,b
1781838837.008339,62665.7,1.785978,s
1781838837.008339,62665.7,2.71216119,s
1781838837.008339,62665.8,1.4573397,s
1781838837.0083392,62661.6,2.39380933,s
1781838912.9819298,62634.5,4.06505773,s
1781838912.9856968,62634.5,2.461434,s
1781838913.0135956,62634.5,1.45632736,s
1781838913.0135958,62626.6,2.0018336,s
1781838913.3345888,62600.0,1.15015974,s
1781838913.4536355,62538.4,2.26241356,s
1781838914.0826886,62533.2,1.26539776,s
1781838914.082689,62500.0,2.15044263,s
1781838914.2655215,62500.0,2.84955737,s
1781838914.265522,62461.6,7.07443388,s
1781838924.952883,62527.1,2.13065249,b
1781839093.702609,62350.0,1.19572979,s
1781839093.7035334,62350.0,1.15021899,s
1781839228.8576684,62508.0,2.39968921,s
1781839228.8576684,62526.4,1.59858622,s
1781839228.8576686,62497.4,3.90192322,s
1781839300.3876245,62575.4,1.790584,s
1781839300.3876247,62546.9,1.19478771,s
1781839300.3876247,62554.3,1.59784671,s
1781840662.387888,62615.0,1.03366597,b
1781840891.4723082,62629.5,1.787848,s
1781840891.4723082,62630.9,1.59617988,s
1781840891.4723084,62623.7,2.39525764,s
1781840891.4723086,62606.0,1.5,s
1781840891.4723086,62611.6,7.98573266,s
1781840891.4723089,62593.2,7.98807632,s
1781840891.4723089,62601.8,7.98698577,s
1781840891.4723089,62601.9,2.43077667,s
1781840891.4723089,62604.0,1.6091748,s
1781840891.472309,62577.1,3.52496435,s
1781840891.472309,62584.8,7.98914893,s
1781840891.5153985,62630.9,1.36890598,s
1781841783.0574663,62620.4,1.788921,b
1781841783.0574663,62621.0,2.39536288,b
1781841783.0574663,62624.0,2.71484414,b
1781842973.6229193,62669.7,1.11940262,s
1781844976.0205255,62368.8,1.794906,s
1781844976.0205255,62368.9,1.60282228,s
1781844976.0205257,62355.3,1.45862127,s
1781844976.0205257,62359.8,2.40539433,s
1781844976.0271635,62350.0,1.45073865,b
1781844976.0884411,62350.0,1.06100093,b
1781844980.6989887,62350.0,2.21112817,b
1781844994.3848305,62350.0,1.15128845,b
1781844994.3920465,62350.0,1.2120475,b
1781845011.0813375,62350.0,1.46027842,b
1781845014.0961351,62350.0,1.2120475,b
1781845014.2656047,62350.0,1.16002557,b
1781845049.655767,62350.0,2.10589368,b
1781849732.2385223,62776.5,1.36639026,b
1781849920.3267558,62722.9,1.56929783,b
1781860367.3934603,62315.0,1.56443166,s
1781863761.8149378,62450.0,1.25782252,b
1781863764.5564995,62450.0,1.42430243,b
1781868213.2797132,62590.4,2.09666201,b
1781868213.2797134,62593.8,2.39666257,b
1781868213.2797134,62593.8,2.71621651,b
1781868213.2797134,62599.8,1.59780665,b
1781868213.2797134,62599.9,1.27021912,b
1781868213.2797134,62600.7,7.98713251,b
1781868213.2797136,62608.7,7.98611963,b
1781868213.2797136,62616.3,7.98514919,b
1781868213.2797139,62621.7,2.58283508,b
1781868213.2797139,62622.2,1.5,b
1781868213.2797139,62622.8,1.84035492,b
1781868213.2797139,62623.9,7.98417518,b
1781868213.2797139,62626.9,2.87883721,b
1781868468.4408505,62564.9,2.39751218,b
1781868468.4408505,62569.4,2.39765746,b
1781868468.4408505,62569.5,1.789745,b
1781868468.4408505,62574.4,7.99049785,b
1781868468.4408505,62576.8,1.59850072,b
1781868468.4408507,62579.3,2.71687124,b
1781868468.4408507,62582.1,7.98950798,b
1781868468.4408507,62589.9,7.98851213,b
1781868468.440851,62597.6,7.98752705,b
1781868468.440851,62600.0,4.23571248,b
1781868468.440851,62604.6,3.94843433,b
1781870194.2881846,62557.9,2.71713172,s
1781870993.8841937,62592.0,1.34739033,b
1781873109.9536452,62447.0,1.792457,s
1781873109.9536452,62447.1,1.60085572,s
1781873109.9536452,62451.1,1.14123913,s
1781873109.9536455,62434.2,8.00842599,s
1781873109.9536455,62434.3,1.30828962,s
1781873109.9536455,62441.3,2.40225435,s
1781873109.9536457,62417.5,8.01056365,s
1781873109.9536457,62420.6,1.843978,s
1781873109.9536457,62424.9,1.5,s
1781873109.9536457,62425.5,8.00954325,s
1781873109.953646,62407.8,6.30105028,s
1781873109.953646,62408.8,8.01169044,s
1781873109.953646,62408.9,1.37530967,s
1781873109.953646,62409.6,2.13754878,s
1781873114.9602125,62432.2,1.5,s
1781873309.3989398,62278.9,1.79654,s
1781873309.3989398,62282.6,1.60557783,s
1781873309.3989398,62287.8,2.4081739,s
1781873309.39894,62267.5,8.02987016,s
1781873309.39894,62267.6,2.39691624,s
1781873309.39894,62275.2,8.02887449,s
1781873309.3989403,62253.2,8.0317137,s
1781873309.3989403,62258.4,8.03104004,s
1781873309.3989403,62260.8,1.50225815,s
1781873309.3989406,62243.4,1.5,s
1781873309.3989408,62236.1,7.92561911,s
1781873493.9314153,62613.1,1.05308184,b
1781873507.5294833,62730.8,1.37010741,b
1781873907.074468,62738.7,1.785653,b
1781873907.074468,62739.7,1.0701166,b
1781873907.074468,62739.7,1.32071671,b
1781873959.1333296,62755.2,2.39054428,b
1781873959.1333299,62759.0,1.784895,b
1781873959.1333299,62760.3,1.59370042,b
1781873959.1333299,62761.4,2.70904856,b
1781873959.1333299,62763.7,7.96639446,b
1781873959.13333,62772.9,7.96522453,b
1781873959.13333,62774.1,3.07571134,b
1781873959.13333,62779.2,1.49243103,b
1781873959.1333303,62781.3,3.45270495,b
1781873959.1333303,62781.8,4.05237963,b
1781873959.1333303,62782.1,7.96406064,b
1781873959.1333303,62790.1,4.4180811,b
1781874367.7698898,62904.3,1.60223421,s
1781874387.0688562,62904.3,1.10777982,s
1781874414.701578,62858.5,2.70474607,b
1781874414.701578,62862.7,1.780489,b
1781874414.7015781,62868.7,1.37053352,b
1781874414.7015781,62868.8,2.38592375,b
1781874414.7015781,62873.0,1.59095094,b
1781874414.7015781,62876.1,7.95215831,b
1781874414.7015781,62876.2,7.95214614,b
1781874414.7015784,62888.3,2.3732518,b
1781874414.7015784,62888.4,4.01032858,b
1781874665.2083986,62790.9,2.70767386,b
1781874685.461142,62786.7,1.18502777,s
1781874688.3746877,62786.7,1.08171813,s
1781874881.3212197,62754.3,1.49502041,b
1781876723.2889102,63083.5,1.211152,b
1781876724.1046932,63144.4,1.5,b
1781876740.4526901,63333.0,1.01380038,b
1781878036.0567179,63050.7,1.098312,s
1781878586.5314827,62983.7,1.11337973,s
1781878586.531483,62975.2,2.69789653,s
1781878586.531483,62975.5,7.93958691,s
1781878586.531483,62975.6,1.74020857,s
1781878586.5314832,62958.1,1.12183561,s
1781878586.5314832,62958.7,7.94170873,s
1781878586.5314832,62959.7,7.94157686,s
1781878586.5314832,62959.8,2.36578464,s
1781878586.5314832,62966.0,7.94078464,s
1781879806.5277884,63300.0,1.00199058,b
1781879806.6619816,63300.0,1.64239278,b
1781880098.8038843,63300.0,1.58652011,b
1781880526.8892584,63319.5,1.40738122,b
1781881044.3269036,63151.0,1.39201998,s
1781881742.4487405,63142.5,2.37557869,s
1781881742.4487405,63152.3,1.58287318,s
1781881742.4487405,63152.3,1.773273,s
1781881742.4487407,63128.9,7.92029324,s
1781881742.4487407,63133.2,7.91975894,s
1781881742.4487407,63133.8,2.27380185,s
1781881742.4487407,63139.4,1.58399174,s
1781881742.448741,63120.0,1.00150909,s
1781881742.448741,63120.9,7.92130438,s
1781881742.448741,63121.0,2.36450936,s
1781883098.7650514,63067.8,1.5852849,s
1781885563.4985619,63190.8,1.19068491,b
1781886041.271184,63241.1,1.860071,b
1781886041.2936823,63253.6,3.9340555,b
1781886745.2101755,63236.0,1.27417062,b
1781888032.1257312,63022.2,2.3801109,s
1781888032.1257315,63017.9,1.58686563,s
1781889076.3958874,62906.2,2.38449943,s
1781889834.8269436,62938.4,1.17710307,s
1781889834.8269436,62938.5,1.13141302,s
1781889834.827344,62938.4,2.25072028,s
1781889834.8277807,62938.4,2.39994314,s
1781891404.6936853,63140.2,3.90132168,s
1781891585.4738305,63092.5,1.15502673,b
1781891977.2468684,63154.9,1.77295,b
1781892011.134873,63155.0,1.02433275,s
1781894003.7975812,63060.3,1.775333,b
1781894160.5166056,63105.0,1.0566568,b
1781894351.3368056,62986.3,2.19056675,s
1781894351.3628983,62986.3,1.26357774,s
1781894351.3766816,62986.3,1.09797043,s
1781894351.3831964,62986.3,1.22288614,s
1781897898.3180084,62930.0,1.13740466,b
1781902021.2029908,63105.0,1.08967732,b
1781902021.2043917,63105.0,1.87916667,b
1781902021.3916154,63105.0,1.0371377,b
1781902021.402459,63105.0,2.81508046,b
1781902021.4085865,63105.0,2.59561201,b
1781908867.70935,63255.0,1.08967732,b
1781908867.7481177,63255.0,1.0566568,b
1781908867.8752637,63255.0,1.4288654,b
1781908867.8967662,63255.0,1.03287978,b
1781909287.7192173,63255.0,1.0566568,b
1781910033.696792,63255.0,1.92374516,b
1781910033.7289026,63255.0,1.0566568,b
1781912329.3162012,63290.0,1.46027842,b
1781912601.8851564,63267.4,1.19518785,b
1781913392.977764,63377.0,1.0,b
1781913393.5329187,63450.0,1.5,b
1781913394.5698774,63490.8,1.57528539,b
1781913395.781049,63471.7,1.767384,s
1781913453.0821595,63532.6,1.00686994,b
1781913506.4996264,63554.9,2.102535,b
1781913506.6277614,63554.9,2.61226695,b
1781915311.9343777,63548.1,1.762548,b
1781915311.9343777,63558.3,2.36003969,b
1781915311.9343777,63559.1,1.18421751,b
1781915521.824071,63551.6,2.054728,b
1781915681.5364096,63650.0,1.0,b
1781915683.3682733,63650.0,1.80178326,b
1781915833.783802,63614.1,1.759459,b
1781915871.2422798,63611.1,1.299872,s
1781923907.739914,63325.2,2.22433685,s
1781923985.9424224,63305.0,1.32258636,s
1781924006.2427142,63320.0,1.768359,s
1781932038.9081326,63600.0,1.2202667,b
1781932039.7404356,63600.0,1.34431135,b
1781932213.1503253,63743.1,1.17672414,b
1781932213.217377,63743.1,3.66978545,b
1781932214.079859,63743.1,1.814192,b
1781932214.0983129,63743.1,1.74263185,b
1781932214.5660331,63743.1,1.13817251,b
1781932214.7077348,63743.1,1.85042791,b
1781932214.8667233,63743.1,2.80701313,b
1781932214.8793538,63743.1,2.01064307,b
1781932214.995507,63743.1,2.40472351,b
1781932215.0645852,63743.1,2.98131387,b
1781932215.066353,63743.1,1.50435215,b
1781932215.072836,63743.1,1.92472854,b
1781932215.186138,63743.1,2.254157,b
1781932324.4088924,63726.5,1.756619,b
1781932436.6169474,63810.6,1.01727511,b
1781932436.6289117,63810.6,1.27710816,b
1781955819.4557917,63664.8,1.25,b
1781958280.5592191,63655.9,2.25513116,b
1781960596.191714,63537.6,1.94995567,s
1781960596.191714,63537.7,1.5780485,s
1781961837.4416056,63377.0,1.06319077,s
1781961838.6531947,63377.0,1.06319077,s
1781962475.7227478,63295.3,1.57942762,s
1781962475.722748,63284.1,2.15205755,s
1781964467.7882745,63195.1,1.30191539,s
1781964467.7882745,63197.6,1.86250947,s
1781966376.433139,63329.3,1.08594514,s
1781966376.4331393,63324.1,4.79579378,s
1781966376.4331396,63315.2,3.08875272,s
1781966376.4331398,63315.2,1.37551154,s
1781966769.5557396,63791.9,1.03159905,b
1781966788.4253292,63900.0,1.22913171,b
1781966792.1389186,63900.0,3.29843134,b
1781966795.0377696,63993.7,1.753852,b
1781966795.0505643,64000.0,1.25325762,b
1781966795.2194633,64000.0,1.30733434,b
1781966795.2591062,64000.0,1.97054931,b
1781966795.265191,64000.0,1.13555737,b
1781966795.3292854,64000.0,3.25606041,b
1781966795.36526,64000.0,1.3425757,b
1781966795.3813465,64000.0,2.76,b
1781966795.3849468,64000.0,1.24,b
1781966796.5574245,64141.1,1.03185164,b
1781966796.6589892,64076.5,1.5,s
1781967150.0450103,63919.5,1.53568327,b
1781967846.6603124,63900.0,1.10310246,b
1781967846.680653,63900.0,1.59038369,b
1781968565.8335526,64000.0,1.26353162,b
1781968585.6783407,63917.6,1.56388212,s
1781968699.2002387,63929.2,1.32798601,b
1781968699.4954085,63935.7,2.225924,b
1781968699.4977574,63935.7,1.594059,b
1781968699.574302,63959.0,1.32185296,b
1781968699.5748665,63959.0,3.188119,b
1781968699.6284034,63959.0,2.410624,b
1781968699.7301993,63973.6,1.5,b
1781968700.5414333,64000.0,1.806576,b
1781968700.5469759,64000.0,1.923886,b
1781968700.5619137,64000.0,2.1,b
1781968759.9746022,64160.0,1.34283557,b
1781968826.1219845,64313.4,1.74318,b
1781968826.1219847,64336.4,2.5755732,b
1781969436.8093488,64117.3,1.09035374,s
1781969437.7937915,64117.3,1.09035374,s
1781969768.350098,64030.0,1.5612749,s
1781972387.4645016,63953.1,1.750565,b
1781976912.1789448,63865.2,1.18454324,s
1781976912.1825576,63864.7,1.93525958,s
1781976913.771494,63786.1,1.14064455,s
1781976914.4433215,63744.8,1.751442,s
1781993561.2522233,64036.0,1.09501926,b
1781993561.2997015,64036.0,1.06199874,b
1781994248.6729627,64080.1,1.04077413,b
1781994503.4903512,64200.0,1.0,b
1781998285.1799078,64239.9,1.08305235,b
1781998285.1799078,64240.0,5.0,b
1782000058.999827,64250.0,1.2655,s
1782000059.2277122,64250.0,1.3079,s
1782000081.4406056,64250.0,1.58874412,s
1782000081.5744197,64250.0,1.08305724,s
1782000081.6254845,64250.0,2.49109069,s
1782000081.651882,64250.0,1.797556,s
1782000081.7494798,64250.0,1.5726056,s
1782016305.219133,64446.3,1.737214,b
1782016792.564054,64447.2,1.55091193,s
1782021873.4912813,64150.0,1.0,s
1782030464.0083363,63965.0,1.749888,s
1782030464.0083363,63965.4,2.34501719,s
1782030464.0083365,63945.8,7.81911558,s
1782030464.0083365,63954.9,7.81800002,s
1782030464.0083368,63937.2,7.82016529,s
1782030464.0083368,63937.5,3.69449915,s
1782030464.0083368,63938.4,2.43968794,s
1782030464.008337,63931.9,1.45114579,s
1782030464.008337,63932.1,1.87765875,s
1782030464.008337,63934.2,2.08595713,s
1782030464.008337,63936.0,1.57548399,s
1782031115.1511319,63894.1,1.0,b
1782032461.208702,63925.8,1.11822299,s
1782039457.85146,64281.5,1.911833,s
1782041974.8101096,64183.6,1.09938941,s
1782042023.029795,64163.4,1.35751337,s
1782044108.9686048,63987.9,1.04873023,s
1782048146.1281838,64078.7,1.55985292,s
1782048146.128184,64072.8,1.747063,s
1782053410.9397464,63971.8,1.07728002,b
1782053416.6876204,63971.8,1.06345749,b
1782054092.4555569,64050.7,1.0434709,b
1782054092.4656909,64050.7,1.07205577,b
1782054092.5219367,64050.7,2.64746145,b
1782064780.0960355,64085.5,1.746789,s
1782064780.0960357,64070.1,7.80394935,s
1782064780.0960357,64077.7,2.34090454,s
1782064780.096036,64051.1,7.80625957,s
1782064780.096036,64051.2,2.06686059,s
1782064780.096036,64051.4,2.08177297,s
1782064780.096036,64053.6,7.80595869,s
1782064780.096036,64061.8,7.80495375,s
1782064780.0960362,64030.0,1.5,s
1782064780.0960362,64043.1,7.80723684,s
1782064780.0960362,64043.2,2.3304602,s
1782064780.0960364,64013.4,5.46759741,s
1782064780.0960364,64019.2,5.46710753,s
1782064780.0960364,64020.8,7.67255869,s
1782064780.0960364,64025.1,2.08157189,s
1782064780.0960367,63995.0,1.44172,s
1782064780.0960367,64003.5,4.29055638,s
1782064780.0960367,64008.8,5.46799502,s
1782064780.096037,63974.1,5.47095908,s
1782064780.096037,63974.6,11.72338782,s
1782064780.096037,63982.0,5.47028532,s
1782064780.096037,63982.8,1.5,s
1782064780.096037,63983.8,1.36507,s
1782064780.096037,63985.1,2.39392,s
1782064780.0960371,63952.2,7.40456216,s
1782064780.0960371,63961.9,5.4720014,s
1782064780.0960371,63962.1,4.454891,s
1782064780.1150188,64075.5,1.746806,s
1782064780.1181576,64051.3,6.14363711,b
1782064780.1192865,64051.3,1.09669053,b
1782064780.1472223,64051.3,2.70504223,b
1782065965.327494,63931.4,1.56360064,s
1782067143.294188,64100.0,1.06345749,b
1782074820.5994506,63850.0,1.03019797,s
1782074916.732852,63700.0,1.27126203,s
1782075238.1343338,63695.3,1.06345749,b
1782075238.159445,63695.3,1.96139128,b
1782076194.068754,63574.6,1.57232902,s
1782077734.2754688,63711.0,1.7959145,b
1782077734.4806142,63711.0,1.06345749,b
1782077908.7755542,63711.0,2.03582286,b
1782077908.803284,63711.0,1.60918195,b
1782078488.7615457,63796.0,1.80382468,b
1782079819.4953024,63550.9,1.762054,s
1782080148.1435826,63581.2,1.3,b
1782080148.3831832,63601.6,2.53829441,b
1782080148.408878,63601.6,2.96120077,b
1782080478.5233438,63649.9,1.20777791,s
1782082612.7350564,63711.9,1.756634,b
1782082612.7350566,63722.3,2.3539645,b
1782082612.7350566,63725.9,2.35399555,b
1782082612.7350566,63728.7,1.56925494,b
1782082612.7350566,63728.7,2.667761,b
1782082612.7350566,63732.2,7.84533801,b
1782082612.7350566,63734.4,1.5,b
1782082612.7350569,63739.9,3.16573731,b
1782082612.7350569,63740.8,7.84427906,b
1782082612.7350569,63749.2,2.37980369,b
1782082612.7350569,63749.3,7.84323397,b
1782082612.7350569,63758.8,3.14115734,b
1782082612.7350569,63759.1,6.77661793,b
1782082612.735057,63759.2,7.84200678,b
1782082612.735057,63765.6,7.84121957,b
1782082612.735057,63767.3,4.6521948,b
1782082612.7350574,63781.2,1.5,b
1782082612.7350574,63785.3,7.8388081,b
1782082612.7350574,63788.5,5.48688451,b
1782082612.7350576,63797.3,4.31491808,b
1782082612.7350576,63815.7,5.48454471,b
1782082612.7350576,63823.6,5.48386952,b
1782082612.7350578,63826.6,5.48361172,b
1782082612.7350578,63832.9,1.39265,b
1782082612.7350578,63846.2,1.4063,b
1782082612.735058,63853.5,5.48129921,b
1782082612.735058,63863.2,5.48046974,b
1782082612.735058,63868.1,3.00569728,b
1782082612.735058,63868.1,4.447593,b
1782082612.7526202,63725.9,2.35398445,b
1782082612.762868,63725.9,1.48056953,b
1782084993.4270856,63306.6,2.39739817,s
1782085003.9453433,63264.7,2.68647985,s
1782085003.9453433,63264.8,1.09107955,s
1782085081.2632663,63306.4,1.86930282,s
1782088711.278204,63959.6,1.56346661,b
1782090186.218569,63920.0,1.1884363,b
1782090186.2902749,63920.0,1.34183312,b
1782090186.3460445,63920.0,1.03560115,b
1782090186.3498073,63920.0,1.24673769,b
1782090186.3556566,63920.0,1.05844558,b
1782090186.3570383,63920.0,1.02012556,b
1782090186.3772137,63920.0,1.11521887,b
1782090186.390079,63920.0,1.08454708,b
1782090186.4287348,63920.0,1.59586161,b
1782090186.4596183,63920.0,2.13092535,b
1782090187.2116385,63920.0,1.02282566,b
1782090187.5003219,63920.0,1.07010368,b
1782090187.507263,63920.0,2.55814097,b
1782090187.5825977,63920.0,1.07746834,b
1782090187.5990388,63920.0,2.1615861,b
1782090188.2173998,63920.0,1.34183312,b
1782090188.459211,63920.0,1.805953,b
1782090188.5355093,63920.0,1.77310352,b
1782090188.538963,63920.0,1.6,b
1782090188.6214375,63920.0,1.47644595,b
1782090188.6288073,63920.0,1.45783723,b
1782090188.6582768,63920.0,34.109474,b
1782090188.943533,63920.0,1.02689648,b
1782090189.0420318,63920.0,2.445464,b
1782090189.0741458,63920.0,1.805906,b
1782090189.098689,63920.0,1.37667523,b
1782090189.1520417,63920.0,2.0817,b
1782090189.208405,63920.0,1.1,b
1782090189.2739444,63920.0,1.34183312,b
1782090190.9343822,63920.0,1.34183312,b
1782090200.7932768,63920.0,1.34183312,b
1782090201.6470022,63920.0,1.34183312,b
1782090201.763143,63920.0,6.67579181,b
1782090202.7729416,63920.0,1.02282566,b
1782090202.7973728,63920.0,6.78033781,b
1782090203.7714794,63920.0,1.02282566,b
1782090204.119833,63920.0,3.99300351,b
1782090214.6040154,63920.0,1.34183312,b
1782090381.3713374,63868.0,1.5998961,b
1782090381.388754,63868.0,1.29989014,b
1782090381.4897213,63868.0,1.34183312,b
1782091349.7951186,64082.9,1.7030372,b
1782091349.8121064,64082.9,1.27732192,b
1782091349.8792627,64082.9,1.32828701,b
1782091349.9860907,64082.9,1.27613507,b
1782091350.1447194,64082.9,2.23404696,b
1782091350.1587641,64082.9,1.50246967,b
1782091350.232022,64082.9,1.11832458,b
1782091350.2369404,64082.9,1.93199265,b
1782091350.2457237,64082.9,1.07251569,b
1782091350.2457237,64082.9,1.07251569,b
1782091350.7440684,64082.9,1.26313415,b
1782091422.872858,64200.0,1.0,b
1782091423.5838528,64275.1,1.5,b
1782091425.8885224,64306.1,1.25711041,b
1782091542.3948624,64400.0,1.32472477,b
1782091542.4351637,64400.0,1.36566305,b
1782091542.4378846,64400.0,2.4009414,b
1782091555.801008,64349.8,2.33101283,b
1782091555.9086077,64363.2,6.336983,b
1782091555.90915,64363.2,1.35762903,b
1782091556.258101,64382.7,1.27732192,b
1782091556.6085582,64400.0,1.08516551,b
1782091556.7938864,64400.0,1.42797777,b
1782091556.7953315,64400.0,1.94729486,b
1782091557.7103882,64400.0,1.34183312,b
1782091558.610327,64400.0,1.34183312,b
1782091558.9026902,64400.0,1.229679,b
1782091559.111708,64400.0,16.952766,b
1782091575.7495728,64500.0,1.0714,b
1782091575.7510502,64500.0,3.95008503,b
1782091575.7700083,64500.0,1.51953839,b
1782091575.7872148,64500.0,2.3,b
1782091575.7955618,64500.0,2.92851938,b
1782091575.80647,64500.0,1.47294094,b
1782091575.8149645,64500.0,1.93085817,b
1782091576.1171765,64562.6,1.5,b
1782091576.5489516,64600.0,2.03310841,b
1782091576.6962192,64600.0,1.96689159,b
1782091579.1117637,64662.0,1.02257256,b
1782093300.7620196,64575.0,1.25755765,b
1782093300.7717702,64575.0,1.10453775,b
1782093483.7494493,64523.9,1.70791384,b
1782093581.9629867,64554.6,1.5485332,s
1782094345.7998242,64500.0,1.31582287,s
1782100228.8299134,64091.1,2.2,s
1782106367.7591348,64134.5,1.746215,b
1782107952.1370804,64169.8,1.18002492,b
1782107952.1370804,64169.9,1.745149,b
1782107952.1370804,64172.5,1.13211593,b
1782111595.0942883,63941.1,1.56353724,s
1782113162.208757,64194.1,1.0,b
1782118936.1064663,64100.0,1.27048351,b
1782125849.9178832,64056.2,1.56062127,s
1782125849.9178832,64058.8,1.74749,s
1782125882.33029,64050.0,1.02412529,b
1782125945.7767565,64050.0,1.1161171,b
1782126283.8036427,64050.0,1.18272141,b
1782126283.979367,64050.0,1.81427602,b
1782126283.9919946,64050.0,3.8300097,b
1782126304.2531385,64099.0,1.50860762,b
1782126304.344231,64099.0,1.11783158,b
1782126305.3666897,64099.0,8.78238114,b
1782128011.6369007,64543.9,1.734972,b
1782129678.5255187,64555.7,2.0,b
1782129683.6697557,64624.0,1.734196,b
1782129683.763196,64638.1,2.32061463,b
1782129683.889601,64648.5,2.3,b
1782129684.1820316,64659.2,1.69282729,b
1782129695.663767,64717.8,1.15,b
1782129701.578889,64741.9,1.730743,b
1782129701.578889,64749.2,1.55216831,b
1782129739.533286,64711.4,2.3,b
1782129739.6037986,64720.1,2.3,b
1782129740.0919995,64779.8,1.85302203,b
1782129740.1305742,64793.1,1.4001725,b
1782131075.5603893,64853.2,1.727156,b
1782131148.1215394,64888.6,1.725359,b
1782131804.2424705,64950.0,2.34612507,b
1782131804.3448322,64950.0,1.894428,b
1782131887.703343,65000.0,1.28761619,b
1782131902.1726367,65000.0,9.89146123,b
1782132503.0981576,65046.7,1.02176934,b
1782132554.4013133,65112.4,1.03560115,b
1782132554.4013135,65120.3,1.08454708,b
1782132554.4013135,65120.3,1.59586161,b
1782132554.4013135,65120.3,2.13092535,b
1782132554.4013138,65126.0,1.07010368,b
1782132554.401314,65128.5,1.07746834,b
1782132554.401314,65128.5,2.1615861,b
1782132554.4013145,65138.1,1.07275467,b
1782132554.4013145,65138.1,1.805953,b
1782132554.4013147,65146.6,1.47644595,b
1782132554.4013147,65146.6,1.6,b
1782132554.4013152,65152.8,1.8593501,b
1782132554.4013152,65153.3,2.26267587,b
1782132554.4013152,65153.8,7.67415477,b
1782132554.4013152,65156.4,1.5,b
1782132554.4013155,65169.7,5.37059493,b
1782132554.4013157,65175.0,3.87823634,b
1782132554.4013157,65179.8,1.5,b
1782132554.4013157,65179.8,5.36976208,b
1782132554.4013157,65181.3,1.02689648,b
1782132554.4013162,65191.9,2.04157497,b
1782132554.4013164,65199.8,1.37667523,b
1782132554.4013164,65199.8,1.805906,b
1782132554.4013166,65212.4,1.1,b
1782132554.4013166,65212.4,1.11153378,b
1782132554.4013166,65212.4,1.34183312,b
1782132554.4013166,65212.4,1.34183312,b
1782132554.4013166,65212.4,2.0817,b
1782132554.401317,65213.3,1.34183312,b
1782132554.401317,65213.3,3.88137013,b
1782132554.401317,65222.9,1.02282566,b
1782132554.401317,65222.9,1.29779244,b
1782132554.401317,65222.9,2.72659569,b
1782132554.4013171,65231.2,5.31796137,b
1782132554.4013171,65249.9,1.02282566,b
1782132554.4013174,65249.9,3.80853687,b
1782132554.4013174,65251.2,1.21949885,b
1782132554.4013174,65251.2,1.34183312,b
1782132554.4013176,65271.5,1.29989014,b
1782132554.4013178,65277.8,1.34183312,b
1782132554.4559705,65121.7,1.05129807,b
1782132554.4559708,65137.5,1.1,b
1782132554.4559708,65137.5,1.11153378,b
1782132554.4559708,65137.5,1.34183312,b
1782132554.4559708,65137.5,1.34183312,b
1782132554.4753075,65116.8,1.5,b
1782132739.8624072,65097.6,2.30423367,b
1782133001.3899093,65088.0,2.0,s
1782133967.365914,65106.7,2.30391381,b
1782133967.365914,65109.0,1.44490115,b
1782133967.365914,65109.1,1.720435,b
1782133967.365914,65109.1,2.61127529,b
1782133967.365914,65111.9,3.26904641,b
1782135014.6418886,64960.0,1.43103977,b
1782135058.9619112,65099.9,1.53533073,s
1782135058.9619112,65099.9,2.61005974,s
1782135063.8601336,65182.7,1.0,s
1782135063.8638616,65182.7,1.56493207,s
1782135063.8638618,65170.6,2.09088107,s
1782135063.8638618,65181.6,1.719719,s
1782135353.3417003,65200.0,1.53818838,b
1782135390.859357,65254.4,1.53177504,s
1782135390.8593574,65253.3,1.716503,s
1782135846.3866577,65300.0,1.7519028,b
1782136488.946387,65430.0,4.80751652,b
1782136828.9928887,65503.5,1.21948054,s
1782137390.3005235,65241.0,1.71581,b
1782138076.008603,65100.0,1.08126698,b
1782138076.06454,65100.0,8.713611,b
1782138560.463507,64906.3,1.724094,s
1782138673.4931276,64840.0,1.726631,s
1782138673.4931278,64833.5,1.54186958,s
1782138744.5574355,64901.8,1.55804089,b
1782140055.3993003,64897.6,1.09323976,s
1782140055.3993003,64901.0,1.724734,s
1782141001.560235,64952.6,1.723897,s
1782141001.5657406,64935.2,1.5,s
1782141001.5660655,64904.5,1.81317493,s
1782141039.3435676,64967.7,1.80127881,b
1782141039.3435678,64977.9,1.723597,b
1782141097.5794988,64979.0,1.723446,b
1782141956.5943267,64962.1,1.53878277,s
1782142388.4635496,65032.5,1.723294,b
1782142388.4635499,65035.9,1.84313217,b
1782142918.5894656,64980.0,1.11702742,b
1782144216.2947469,64633.0,1.84680013,s
1782145265.6226487,64683.2,1.67229975,s
1782146131.3689582,64548.2,2.32384232,s
1782146131.3689585,64537.0,7.74748527,s
1782146349.5256343,64546.6,1.5488014,s
1782147832.5264435,64646.7,1.732003,b
1782147832.5273125,64657.2,2.08948261,b
1782147832.5274403,64657.8,1.6256221,b
1782147832.5279577,64663.0,1.07506333,b
1782151772.0493827,64588.2,2.63128641,s
1782151874.6262143,64607.3,2.63,s
1782152140.5811205,64645.6,1.732367,s
1782153963.6718938,64396.1,4.03462002,s
1782154238.6815798,64414.6,1.738279,s
1782155685.4831884,64320.3,1.06345749,b
1782155685.4842494,64320.3,1.36828035,b
1782156398.8230896,64234.9,1.531549,s
1782157093.9470708,64350.0,1.15339207,b
1782157772.378002,64276.5,1.29849595,s
1782158450.4178345,64428.9,1.06517926,b
1782158450.483723,64428.9,1.06345749,b
1782158451.4001362,64428.9,1.28423595,b
1782158452.3521357,64428.9,1.06345749,b
1782158452.360761,64428.9,1.792181,b
1782158452.3732839,64428.9,1.56468424,b
1782158452.4796321,64428.9,2.39387209,b
1782163418.296573,64215.0,1.28703486,s
1782167287.715303,63900.1,1.17964787,s
1782167288.4834294,63892.6,1.35356015,s
1782167288.7575235,63892.6,8.02660035,s
1782167569.277506,63943.6,1.29969473,b
1782167569.2836506,63943.6,1.75500249,b
1782167569.3139808,63943.6,1.59518623,b
1782167908.6754599,63788.6,1.754596,s
1782168615.2639818,63870.7,1.08951356,s
1782168615.2639818,63870.7,1.39677272,s
1782169416.4719307,63890.0,1.8434384,s
1782169416.4719307,63890.0,5.0,s
1782170128.5048854,63875.0,1.28800561,s
1782170270.140317,63850.0,1.77058005,s
1782175442.9843776,63998.4,1.74974,b
1782175442.9843776,64001.3,2.34370536,b
1782175442.9843776,64003.6,1.03258255,b
1782175442.9843776,64003.7,2.65636755,b
1782175442.9843779,64012.1,1.56259192,b
1782175442.9843779,64016.6,7.81047711,b
1782175442.984378,64025.4,2.35047793,b
1782175442.984378,64025.5,7.80939791,b
1782175442.984378,64032.0,1.99252396,b
1782175442.984378,64032.2,1.19525588,b
1782175442.9843783,64034.7,7.80826809,b
1782175442.9843783,64037.3,2.32146187,b
1782175442.9843783,64040.8,1.32402173,b
1782176075.9675312,64057.3,1.31629193,s
1782178047.4337099,64123.0,2.53092374,s
1782182640.7059314,64150.0,1.00253705,b
1782182663.1566083,64150.0,1.21574279,b
1782183179.8692794,64150.0,1.16626287,b
1782189324.2290723,63811.5,1.04980138,s
1782192180.280218,63442.8,1.2065096,s
1782192180.4421866,63442.8,18.74297155,s
1782192349.8071942,63337.2,1.767635,s
1782192349.8071945,63319.7,1.5792878,s
1782192349.8071945,63324.0,1.57866879,s
1782192349.8071947,63306.9,7.89803218,s
1782192349.8071947,63313.0,2.36918042,s
1782192349.807195,63289.4,7.90021112,s
1782192349.807195,63298.1,7.89911999,s
1782192349.807195,63300.0,1.0,s
1782192349.8071952,63280.4,3.41148707,s
1782192349.8071952,63280.9,2.44941709,s
1782192349.8071952,63282.0,2.81537134,s
1782192349.8071952,63285.9,2.10767609,s
1782194906.154975,63100.0,1.00103011,s
1782195514.206987,63005.0,8.07799376,s
1782195514.206987,63005.0,10.0,s
1782195668.3057969,62720.0,1.59921623,s
1782195679.3097892,62560.3,1.785084,s
1782195726.5319989,62611.4,1.02970335,s
1782195742.6528685,62600.0,1.58011361,s
1782195745.8955727,62550.0,1.47124636,s
1782195791.6467757,62548.2,1.00526605,s
1782195872.1123638,62530.9,1.0511118,b
1782196126.5593286,62669.9,1.786942,b
1782196126.5593286,62683.7,2.71233559,b
1782196126.5593286,62683.8,2.16961987,b
1782196126.5593288,62691.2,1.59550871,b
1782196126.5593288,62696.6,1.83952966,b
1782196168.0283575,62688.8,1.4600322,s
1782196168.0283575,62695.1,2.57853971,s
1782196256.7350945,62637.1,2.33908653,s
1782196264.182406,62623.6,1.54068268,s
1782197238.8653512,62959.7,1.03052819,b
1782198281.2607038,62871.5,1.41264329,s
1782198547.9796984,62931.0,1.779279,b
1782201204.6456492,62843.7,1.59057135,s
1782201204.6456494,62842.8,1.64294397,s
1782202441.1398895,62651.0,5.77822272,s
1782202444.2793539,62632.3,1.786556,s
1782202444.279354,62620.6,1.05673074,s
1782202647.0038836,62497.7,1.79113,s
1782202653.3343246,62480.0,1.90331607,s
1782202653.3385806,62480.0,1.38624055,s
1782202653.3492444,62480.0,1.46381795,s
1782202653.3920543,62480.0,2.06648996,s
1782202653.3948176,62480.0,1.224494,s
1782202653.405241,62480.0,2.24194254,s
1782202653.4137037,62480.0,5.65322093,s
1782202653.4363604,62480.0,1.04076008,s
1782202653.4423196,62480.0,1.67896208,s
1782202653.7391133,62433.0,1.298298,s
1782202657.3146286,62376.9,1.46221595,s
1782202657.7453048,62376.9,2.18603609,s
1782202658.5926595,62376.9,4.54307723,s
1782202658.5926595,62376.9,9.00637927,s
1782202658.9640577,62376.9,8.600703,s
1782202658.9641707,62376.9,8.48342749,s
1782202658.9701722,62376.9,7.79830422,s
1782202667.9793792,62376.9,1.67039796,s
1782203063.471403,62200.1,1.01401435,s
1782203063.6334543,62200.0,1.97345847,s
1782203063.679066,62200.0,1.81281473,s
1782203065.7058961,62112.1,2.32328902,s
1782203118.0075774,62162.8,1.25832898,b
1782203205.4645455,62150.0,1.33490481,s
1782203279.2949345,61950.0,1.0,s
1782203368.4783652,62050.0,2.11767686,s
1782203368.486637,62050.0,2.12328255,s
1782203506.2642732,62196.1,2.73360795,b
1782203506.2642736,62202.6,1.0,b
1782203678.626142,62195.9,1.03263807,b
1782203678.6286104,62210.9,1.63605163,b
1782203678.6518247,62212.2,1.04907249,b
1782203907.356449,62266.8,1.55854474,s
1782204344.0909467,62298.3,1.006325,s
1782204402.8687792,62280.9,1.13942689,s
1782207750.0428498,62300.0,1.0,s
1782208926.320363,62380.0,1.05304831,b
1782208926.3515065,62380.0,1.22319532,b
1782208926.373355,62380.0,1.29609604,b
1782209522.6344397,62383.2,1.36766662,b
1782210346.0378473,62308.2,1.796969,b
1782211965.3268416,62203.1,1.77691694,b
1782213657.008951,62388.7,2.82165724,b
1782213808.6413574,62500.0,1.21574279,s
1782213808.6413577,62500.0,1.11967323,s
1782214014.3971303,62433.0,1.02993191,s
1782214112.4636543,62445.6,1.793381,b
1782214921.2938452,62522.7,1.933514,s
1782215352.0441675,62407.5,1.13007513,s
1782215356.4885921,62407.5,2.027347,s
1782215360.0089478,62407.5,1.10351347,s
1782216668.0843248,62366.8,1.08472664,s
1782216709.4501154,62353.0,1.37844193,s
1782216709.4501154,62353.0,2.72600026,s
1782216722.010088,62353.0,2.72583613,s
1782216739.0575604,62339.1,1.795695,s
1782216739.0575604,62341.7,1.60363362,s
1782216739.0575604,62342.7,1.14925639,s
1782216739.0575607,62330.0,1.60435232,s
1782217045.9603627,62327.0,1.273053,s
1782219009.9470105,62171.4,1.05796523,s
1782219908.996743,62103.0,16.112737,s
1782219932.2594492,62110.7,1.802764,s
1782221700.5938387,62227.6,1.60655841,s
1782221839.0587738,62251.7,1.46053835,b
1782221867.2518415,62252.0,1.60637409,s
1782222795.6677322,62440.5,1.0,s
1782223297.2105346,62509.5,1.792072,b
1782224654.0725565,62550.0,1.93422611,s
1782224655.4765418,62550.0,1.93422611,s
1782224656.4561908,62550.0,1.93422611,s
1782224678.8042607,62550.0,1.070969,s
1782224680.4271026,62550.0,1.59788022,s
1782224680.4932203,62550.0,1.17886726,s
1782224680.5045416,62550.0,1.48127704,s
1782224680.5171258,62550.0,1.87357239,s
1782224680.5189373,62550.0,5.88317607,s
1782224680.5208488,62550.0,1.91422348,s
1782224680.5384698,62550.0,1.02389243,s
1782224680.5417554,62550.0,2.66396332,s
1782224680.5678282,62550.0,1.44583682,s
1782224680.6436403,62550.0,1.21920346,s
1782224680.6782985,62550.0,3.21181257,s
1782224684.1461031,62550.0,1.91422348,s
1782224689.4681003,62550.0,1.91422348,s
1782224690.6220586,62550.0,1.44154612,s
1782224690.6400042,62550.0,2.500705,s
1782224691.2040157,62550.0,2.4511848,s
1782224691.204699,62550.0,1.09448138,s
1782224693.7713895,62550.0,1.76730514,s
1782224693.7731934,62550.0,2.500844,s
1782224693.7892478,62550.0,2.91148981,s
1782224693.81368,62550.0,1.1083992,s
1782224698.5490825,62550.0,12.20164898,s
1782224702.5835073,62550.0,15.08379186,s
1782224702.692741,62550.0,1.91422348,s
1782224703.4680817,62550.0,1.87030108,s
1782224703.516788,62550.0,2.500917,s
1782224703.5187712,62550.0,1.8760927,s
1782224703.6629684,62550.0,1.91422348,s
1782224703.8652961,62550.0,5.6328,s
1782224703.8705456,62550.0,1.36960805,s
1782224703.917305,62550.0,1.65913568,s
1782225120.6846683,62427.9,1.197718,s
1782225431.433476,62621.8,1.787155,s
1782225996.646667,62456.0,1.792461,s
1782226122.221677,62436.6,1.10839774,b
1782226235.042978,62445.6,1.792828,s
1782226775.9184625,62485.5,1.2,s
1782226775.9422545,62485.5,1.2,s
1782226775.9466815,62484.0,4.35113486,s
1782226776.2826283,62444.6,2.37896063,s
1782226776.2849092,62444.6,1.662106,s
1782226776.391123,62443.3,2.430648,s
1782226824.7007308,62365.8,1.2916592,s
1782227187.060713,62338.8,1.472438,s
1782227187.2220807,62338.8,1.515332,s
1782227380.98211,62278.6,1.316866,s
1782227479.2345524,62284.0,1.797774,s
1782227959.258841,62193.8,1.800551,s
1782228059.7258353,62215.7,1.79981,s
1782230404.3232217,62388.6,1.794912,s
1782230795.0711498,62508.0,1.01083233,b
1782230795.336476,62511.4,1.5992702,b
1782230795.3534272,62511.5,1.968512,b
1782230829.7969136,62495.6,1.69785056,b
1782231179.6787825,62711.7,1.68224238,b
1782233209.011956,62528.8,1.790608,b
1782235130.2953055,62450.0,1.793547,b
1782235130.2953055,62457.9,1.2646382,b
1782235130.2953055,62458.8,2.40158564,b
1782235130.2953057,62465.6,2.72180293,b
1782235130.2953057,62465.7,2.40162736,b
1782235130.2953057,62467.5,8.00416577,b
1782235130.2953057,62468.5,1.60102815,b
1782235130.295306,62475.1,8.00319867,b
1782235130.295306,62476.7,2.54582169,b
1782235130.295306,62481.6,8.00235614,b
1782235130.295306,62485.1,2.62201925,b
1782235241.4194088,62508.4,1.329523,s
1782235436.8586342,62538.6,1.24079693,s
1782236215.0758579,62605.2,1.87783697,s
1782236587.1016355,62470.0,2.032304,s
1782236771.3801825,62467.6,1.08622571,s
1782238730.3018744,62247.2,1.60600278,s
1782241244.2642732,62173.0,1.60792756,s
1782241244.2642734,62158.9,1.42070303,s
1782241244.2642734,62163.9,2.41297305,s
1782241244.2642734,62166.9,1.801089,s
1782241244.2642736,62146.5,8.04549485,s
1782241244.2642736,62146.6,2.47591911,s
1782241244.2642736,62151.1,2.68679206,s
1782241244.2642736,62154.1,8.04451495,s
1782241244.264274,62131.0,2.33638197,s
1782241244.264274,62133.9,2.1470082,s
1782241244.264274,62138.9,8.04648919,s
1782241244.264274,62139.0,2.41148476,s
1782241244.264274,62140.1,2.55617229,s
1782245065.837821,62408.8,1.051383,s
1782247521.3810236,62399.3,1.79416,b
1782248668.2082927,62500.0,2.54124948,b
1782248668.234287,62500.0,1.2861789,b
1782248668.9553704,62500.0,8.55938092,b
1782248668.9558194,62500.0,2.54496809,b
1782248988.374538,62445.0,1.76159973,s
1782250514.6070588,62468.7,1.44906243,s
1782250937.3512416,62510.0,1.37710607,s
1782252717.9615006,62660.7,1.786593,b
1782252717.9615006,62671.3,2.39344257,b
1782252717.961501,62675.3,2.71261042,b
1782252717.961501,62680.6,1.0,b
1782252733.7373981,62662.8,1.37075164,b
1782252894.5898578,62666.5,1.786077,s
1782253233.3661227,62633.8,2.60653727,s
1782254071.4055216,62541.1,2.26236643,s
1782255721.7723033,62502.4,1.791455,s
1782258057.2251403,62529.7,2.39885657,s
1782258057.2251406,62517.0,6.1478644,s
1782258057.2251406,62517.1,2.42648088,s
1782258057.2251406,62522.0,1.790354,s
1782258387.6089408,62650.0,1.11275924,b
1782258387.8684995,62650.0,2.91785292,b
1782258388.6503046,62650.0,1.11275924,b
1782258389.6320746,62650.0,1.11275924,b
1782258390.6509597,62650.0,1.11275924,b
1782258391.6507676,62650.0,1.11275924,b
1782258396.9032826,62650.0,1.11275924,b
1782258396.991857,62650.0,1.00894993,b
1782258397.0046928,62650.0,2.33096706,b
1782258397.0337834,62650.0,2.4649439,b
1782258397.080099,62650.0,3.25106746,b
1782258397.1053886,62650.0,1.05769073,b
1782258787.1579819,62648.8,1.04670334,b
1782258787.2041185,62648.8,1.04049485,b
1782259334.6279967,62708.0,1.41127975,b
1782259689.9867287,62750.0,1.24490777,b
1782259747.3970685,62750.0,1.50164742,b
1782259747.5470161,62750.0,1.33347479,b
1782259747.5562358,62750.0,1.04999604,b
1782259747.5638993,62750.0,1.01002148,b
1782259747.5727172,62750.0,1.89344979,b
1782259747.611531,62750.0,1.56895886,b
1782259747.6216035,62750.0,2.04600356,b
1782259747.6602004,62750.0,1.39612345,b
1782259747.716459,62750.0,18.194876,b
1782259747.7627559,62750.0,1.03403848,b
1782259747.803149,62750.0,2.44829996,b
1782261314.5705564,62791.0,2.16177556,b
1782261314.5970445,62791.0,1.50164742,b
1782261315.4180994,62791.0,1.50164742,b
1782261317.3292832,62791.0,4.50657479,b
1782261317.330148,62791.0,1.33441262,b
1782261914.1153884,62850.1,1.3866205,b
1782261914.1153886,62850.2,1.780508,b
1782261914.1153886,62853.3,1.08500772,b
1782261914.1153886,62853.4,2.70495095,b
1782265093.5998747,63000.1,1.30370845,b
1782267681.2810473,62658.2,1.0371636,s
1782268886.1414642,62703.6,1.785785,s
1782268886.1414645,62689.6,1.60304806,s
1782268886.1414645,62696.5,2.39247632,s
1782277194.7323897,62672.5,1.46049994,s
1782278413.4691107,62737.3,1.16138137,s
1782287324.8543832,62604.4,1.963063,s
1782296365.7416222,62476.2,1.790921,s
1782297775.7591896,62552.0,1.16314303,b
1782298243.6071184,62418.1,1.792509,s
1782298243.6071186,62408.3,1.87366989,s
1782298243.6071186,62408.4,1.04148301,s
1782298363.1469507,62371.3,1.793941,s
1782298363.1469507,62372.2,2.40491696,s
1782301301.5138783,62578.8,1.790077,b
1782301301.5138783,62581.1,2.39689152,b
1782301301.5138783,62583.9,1.00774563,b
1782301585.6176884,62653.3,1.09556404,b
1782301757.5607166,62924.3,1.25137285,b
1782301757.6195934,62924.3,1.19121069,b
1782302099.2415996,62861.5,1.33900979,b
1782302099.2415996,62861.6,2.70458695,b
1782302099.2415996,62861.8,1.781157,b
1782302099.2415998,62870.8,1.55665072,b
1782302279.2076623,62815.1,1.411384,b
1782302279.2113714,62815.1,1.088616,b
1782302619.4712012,62842.6,1.781592,b
1782302619.4712017,62855.6,2.70494969,b
1782302619.4712017,62859.2,2.38681307,b
1782302619.4712017,62865.8,1.59115141,b
1782302619.471202,62879.7,1.26416423,b
1782302619.471202,62884.8,15.0,b
1782302619.4712021,62900.4,1.74833103,b
1782302619.4712024,62917.1,3.94928345,b
1782302619.4712024,62917.4,2.78583577,b
1782302619.4712024,62920.4,4.37652527,b
1782302619.4712026,62937.0,1.5,b
1782302619.4712029,62996.0,1.91939231,b
1782302619.4712033,63091.9,1.55740213,b
1782302619.4893322,62855.5,1.55740213,b
1782302625.6249497,62897.0,2.70312471,b
1782302656.0856905,62876.5,1.780609,b
1782302694.523707,62903.2,2.70289617,b
1782302698.800002,62872.3,2.10455744,s
1782303398.4206083,62790.0,2.70675433,s
1782303641.4921768,62733.4,1.05548602,s
1782306101.296522,62430.9,1.793166,s
1782306101.296522,62433.1,2.72233995,s
1782306118.26687,62392.3,2.72358552,s
1782306398.0904033,62204.6,1.0,b
1782306442.747163,62180.4,1.800809,b
1782306442.7471633,62187.5,2.41206374,b
1782306442.7471633,62189.6,2.7338779,b
1782306442.7471633,62190.9,8.03976865,b
1782306442.7471633,62194.3,1.46867748,b
1782306442.7471633,62196.2,1.72726935,b
1782306442.7471635,62199.5,8.03866057,b
1782306442.7471635,62207.3,8.03764768,b
1782306442.7471635,62212.6,1.76762328,b
1782306442.7471635,62215.3,8.03661078,b
1782306537.8352313,62100.0,1.05557661,s
1782306537.8404443,62100.0,1.64709743,s
1782306709.2699022,61995.0,1.11,s
1782306880.3741124,61961.8,1.0,b
1782307352.9214609,61863.0,1.9993534,s
1782307353.0750015,61863.0,4.00609133,s
1782307353.1053638,61863.0,2.0,s
1782307353.1399405,61863.0,2.36,s
1782307353.261176,61863.0,2.4,s
1782307353.6341076,61800.0,1.0,s
1782307366.5655732,61768.5,1.932582,s
1782307367.2147987,61744.8,1.0,s
1782307368.2046888,61734.9,2.4287302,s
1782307368.204689,61724.1,3.6871331,s
1782307368.204689,61731.6,2.89692656,s
1782307369.5234962,61727.6,1.810941,s
1782307369.5234964,61705.4,5.01911314,s
1782307369.5234964,61712.6,2.51218579,s
1782307369.5234966,61698.6,8.10391081,s
1782307369.5234966,61701.1,7.43840745,s
1782307369.523497,61679.8,11.3128669,s
1782307369.523497,61680.0,1.23216601,s
1782307369.5234973,61660.1,4.99544851,s
1782307371.2122455,61702.3,1.23677435,s
1782307382.7635465,61697.4,2.75466747,s
1782307394.4858317,61752.0,1.748091,s
1782307395.1690252,61750.8,1.813916,s
1782307395.1876583,61750.8,1.813916,s
1782307411.473218,61632.6,1.814783,s
1782307670.4150174,61742.7,1.40474207,s
1782307670.5536466,61742.7,1.67399581,s
1782307708.2432418,61742.7,1.6757951,s
1782307708.2484035,61742.7,1.00350023,s
1782307708.2627444,61742.7,1.78649347,s
1782307763.7478158,61755.4,1.813393,b
1782307763.7478158,61763.3,2.42863013,b
1782307763.7478158,61763.4,2.7528394,b
1782307763.747816,61770.9,5.28227168,b
1782307763.747816,61772.8,8.09418955,b
1782307763.747816,61773.4,2.42903253,b
1782307763.747816,61779.9,1.28672066,b
1782307763.747816,61780.5,8.09316976,b
1782307763.7478163,61788.7,4.20740953,b
1782307763.7478163,61788.9,1.67362572,b
1782307803.117055,61681.6,1.3080996,s
1782307803.180128,61681.6,1.96465403,s
1782307803.1902595,61681.6,1.2336832,s
1782307804.738775,61681.7,1.5,b
1782308011.9821541,62057.1,1.45798404,b
1782308057.620458,62057.5,1.805221,b
1782308167.1319532,61959.5,1.807981,s
1782308167.1319532,61962.1,1.56324135,s
1782308167.1319532,61962.1,2.4198821,s
1782308313.9237566,61780.5,1.66097596,s
1782308467.9701602,61607.7,1.41796152,s
1782308485.7258983,61600.0,1.21857111,s
1782308523.4307773,61522.7,1.818724,s
1782308574.7059376,61514.9,2.13334,b
1782308588.7108223,61462.8,2.44049816,s
1782308610.6170723,61401.6,2.55187884,s
1782308610.6170726,61386.6,1.001736,s
1782308610.6170726,61395.5,1.821338,s
1782308610.6170728,61376.2,9.63142435,s
1782308610.6170728,61379.3,1.29296148,s
1782308610.6170728,61379.4,15.0,s
1782308610.617073,61372.4,8.14698013,s
1782308613.7019544,61409.1,1.62854059,s
1782308621.4629188,61387.0,1.58003857,s
1782308623.042929,61385.6,2.10773455,s
1782308645.063902,61419.3,1.3373381,s
1782308679.1055365,61333.6,1.34575792,s
1782308679.1086094,61333.6,2.002431,s
1782308705.2214324,61433.3,1.15012125,b
1782308705.2442086,61433.3,1.63641065,b
1782308705.2577033,61433.3,1.29003708,b
1782308706.5562532,61433.3,1.61103071,b
1782308706.566902,61433.3,1.90939682,b
1782308706.5710843,61433.3,2.63774835,b
1782308706.5725853,61433.3,1.23650035,b
1782308706.5809448,61433.3,3.2229252,b
1782308706.6131072,61433.3,2.41600992,b
1782308706.617092,61433.3,5.04905851,b
1782308715.0435894,61402.3,1.1753405,b
1782308715.0435894,61415.5,1.08681968,b
1782308720.9609337,61387.8,1.788921,b
1782308720.960934,61395.1,1.002716,b
1782308721.0818477,61400.0,1.09892116,s
1782308721.086124,61400.0,1.50247312,s
1782308721.087411,61400.0,1.54307848,s
1782308721.0945003,61400.0,1.1229554,s
1782308721.0947864,61400.0,2.18033663,s
1782308721.0956678,61400.0,1.96035053,s
1782308721.0965316,61400.0,2.18033663,s
1782308721.0979288,61400.0,1.04417982,s
1782308730.8439693,61433.3,2.01484596,b
1782308731.3748806,61433.3,1.03239593,b
1782308733.4362488,61444.5,1.823345,b
1782308733.4362488,61451.7,2.44094426,b
1782308733.436249,61453.7,1.00284,b
1782308733.436249,61456.0,2.76669059,b
1782308733.436249,61463.1,1.18886089,b
1782308733.436249,61463.1,1.21098996,b
1782308742.0327253,61423.6,1.7924627,s
1782308742.0327256,61399.6,1.92538771,s
1782308742.0327256,61414.9,2.73145381,s
1782308742.0327256,61415.2,1.002309,s
1782308742.0327258,61376.3,2.51631956,s
1782308742.0327258,61387.8,1.29258937,s
1782308774.2164986,61291.3,1.24051884,b
1782308784.5229182,61296.7,1.0,s
1782308786.8898394,61293.0,1.38753082,s
1782308808.5972645,61304.8,1.12023093,s
1782308808.5972645,61308.3,2.44664746,s
1782308808.5972645,61315.3,1.826146,s
1782308861.746063,61287.3,1.0,s
1782308898.5588362,61233.0,1.0,s
1782308987.8654618,61400.3,1.62795078,s
1782309040.3653283,61499.5,1.821332,b
1782309376.4118667,61283.8,1.0,b
1782309393.3970835,61264.2,1.68100214,s
1782309393.5508072,61264.2,1.30703263,s
1782309393.5658352,61264.2,1.08780255,s
1782309411.1286147,61274.8,1.03967474,b
1782309452.6236343,61250.0,1.02830766,s
1782309461.4627974,61187.0,1.13822347,s
1782309493.8236725,61192.5,1.00675801,s
1782309494.6637988,61191.3,1.37495394,s
1782309498.1177976,61210.0,1.829335,b
1782309498.1177979,61221.1,1.006125,b
1782309498.1177979,61222.2,2.42999524,b
1782309609.200675,61177.7,1.0,s
1782309743.581595,61127.9,1.54052233,s
1782310115.3326907,61303.6,1.73668029,s
1782310115.9212823,61275.5,5.51313192,s
1782310120.3593888,61200.2,1.004978,s
1782310129.7450137,61208.3,1.005626,s
1782310129.7450137,61208.3,1.82841075,s
1782310140.262097,61206.9,1.828801,s
1782310350.7769578,61202.1,1.5897,b
1782310353.05793,61233.2,1.82867,b
1782310375.5007536,61128.0,1.006989,b
1782310375.5007536,61128.0,1.06357298,b
1782310376.531646,61127.9,2.196055,s
1782310393.8595176,61111.0,1.0,s
1782310393.859518,61083.5,2.23228278,s
1782310399.4127045,61077.0,1.32611554,s
1782310400.6839502,61055.0,1.66360611,s
1782310400.688346,61055.0,1.79547956,s
1782310400.7343376,61055.0,1.74442775,s
1782310473.1979036,61054.1,1.01106869,b
1782310473.2065198,61054.1,1.57854266,b
1782310473.210185,61054.1,1.63641065,b
1782310473.2268293,61054.1,1.52414536,b
1782310504.7074888,61141.5,1.831753,s
1782310630.1931393,61005.0,1.71069863,s
1782310630.892921,61005.0,1.54359279,s
1782310631.2332919,61005.0,1.15354769,s
1782310631.4099143,61005.0,3.36776186,s
1782310698.3001847,61030.0,1.15882289,b
1782310719.2874327,61005.0,1.68884279,s
1782310719.2993212,61005.0,1.23360753,s
1782310719.3224556,61005.0,2.2559642,s
1782310719.3686059,61005.0,1.0643109,s
1782310751.3149295,61000.0,1.08468213,s
1782310751.3176913,61000.0,1.248802,s
1782310751.9695704,61000.0,2.03543487,s
1782310751.9695709,61000.0,6.40218218,s
1782310751.969571,61000.0,1.0,s
1782310751.9695716,60966.5,1.835478,s
1782310751.9695718,60960.0,1.0,s
1782310751.9739602,60952.0,1.99841525,s
1782310752.1319733,60945.5,1.009513,s
1782310752.827908,60933.1,1.63176456,s
1782310753.433581,60933.1,1.892896,s
1782310754.5522954,60933.1,2.3053924,s
1782310754.5531693,60933.1,2.52075586,s
1782310754.7326307,60933.1,1.69015741,s
1782310754.7332869,60933.1,2.65465791,s
1782310756.1674097,60910.0,1.02560992,s
1782310756.1720939,60910.0,1.18644,s
1782310756.2444544,60910.0,1.02763174,s
1782310756.2473178,60910.0,2.22670895,s
1782310756.2651873,60910.0,2.61658861,s
1782310756.2676866,60910.0,5.10001578,s
1782310794.9389484,60927.4,1.39909439,s
1782310795.0939548,60927.4,1.17169484,s
1782310807.4905713,60900.8,1.837839,s
1782310890.9418418,60900.0,1.837967,s
1782310890.9418418,60900.2,2.46304462,s
1782310933.8460903,61015.0,1.00781921,b
1782311123.9084392,61185.2,1.830604,b
1782311123.9084392,61192.5,2.77843122,b
1782311123.9084392,61194.4,1.006832,b
1782311123.9084394,61198.2,2.45152784,b
1782311418.4116786,61140.0,1.63641065,b
1782311470.08738,61222.0,1.09715594,b
1782311470.5291514,61222.0,1.51883596,b
1782311473.7673132,61222.0,8.34131576,b
1782311498.189417,61223.9,1.64206684,s
1782311557.1174104,61279.6,1.63641065,b
1782311557.117411,61291.8,1.21739773,b
1782311557.117411,61294.2,1.23650035,b
1782311557.117411,61294.2,1.60869364,b
1782311557.117411,61294.2,2.63774835,b
1782311557.1174111,61302.2,1.18105576,b
1782311557.1174111,61302.2,2.15804006,b
1782311557.1174111,61302.2,2.41600992,b
1782311557.1174111,61302.9,3.86800275,b
1782311557.1174114,61314.2,1.03239593,b
1782311557.1174114,61314.2,1.50243721,b
1782311915.9097147,61190.0,1.14628729,s
1782311916.1446729,61190.0,1.33548583,s
1782311916.2109146,61190.0,1.33027833,s
1782311916.2596378,61190.0,1.93682971,s
1782311916.292806,61190.0,6.7277,s
1782311916.2960212,61190.0,2.25800233,s
1782311916.3053594,61190.0,1.6,s
1782311916.3205848,61190.0,10.63737667,s
1782312173.2161226,61036.9,1.05596025,b
1782312173.3723955,61017.7,2.785348,s
1782312173.3870826,61036.8,1.76942704,b
1782312173.851096,61037.5,1.76940413,b
1782312181.5177019,61021.4,1.06032948,s
1782312181.5182948,61018.6,1.53670175,s
1782312183.464115,61014.1,2.25584191,s
1782312341.8231478,61088.5,1.51460428,s
1782312342.284241,61088.5,1.51344833,s
1782312520.5644243,61148.1,1.10734662,s
1782312836.6339078,60984.9,1.835354,s
1782313344.4327412,61000.1,1.0,b
1782313344.4327412,61000.1,1.5,b
1782313344.4327412,61000.1,1.835511,b
1782313344.4327412,61000.1,2.78717141,b
1782313384.4441807,60891.9,1.837762,s
1782313843.0289686,60840.2,1.839848,s
1782313849.5344534,60829.3,2.25881034,b
1782314488.0907822,60977.0,1.088616,b
1782314582.5517588,60987.1,1.0,s
1782315115.709298,60642.0,1.845005,s
1782315115.7092981,60633.0,1.014752,s
1782315115.7092981,60633.1,2.47229632,s
1782315210.0954413,60637.6,1.03153842,s
1782315210.0954418,60616.2,1.33548583,s
1782315210.095442,60616.1,1.02693291,s
1782315210.0954423,60616.1,1.55831202,s
1782315210.0954423,60616.1,1.93682971,s
1782315210.0954425,60603.4,6.59342885,s
1782315210.0954425,60605.9,1.6,s
1782315210.0954425,60605.9,2.25800233,s
1782315210.0954425,60605.9,4.04354445,s
1782315210.0954425,60606.0,4.92535919,s
1782315310.1740837,60650.0,1.06411323,s
1782315814.1695797,60517.1,1.849616,b
1782315841.7885158,60520.0,2.6939297,s
1782315870.3991842,60501.0,1.47913379,s
1782315875.728677,60500.0,1.71321473,s
1782315876.3338518,60500.0,3.21583768,s
1782315876.713004,60500.0,1.93215392,s
1782316335.975779,60390.0,1.834516,s
1782316424.2990172,60425.8,1.0,s
1782316449.993547,60396.0,1.85363,b
1782316451.977131,60400.0,1.16530918,s
1782316453.0483646,60400.0,1.53601719,s
1782316473.2287998,60309.6,1.0,s
1782316574.3350966,60277.7,1.0,s
1782316589.6923068,60240.7,8.64627465,s
1782316597.945475,60240.7,1.49371442,s
1782316606.0408652,60240.7,2.42614,s
1782316606.0490403,60240.7,1.78504578,s
1782316606.0589507,60240.7,1.93167209,s
1782316606.134192,60240.7,1.75917148,s
1782316606.1376302,60240.7,1.93167209,s
1782316606.138694,60240.7,1.93167209,s
1782316606.1400096,60240.7,1.19078007,s
1782316606.14075,60240.7,1.93167209,s
1782316606.1421874,60240.7,1.93167209,s
1782316606.3526642,60240.7,1.43266273,s
1782316607.5071332,60240.7,6.54993198,s
1782316614.021632,60240.7,2.16881159,s
1782316614.0222323,60240.7,1.03385645,s
1782316625.5924835,60227.3,1.16955939,s
1782316635.4813156,60222.2,1.65965134,s
1782316635.4813156,60230.9,1.858717,s
1782316635.4813159,60222.0,2.6939297,s
1782316635.4813166,60215.8,1.022294,s
1782316635.4813166,60222.0,1.71321473,s
1782317062.1719372,60231.8,2.49068163,b
1782317474.354987,60427.1,1.0,b
1782317586.171414,60390.0,2.01136255,s
1782317586.1828587,60390.0,1.28294753,s
1782317586.2341568,60390.0,1.16663512,s
1782317586.3463404,60390.0,1.27597888,s
1782318099.837432,60435.8,1.73530089,b
1782318217.531025,60555.0,1.69525,b
1782318217.5335605,60555.0,2.274201,b
1782318217.5337315,60555.0,1.69525,b
1782318217.5706847,60555.0,1.66698807,b
1782318217.6613498,60555.0,1.68045561,b
1782318217.664147,60555.0,1.906792,b
1782318217.7923207,60555.0,2.3117499,b
1782318326.2582648,60500.0,1.10826784,s
1782319487.9892616,60180.4,1.86117,b
1782319516.5868096,60129.1,1.25642092,b
1782319585.184038,60068.3,2.49715644,s
1782319602.2125134,60055.0,2.455411,s
1782319602.2211318,60055.0,2.513853,s
1782319602.2514875,60055.0,2.046202,s
1782319605.4757721,60055.0,1.921793,s
1782319605.480788,60055.0,1.54384726,s
1782319605.4849586,60055.0,2.434502,s
1782319605.4887197,60055.0,2.2800803,s
1782319605.5045416,60055.0,1.09167423,s
1782319605.506652,60055.0,1.63427228,s
1782319605.5066524,60050.0,2.82896992,s
1782319605.5073156,60050.0,1.217251,s
1782319626.868974,60027.1,1.23693524,s
1782319628.1195836,60027.1,1.05164427,s
1782319628.178282,60027.1,1.65068823,s
1782319628.1855671,60027.1,1.58053721,s
1782319640.5519352,60027.1,2.98807338,s
1782319640.552032,60027.1,2.41843418,s
1782319640.552184,60027.1,1.37161771,s
1782319640.552184,60027.1,1.61645567,s
1782319640.885706,60027.1,2.91209266,s
1782319641.14003,60027.1,1.7480644,s
1782319641.2289617,60027.1,1.50572029,s
1782319641.2315772,60027.1,1.33859514,s
1782319641.238394,60027.1,1.02205131,s
1782319643.3295743,60018.0,1.924132,s
1782319643.357952,60018.0,1.20225182,s
1782319667.247538,60000.0,1.0,s
1782319667.24754,60000.0,1.00970392,s
1782319676.7923207,59960.0,1.0,s
1782319864.4975994,59976.8,1.38825999,s
1782319864.5011857,59976.8,1.11270449,s
1782319864.5321393,59967.5,2.00062906,s
1782319864.5408688,59967.5,2.03210765,s
1782319864.5451057,59967.5,2.03210765,s
1782319864.551333,59958.7,2.34055965,s
1782319864.551333,59967.5,1.29967341,s
1782319864.604048,59958.7,2.586635,s
1782319864.6270492,59958.7,3.41187069,s
1782319864.6571782,59950.3,1.666647,s
1782319864.6910737,59950.3,1.27303796,s
1782319864.716932,59950.3,5.17327,s
1782319864.7340562,59950.3,2.586635,s
1782319864.7341301,59950.3,1.946647,s
1782319865.568647,59896.1,2.83617333,s
1782319865.9680014,59873.2,1.14,s
1782319866.254385,59780.0,1.0,s
1782319866.254385,59780.0,1.71101211,s
1782319866.627624,59780.0,5.20524779,s
1782319866.7197154,59750.0,1.0,s
1782319866.7197156,59742.8,3.49038716,s
1782319866.7213287,59742.8,1.25,s
1782319867.3367476,59742.8,1.275876,s
1782319871.245508,59715.7,3.04575503,s
1782319871.245508,59715.8,1.08171988,s
1782319871.3144662,59715.7,1.07088003,s
1782319871.4533117,59715.7,1.00299018,s
1782319871.5514886,59715.7,2.55444187,s
1782319871.9221854,59737.7,2.51732524,b
1782319871.9221857,59845.9,4.45989771,b
1782319872.1633399,59715.7,1.21196032,s
1782319872.1633399,59715.7,3.58699634,s
1782319874.4278457,59658.7,1.78449825,s
1782319874.4432547,59658.7,1.03596125,s
1782319874.6193535,59669.4,1.75175529,b
1782319874.6505883,59669.4,1.01284449,b
1782319874.7628222,59680.0,2.03789388,b
1782319874.967293,59679.8,1.16940979,b
1782319875.1455996,59679.8,2.77830882,b
1782319876.2306783,59680.3,1.71903887,b
1782319909.2246375,59679.1,1.67640121,b
1782319909.2246375,59679.2,1.24021279,b
1782319926.172867,59792.7,1.1490949,b
1782319960.2346013,59820.6,2.50838503,b
1782319960.2346013,59820.7,1.67236855,b
1782320014.681098,59766.5,2.84364401,s
1782320075.356996,59906.2,2.45769605,b
1782320154.4421341,59823.2,2.83022132,s
1782320209.3828077,59759.4,1.32095318,s
1782320212.4030323,59739.4,1.311475,s
1782320229.6730108,59801.9,2.8420633,s
1782320262.41487,59727.0,1.15150815,s
1782320262.4203284,59727.0,1.23217392,s
1782320262.4248059,59727.0,1.18820919,s
1782320272.5703208,59715.2,2.23947527,s
1782320272.5703208,59715.3,1.04461209,s
1782320280.0263712,59709.5,1.03381006,s
1782320285.238312,59745.6,1.01644347,b
1782320467.0952241,59855.8,1.295113,s
1782320467.103289,59855.6,2.83962968,s
1782320467.1096163,59855.6,1.029351,s
1782320467.116116,59855.6,1.81037859,s
1782320467.1237345,59855.7,1.029351,s
1782320509.9970632,59856.7,2.83941901,s
1782320703.6998239,59903.2,1.232498,s
1782320797.2010906,59781.9,1.87237,b
1782320911.3110287,59710.2,2.84664299,s
1782320959.555915,59759.8,6.7548444,b
1782320959.5586543,59759.8,2.04064159,b
1782321034.3176897,59871.8,1.80385577,b
1782321034.3176897,59876.8,1.0,b
1782321116.5980794,59767.5,2.1292962,s
1782321198.3724053,59677.0,2.72558862,s
1782321204.8186677,59665.5,2.83819196,s
1782321456.4065642,59645.3,1.26767602,b
1782321479.317695,59647.0,1.876594,s
1782321611.8480678,59505.4,1.62782791,s
1782321611.9993312,59504.3,3.29021507,s
1782321612.0006082,59504.3,1.18905377,s
1782321636.6010447,59463.7,1.94387224,s
1782321636.6175368,59463.7,1.940856,s
1782322021.4807348,59579.3,1.87981436,s
1782322076.9243996,59693.2,1.032193,b
1782322076.9243996,59693.2,1.876715,b
1782322186.2681136,59633.7,1.0,s
1782322320.2624836,59603.3,1.87962,b
1782322320.2624836,59605.2,1.0584232,b
1782322904.268378,59342.9,1.88484,s
1782322904.2683783,59337.7,1.72264593,s
1782322904.2683783,59337.8,1.036637,s
1782323163.3032866,59202.0,1.53063604,s
1782323163.3032866,59203.4,1.890155,s
1782323163.3032866,59203.5,1.27258172,s
1782323231.20143,59150.0,1.38238482,s
1782323270.6193893,59102.1,1.04295182,b
1782323270.8735523,59102.0,1.16932994,s
1782323275.530177,59100.0,1.32979457,s
1782323289.6207867,59018.5,1.65216903,s
1782323312.2007394,59100.2,1.1434,b
1782323312.5389085,59100.3,1.10129546,s
1782323343.7498252,59191.8,2.53413137,s
1782323343.7791553,59180.9,1.448525,s
1782323343.974014,59180.9,1.951303,s
1782323343.9845982,59180.9,1.41287947,s
1782323515.4655561,59370.4,1.12003893,b
1782323564.3894854,59343.7,1.886241,s
1782323585.391872,59377.5,1.885529,b
1782323655.9620564,59298.4,1.887717,b
1782323655.9620564,59298.5,1.038244,b
1782323655.9620566,59309.7,2.52909871,b
1782323655.9620566,59313.0,2.86657776,b
1782323655.9675252,59314.2,1.08058317,s
1782323655.968215,59314.2,1.56519901,s
1782323899.0058188,59314.2,1.24274782,s
1782323899.017573,59314.2,2.58183007,s
1782323899.0857034,59314.2,1.02576431,s
1782323899.1058242,59314.2,1.39304993,s
1782323899.1121073,59314.2,1.01724077,s
1782323899.1162887,59314.2,1.51034416,s
1782323899.1761432,59314.2,1.03765598,s
1782323899.1878598,59314.2,1.11587476,s
1782323899.1885023,59314.2,2.2895139,s
1782323899.376391,59314.2,1.09802631,s
1782323899.4596267,59314.2,1.89992582,s
1782323899.802407,59314.2,1.40263724,s
1782324067.8990889,59383.7,1.885503,b
1782324067.8990889,59394.3,1.94754963,b
1782324067.8990889,59394.4,1.037042,b
1782324156.57537,59250.0,1.92172301,s
1782324156.7184417,59250.0,1.20134184,s
1782324296.022359,59400.0,1.00712203,b
1782324362.329404,59336.2,1.04013882,s
1782324691.6043983,59535.3,1.68882185,b
1782324691.6043983,59535.6,1.13619884,b
1782325113.0268831,59585.7,1.880682,b
1782325113.0268831,59590.7,2.85325789,b
1782325113.0268834,59597.0,3.42238205,b
1782325113.0268834,59600.8,1.034375,b
1782325113.0268834,59604.1,1.63857926,b
1782325181.537793,59671.8,1.1228782,s
1782325188.2372153,59660.2,2.84987093,b
1782325199.0170674,59701.6,2.8480143,b
1782325199.0170674,59702.6,2.4998897,b
1782325199.0170674,59702.7,3.95999916,b
1782325201.8747482,59713.0,1.36864949,b
1782325392.916491,59667.9,1.875185,s
1782325392.9164913,59661.2,1.46880011,s
1782326316.227126,59487.2,1.881607,s
1782326451.6017137,59419.8,1.883864,s
1782326451.601714,59410.9,1.036125,s
1782326451.601714,59417.0,2.86009575,s
1782326740.497387,59480.0,1.4251,b
1782326778.0415199,59480.0,3.15,b
1782326798.3448374,59498.8,1.882162,b
1782326798.3448374,59505.8,2.05022297,b
1782326798.3448374,59507.8,1.035189,b
1782326946.3609056,59420.1,1.5,b
1782326985.8014839,59370.8,1.885433,s
1782326985.8014839,59375.0,2.86274318,s
1782329161.7665834,59686.1,1.30610319,b
1782329161.7665834,59686.1,1.54263649,b
1782329174.92217,59698.3,5.91307092,b
1782329174.9221702,59702.6,2.72263511,b
1782329179.1982644,59718.2,1.0204186,b
1782329184.1553757,59721.6,1.20890043,b
1782329184.219489,59721.6,1.16691096,b
1782329751.3488722,59812.9,1.0672004,s
1782329915.8447516,59716.6,1.90494325,s
1782329991.4456851,59756.0,2.84520467,b
1782329991.4456854,59757.6,2.5101416,b
1782329991.4456854,59759.9,1.499336,b
1782330091.7252123,59741.2,2.51083415,b
1782330095.4017632,59742.0,1.00837496,s
1782330095.426968,59742.0,1.01368228,s
1782331087.850111,59800.0,2.92061448,b
1782331262.7152467,59866.0,5.39827997,b
1782331262.7153862,59866.0,5.39827997,b
1782331262.7154927,59866.0,4.20329004,b
1782331292.1497257,60000.0,1.275876,b
1782331292.150953,60000.0,1.03808793,b
1782331306.4273424,60153.7,1.65060135,b
1782331306.429686,60153.7,1.25497866,b
1782331306.440891,60153.7,1.922256,b
1782331306.4415114,60153.7,1.98462812,b
1782331306.4469843,60153.7,2.62564779,b
1782331306.4502823,60153.7,1.42632401,b
1782331306.466919,60153.7,1.92091282,b
1782331306.4785812,60153.7,1.59426441,b
1782331315.2726514,60168.2,2.82438578,s
1782331315.2726517,60167.4,1.65193049,s
1782331331.4719174,60150.0,1.00380054,s
1782331347.3103766,60081.4,1.489388,b
1782331348.6071439,60109.0,1.39566935,b
1782331349.076333,60106.3,1.5,b
1782331561.6663866,60359.4,1.485349,b
1782331569.2690787,60451.4,1.03459545,b
1782331569.3603828,60454.8,5.13194714,b
1782331569.3988514,60454.8,2.85841783,b
1782331569.3988514,60462.7,1.61182089,b
1782331569.4382803,60462.7,2.57206,b
1782331569.5137439,60462.7,2.57206,b
1782331569.5422788,60462.7,6.57292523,b
1782331569.5949628,60465.4,2.57206,b
1782331569.599769,60465.4,2.285337,b
1782331569.6513557,60465.4,2.4394908,b
1782331569.8137088,60529.5,4.04858887,b
1782331573.9939513,60680.9,2.80378678,b
1782331669.3237672,60616.8,1.478178,b
1782331669.3237672,60626.0,2.47418665,b
1782331669.3237672,60630.4,2.80434296,b
1782331716.2667646,60500.0,1.17526323,s
1782331716.2733874,60500.0,1.83705248,s
1782331716.2831054,60500.0,1.30268107,s
1782331743.4454646,60505.8,1.40608035,b
1782331743.4979327,60506.8,1.5,b
1782331754.419939,60519.9,2.0,b
1782331885.8336618,60727.1,1.0,b
1782332002.4111695,60631.5,1.47771,b
1782332155.014825,60515.8,1.83705248,s
1782332270.2871404,60697.4,2.80127684,b
1782332270.2871406,60703.6,2.23735686,b
1782332270.2871406,60703.7,7.42953288,b
1782332270.2871406,60708.2,1.477043,b
1782332270.2871406,60713.0,1.83816961,b
1782332525.828822,60687.9,1.475067,s
1782332525.8288221,60679.3,1.77344244,s
1782332589.4587002,60650.0,2.70747272,s
1782332697.4357107,60586.1,1.35169873,s
1782333005.7164261,60691.2,1.22403334,s
1782333111.3431115,60774.8,1.11340647,b
1782333538.362166,60792.8,2.17048139,s
1782333538.362166,60792.9,1.76897647,s
1782334048.0065172,60850.0,1.64222885,b
1782334179.3172944,60941.7,2.33860206,b
1782334179.406037,60941.7,1.27773986,b
1782334179.4138534,60941.7,2.79140017,b
1782334179.4224224,60941.7,2.4768925,b
1782334179.4224224,60941.7,2.6521985,b
1782334179.4395006,60941.7,1.61029291,b
1782334179.459743,60941.7,1.48056706,b
1782334179.5100837,60979.5,2.54152556,b
1782334179.5107691,60979.5,2.053925,b
1782334179.7120814,60979.5,2.264179,b
1782334180.1546915,61000.0,1.47264785,b
1782334202.7845259,61063.5,1.20613504,s
1782334341.7099578,61047.9,1.60286459,b
1782334341.709958,61049.8,1.0,b
1782334341.709958,61058.7,1.0,b
1782334341.709958,61058.7,1.0,b
1782334354.2917156,61079.8,1.99738833,b
1782334354.2917156,61094.5,1.467454,b
1782334399.6281023,61047.8,1.466911,s
1782334681.887786,60932.5,1.02060991,s
1782334972.5176082,60692.3,2.80019317,s
1782336407.6520677,60750.0,3.77253876,b
1782336825.2291155,60765.0,2.55830324,b
1782337075.0579758,60935.0,1.20163332,b
1782337080.6547887,61005.1,2.69349747,b
1782337466.7959645,61009.0,1.07183174,b
1782339101.5799887,60988.5,2.78682283,s
1782339251.3035638,60934.3,1.64052174,s
1782339251.303564,60918.4,6.24428042,s
1782339251.303564,60923.8,1.469255,s
1782339251.303564,60925.4,2.46202651,s
1782339531.0385213,60864.8,8.21491799,s
1782339531.0385213,60870.9,2.46423008,s
1782339531.0385215,60859.8,1.44747835,s
1782339531.0385215,60861.4,1.56254725,s
1782346424.6980925,61028.1,1.0,s
1782347334.9773242,60875.3,2.45173487,s
1782347334.9773242,60876.0,1.838585,s
1782347334.9773242,60880.2,2.46385272,s
1782347334.9773245,60875.2,1.56519901,s
1782347334.9773247,60867.3,1.02576431,s
1782347334.9773247,60867.3,1.39304993,s
1782347334.9773247,60867.3,2.58183007,s
1782347334.977325,60860.6,2.2895139,s
1782347334.977325,60860.7,1.02808564,s
1782347334.977325,60860.7,1.03765598,s
1782347334.9773252,60859.0,1.09802631,s
1782347334.9773252,60859.0,1.89992582,s
1782349195.5409806,60690.7,1.29188511,b
1782349195.5424793,60690.7,1.26386251,b
1782349195.9829547,60690.7,2.07007432,b
1782349467.4610903,60675.6,1.57021693,s
1782349552.1856418,60675.7,1.87445,b
1782349552.1898098,60675.7,2.39887435,b
1782349552.2248986,60675.7,1.87445,b
1782349552.2292717,60675.7,1.87445,b
1782350294.2839422,60717.3,1.10765473,s
1782350445.947288,60731.6,1.5346624,b
1782350612.0115516,60814.6,1.03603262,b
1782353542.1671932,60679.4,2.80017455,s
1782361731.1988869,60810.0,1.841142,b
1782363125.3711143,61000.0,1.83702566,b
1782363228.454194,61113.7,1.44399244,b
1782363228.4541943,61122.6,1.007436,b
1782363368.6456144,61180.8,1.39825269,b
1782363368.6614537,61180.8,1.25137285,b
1782363368.7144244,61180.8,1.99690137,b
1782363378.9303172,61283.4,1.52082778,b
1782363378.9303172,61285.0,2.99951734,b
1782363378.9303172,61288.3,1.54231193,b
1782363415.2839646,61239.6,1.2570837,b
1782363415.2839649,61248.9,1.005797,b
1782363415.2839649,61251.0,1.54095114,b
1782363764.9243965,61456.0,1.0,b
1782363991.571433,61409.9,1.10355425,b
1782363991.5714333,61424.0,1.7171938,b
1782363991.5714333,61424.1,1.69102017,b
1782363991.5714333,61424.1,2.62147086,b
1782363991.5714333,61424.1,3.34988736,b
1782364054.5228918,61498.3,1.57594536,b
1782364061.348197,61533.0,1.0,s
1782364061.348197,61533.0,1.73543146,s
1782364068.9972463,61596.4,1.436133,b
1782364069.008574,61596.4,1.3876596,b
1782364069.0126283,61597.0,2.2905154,b
1782364069.0805027,61610.1,2.66878634,b
1782364069.0902815,61610.1,1.876051,b
1782364069.0947788,61610.1,2.1,b
1782364149.995881,61610.1,1.17954131,b
1782364149.9988313,61610.1,1.02826458,b
1782364150.006136,61610.1,1.27525462,b
1782364150.0937753,61610.1,1.09870651,b
1782364150.0937753,61610.1,2.30510449,b
1782364150.1008599,61610.1,1.701905,b
1782364150.1343772,61610.1,1.2867489,b
1782364150.1376073,61610.1,3.16786405,b
1782364150.148181,61610.1,1.31379975,b
1782364150.1649506,61610.1,2.37416423,b
1782364150.165722,61610.1,3.02648,b
1782364150.1841757,61610.1,1.08649623,b
1782364150.1841757,61610.1,1.48901677,b
1782364150.1848059,61610.1,1.317911,b
1782365017.4477725,61465.2,1.72353005,b
1782365029.2690094,61610.1,1.29758039,b
1782365048.9069927,61623.4,1.817002,b
1782365926.1593394,61528.2,2.76250937,s
1782365926.1593397,61508.8,2.43867384,s
1782365926.1593397,61508.9,1.52873641,s
1782365926.15934,61500.6,2.46665683,s
1782365926.15934,61503.8,8.12957368,s
1782365926.15934,61507.8,1.819294,s
1782365926.1593401,61487.2,3.85600874,s
1782365926.1593401,61487.5,3.41797245,s
1782365926.1593401,61495.5,8.13067262,s
1782365926.1593401,61498.6,1.000612,s
1782367924.8208892,61673.5,1.16884332,b
1782367924.8208897,61684.9,1.35256632,b
1782368683.0188577,61555.7,1.55554491,s
1782370988.0806618,61565.7,1.0,s
1782370988.0806618,61565.7,1.08725816,s
1782370988.0806618,61567.3,1.36555507,s
1782371584.9909828,61659.0,1.05828723,b
1782371795.1192553,61721.9,2.55732074,s
1782376392.6763446,61670.0,1.0,s
1782377228.7629745,61680.0,1.32523108,b
1782377228.775389,61680.0,1.33717294,b
1782377778.6635382,61677.6,1.16167219,b
1782378001.1907725,61600.0,1.97879448,b
1782381461.7490213,61605.8,1.21040981,s
1782382820.588113,61560.0,1.32523108,s
1782383515.2598567,61492.5,1.0,s
1782384284.0862548,61310.2,1.460066,s
1782384630.7698877,61249.7,1.065,s
1782385663.435003,61004.6,1.467591,s
1782385663.4350033,60995.5,1.7030024,s
1782388044.6410246,61200.0,1.27214657,s
1782389688.5059426,61098.7,1.01410356,s
1782390484.2473745,61000.0,1.11345261,s
1782390621.2626865,61285.1,1.007405,b
1782390623.1702974,61363.6,1.0598932,b
1782391288.6944501,61298.6,1.826674,b
1782392617.5311477,61178.8,1.66472533,b
1782393226.6251307,61216.3,1.41513248,s
1782394301.264758,60889.2,2.46348822,s
1782394301.264758,60895.2,1.836314,s
1782394301.2647583,60877.2,3.14987187,s
1782394301.2647583,60879.9,8.2128808,s
1782394463.68327,60934.9,2.141286,b
1782394463.7172568,60940.7,1.070643,b
1782394475.4574974,60934.9,1.78211964,b
1782394490.9710867,60921.0,1.03508299,b
1782394529.1604896,60861.1,2.79162349,s
1782394529.8771515,60861.2,1.10295609,b
1782394558.4948,60908.6,1.13696253,b
1782394712.1798716,60735.9,1.5,s
1782394754.4225051,60646.3,1.5,b
1782394800.0863395,60576.0,1.85406762,s
1782394800.102425,60576.0,1.69366257,s
1782394806.9049704,60558.5,1.65052336,s
1782394863.5490766,60500.0,1.0,b
1782394932.877358,60177.7,1.02299057,s
1782395027.6838536,60108.2,2.7528798,s
1782395027.6838536,60109.9,1.31442666,s
1782395027.6838536,60114.6,2.49523388,s
1782395070.802388,60114.0,2.82712049,s
1782395081.1120825,60041.7,1.70523036,s
1782395081.4862301,60041.7,2.09636454,s
1782395081.61481,60041.7,1.1776859,s
1782395081.7601707,60041.7,1.921066,s
1782395147.1981761,59918.1,1.86477617,b
1782395147.1981764,59925.7,1.025883,b
1782395157.3343318,59766.7,1.20883853,s
1782395165.652471,59750.0,1.0098155,s
1782395165.6577954,59750.0,1.03480396,s
1782395165.7207975,59750.0,1.18172992,s
1782395165.7319589,59750.0,1.1243878,s
1782395165.8441877,59750.0,1.929183,s
1782395176.123009,59668.2,1.873513,b
1782395179.3889613,59666.5,2.51397417,b
1782395179.3994086,59674.5,4.623804,b
1782395179.3997726,59674.5,3.668845,b
1782395179.4359078,59683.4,2.34340754,b
1782395179.436577,59683.4,1.222948,b
1782395245.7619767,59606.2,2.15731278,b
1782395245.7711918,59623.1,2.87923321,b
1782395305.6844363,59500.0,1.00840337,s
1782395318.8621645,59340.0,4.9416877,s
1782395332.025821,59340.0,1.426,s
1782395332.0981302,59307.9,1.32087145,s
1782395332.3203127,59307.9,1.18556859,s
1782395332.3296678,59307.8,1.86465627,s
1782395332.5834916,59307.8,2.06984,s
1782395332.5836966,59307.8,1.76291626,s
1782395332.7660658,59304.9,2.06984,s
1782395332.7663922,59304.9,1.94363,s
1782395332.9302742,59304.9,1.11777804,s
1782395332.9311125,59276.6,1.92227803,s
1782395333.3122265,59276.6,1.14739287,s
1782395339.5825121,59267.8,4.92788822,s
1782395354.9273305,59200.8,1.12558248,s
1782395379.8834763,59460.6,1.32413979,b
1782395379.8834763,59460.7,2.85991718,b
1782395379.8834763,59462.7,1.508562,b
1782395379.8834763,59464.8,1.68251967,b
1782395379.8834765,59485.6,2.52363881,b
1782395379.8834765,59502.1,2.82536193,b
1782395453.8531203,59442.9,1.49416248,s
1782395461.6989567,59300.0,1.0,s
1782395468.763106,59264.7,1.50922,s
1782395468.7631063,59250.0,3.18003673,s
1782395475.944571,59200.7,1.60200199,s
1782395475.952761,59200.7,1.55658464,s
1782395475.9562845,59200.7,1.04338797,s
1782395475.9617782,59200.7,1.06467871,s
1782395475.9777308,59200.7,1.44667807,s
1782395476.0031595,59200.7,4.73172741,s
1782395476.0207932,59200.7,3.93307399,s
1782395476.0634623,59200.7,3.6731393,s
1782395497.0191517,59137.3,1.513203,s
1782395505.7168767,59087.3,1.514308,s
1782395510.3126192,59121.1,1.514732,s
1782395522.7600217,59246.7,1.01413041,b
1782395531.5695224,59257.6,1.0,s
1782395610.1764936,59000.0,1.759051,s
1782395610.1956465,59000.0,1.05792766,s
1782395610.2367926,59000.0,1.0,s
1782395610.236793,59000.0,2.19272525,s
1782395610.651062,58950.0,1.0,s
1782395612.2519321,58888.0,1.0,s
1782395612.2519329,58834.1,6.9481945,s
1782395612.2560465,58834.1,6.15813601,s
1782395612.256047,58808.2,1.516627,s
1782395612.264154,58721.2,1.78871519,s
1782395612.300302,58651.1,3.63,s
1782395612.3006146,58651.1,2.64,s
1782395612.302421,58651.1,1.77340862,s
1782395612.3024213,58643.0,1.426,s
1782395612.3024213,58643.0,1.47089014,s
1782395612.9580898,58821.2,1.49558616,b
1782395612.9623265,58821.2,3.48704086,b
1782395625.253059,58840.8,1.2457619,b
1782395638.541146,58745.8,2.12133966,s
1782395646.0364602,58677.2,1.43495828,s
1782395646.0717204,58694.2,1.28462606,s
1782395653.7979984,58800.0,1.17281336,s
1782395665.8265626,58713.1,1.523904,s
1782395681.1915152,58665.9,1.46073301,s
1782395681.1915152,58672.6,1.524833,s
1782395700.8046887,58753.0,1.16764915,b
1782395729.0572324,58633.2,1.89794069,s
1782395729.1850328,58633.2,1.24499447,s
1782395729.1918707,58633.2,2.31796381,s
1782395729.196707,58633.2,2.03451181,s
1782395731.2039275,58633.2,1.770997,s
1782395731.2741032,58633.2,2.00732792,s
1782395731.3172674,58633.2,1.5308156,s
1782395731.387079,58633.2,5.82468086,s
1782395731.4542308,58620.0,1.07293841,s
1782395732.7132602,58583.0,1.0,s
1782395733.8990402,58550.0,1.60118136,s
1782395734.005117,58501.0,1.0,s
1782395734.3466697,58500.0,1.71389228,s
1782395734.4459634,58500.0,1.0,s
1782395735.7722104,58397.5,1.527318,s
1782395735.7722108,58338.0,1.5,s
1782395735.777342,58277.7,1.32841213,s
1782395815.6491334,58600.0,1.76640312,s
1782395823.636602,58546.1,1.23606749,s
1782395840.1193175,58515.8,1.89077024,s
1782395847.3280725,58440.7,1.531424,s
1782395870.2810676,58311.8,2.53446696,b
1782395870.2810676,58313.3,1.71572202,b
1782395870.2810676,58313.6,1.534542,b
1782395870.2810676,58323.7,1.37035096,b
1782395870.5066378,58256.8,1.91934758,s
1782395870.6645808,58256.8,1.2949522,s
1782395870.6987085,58256.8,1.11358883,s
1782395870.9844136,58256.8,1.51127436,s
1782395871.0856683,58256.8,1.02612124,s
1782395871.0887077,58256.8,2.77365859,s
1782395871.090803,58256.8,8.12830501,s
1782395934.5718362,58220.9,1.501299,s
1782395937.0169892,58211.7,2.91943129,s
1782395940.4794667,58174.8,1.22506855,s
1782395974.749221,58050.0,2.0,s
1782395974.7590342,58033.0,2.14441532,s
1782395974.8815043,58033.0,3.97666379,s
1782395974.8889868,58033.0,1.43267645,s
1782396008.6111155,58480.8,1.02763838,b
1782396008.6111155,58506.7,1.538634,b
1782396013.1544962,58606.3,1.34470361,b
1782396013.635228,58606.5,1.535668,b
1782396013.6352284,58697.4,2.0386622,b
1782396013.6352286,58741.0,1.07354611,b
1782396013.6352293,59046.8,1.27488955,b
1782396013.6352293,59070.8,6.84073239,b
1782396019.7147799,58602.2,1.00968444,b
1782396019.7147799,58602.3,1.00678644,b
1782396040.8628623,58522.8,2.90685079,b
1782396040.8628623,58535.4,1.00793861,b
1782396040.8628626,58559.4,3.80441956,b
1782396040.8628626,58559.5,1.07483373,b
1782396040.8684728,58590.2,1.2993701,s
1782396040.8684728,58590.2,6.78422936,s
1782396040.8688424,58590.2,2.8971,s
1782396040.8724604,58590.2,1.17287366,s
1782396040.8724604,58590.2,1.29171243,s
1782396072.595932,58424.7,1.69585507,s
1782396097.3295753,58611.1,2.41309909,b
1782396100.7472255,58575.6,4.32469345,s
1782396100.7472255,58587.4,2.90051242,s
1782396112.0459495,58663.2,1.07937601,b
1782396120.0102112,58679.9,1.24500189,b
1782396120.010272,58679.9,1.20136945,b
1782396120.0137656,58745.6,1.19249486,b
1782396120.0139005,58745.6,1.02625587,b
1782396129.4354355,58776.3,1.22357224,b
1782396143.2200804,58935.5,1.69601128,s
1782396146.1226678,59021.0,1.036452,s
1782396149.5142198,59000.0,1.18313421,s
1782396162.3632164,58844.1,2.88786634,s
1782396199.8209417,58920.2,2.2384454,s
1782396219.4326794,58889.7,1.59615212,s
1782396232.9717977,58950.5,1.48153845,s
1782396233.2873733,58950.5,1.36101047,s
1782396240.139907,58950.5,1.42259526,s
1782396244.1774752,58804.4,2.6650143,s
1782396271.6487026,58850.0,1.333694,s
1782396274.0078764,58850.0,1.09971939,s
1782396320.3333018,59036.2,1.97879448,b
1782396374.9905066,58918.3,1.67906975,b
1782396447.2201338,58923.4,2.88428809,s
1782396480.395596,59261.6,3.64117539,b
1782396488.306096,59264.8,2.86924791,b
1782396488.3060966,59299.3,3.86677365,b
1782396493.1992207,59152.3,2.87493804,b
1782396502.0027137,59167.8,1.65645689,s
1782396533.4767883,59360.4,2.68447032,b
1782396533.4767883,59374.1,1.6438471,b
1782396533.4767885,59376.1,1.03389049,b
1782396533.4767885,59383.9,1.16396002,b
1782396568.8566875,59363.8,1.68443833,b
1782396572.8450696,59321.9,2.86654814,b
1782396578.1307278,59327.9,1.29905291,b
1782396635.2104166,59511.7,1.41683062,s
1782396636.6463988,59497.9,1.8023878,s
1782396665.5019708,59480.7,1.0,s
1782396703.3164082,59406.4,1.58559938,s
1782396703.3164082,59410.6,2.86080505,s
1782396763.7398472,59462.1,3.35044485,b
1782396766.290319,59469.4,1.0123155,s
1782396980.4611473,58900.0,2.089955,s
1782396981.2751405,58900.0,1.88163889,s
1782397019.9736605,58806.8,1.04639155,b
1782397023.631547,58704.4,1.70292028,s
1782397023.6315475,58666.6,13.64888516,s
1782397023.6315475,58668.1,8.52251424,s
1782397025.040158,58695.9,2.8948688,s
1782397205.9912245,59262.8,5.0,b
1782397224.3859024,59362.1,1.87009444,b
1782397238.7975826,59280.2,1.00277631,s
1782397262.1011426,59306.7,2.52922169,s
1782397289.39365,59451.9,1.0720424,s
1782397289.3938959,59451.9,1.78561005,s
1782397329.4530103,59455.8,7.87668546,b
1782397712.6042547,59260.0,1.06463193,b
1782397818.8844283,59215.1,1.14381227,s
1782397894.6697168,59200.2,1.1053015,s
1782397953.8190615,59295.0,3.479414,b
1782397954.0493674,59295.0,1.41356301,b
1782397954.4868934,59316.2,1.093867,b
1782397954.5578043,59316.2,1.49519837,b
1782397954.561984,59322.1,1.1683106,b
1782397954.568691,59322.1,1.17309856,b
1782397954.8459923,59322.1,1.4181,b
1782397954.9757068,59325.3,1.43244338,b
1782397978.1902003,59452.1,1.363432,b
1782397978.5173512,59452.1,3.50698284,b
1782397978.5173512,59452.1,5.29649301,b
1782397978.604165,59452.1,2.28938794,b
1782397978.7171767,59452.1,1.1195419,b
1782397979.1632552,59452.1,1.5,b
1782397982.305119,59533.2,1.2,b
1782397985.442414,59588.8,1.080208,s
1782397985.4425976,59588.8,1.080208,s
1782397987.0093262,59635.4,1.361032,b
1782397987.5475574,59678.2,1.088724,b
1782397987.6074803,59681.1,1.360789,b
1782397988.4917753,59757.0,1.91361876,b
1782397989.0231051,59834.4,1.07529178,b
1782397991.0969064,59886.2,1.5,b
1782397991.2332566,59888.4,2.245527,b
1782397991.233489,59888.4,3.368291,b
1782397991.2469072,59888.4,3.77585633,b
1782397991.252117,59888.4,1.122763,b
1782397991.264276,59888.4,6.21556698,b
1782397991.324501,59912.2,1.01356301,b
1782397991.3703043,59981.0,1.1,b
1782397991.3947732,59981.0,1.72423052,b
1782397992.288396,60023.6,1.27994395,b
1782397993.0234802,60083.6,1.09863413,b
1782397993.0254233,60113.5,1.33197963,b
1782397993.0254235,60169.6,1.15868124,b
1782397993.8476748,59979.2,1.79868261,b
1782397998.6864305,59967.4,1.66484592,s
1782397998.6864307,59967.3,2.0055642,s
1782398001.4967442,59971.3,2.08817648,s
1782398020.027785,60254.1,7.21646468,s
1782398054.0523393,59937.2,1.078465,s
1782398123.988622,59898.2,1.0,s
1782398206.9954088,59690.1,2.84676936,s
1782398206.995409,59654.8,1.21870292,s
1782398206.995409,59655.5,15.0,s
1782398207.0292344,59691.8,1.78379612,b
1782398207.0389843,59691.8,2.16281803,b
1782398210.9319108,59709.8,1.49979777,s
1782398217.209373,59701.9,2.84655375,s
1782398578.4300928,59349.0,2.96959644,s
1782398622.843015,59400.0,1.60148622,b
1782399050.8673582,59544.2,1.67987719,b
1782399111.513497,59635.9,1.07240354,b
1782399130.1203673,59643.0,2.51496815,b
1782399130.1203675,59649.3,8.38233924,b
1782399130.1203675,59651.1,2.85059914,b
1782399130.1203675,59652.1,5.7388516,b
1782399143.8649495,59644.0,2.44972488,b
1782399179.646658,59633.0,2.39354406,s
1782399344.6882186,59600.0,1.3868482,s
1782399432.9044242,59435.6,2.5237394,s
1782399457.7090278,59399.8,1.66093475,s
1782399606.656789,59314.8,1.07331212,s
1782399639.5470843,59300.0,1.3773595,s
1782399640.7562027,59300.0,1.70861571,s
1782399694.6874218,59203.0,14.29958599,s
1782399694.6874218,59204.2,2.53360322,s
1782399694.687422,59194.2,2.48501347,s
1782399799.8446279,59000.0,1.0,s
1782399842.1443782,59014.0,1.20141848,s
1782399930.925971,59225.1,1.26286025,s
1782400585.9269724,58805.0,1.0,s
1782400640.263187,58850.0,1.19164831,b
1782400640.4073827,58850.0,1.34308544,b
1782400641.1801739,58850.0,1.74416662,b
1782400815.2478225,59160.2,1.25879262,s
1782401443.649251,59134.9,1.5,s
1782401795.1210246,59373.1,5.97218584,b
1782402333.0803988,59200.1,1.0645693,b
1782402780.9860957,59247.1,1.68724494,s
1782403132.0958016,59519.6,1.67957494,s
1782403174.456132,59510.6,1.5,b
1782403615.956484,59597.2,1.01885425,b
1782403620.118694,59641.2,2.42559341,b
1782403620.1522887,59641.2,3.87831477,b
1782403730.2238533,59626.4,2.51566439,b
1782403730.2238533,59630.4,2.85126896,b
1782403730.2238533,59634.7,2.59121209,b
1782403730.2238533,59634.8,8.38437652,b
1782403730.2238536,59641.9,1.67718614,b
1782403730.2238536,59642.0,2.51591187,b
1782403730.2238536,59642.0,3.28294724,b
1782403730.2238538,59651.1,1.62071281,b
1782403730.2238538,59669.4,13.77893135,b
1782403730.2934747,59641.9,1.67708804,b
1782403733.4642518,59659.7,1.5,b
1782403733.592542,59661.0,1.5,b
1782403734.6469603,59662.4,1.5,b
1782403795.574236,59787.0,2.069112,b
1782403795.5744524,59787.0,1.04961621,b
1782404218.4275885,59602.7,1.67736038,s
1782404218.4275885,59607.6,2.85138179,s
1782404662.7561624,59640.6,2.51506707,b
1782404662.7561626,59649.5,2.8502163,b
1782404662.7561626,59653.2,1.49413484,b
1782404662.7561626,59653.2,1.6766132,b
1782404662.7561626,59653.3,8.38177676,b
1782405004.9689207,59614.0,1.6963337,s
1782405005.7693875,59549.7,1.71155859,s
1782405023.3342443,59492.4,1.28212963,s
1782405032.0197153,59462.8,1.50855185,s
1782405197.4175272,59338.0,1.0,s
1782405565.3286352,59240.0,1.68728067,s
1782405576.193945,59212.9,1.23683983,s
1782405630.146909,59216.7,1.32043886,s
1782405718.978986,59235.3,3.0937104,b
1782405733.7781491,59253.2,1.6874263,s
1782405897.3887115,59176.2,2.53480548,b
1782405897.3887117,59186.1,1.68976573,b
1782405897.3887117,59186.1,2.52170379,b
1782405897.3887117,59186.2,8.44791891,b
1782405897.3887117,59188.7,2.87263607,b
1782405897.388712,59193.5,2.94030227,b
1782405897.388712,59193.6,1.32043886,b
1782405897.388712,59193.7,8.44685167,b
1782405897.388712,59201.1,2.15886812,b
1782405897.388712,59201.2,8.44578317,b
1782405897.388712,59208.7,8.44470597,b
1782405897.3887122,59210.6,1.63264485,b
1782405897.3887122,59222.3,2.74011928,b
1782405983.722167,59156.1,1.68979139,s
1782407016.6250315,59097.4,1.6333055,s
1782407016.6250315,59097.4,8.4605995,s
1782407016.6250315,59101.6,2.53800021,s
1782407016.6250317,59068.6,5.92530928,s
1782407016.6250317,59077.9,15.0,s
1782407016.625032,59058.5,2.88288797,s
1782407016.6250322,59037.3,4.59988394,s
1782407016.6250322,59042.9,2.605351,s
1782407016.6250322,59043.6,1.5,s
1782407016.6250322,59044.1,5.92776812,s
1782407032.8037024,59091.0,1.19615516,s
1782407040.415384,59115.1,1.5,s
1782407153.267049,59064.9,8.4652516,s
1782407153.267049,59065.0,2.5268776,s
1782407153.2670493,59043.8,11.46315956,s
1782407153.2670493,59053.0,8.46695661,s
1782407153.2670493,59056.3,1.68980101,s
1782407153.2670496,59033.3,6.73234144,s
1782407153.2670496,59035.8,1.58398212,s
1782407153.2670496,59041.0,8.46868273,s
1782407227.7764328,59050.0,1.68111746,b
1782407411.698392,59174.6,1.68938902,s
1782407419.4023826,59197.0,1.439133,b
1782407465.1842449,59331.6,1.19164831,b
1782407465.184245,59331.6,1.34308544,b
1782407465.184245,59331.6,1.74416662,b
1782407473.3142872,59331.6,1.14114025,b
1782407473.7949927,59331.6,1.66878966,b
1782407473.834911,59331.6,1.26939761,b
1782407588.7705472,59250.0,2.53164538,s
1782407640.3571613,59301.4,1.76359353,s
1782408461.0238972,59475.2,1.45442311,b
1782408461.0238972,59475.3,2.85861109,b
1782409044.2776775,59545.4,1.37781168,s
1782412458.3878658,59392.5,1.66094444,s
1782412970.652678,59348.2,1.16016851,s
1782413649.3266938,59459.7,1.68123216,s
1782414013.212215,59389.6,1.080928,s
1782414347.750584,59290.0,1.38356788,s
1782414351.9997249,59290.0,1.083268,s
1782414352.0084956,59290.0,1.083268,s
1782414352.0089853,59290.0,1.77567481,s
1782414352.016023,59290.0,1.18426739,s
1782414352.0231843,59290.0,1.51133269,s
1782415429.0076938,59193.2,1.41471483,s
1782417703.010257,59581.4,1.63777046,b
1782417703.010257,59581.5,2.19626799,b
1782417703.010257,59581.8,3.22290021,b
1782417703.010257,59583.2,2.28252445,b
1782417703.0102572,59595.1,2.85315651,b
1782417703.0102572,59599.9,1.67845165,b
1782417703.0102572,59600.0,1.51169041,b
1782417703.0102575,59607.9,1.53867045,b
1782417818.4756153,59544.8,1.01290162,s
1782417914.5360243,59610.5,2.28147817,b
1782417914.5360246,59614.3,2.85199652,b
1782417914.5360246,59614.9,1.67763857,b
1782417914.5360246,59619.3,1.63846681,b
1782417914.5360246,59619.4,6.36405169,b
1782418289.8366027,59500.0,1.06300231,b
1782418907.164043,59537.7,2.16735854,s
1782420010.8489637,59341.5,2.52774003,s
1782420010.8489637,59343.1,1.68432039,s
1782420010.848964,59326.8,2.57450934,s
1782420010.848964,59328.8,8.42760955,s
1782421675.536864,59427.4,1.07684938,b
1782421776.1651444,59450.0,1.09304144,b
1782422554.1360736,59500.1,1.86692621,b
1782422559.9053445,59500.0,1.06291758,b
1782422559.9811695,59500.0,1.02819639,b
1782423253.463892,59806.9,2.50807483,b
1782424185.456423,59823.8,2.50736618,b
1782424624.9815056,59943.7,2.50235203,b
1782424624.9815056,59948.3,2.83612559,b
1782424624.9815056,59955.2,1.66822928,b
1782424624.9815056,59956.1,2.21784114,b
1782424650.912771,59999.0,1.04050265,b
1782424650.9272003,59999.0,1.99710872,b
1782424675.4788072,60063.2,1.62952607,b
1782424675.4788072,60063.3,2.83059461,b
1782424675.4788072,60063.5,2.49736017,b
1782425887.4231288,59900.0,1.123661,b
1782426017.3073862,59755.9,1.74127143,s
1782426017.3073869,59726.3,8.24149074,s
1782426017.3073869,59726.4,3.17159281,s
1782426037.5290983,59753.8,1.44152036,s
1782426397.2614622,59752.9,1.499289,b
1782426463.4434838,59735.0,1.25924029,b
1782426463.4434838,59737.9,1.03209065,b
1782428371.2567327,59796.4,1.04924186,s
1782429261.3652916,59805.0,1.05586807,b
1782429696.4150963,60016.4,1.06695243,b
1782430255.124272,60064.4,2.31052303,b
1782430670.9146564,60027.5,1.492348,s
1782430672.0076575,59986.3,1.03538582,s
1782432765.0466776,59763.2,2.04139244,b
1782435697.5816545,59659.1,1.43383577,s
1782436031.8010914,59429.0,1.42706916,s
1782437115.076562,59368.0,2.28697758,s
1782437115.076562,59371.7,1.507948,s
1782437247.8384645,59298.4,1.509853,s
1782437247.8384645,59299.7,2.52952037,s
1782437247.8384647,59292.6,1.50073754,s
1782437277.922749,59301.7,1.78612714,s
1782437277.9232125,59298.2,1.509839,s
1782437277.9240115,59292.6,1.77402422,s
1782437277.9246645,59292.6,2.90344497,s
1782439789.8723543,59156.7,1.02075403,s
1782439912.500271,59078.0,2.0,s
1782439917.2897007,59078.9,1.51437,s
1782439917.289701,59062.5,2.14729424,s
1782439917.289701,59062.6,2.52698315,s
1782439958.9021962,59000.5,7.82007669,s
1782439967.724574,59000.0,1.0,s
1782439967.7245746,59000.0,1.0,s
1782439968.0503774,58939.8,1.0,s
1782439971.484371,58900.0,1.02072444,s
1782439973.6032085,58854.0,1.51100517,s
1782440010.9124238,58800.0,2.47856428,s
1782440010.9427702,58800.0,1.37974636,s
1782440011.8404722,58786.0,1.03116808,s
1782440109.579195,58641.1,1.16024976,b
1782440113.9440117,58734.9,1.70184346,s
1782440179.142056,58500.0,1.7094017,s
1782440179.1651547,58489.6,4.46791732,s
1782440189.7106714,58429.7,4.73985887,s
1782440208.6821642,58403.6,1.533145,s
1782440215.2964773,58489.6,1.11536201,b
1782440641.7735674,58350.0,1.6931316,s
1782441091.5690854,58837.0,1.28722968,s
1782441694.4643552,58723.0,1.525052,s
1782441694.4643552,58728.9,2.5541087,s
1782441694.4643555,58705.9,2.08987319,s
1782441694.4643555,58713.7,8.51588713,s
1782442117.7514014,58558.1,1.07719274,s
1782442138.0142777,58484.4,2.80272937,s
1782442138.0142777,58486.8,1.529712,s
1782442138.0142777,58490.8,2.56450151,s
1782442406.193195,58386.5,1.02395677,s
1782442503.623528,58444.1,1.532961,s
1782442503.6235282,58440.4,1.66470735,s
1782442536.9309413,58418.5,1.37225847,s
1782442536.9309413,58418.6,3.01228594,s
1782442536.9309413,58428.5,2.56723957,s
1782442545.81537,58417.5,2.56772022,s
1782442545.81537,58418.1,8.55898947,s
1782442545.81537,58418.2,2.55485836,s
1782442545.8153703,58408.2,2.55529429,s
1782442545.8153703,58410.3,1.532743,s
1782442559.108938,58387.9,2.5690223,s
1782442559.1089382,58379.7,2.06351003,s
1782442559.1089382,58380.0,2.0,s
1782442568.2129767,58347.2,8.56938105,s
1782442568.2129767,58355.8,2.57043601,s
1782442568.212977,58336.1,1.42022015,s
1782442568.212977,58336.4,2.00903388,s
1782442568.212977,58337.5,8.57081448,s
1782442568.212977,58337.6,1.533448,s
1782442606.240381,58381.8,1.25231591,b
1782442637.8713846,58425.3,8.55792783,s
1782442637.8713846,58425.4,2.63812146,s
1782442637.8713846,58427.0,1.533336,s
1782442637.8713846,58439.6,2.56675186,s
1782442637.8713849,58408.5,15.0,s
1782442637.8713849,58412.4,8.55981448,s
1782442637.8713849,58414.8,1.66258503,s
1782442637.8713849,58418.8,8.55888817,s
1782442637.871385,58370.1,1.51555651,s
1782442637.871385,58372.1,4.63732046,s
1782442637.871385,58373.6,5.99585093,s
1782442637.871385,58379.8,2.56780368,s
1782442637.871385,58381.0,5.99509231,s
1782442637.871385,58381.1,11.94798781,s
1782442680.1372602,58429.3,1.884191,b
1782442680.1651444,58429.3,2.376317,b
1782442680.1725857,58429.3,2.376317,b
1782442680.224665,58429.3,1.21478071,b
1782442680.2283213,58429.3,1.45460877,b
1782442680.2460382,58429.3,1.27613327,b
1782442683.5099738,58409.8,2.03575363,s
1782442683.6357176,58442.6,1.532859,b
1782442726.6741474,58435.8,1.38632785,b
1782442743.1735392,58484.6,1.02024807,b
1782442835.6995595,58445.7,1.72633076,s
1782442835.7006464,58445.7,4.74363608,s
1782442836.0250435,58445.7,2.63660894,s
1782442836.075376,58445.7,3.12914797,s
1782442836.108943,58445.7,1.42953988,s
1782442838.7076287,58411.4,1.00598187,b
1782442838.7488194,58411.4,1.02838931,b
1782442838.7516448,58411.4,1.02674438,b
1782442935.7510703,58265.0,1.82511,s
1782444161.2696013,58791.5,1.523768,b
1782444431.899609,58854.2,1.19741797,b
1782444432.00045,58882.6,2.37947258,b
1782444432.003165,58882.6,1.38971,b
1782444433.567843,58938.7,1.522641,b
1782444434.202615,58941.4,1.497641,b
1782444434.2324126,58941.4,1.52249,b
1782444436.2488215,59000.0,1.05775891,b
1782444441.771653,59009.4,1.09844795,s
1782444743.9149122,59060.0,1.0,b
1782444744.0834959,59074.7,4.41978911,b
1782444744.0844777,59087.7,1.585724,b
1782445278.7876153,59349.6,1.68420233,s
1782445278.7876155,59333.7,1.56916458,s
1782445278.7876155,59341.0,2.52776319,s
1782445335.308535,59343.3,1.05697044,b
1782446022.9651968,59737.7,1.49864,b
1782446022.9651968,59744.1,2.51070924,b
1782446022.9651968,59750.9,1.36374221,b
1782446164.740302,59784.0,7.27585035,b
1782446164.7525046,59784.0,1.1857884,b
1782446164.764996,59784.0,3.42941134,b
1782446164.7733672,59784.0,3.10488048,b
1782446165.1080554,59800.0,1.09503561,b
1782446165.8029387,59889.6,1.67006854,b
1782446165.9488351,59856.2,1.499038,b
1782446166.0983155,59894.5,2.50541259,b
1782446186.4593832,60000.0,1.13070685,b
1782446186.6040978,60000.0,1.49397939,b
1782446342.892416,59820.0,1.0987106,b
1782446351.8630445,59820.0,1.29894943,b
1782446351.8725832,59820.0,1.11036777,b
1782446415.027177,59977.2,1.2803819,b
1782446415.1351717,59977.2,1.51563647,b
1782446438.9729705,59839.7,2.01177218,s
1782447478.6063514,60122.1,1.0224745,s
1782448162.5328057,59858.1,8.35308483,s
1782448162.5328057,59858.2,2.49390954,s
1782448162.5328057,59865.6,1.495423,s
1782448162.5328057,59867.0,2.50555319,s
1782448162.532806,59844.6,2.29087612,s
1782448162.532806,59851.8,8.35395505,s
1782448162.532806,59855.5,1.95816161,s
1782448162.5328062,59844.0,3.81387379,s
1782450233.1639848,59779.1,1.67220313,s
1782450273.891576,59758.8,1.29749417,s
1782451322.9986763,59793.9,1.67190835,s
1782452017.7703984,59930.2,1.494642,b
1782452739.9693656,59702.6,1.49906,s
1782455854.24944,59998.0,1.15886801,b
1782455854.296187,59998.0,1.08325807,b
1782455854.3372889,59998.0,1.27613327,b
1782455854.4015677,59998.0,3.12982608,b
1782455855.2088773,59998.0,1.27613327,b
1782455863.9140975,59998.0,1.15711481,b
1782455963.8057444,60200.0,1.27306757,b
1782456190.3783271,60171.0,1.488555,b
1782456190.3783271,60173.0,2.49281521,b
1782456241.6648746,60278.9,1.487091,b
1782456241.6648748,60285.7,2.4881533,b
1782456241.6648748,60291.1,2.81990559,b
1782456241.6648748,60292.0,1.65892973,b
1782456241.6648748,60294.3,8.29266892,b
1782456241.664875,60304.6,2.61112986,b
1782456241.664875,60305.0,8.29119961,b
1782456241.6648753,60315.1,8.28980216,b
1782456241.6648753,60318.2,1.94647265,b
1782456241.6648755,60322.1,4.33894394,b
1782456241.6648755,60322.2,8.47902382,b
1782456396.9488328,60340.1,1.09252227,s
1782456416.1085963,60341.3,1.12612947,b
1782457915.7494805,60333.2,1.65697847,s
1782457915.7494807,60305.7,8.29108232,s
1782457915.7494807,60305.8,5.27780243,s
1782457915.7494807,60315.2,2.48693363,s
1782457915.749481,60295.9,7.39022657,s
1782457915.749481,60296.2,5.45803126,s
1782457915.749481,60301.6,1.94387073,s
1782457915.749481,60305.0,5.0,s
1782458095.8002331,60421.0,1.38404688,b
1782458095.8061178,60421.0,1.32147947,b
1782458095.8167167,60421.0,1.50066542,b
1782458899.1040046,60600.0,2.21582745,b
1782458899.1085632,60600.0,1.8660253,b
1782458899.109591,60600.0,1.05358586,b
1782458899.1118102,60600.0,1.63558817,b
1782458899.1515794,60600.0,2.15844093,b
1782459052.867865,60515.0,1.0773272,b
1782459591.910115,60600.0,1.20470144,b
1782459922.6828504,60500.9,1.65231875,s
1782461325.8146415,60165.5,4.81991979,s
1782461325.8146415,60169.3,1.487373,s
1782462026.337598,60100.7,3.55219407,s
1782462026.337598,60106.8,2.49555698,s
1782462337.7146676,60269.5,1.485911,b
1782462715.0551593,60230.1,2.49045307,b
1782463608.1080723,60147.0,1.14412538,b
1782463608.1254573,60147.0,1.58612416,b
1782464263.9046488,60127.0,1.28562271,b
1782464263.9169607,60127.0,1.43054255,b
1782468118.3813837,59592.5,1.5683774,b
1782468270.513508,59610.1,1.502114,b
1782469941.8291037,59730.3,2.33416562,b
1782470480.5827649,59434.6,1.25119816,s
1782474859.5842679,59218.0,1.10243967,s
1782474859.6046991,59218.0,1.28931521,s
1782475357.3765132,59331.0,1.28931521,s
1782475697.3070068,59420.0,1.36397527,b
1782475841.1591978,59284.8,1.50859,s
1782476154.9935956,59420.0,1.72690604,b
1782476620.7913396,59483.9,1.39122136,s
1782477228.7601912,59876.8,1.00290532,b
1782477987.6090195,59362.3,1.12160478,b
1782478322.5522425,59205.7,1.512358,b
1782478346.7848432,59205.7,1.22056092,s
1782479488.0724413,58948.5,1.78945602,b
1782479488.0724413,58956.0,1.67952364,b
1782479525.4577093,59001.0,1.69413064,s
1782479525.4577093,59013.7,1.518941,s
1782479967.87923,58685.8,2.4,s
1782479968.7949488,58593.5,1.28763644,s
1782479968.9172008,58593.5,3.18433522,s
1782479969.0432014,58617.4,1.51995056,s
1782479971.3007343,58500.0,2.02666827,s
1782479972.6798387,58484.4,3.2914,b
1782479972.8547199,58484.4,1.27478503,b
1782479972.8876495,58496.4,1.18671258,b
1782480007.9439394,58644.5,1.70397096,s
1782480007.9439394,58650.0,1.526512,s
1782480600.887122,58791.4,1.32002256,b
1782480600.911898,58791.4,1.20089438,b
1782481058.8573375,58987.4,2.04917069,s
1782481058.8573377,58975.3,2.09932764,s
1782481058.8573377,58975.6,1.41097325,s
1782481058.8573377,58980.4,2.54321503,s
1782481058.8573377,58984.4,1.518221,s
1782481075.83056,59057.4,2.87921097,b
1782481075.83056,59058.7,1.51751,b
1782481075.8305602,59062.3,2.04917069,b
1782481075.8305602,59062.4,1.69350121,b
1782481075.8305602,59069.3,4.65140346,b
1782481087.633178,59032.1,2.05021902,s
1782481087.633178,59032.2,1.00712487,s
1782481087.633178,59034.5,1.516941,s
1782481112.902526,59078.3,2.31039575,s
1782481193.2619045,59154.1,2.87424383,b
1782481193.2619045,59158.8,1.514917,b
1782481193.2619045,59160.4,1.39485877,b
1782481193.2619045,59160.4,1.69073608,b
1782481193.2619047,59163.2,2.50260259,b
1782481203.8354208,59074.4,1.69227833,s
1782481241.72784,59150.1,1.514485,s
1782481241.72784,59151.3,2.31242814,s
1782481241.7278402,59125.8,2.28568509,s
1782481279.7724752,59126.0,1.5151,b
1782481279.7724755,59139.1,2.05320718,b
1782481279.7724755,59142.4,2.87492382,b
1782481279.7724755,59142.6,1.78146056,b
1782481279.7724755,59145.0,1.69110358,b
1782481279.7724755,59145.2,2.55175442,b
1782481279.7724757,59145.3,8.45377002,b
1782481279.7724757,59157.0,8.45208569,b
1782481279.7724757,59159.5,2.5207809,b
1782481279.772476,59173.9,4.89880346,b
1782481937.023416,59518.0,1.45340343,s
1782482126.4284396,59846.0,1.20470144,b
1782482222.2888465,60000.0,2.0,b
1782482261.5013351,59969.0,1.00288511,s
1782482377.8610134,60082.2,2.18873254,b
1782482377.869969,60082.2,2.04611391,b
1782482379.3449302,60082.2,1.03714076,b
1782482379.3494034,60082.2,2.97450314,b
1782482379.7541256,60082.2,1.30451121,b
1782482380.0688388,60082.2,3.39910831,b
1782482380.075306,60082.2,2.34919673,b
1782482391.9174645,60027.3,2.2262826,s
1782482391.9174645,60029.6,1.490544,s
1782482391.9174645,60029.7,2.28196569,s
1782482414.7128344,60100.0,1.23485756,b
1782482428.9227772,60162.1,1.0,b
1782482473.821618,59984.0,1.1466333,s
1782482512.2166142,59913.5,1.494044,b
1782482512.2166145,59929.9,3.18081883,b
1782482512.2166145,59930.0,2.65521953,b
1782482706.6717038,59917.5,1.494373,b
1782482706.6717038,59923.4,2.50319631,b
1782482706.6717038,59925.8,1.41991376,b
1782483077.7377708,59903.6,1.66867928,s
1782483077.737771,59891.2,2.50454024,s
1782483564.952094,59800.0,1.05658847,s
1782483738.751426,59907.8,6.95052259,s
1782483738.751426,59917.0,1.66843815,s
1782483772.811477,59960.0,1.31801708,b
1782483946.3015943,60000.0,1.72253172,b
1782483946.3790767,60000.0,2.0232331,b
1782483955.3534026,60000.0,1.23655731,b
1782483966.7835667,60000.0,3.96112453,b
1782484127.292938,60050.0,1.04295963,b
1782484131.0093102,60102.9,1.06680048,b
1782484236.8578708,59919.2,1.66953322,b
1782484237.5818467,59938.6,1.70030409,b
1782484383.227034,59842.0,1.37688,s
1782484419.9985259,59767.2,1.6731631,s
1782484501.4360662,59781.6,1.498041,s
1782484532.9869282,59760.1,1.6,s
1782484607.2546325,59564.1,1.503045,s
1782484639.0687134,59564.0,1.09903007,s
1782484852.9160879,59500.0,3.445,s
1782484853.2117784,59500.0,2.624269,s
1782484853.8613088,59500.0,1.14309077,s
1782484853.9670653,59500.0,2.42437451,s
1782484853.9924507,59500.0,1.26458308,s
1782484857.987263,59500.2,1.43483317,b
1782484927.8550992,59616.0,1.32990521,b
1782485211.5092552,59560.2,1.503281,s
1782485746.4175866,59352.2,2.02432074,s
1782485749.703918,59352.2,1.15140876,s
1782485754.2819161,59352.2,1.13878584,s
1782485984.662669,59510.5,2.52056344,s
1782485984.662669,59513.2,1.59444171,s
1782485984.662669,59515.9,1.50365,s
1782485984.6626692,59498.5,3.51233929,s
1782485984.6626692,59502.7,8.40297111,s
1782485984.6626694,59481.1,13.01580332,s
1782485984.6626694,59482.3,15.0,s
1782486030.6890318,59528.3,1.56625489,s
1782486451.6173682,59678.9,1.06792516,b
1782486595.9234223,59933.8,1.71,b
1782486637.3595989,59839.2,1.6,s
1782487444.5841951,60000.0,1.23261269,b
1782487444.6582005,60000.0,1.10620187,b
1782487445.1299345,60000.0,2.0232331,b
1782487445.1514757,60000.0,1.3857734,b
1782487445.160408,60000.0,1.11063338,b
1782487445.1634927,60000.0,1.99602693,b
1782487445.1636589,60000.0,1.84333682,b
1782487445.1715014,60000.0,2.21338746,b
1782487454.5597198,60004.6,1.492323,b
1782487454.55972,60014.5,2.49939724,b
1782487455.4444947,60039.5,1.38524769,b
1782487455.5260053,60039.5,1.843809,b
1782487480.3029077,60040.4,1.30310871,b
1782487553.404251,60100.0,1.08157218,b
1782487573.2449484,60192.4,1.21059477,b
1782487573.2553456,60192.4,2.00187967,b
1782487573.2759893,60192.4,1.05812531,b
1782487573.2837017,60192.4,5.69298455,b
1782487573.3177679,60192.4,1.727666,b
1782487597.4421372,60212.7,1.14011414,s
1782487719.0906858,60022.7,1.24180976,s
1782487872.2317789,60130.1,2.16009887,b
1782487872.4765072,60130.1,1.19444144,b
1782487876.5297964,60139.3,2.82479938,s
1782487885.0320892,60103.0,1.16979926,s
1782487907.5633965,60077.7,1.23419034,s
1782488339.756209,60334.0,1.21535599,s
1782488429.6846244,60411.7,1.483574,b
1782489063.9769065,60317.0,1.65790409,s
1782489064.2827356,60301.4,2.75692955,s
1782489064.334668,60301.4,1.38891117,s
1782489075.9789307,60129.7,1.66244028,s
1782489213.3029833,60173.1,2.279,s
1782489250.0435033,60094.9,1.53046605,b
1782489250.0437253,60094.9,1.16774671,b
1782489250.2274952,60117.5,2.14809887,b
1782489411.2558868,60240.2,3.004,s
1782489444.0343091,60228.7,2.82197119,s
1782489444.0343094,60213.6,1.42942121,s
1782489444.0343094,60213.7,2.48975228,s
1782489444.0343094,60214.6,1.02080488,s
1782489444.0343094,60220.2,1.66001357,s
1782490542.9183471,60118.8,1.0,b
1782490756.0975823,60052.9,1.60545975,s
1782491130.4574645,59966.9,1.66703906,s
1782491441.7537389,60050.0,1.38225432,b
1782491661.0365295,60049.5,1.66434551,s
1782491727.0631936,60212.9,1.18183449,s
1782491932.3784378,60112.5,1.26081748,s
1782492554.2221787,60078.1,1.277,s
1782492791.6485715,59941.8,1.02038628,s
1782493458.9754906,60090.2,1.08459424,b
1782495372.7036326,59930.0,1.05355452,s
1782495808.459235,59992.3,1.66722007,b
1782496636.3958404,59844.6,2.50648859,s
1782496636.3958404,59845.2,1.67096141,s
1782500258.5657122,59500.0,1.79590607,s
1782500262.5903301,59500.0,1.20314239,s
1782500262.6133273,59500.0,1.05828585,s
1782500269.4359994,59500.0,1.18340597,s
1782500270.8366406,59500.0,1.746402,s
1782500270.8623407,59500.0,1.06200974,s
1782500270.8974223,59500.0,1.74402702,s
1782500270.8997378,59500.0,4.35957226,s
1782500343.2156467,59524.6,1.504242,s
1782500987.9864402,59858.1,1.02514997,b
1782501003.0403843,59982.8,1.494374,b
1782503403.2464547,59779.8,1.498,s
1782503454.0390062,59807.7,1.4979,s
1782503607.4690495,59785.8,1.22771102,s
1782503942.7059922,59761.4,1.303371,s
1782504582.0480328,59628.7,1.0719096,s
1782504695.2806258,59593.2,1.72682809,s
1782508003.037052,59621.8,1.07245371,s
1782513006.2272377,59800.0,1.20933644,s
1782513169.438519,59800.1,1.44604224,b
1782513180.1381295,59800.1,1.0477769,b
1782513180.162755,59800.1,1.12401839,b
1782513180.180801,59800.1,1.1676976,b
1782513181.178624,59800.1,1.12401839,b
1782513184.282319,59800.1,1.24550291,b
1782513184.2839696,59800.1,2.13075702,b
1782513184.3127918,59800.1,1.12401839,b
1782513184.3367054,59800.1,2.2397655,b
1782513184.338436,59800.1,1.07971424,b
1782513184.3415477,59800.1,2.13692425,b
1782513184.376456,59800.1,31.422954,b
1782513184.3766596,59800.1,31.422954,b
1782515047.8122697,60000.0,1.0602348,b
1782520328.917467,59851.3,1.26104824,b
1782523269.806921,59890.7,1.66917369,s
1782527299.3571405,60255.0,1.28931521,b
1782527306.8746657,60255.0,1.03065589,b
1782528869.7361286,60255.0,2.3685984,b
1782531643.5786057,60240.0,1.01076732,s
1782531654.778968,60240.0,1.26503348,s
1782531869.1769447,60240.0,1.0098025,s
1782531873.0749152,60240.0,1.37774037,s
1782531900.7472675,60240.0,1.15430263,s
1782531995.955303,60240.0,1.40406125,s
1782532293.312167,60240.0,1.12681789,s
1782533239.637604,60305.0,1.28931521,b
1782536640.824676,60152.9,1.10294568,s
1782542971.4712298,60368.1,1.14052506,b
1782546338.782324,60415.1,1.482965,b
1782546338.782324,60417.7,2.81402146,b
