timestamp,datetime,open,high,low,close,volume,buy_vol,sell_vol,delta,cvd
1779962400,2026-05-28 10:00:00,73456.4,73456.4,73437.4,73445.2,0.11813616,0.07520152,0.04293464,0.03226688,0.03226688
1779963300,2026-05-28 10:15:00,73445.3,73453.1,73237.0,73289.9,4.72159721,2.70735196,2.01424525,0.69310671,0.72537359
1779964200,2026-05-28 10:30:00,73289.9,73382.2,73285.1,73382.0,4.07834488,2.34835002,1.72999486,0.61835516,1.34372875
1779965100,2026-05-28 10:45:00,73382.0,73454.7,73254.4,73286.2,6.86113325,0.83948495,6.0216483,-5.18216335,-3.8384346
1779966000,2026-05-28 11:00:00,73286.1,73336.5,73220.1,73309.1,16.69414872,3.31780711,13.37634161,-10.0585345,-13.8969691
1779966900,2026-05-28 11:15:00,73313.0,73330.1,73229.0,73235.5,12.70828136,10.07497113,2.63331023,7.4416609,-6.4553082
1779967800,2026-05-28 11:30:00,73235.6,73349.2,73199.0,73349.2,8.1240402,2.23555032,5.88848988,-3.65293956,-10.10824776
1779968700,2026-05-28 11:45:00,73349.3,73409.8,73304.4,73378.5,13.45495945,1.75309806,11.70186139,-9.94876333,-20.05701109
1779969600,2026-05-28 12:00:00,73378.6,73391.0,73281.6,73289.3,5.37389076,2.27660247,3.09728829,-0.82068582,-20.87769691
1779970500,2026-05-28 12:15:00,73289.3,73289.3,73142.3,73249.9,22.00822317,11.99186894,10.01635423,1.97551471,-18.9021822
1779971400,2026-05-28 12:30:00,73250.0,73396.0,73233.7,73369.2,34.81885533,32.02048286,2.79837247,29.22211039,10.31992819
1779972300,2026-05-28 12:45:00,73369.1,73449.9,73351.2,73397.8,4.67388595,3.4370103,1.23687565,2.20013465,12.52006284
1779973200,2026-05-28 13:00:00,73397.8,73449.9,73210.7,73224.2,14.37000955,1.63213735,12.7378722,-11.10573485,1.41432799
1779974100,2026-05-28 13:15:00,73224.2,73224.2,72855.6,73032.4,42.76302501,5.32421229,37.43881272,-32.11460043,-30.70027244
1779975000,2026-05-28 13:30:00,73034.3,73034.3,72650.0,72659.3,84.7201266,10.46899695,74.25112965,-63.7821327,-94.48240514
1779975900,2026-05-28 13:45:00,72659.4,72945.8,72659.4,72930.6,53.60905025,40.34304679,13.26600346,27.07704333,-67.40536181
1779976800,2026-05-28 14:00:00,72896.0,73197.2,72470.0,73191.9,69.09715437,27.55409103,41.54306334,-13.98897231,-81.39433412
1779977700,2026-05-28 14:15:00,73194.6,73420.7,72768.3,72832.7,41.13551864,28.61761602,12.51790262,16.0997134,-65.29462072
1779978600,2026-05-28 14:30:00,72832.7,72915.0,72675.7,72724.9,15.94742171,10.45166852,5.49575319,4.95591533,-60.33870539
1779979500,2026-05-28 14:45:00,72723.6,72909.2,72579.9,72896.0,17.25330467,10.20617158,7.04713309,3.15903849,-57.1796669
1779980400,2026-05-28 15:00:00,72895.1,73024.0,72735.5,72735.6,49.32880609,28.86834318,20.46046291,8.40788027,-48.77178663
1779981300,2026-05-28 15:15:00,72735.6,72825.4,72571.0,72825.4,20.12090353,9.68014877,10.44075476,-0.76060599,-49.53239262
1779982200,2026-05-28 15:30:00,72825.4,72867.8,72705.0,72859.7,11.85068099,4.03005678,7.82062421,-3.79056743,-53.32296005
1779983100,2026-05-28 15:45:00,72871.8,72925.6,72772.0,72806.3,26.36093444,4.07263914,22.2882953,-18.21565616,-71.53861621
1779984000,2026-05-28 16:00:00,72806.3,73016.5,72605.9,72978.4,43.25197815,20.89768879,22.35428936,-1.45660057,-72.99521678
1779984900,2026-05-28 16:15:00,72978.4,73163.8,72932.3,73027.7,61.49349302,51.34179469,10.15169833,41.19009636,-31.80512042
1779985800,2026-05-28 16:30:00,73027.7,73217.0,73010.4,73206.7,92.4109512,68.88423351,23.52671769,45.35751582,13.5523954
1779986700,2026-05-28 16:45:00,73206.7,73300.0,73150.0,73299.9,57.61049568,33.1820263,24.42846938,8.75355692,22.30595232
1779987600,2026-05-28 17:00:00,73300.0,73400.0,73206.0,73366.2,136.13176555,60.27273139,75.85903416,-15.58630277,6.71964955
1779988500,2026-05-28 17:15:00,73368.7,73372.9,73202.5,73238.8,18.61772402,2.49553432,16.1221897,-13.62665538,-6.90700583
1779989400,2026-05-28 17:30:00,73236.5,73413.1,73223.8,73368.0,41.67985354,37.96813766,3.71171588,34.25642178,27.34941595
1779990300,2026-05-28 17:45:00,73367.9,73621.9,73360.3,73441.1,22.93677412,18.5299901,4.40678402,14.12320608,41.47262203
1779991200,2026-05-28 18:00:00,73441.2,73625.9,73411.5,73526.7,18.95126299,13.70008777,5.25117522,8.44891255,49.92153458
1779992100,2026-05-28 18:15:00,73526.7,73628.8,73472.7,73478.5,38.68731173,33.94714439,4.74016734,29.20697705,79.12851163
1779993000,2026-05-28 18:30:00,73480.4,73578.1,73456.8,73483.6,23.17780671,5.92925845,17.24854826,-11.31928981,67.80922182
1779993900,2026-05-28 18:45:00,73483.7,73600.0,73469.0,73527.3,9.7323463,7.79362502,1.93872128,5.85490374,73.66412556
1779994800,2026-05-28 19:00:00,73527.4,73529.1,73336.7,73364.9,19.24218378,6.86363139,12.37855239,-5.514921,68.14920456
1779995700,2026-05-28 19:15:00,73364.9,73433.8,73290.8,73433.7,11.97642823,1.52825094,10.44817729,-8.91992635,59.22927821
1779996600,2026-05-28 19:30:00,73434.2,73474.8,73312.0,73320.7,3.77453245,3.18448417,0.59004828,2.59443589,61.8237141
1779997500,2026-05-28 19:45:00,73320.6,73408.0,73276.9,73300.7,10.16383978,5.20032455,4.96351523,0.23680932,62.06052342
1779998400,2026-05-28 20:00:00,73300.8,73423.4,73140.8,73343.2,21.26563067,16.32794064,4.93769003,11.39025061,73.45077403
1779999300,2026-05-28 20:15:00,73338.0,73561.3,73327.8,73542.6,5.306687,2.999946,2.306741,0.693205,74.14397903
1780000200,2026-05-28 20:30:00,73542.6,73600.0,73523.6,73593.2,12.55046256,5.70859927,6.84186329,-1.13326402,73.01071501
1780001100,2026-05-28 20:45:00,73593.3,73600.0,73466.5,73475.8,25.22411583,11.09935456,14.12476127,-3.02540671,69.9853083
1780002000,2026-05-28 21:00:00,73475.5,73600.0,73450.0,73595.3,10.73624903,7.39255717,3.34369186,4.04886531,74.03417361
1780002900,2026-05-28 21:15:00,73595.4,73634.6,73577.6,73603.1,11.50541327,10.26030219,1.24511108,9.01519111,83.04936472
1780003800,2026-05-28 21:30:00,73603.1,73809.3,73580.5,73805.1,94.55081207,89.46946927,5.0813428,84.38812647,167.43749119
1780004700,2026-05-28 21:45:00,73805.0,73808.4,73698.4,73727.8,7.74697674,5.6437984,2.10317834,3.54062006,170.97811125
1780005600,2026-05-28 22:00:00,73719.4,73827.0,73598.8,73605.9,19.39303586,12.89158136,6.5014545,6.39012686,177.36823811
1780006500,2026-05-28 22:15:00,73605.9,73612.6,73501.5,73508.4,11.77678375,5.38972193,6.38706182,-0.99733989,176.37089822
1780007400,2026-05-28 22:30:00,73506.8,73506.8,73397.0,73404.5,9.39965062,6.54519749,2.85445313,3.69074436,180.06164258
1780008300,2026-05-28 22:45:00,73396.5,73489.4,73352.5,73366.9,8.79651101,7.15847121,1.6380398,5.52043141,185.58207399
1780009200,2026-05-28 23:00:00,73367.6,73497.5,73367.6,73497.5,19.05302129,18.57973768,0.47328361,18.10645407,203.68852806
1780010100,2026-05-28 23:15:00,73496.2,73592.8,73467.5,73575.3,5.59745089,4.6892872,0.90816369,3.78112351,207.46965157
1780011000,2026-05-28 23:30:00,73582.8,73621.3,73451.4,73505.4,17.39526378,5.58341758,11.8118462,-6.22842862,201.24122295
1780011900,2026-05-28 23:45:00,73505.4,73543.9,73436.6,73515.7,3.28906493,0.38366773,2.9053972,-2.52172947,198.71949348
1780012800,2026-05-29 00:00:00,73516.5,73689.5,73516.5,73648.1,10.70332492,6.02979999,4.67352493,1.35627506,200.07576854
1780013700,2026-05-29 00:15:00,73648.0,73746.8,73581.2,73674.5,9.43408494,5.74693613,3.68714881,2.05978732,202.13555586
1780014600,2026-05-29 00:30:00,73674.4,73747.9,73653.3,73747.9,18.61917949,7.83329902,10.78588047,-2.95258145,199.18297441
1780015500,2026-05-29 00:45:00,73743.8,73743.8,73579.9,73611.2,2.8675858,1.16456027,1.70302553,-0.53846526,198.64450915
1780016400,2026-05-29 01:00:00,73614.8,73747.9,73614.8,73673.8,3.22168499,1.82819397,1.39349102,0.43470295,199.0792121
1780017300,2026-05-29 01:15:00,73673.8,73692.8,73471.6,73498.6,9.91020148,7.31114115,2.59906033,4.71208082,203.79129292
1780018200,2026-05-29 01:30:00,73498.6,73498.6,73381.9,73420.9,5.19788796,3.50897743,1.68891053,1.8200669,205.61135982
1780019100,2026-05-29 01:45:00,73421.0,73516.0,73360.9,73483.9,11.15334678,6.23080342,4.92254336,1.30826006,206.91961988
1780020000,2026-05-29 02:00:00,73483.9,73533.2,73440.3,73522.5,3.32349316,1.12868606,2.1948071,-1.06612104,205.85349884
1780020900,2026-05-29 02:15:00,73522.4,73537.3,73271.7,73283.2,10.74222937,0.58454422,10.15768515,-9.57314093,196.28035791
1780021800,2026-05-29 02:30:00,73275.7,73382.4,73222.3,73231.5,8.98952841,0.65668551,8.3328429,-7.67615739,188.60420052
1780022700,2026-05-29 02:45:00,73232.7,73294.5,73072.9,73101.7,11.47797209,3.87868914,7.59928295,-3.72059381,184.88360671
1780023600,2026-05-29 03:00:00,73101.8,73339.9,73101.8,73334.6,1.17759511,0.80285427,0.37474084,0.42811343,185.31172014
1780024500,2026-05-29 03:15:00,73334.6,73334.6,73273.5,73281.5,1.13227219,0.18620334,0.94606885,-0.75986551,184.55185463
1780025400,2026-05-29 03:30:00,73281.5,73337.5,73212.0,73257.1,5.07789458,1.37377202,3.70412256,-2.33035054,182.22150409
1780026300,2026-05-29 03:45:00,73257.0,73257.1,73159.4,73186.3,0.56740925,0.22945725,0.337952,-0.10849475,182.11300934
1780027200,2026-05-29 04:00:00,73186.4,73250.0,73100.8,73127.5,1.31712267,0.71898978,0.59813289,0.12085689,182.23386623
1780028100,2026-05-29 04:15:00,73127.5,73250.0,73127.5,73250.0,3.92175449,2.37079141,1.55096308,0.81982833,183.05369456
1780029000,2026-05-29 04:30:00,73249.9,73333.3,73244.0,73315.6,1.44441923,0.6938345,0.75058473,-0.05675023,182.99694433
1780029900,2026-05-29 04:45:00,73315.6,73402.0,73293.5,73400.1,19.78528163,14.14583783,5.6394438,8.50639403,191.50333836
1780030800,2026-05-29 05:00:00,73400.1,73517.6,73400.0,73496.6,2.302763,0.75065296,1.55211004,-0.80145708,190.70188128
1780031700,2026-05-29 05:15:00,73496.6,73502.8,73438.8,73464.1,2.90107968,1.22245361,1.67862607,-0.45617246,190.24570882
1780032600,2026-05-29 05:30:00,73464.2,73464.2,73385.9,73404.9,7.9308604,1.57782413,6.35303627,-4.77521214,185.47049668
1780033500,2026-05-29 05:45:00,73404.9,73600.0,73395.4,73594.6,8.21715134,5.91267348,2.30447786,3.60819562,189.0786923
1780034400,2026-05-29 06:00:00,73594.7,73599.0,73529.2,73586.7,1.7883066,0.63702123,1.15128537,-0.51426414,188.56442816
1780035300,2026-05-29 06:15:00,73586.7,73800.0,73586.7,73664.4,13.37174744,11.8123222,1.55942524,10.25289696,198.81732512
1780036200,2026-05-29 06:30:00,73664.4,73667.8,73563.5,73591.9,6.98360073,6.28931705,0.69428368,5.59503337,204.41235849
1780037100,2026-05-29 06:45:00,73591.8,73688.6,73591.8,73684.9,4.50640728,3.57103474,0.93537254,2.6356622,207.04802069
1780038000,2026-05-29 07:00:00,73681.1,73724.2,73649.6,73713.9,31.01358662,9.36728754,21.64629908,-12.27901154,194.76900915
1780038900,2026-05-29 07:15:00,73713.9,73717.3,73644.1,73663.7,0.54169741,0.26215206,0.27954535,-0.01739329,194.75161586
1780039800,2026-05-29 07:30:00,73660.9,73660.9,73319.6,73319.6,14.79672142,1.23817006,13.55855136,-12.3203813,182.43123456
1780040700,2026-05-29 07:45:00,73319.6,73422.3,73282.4,73422.3,11.67590328,1.75060594,9.92529734,-8.1746914,174.25654316
1780041600,2026-05-29 08:00:00,73419.7,73624.0,73419.7,73594.9,14.36457288,14.1793795,0.18519338,13.99418612,188.25072928
1780042500,2026-05-29 08:15:00,73605.0,73722.9,73591.3,73680.8,7.67622625,0.48096723,7.19525902,-6.71429179,181.53643749
1780043400,2026-05-29 08:30:00,73680.8,73720.0,73613.4,73715.0,26.3040502,26.00794881,0.29610139,25.71184742,207.24828491
1780044300,2026-05-29 08:45:00,73711.1,73712.6,73535.3,73542.4,1.18909171,0.3978199,0.79127181,-0.39345191,206.854833
1780045200,2026-05-29 09:00:00,73544.1,73761.8,73544.0,73709.8,25.08540183,7.83291101,17.25249082,-9.41957981,197.43525319
1780046100,2026-05-29 09:15:00,73707.0,73782.8,73707.0,73782.2,10.57988313,10.45399338,0.12588975,10.32810363,207.76335682
1780047000,2026-05-29 09:30:00,73782.1,73782.2,73711.2,73731.8,9.27766608,8.72136235,0.55630373,8.16505862,215.92841544
1780047900,2026-05-29 09:45:00,73731.9,73731.9,73627.1,73641.8,0.44845391,0.19831936,0.25013455,-0.05181519,215.87660025
1780048800,2026-05-29 10:00:00,73640.8,73640.8,73562.5,73615.5,20.03374619,5.04466068,14.98908551,-9.94442483,205.93217542
1780049700,2026-05-29 10:15:00,73615.4,73615.5,73508.2,73529.3,41.32077587,19.0735836,22.24719227,-3.17360867,202.75856675
1780050600,2026-05-29 10:30:00,73529.2,73627.2,73500.0,73510.0,15.40922352,4.49515612,10.9140674,-6.41891128,196.33965547
1780051500,2026-05-29 10:45:00,73511.1,73587.5,73500.0,73528.2,10.96204486,2.49358181,8.46846305,-5.97488124,190.36477423
1780052400,2026-05-29 11:00:00,73528.2,73582.9,73500.0,73552.4,10.47893252,4.17741753,6.30151499,-2.12409746,188.24067677
1780053300,2026-05-29 11:15:00,73552.4,73587.6,73468.7,73468.7,24.93338653,9.08302712,15.85035941,-6.76733229,181.47334448
1780054200,2026-05-29 11:30:00,73468.7,73496.2,73376.5,73376.5,28.54363816,7.58430237,20.95933579,-13.37503342,168.09831106
1780055100,2026-05-29 11:45:00,73382.5,73415.2,73235.3,73364.0,8.70819012,4.74949143,3.95869869,0.79079274,168.8891038
1780056000,2026-05-29 12:00:00,73364.0,73364.4,73233.0,73259.6,3.706509,1.95777232,1.74873668,0.20903564,169.09813944
1780056900,2026-05-29 12:15:00,73259.6,73298.7,73200.1,73225.8,27.70864832,3.43698357,24.27166475,-20.83468118,148.26345826
1780057800,2026-05-29 12:30:00,73223.4,73224.2,73139.3,73171.0,36.80416313,0.84039087,35.96377226,-35.12338139,113.14007687
1780058700,2026-05-29 12:45:00,73171.0,73273.6,73082.1,73190.0,36.97736417,0.97691122,36.00045295,-35.02354173,78.11653514
1780059600,2026-05-29 13:00:00,73190.0,73190.0,72990.3,73020.6,10.98049079,3.00211463,7.97837616,-4.97626153,73.14027361
1780060500,2026-05-29 13:15:00,73022.0,73022.1,72859.0,72948.3,14.2237404,8.74275731,5.48098309,3.26177422,76.40204783
1780061400,2026-05-29 13:30:00,72948.3,73179.9,72787.6,73154.3,28.49694025,13.47372535,15.0232149,-1.54948955,74.85255828
1780062300,2026-05-29 13:45:00,73154.2,73227.1,72945.3,73031.6,15.1535071,10.79625479,4.35725231,6.43900248,81.29156076
1780063200,2026-05-29 14:00:00,73030.3,73088.9,72784.3,72903.3,10.59251791,8.80301611,1.7895018,7.01351431,88.30507507
1780064100,2026-05-29 14:15:00,72903.3,72967.7,72362.8,72615.6,44.93685764,11.06468021,33.87217743,-22.80749722,65.49757785
1780065000,2026-05-29 14:30:00,72613.2,72763.5,72455.0,72525.0,121.72718677,19.63343307,102.0937537,-82.46032063,-16.96274278
1780065900,2026-05-29 14:45:00,72525.0,73051.6,72501.8,72981.5,40.06007307,28.18624514,11.87382793,16.31241721,-0.65032557
1780066800,2026-05-29 15:00:00,72984.8,73650.0,72891.1,73583.7,94.72037748,87.84061213,6.87976535,80.96084678,80.31052121
1780067700,2026-05-29 15:15:00,73579.7,73627.4,73379.0,73567.7,35.16647953,13.20809755,21.95838198,-8.75028443,71.56023678
1780068600,2026-05-29 15:30:00,73551.7,74071.5,73551.7,73712.3,65.33661428,47.2659553,18.07065898,29.19529632,100.7555331
1780069500,2026-05-29 15:45:00,73711.0,73753.5,73596.6,73696.4,11.81156252,5.68712591,6.12443661,-0.4373107,100.3182224
1780070400,2026-05-29 16:00:00,73696.5,73911.7,73690.0,73856.7,26.69175142,15.46069732,11.2310541,4.22964322,104.54786562
1780071300,2026-05-29 16:15:00,73856.8,73870.9,73456.7,73549.6,41.80410983,13.74260897,28.06150086,-14.31889189,90.22897373
1780072200,2026-05-29 16:30:00,73549.6,73986.6,73537.8,73940.0,39.65435259,34.86164078,4.79271181,30.06892897,120.2979027
1780073100,2026-05-29 16:45:00,73940.0,73987.6,73810.9,73941.5,23.84020642,16.3602232,7.47998322,8.88023998,129.17814268
1780074000,2026-05-29 17:00:00,73941.5,74185.0,73830.1,74150.2,36.80047297,24.68470293,12.11577004,12.56893289,141.74707557
1780074900,2026-05-29 17:15:00,74150.1,74200.0,74055.7,74121.9,82.61404784,50.08269239,32.53135545,17.55133694,159.29841251
1780075800,2026-05-29 17:30:00,74121.9,74200.0,74100.7,74108.6,14.89897695,5.018286,9.88069095,-4.86240495,154.43600756
1780076700,2026-05-29 17:45:00,74103.8,74103.8,73812.5,73866.9,31.05466651,5.01287532,26.04179119,-21.02891587,133.40709169
1780077600,2026-05-29 18:00:00,73867.0,73953.1,73837.8,73932.3,8.28758108,2.08024875,6.20733233,-4.12708358,129.28000811
1780078500,2026-05-29 18:15:00,73932.4,73932.4,73636.9,73683.9,12.44464514,1.41077697,11.03386817,-9.6230912,119.65691691
1780079400,2026-05-29 18:30:00,73683.9,73745.2,73671.6,73686.2,5.1092057,3.04396945,2.06523625,0.9787332,120.63565011
1780080300,2026-05-29 18:45:00,73686.2,73686.2,73099.1,73272.5,31.82904255,7.88752283,23.94151972,-16.05399689,104.58165322
1780081200,2026-05-29 19:00:00,73272.6,73385.4,73203.7,73325.0,16.99264283,4.27998362,12.71265921,-8.43267559,96.14897763
1780082100,2026-05-29 19:15:00,73325.0,73350.2,73139.6,73231.8,40.53498569,14.12053622,26.41444947,-12.29391325,83.85506438
1780083000,2026-05-29 19:30:00,73232.0,73625.0,73232.0,73583.0,18.81214893,2.88564687,15.92650206,-13.04085519,70.81420919
1780083900,2026-05-29 19:45:00,73583.0,73599.8,73410.7,73418.0,5.08822343,2.01487617,3.07334726,-1.05847109,69.7557381
1780084800,2026-05-29 20:00:00,73413.5,73570.0,73413.5,73549.9,5.41729028,4.35593134,1.06135894,3.2945724,73.0503105
1780085700,2026-05-29 20:15:00,73549.9,73641.2,73489.0,73605.2,7.55936173,6.15939392,1.39996781,4.75942611,77.80973661
1780086600,2026-05-29 20:30:00,73605.2,73658.8,73597.7,73604.7,2.11178721,1.62376183,0.48802538,1.13573645,78.94547306
1780087500,2026-05-29 20:45:00,73604.6,73652.7,73519.2,73582.6,6.52505581,1.94832335,4.57673246,-2.62840911,76.31706395
1780088400,2026-05-29 21:00:00,73582.6,73729.6,73550.0,73707.8,7.23782139,6.84926473,0.38855666,6.46070807,82.77777202
1780089300,2026-05-29 21:15:00,73707.8,73707.8,73444.7,73444.7,13.61072413,7.32567152,6.28505261,1.04061891,83.81839093
1780090200,2026-05-29 21:30:00,73437.1,73507.8,73386.9,73500.0,6.61114378,4.60354766,2.00759612,2.59595154,86.41434247
1780091100,2026-05-29 21:45:00,73500.0,73521.5,73318.4,73318.5,13.49319557,7.97068673,5.52250884,2.44817789,88.86252036
1780092000,2026-05-29 22:00:00,73318.5,73375.7,73279.8,73307.8,6.006349,4.44121804,1.56513096,2.87608708,91.73860744
1780092900,2026-05-29 22:15:00,73305.0,73474.0,73305.0,73421.5,4.43037395,3.07700422,1.35336973,1.72363449,93.46224193
1780093800,2026-05-29 22:30:00,73421.6,73454.2,73346.6,73365.7,4.24673524,1.57568045,2.67105479,-1.09537434,92.36686759
1780094700,2026-05-29 22:45:00,73365.7,73426.9,73315.1,73391.6,3.30879233,1.29853813,2.0102542,-0.71171607,91.65515152
1780095600,2026-05-29 23:00:00,73391.6,73411.9,73308.7,73311.9,2.07476488,0.98879357,1.08597131,-0.09717774,91.55797378
1780096500,2026-05-29 23:15:00,73312.0,73369.6,73232.9,73288.5,8.44196089,6.31591876,2.12604213,4.18987663,95.74785041
1780097400,2026-05-29 23:30:00,73290.0,73325.5,73227.4,73325.4,5.41342828,3.46156454,1.95186374,1.5097008,97.25755121
1780098300,2026-05-29 23:45:00,73325.5,73387.9,73309.0,73370.7,4.30022805,3.08843796,1.21179009,1.87664787,99.13419908
1780099200,2026-05-30 00:00:00,73370.7,73428.3,73314.8,73395.6,15.29586462,2.36542922,12.9304354,-10.56500618,88.5691929
1780100100,2026-05-30 00:15:00,73395.6,73429.0,73371.7,73371.7,4.33505491,1.35567517,2.97937974,-1.62370457,86.94548833
1780101000,2026-05-30 00:30:00,73371.8,73414.0,73312.9,73409.9,4.39473623,3.62893095,0.76580528,2.86312567,89.808614
1780101900,2026-05-30 00:45:00,73410.0,73478.9,73406.4,73409.7,4.08236745,3.05868069,1.02368676,2.03499393,91.84360793
1780102800,2026-05-30 01:00:00,73400.8,73494.4,73368.4,73483.4,7.4999834,3.14029793,4.35968547,-1.21938754,90.62422039
1780103700,2026-05-30 01:15:00,73483.4,73558.4,73452.3,73549.4,5.47972857,4.95895954,0.52076903,4.43819051,95.0624109
1780104600,2026-05-30 01:30:00,73549.4,73571.0,73497.7,73507.1,8.71587878,8.23171879,0.48415999,7.7475588,102.8099697
1780105500,2026-05-30 01:45:00,73507.2,73569.5,73498.7,73562.9,0.65316422,0.34291946,0.31024476,0.0326747,102.8426444
1780106400,2026-05-30 02:00:00,73563.0,73615.1,73563.0,73571.8,2.44448307,1.01746538,1.42701769,-0.40955231,102.43309209
1780107300,2026-05-30 02:15:00,73571.4,73576.1,73510.8,73520.0,5.20636036,1.47349826,3.7328621,-2.25936384,100.17372825
1780108200,2026-05-30 02:30:00,73520.0,73620.0,73519.9,73604.1,11.02409831,4.62850464,6.39559367,-1.76708903,98.40663922
1780109100,2026-05-30 02:45:00,73607.6,73693.9,73589.1,73689.7,24.7345276,15.43240176,9.30212584,6.13027592,104.53691514
1780110000,2026-05-30 03:00:00,73689.7,73703.5,73646.5,73665.0,21.41091543,20.61680556,0.79410987,19.82269569,124.35961083
1780110900,2026-05-30 03:15:00,73665.0,73665.0,73564.0,73575.0,21.66309028,16.29201229,5.37107799,10.9209343,135.28054513
1780111800,2026-05-30 03:30:00,73575.1,73575.1,73449.1,73449.1,3.3443589,2.33324416,1.01111474,1.32212942,136.60267455
1780112700,2026-05-30 03:45:00,73449.0,73481.9,73425.2,73430.2,2.13983478,0.09551955,2.04431523,-1.94879568,134.65387887
1780113600,2026-05-30 04:00:00,73429.3,73482.7,73275.0,73393.4,5.71878544,0.46440329,5.25438215,-4.78997886,129.86390001
1780114500,2026-05-30 04:15:00,73393.2,73393.2,73212.9,73268.7,2.56068077,0.4793905,2.08129027,-1.60189977,128.26200024
1780115400,2026-05-30 04:30:00,73268.6,73268.6,73131.0,73218.7,4.08020073,0.40476594,3.67543479,-3.27066885,124.99133139
1780116300,2026-05-30 04:45:00,73218.9,73307.7,73203.6,73298.8,16.66225151,0.14057305,16.52167846,-16.38110541,108.61022598
1780117200,2026-05-30 05:00:00,73299.1,73530.6,73248.2,73409.8,33.26368227,29.70159862,3.56208365,26.13951497,134.74974095
1780118100,2026-05-30 05:15:00,73410.0,73450.1,73404.5,73408.2,13.90538654,1.27761305,12.62777349,-11.35016044,123.39958051
1780119000,2026-05-30 05:30:00,73414.6,73478.0,73414.6,73478.0,5.89179988,4.15092442,1.74087546,2.41004896,125.80962947
1780119900,2026-05-30 05:45:00,73477.9,73538.2,73477.9,73514.2,12.64178764,12.34246064,0.299327,12.04313364,137.85276311
1780120800,2026-05-30 06:00:00,73506.1,73520.0,73425.5,73446.8,2.43901727,0.19144587,2.2475714,-2.05612553,135.79663758
1780121700,2026-05-30 06:15:00,73446.7,73519.9,73441.0,73510.1,5.4595022,3.32048226,2.13901994,1.18146232,136.9780999
1780122600,2026-05-30 06:30:00,73510.2,73605.8,73510.2,73546.4,4.42997974,2.20997608,2.22000366,-0.01002758,136.96807232
1780123500,2026-05-30 06:45:00,73546.4,73567.4,73475.1,73489.6,0.82819709,0.47144314,0.35675395,0.11468919,137.08276151
1780124400,2026-05-30 07:00:00,73489.6,73499.7,73432.8,73449.5,1.67345483,1.03235699,0.64109784,0.39125915,137.47402066
1780125300,2026-05-30 07:15:00,73449.4,73478.6,73429.1,73472.5,1.25684646,0.64763301,0.60921345,0.03841956,137.51244022
1780126200,2026-05-30 07:30:00,73472.5,73480.5,73391.0,73408.1,1.50300374,0.33078935,1.17221439,-0.84142504,136.67101518
1780127100,2026-05-30 07:45:00,73408.0,73444.0,73383.2,73443.1,0.72338242,0.3633709,0.36001152,0.00335938,136.67437456
1780128000,2026-05-30 08:00:00,73443.2,73449.7,73437.8,73447.0,0.9790723,0.39388217,0.58519013,-0.19130796,136.4830666
1780128900,2026-05-30 08:15:00,73447.0,73468.1,73405.2,73437.5,29.00676908,5.55203632,23.45473276,-17.90269644,118.58037016
1780129800,2026-05-30 08:30:00,73443.0,73450.5,73416.5,73416.6,0.90200355,0.53708644,0.36491711,0.17216933,118.75253949
1780130700,2026-05-30 08:45:00,73416.5,73431.5,73398.8,73422.7,0.73671209,0.51899242,0.21771967,0.30127275,119.05381224
1780131600,2026-05-30 09:00:00,73422.7,73448.1,73402.4,73448.1,2.34959597,1.55695511,0.79264086,0.76431425,119.81812649
1780132500,2026-05-30 09:15:00,73448.1,73460.0,73437.3,73460.0,0.61167871,0.41300315,0.19867556,0.21432759,120.03245408
1780133400,2026-05-30 09:30:00,73460.0,73475.0,73446.1,73456.7,0.95330075,0.28952238,0.66377837,-0.37425599,119.65819809
1780134300,2026-05-30 09:45:00,73461.0,73515.3,73460.9,73506.2,0.86760896,0.21790921,0.64969975,-0.43179054,119.22640755
1780135200,2026-05-30 10:00:00,73506.3,73551.3,73484.3,73533.0,0.51495051,0.322106,0.19284451,0.12926149,119.35566904
1780136100,2026-05-30 10:15:00,73533.0,73578.2,73518.1,73546.8,0.75186652,0.50081053,0.25105599,0.24975454,119.60542358
1780137000,2026-05-30 10:30:00,73534.8,73548.5,73520.9,73534.9,0.90576397,0.54182355,0.36394042,0.17788313,119.78330671
1780137900,2026-05-30 10:45:00,73539.0,73560.2,73509.9,73545.5,0.9152651,0.57935041,0.33591469,0.24343572,120.02674243
1780138800,2026-05-30 11:00:00,73550.8,73551.3,73516.5,73518.3,0.400637,0.32577975,0.07485725,0.2509225,120.27766493
1780139700,2026-05-30 11:15:00,73516.5,73516.6,73456.5,73479.9,2.07641551,1.04065759,1.03575792,0.00489967,120.2825646
1780140600,2026-05-30 11:30:00,73480.0,73523.1,73480.0,73523.1,1.14201443,0.48889889,0.65311554,-0.16421665,120.11834795
1780141500,2026-05-30 11:45:00,73522.9,73522.9,73477.4,73494.5,0.80353161,0.18749864,0.61603297,-0.42853433,119.68981362
1780142400,2026-05-30 12:00:00,73494.6,73513.4,73486.0,73486.8,1.50475177,1.08192866,0.42282311,0.65910555,120.34891917
1780143300,2026-05-30 12:15:00,73486.9,73565.6,73486.9,73543.5,11.5339078,0.9083436,10.6255642,-9.7172206,110.63169857
1780144200,2026-05-30 12:30:00,73543.5,73598.3,73543.4,73574.9,8.92855879,7.92410482,1.00445397,6.91965085,117.55134942
1780145100,2026-05-30 12:45:00,73575.0,73592.8,73550.0,73592.8,1.96341045,1.33284443,0.63056602,0.70227841,118.25362783
1780146000,2026-05-30 13:00:00,73588.1,73676.5,73587.4,73644.2,2.52940578,2.4058056,0.12360018,2.28220542,120.53583325
1780146900,2026-05-30 13:15:00,73644.3,73712.0,73622.4,73665.1,4.08122085,3.06561348,1.01560737,2.05000611,122.58583936
1780147800,2026-05-30 13:30:00,73665.1,73670.9,73587.8,73644.3,4.90558686,0.74893799,4.15664887,-3.40771088,119.17812848
1780148700,2026-05-30 13:45:00,73644.2,73729.5,73644.2,73723.3,2.77077758,1.930534,0.84024358,1.09029042,120.2684189
1780149600,2026-05-30 14:00:00,73723.4,73897.8,73705.2,73827.0,10.31612809,3.87107157,6.44505652,-2.57398495,117.69443395
1780150500,2026-05-30 14:15:00,73827.0,73943.8,73791.5,73919.9,3.55168916,1.42240455,2.12928461,-0.70688006,116.98755389
1780151400,2026-05-30 14:30:00,73922.0,73968.8,73891.9,73892.6,7.74066238,4.2221577,3.51850468,0.70365302,117.69120691
1780152300,2026-05-30 14:45:00,73892.6,73925.6,73821.0,73823.7,2.37610472,0.95526066,1.42084406,-0.4655834,117.22562351
1780153200,2026-05-30 15:00:00,73823.7,73916.2,73742.5,73916.2,28.36097619,3.89977358,24.46120261,-20.56142903,96.66419448
1780154100,2026-05-30 15:15:00,73916.1,73927.6,73751.4,73833.1,3.95181682,1.9940837,1.95773312,0.03635058,96.70054506
1780155000,2026-05-30 15:30:00,73833.2,73838.7,73743.4,73759.8,2.19800214,1.79228496,0.40571718,1.38656778,98.08711284
1780155900,2026-05-30 15:45:00,73759.6,73857.1,73759.5,73811.4,13.87575538,1.84444776,12.03130762,-10.18685986,87.90025298
1780156800,2026-05-30 16:00:00,73811.4,73840.3,73770.0,73840.0,1.69872828,0.86462464,0.83410364,0.030521,87.93077398
1780157700,2026-05-30 16:15:00,73839.9,73858.5,73791.4,73798.7,1.70177908,0.63238836,1.06939072,-0.43700236,87.49377162
1780158600,2026-05-30 16:30:00,73798.7,73869.1,73798.6,73845.5,5.5522127,0.7691045,4.7831082,-4.0140037,83.47976792
1780159500,2026-05-30 16:45:00,73845.6,73866.7,73798.6,73824.6,0.97190764,0.36613624,0.6057714,-0.23963516,83.24013276
1780160400,2026-05-30 17:00:00,73824.6,73835.1,73769.2,73791.4,2.45354435,1.21083563,1.24270872,-0.03187309,83.20825967
1780161300,2026-05-30 17:15:00,73795.0,73902.1,73794.9,73832.8,15.69158123,15.35987853,0.3317027,15.02817583,98.2364355
1780162200,2026-05-30 17:30:00,73832.7,73838.3,73705.0,73837.9,2.02284517,0.64849162,1.37435355,-0.72586193,97.51057357
1780163100,2026-05-30 17:45:00,73837.9,73912.4,73837.9,73910.4,1.73692304,1.47847228,0.25845076,1.22002152,98.73059509
1780164000,2026-05-30 18:00:00,73912.8,73923.4,73903.1,73908.0,3.23580903,1.500501,1.73530803,-0.23480703,98.49578806
1780164900,2026-05-30 18:15:00,73908.0,73986.7,73851.0,73855.0,44.2548891,37.89847966,6.35640944,31.54207022,130.03785828
1780165800,2026-05-30 18:30:00,73855.1,73975.0,73855.0,73975.0,2.36856177,0.8815265,1.48703527,-0.60550877,129.43234951
1780166700,2026-05-30 18:45:00,73976.8,74004.4,73887.6,73934.6,9.04675298,5.15279687,3.89395611,1.25884076,130.69119027
1780167600,2026-05-30 19:00:00,73934.6,73934.6,73895.0,73923.6,2.32808909,0.81581722,1.51227187,-0.69645465,129.99473562
1780168500,2026-05-30 19:15:00,73929.9,73964.9,73880.4,73883.7,1.80314622,0.56568782,1.2374584,-0.67177058,129.32296504
1780169400,2026-05-30 19:30:00,73883.7,73931.7,73860.9,73892.4,28.86247401,14.93867486,13.92379915,1.01487571,130.33784075
1780170300,2026-05-30 19:45:00,73913.6,73962.2,73901.0,73901.1,1.60906521,1.04597632,0.56308889,0.48288743,130.82072818
1780171200,2026-05-30 20:00:00,73901.1,73907.4,73825.3,73848.6,2.52855577,0.50225785,2.02629792,-1.52404007,129.29668811
1780172100,2026-05-30 20:15:00,73848.6,73864.7,73847.0,73858.7,1.23163284,0.64084842,0.59078442,0.050064,129.34675211
1780173000,2026-05-30 20:30:00,73858.7,73864.5,73820.7,73825.5,8.90815979,4.19386932,4.71429047,-0.52042115,128.82633096
1780173900,2026-05-30 20:45:00,73825.5,73871.1,73813.2,73857.5,2.36718512,2.29056243,0.07662269,2.21393974,131.0402707
1780174800,2026-05-30 21:00:00,73858.3,73875.2,73847.1,73864.8,12.09930685,5.98719338,6.11211347,-0.12492009,130.91535061
1780175700,2026-05-30 21:15:00,73874.3,73905.1,73871.3,73894.3,8.67951989,8.02584234,0.65367755,7.37216479,138.2875154
1780176600,2026-05-30 21:30:00,73890.8,73950.6,73856.6,73903.9,3.09962193,0.68742316,2.41219877,-1.72477561,136.56273979
1780177500,2026-05-30 21:45:00,73893.2,73910.1,73825.1,73853.0,1.26906019,0.5283502,0.74070999,-0.21235979,136.35038
1780178400,2026-05-30 22:00:00,73868.9,73868.9,73700.0,73787.7,11.06623562,1.35631366,9.70992196,-8.3536083,127.9967717
1780179300,2026-05-30 22:15:00,73788.5,73821.5,73745.3,73788.5,4.74668215,0.79882515,3.947857,-3.14903185,124.84773985
1780180200,2026-05-30 22:30:00,73792.4,73792.4,73700.0,73705.2,2.76937707,2.46778812,0.30158895,2.16619917,127.01393902
1780181100,2026-05-30 22:45:00,73705.2,73781.6,73700.1,73780.0,0.87912006,0.80401775,0.07510231,0.72891544,127.74285446
1780182000,2026-05-30 23:00:00,73780.0,73881.8,73737.5,73741.2,1.26695174,0.85235751,0.41459423,0.43776328,128.18061774
1780182900,2026-05-30 23:15:00,73741.2,73777.2,73713.5,73740.2,3.67214076,0.5880812,3.08405956,-2.49597836,125.68463938
1780183800,2026-05-30 23:30:00,73741.9,73741.9,73686.9,73691.1,6.42169675,0.48045974,5.94123701,-5.46077727,120.22386211
1780184700,2026-05-30 23:45:00,73691.2,73756.5,73691.2,73753.7,0.63165725,0.54022434,0.09143291,0.44879143,120.67265354
1780185600,2026-05-31 00:00:00,73778.8,73818.3,73751.6,73787.8,1.11417238,1.01291537,0.10125701,0.91165836,121.5843119
1780186500,2026-05-31 00:15:00,73787.8,73915.8,73775.3,73863.2,1.55333126,1.11051288,0.44281838,0.6676945,122.2520064
1780187400,2026-05-31 00:30:00,73863.2,73915.8,73840.1,73843.4,1.29699961,0.2845617,1.01243791,-0.72787621,121.52413019
1780188300,2026-05-31 00:45:00,73841.8,73926.6,73806.7,73919.7,1.90216167,0.47335467,1.428807,-0.95545233,120.56867786
1780189200,2026-05-31 01:00:00,73919.8,74047.0,73919.7,74003.9,4.97295432,3.65036628,1.32258804,2.32777824,122.8964561
1780190100,2026-05-31 01:15:00,74019.3,74161.0,73986.8,73987.1,8.31211159,3.34978199,4.9623296,-1.61254761,121.28390849
1780191000,2026-05-31 01:30:00,73987.2,74104.1,73968.2,73968.2,11.30917193,10.7076997,0.60147223,10.10622747,131.39013596
1780191900,2026-05-31 01:45:00,73968.1,74020.0,73937.9,73945.5,1.29226811,0.58197409,0.71029402,-0.12831993,131.26181603
1780192800,2026-05-31 02:00:00,73945.6,74057.8,73945.5,74056.1,1.30692607,0.51090005,0.79602602,-0.28512597,130.97669006
1780193700,2026-05-31 02:15:00,74054.4,74128.2,73872.1,73872.2,10.33853021,0.27656045,10.06196976,-9.78540931,121.19128075
1780194600,2026-05-31 02:30:00,73872.2,73904.0,73779.1,73836.9,5.1094131,4.66335763,0.44605547,4.21730216,125.40858291
1780195500,2026-05-31 02:45:00,73836.9,73981.8,73820.9,73972.0,7.45970136,7.03215215,0.42754921,6.60460294,132.01318585
1780196400,2026-05-31 03:00:00,73972.1,74039.7,73966.2,74039.7,3.0300389,2.37614917,0.65388973,1.72225944,133.73544529
1780197300,2026-05-31 03:15:00,74039.7,74093.9,74006.9,74085.7,7.32699758,6.39168814,0.93530944,5.4563787,139.19182399
1780198200,2026-05-31 03:30:00,74085.8,74100.4,74034.4,74051.9,1.34249202,0.85016258,0.49232944,0.35783314,139.54965713
1780199100,2026-05-31 03:45:00,74051.8,74070.6,74024.2,74037.6,1.60854682,0.69401556,0.91453126,-0.2205157,139.32914143
1780200000,2026-05-31 04:00:00,74037.6,74054.9,74008.2,74017.9,1.08459012,0.64290325,0.44168687,0.20121638,139.53035781
1780200900,2026-05-31 04:15:00,74018.0,74109.3,73995.3,74077.8,4.67247763,1.49445898,3.17801865,-1.68355967,137.84679814
1780201800,2026-05-31 04:30:00,74075.8,74104.1,74030.5,74090.9,2.27859187,1.75594537,0.5226465,1.23329887,139.08009701
1780202700,2026-05-31 04:45:00,74086.7,74107.7,74049.4,74082.0,0.8512526,0.70566141,0.14559119,0.56007022,139.64016723
1780203600,2026-05-31 05:00:00,74079.8,74093.0,74061.8,74072.1,0.72657993,0.19567278,0.53090715,-0.33523437,139.30493286
1780204500,2026-05-31 05:15:00,74072.1,74085.0,74027.0,74074.6,0.62566224,0.22696394,0.3986983,-0.17173436,139.1331985
1780205400,2026-05-31 05:30:00,74071.7,74072.4,73970.7,73993.4,1.92697253,0.24011795,1.68685458,-1.44673663,137.68646187
1780206300,2026-05-31 05:45:00,73993.3,73993.4,73952.0,73952.8,0.28434786,0.16559811,0.11874975,0.04684836,137.73331023
1780207200,2026-05-31 06:00:00,73952.1,73952.1,73883.0,73890.1,2.97706862,2.83690434,0.14016428,2.69674006,140.43005029
1780208100,2026-05-31 06:15:00,73890.0,73928.4,73883.1,73922.5,0.48179746,0.29634829,0.18544917,0.11089912,140.54094941
1780209000,2026-05-31 06:30:00,73919.7,73990.9,73919.6,73958.1,0.5490584,0.25228225,0.29677615,-0.0444939,140.49645551
1780209900,2026-05-31 06:45:00,73958.1,73962.1,73942.2,73946.6,0.37004439,0.21965262,0.15039177,0.06926085,140.56571636
1780210800,2026-05-31 07:00:00,73946.6,73946.6,73857.9,73857.9,2.67776764,0.43928886,2.23847878,-1.79918992,138.76652644
1780211700,2026-05-31 07:15:00,73858.1,73859.0,73780.5,73787.2,2.44250361,0.30052773,2.14197588,-1.84144815,136.92507829
1780212600,2026-05-31 07:30:00,73785.7,73793.5,73734.5,73750.2,2.86901915,0.43860776,2.43041139,-1.99180363,134.93327466
1780213500,2026-05-31 07:45:00,73750.2,73792.3,73750.1,73767.6,1.22452555,0.66356416,0.56096139,0.10260277,135.03587743
1780214400,2026-05-31 08:00:00,73767.6,73861.0,73757.3,73797.9,2.60381544,1.64042942,0.96338602,0.6770434,135.71292083
1780215300,2026-05-31 08:15:00,73800.2,73872.4,73800.2,73862.2,1.31100496,0.5262773,0.78472766,-0.25845036,135.45447047
1780216200,2026-05-31 08:30:00,73862.2,73862.2,73759.0,73775.0,7.34217068,0.78960489,6.55256579,-5.7629609,129.69150957
1780217100,2026-05-31 08:45:00,73775.0,73855.7,73727.0,73833.0,6.5637208,0.37322548,6.19049532,-5.81726984,123.87423973
1780218000,2026-05-31 09:00:00,73833.1,73833.1,73761.3,73791.0,0.40962007,0.31793556,0.09168451,0.22625105,124.10049078
1780218900,2026-05-31 09:15:00,73781.9,73860.4,73777.2,73847.8,1.64688,0.59741799,1.04946201,-0.45204402,123.64844676
1780219800,2026-05-31 09:30:00,73847.7,73915.8,73838.5,73857.3,0.66007771,0.49705278,0.16302493,0.33402785,123.98247461
1780220700,2026-05-31 09:45:00,73857.3,73882.5,73712.1,73736.6,1.14600375,0.23984727,0.90615648,-0.66630921,123.3161654
1780221600,2026-05-31 10:00:00,73736.6,73757.0,73712.0,73749.9,0.54091834,0.43683456,0.10408378,0.33275078,123.64891618
1780222500,2026-05-31 10:15:00,73747.1,73747.1,73617.8,73690.4,13.32200309,0.52778154,12.79422155,-12.26644001,111.38247617
1780223400,2026-05-31 10:30:00,73690.4,73710.0,73690.3,73698.1,0.93817147,0.80837012,0.12980135,0.67856877,112.06104494
1780224300,2026-05-31 10:45:00,73709.9,73783.1,73691.3,73783.1,7.03245826,6.30964147,0.72281679,5.58682468,117.64786962
1780225200,2026-05-31 11:00:00,73783.1,73826.6,73782.0,73789.3,1.37892886,0.45252953,0.92639933,-0.4738698,117.17399982
1780226100,2026-05-31 11:15:00,73789.3,73854.4,73775.5,73847.1,2.82425572,0.3652802,2.45897552,-2.09369532,115.0803045
1780227000,2026-05-31 11:30:00,73847.1,73849.4,73798.3,73823.6,0.51273349,0.29621425,0.21651924,0.07969501,115.15999951
1780227900,2026-05-31 11:45:00,73823.7,73855.6,73793.5,73838.3,1.1572156,0.36320692,0.79400868,-0.43080176,114.72919775
1780228800,2026-05-31 12:00:00,73838.4,73865.1,73769.6,73793.9,2.45999854,2.14228301,0.31771553,1.82456748,116.55376523
1780229700,2026-05-31 12:15:00,73794.0,73869.8,73794.0,73811.4,1.65840115,1.46063909,0.19776206,1.26287703,117.81664226
1780230600,2026-05-31 12:30:00,73811.5,73867.3,73800.0,73867.3,4.00485388,2.03525317,1.96960071,0.06565246,117.88229472
1780231500,2026-05-31 12:45:00,73867.3,73867.3,73776.9,73807.2,9.08885507,0.23287564,8.85597943,-8.62310379,109.25919093
1780232400,2026-05-31 13:00:00,73807.2,73843.5,73767.0,73834.7,1.16259848,0.58665976,0.57593872,0.01072104,109.26991197
1780233300,2026-05-31 13:15:00,73832.2,73901.1,73818.5,73850.6,0.48553629,0.32810372,0.15743257,0.17067115,109.44058312
1780234200,2026-05-31 13:30:00,73845.9,73864.7,73768.3,73781.5,2.39721945,1.14702491,1.25019454,-0.10316963,109.33741349
1780235100,2026-05-31 13:45:00,73781.4,73781.5,73713.1,73750.7,1.32358182,0.56611024,0.75747158,-0.19136134,109.14605215
1780236000,2026-05-31 14:00:00,73750.7,73750.7,73589.8,73598.4,6.82844383,1.63237523,5.1960686,-3.56369337,105.58235878
1780236900,2026-05-31 14:15:00,73616.5,73680.9,73405.6,73483.8,21.52013728,10.068295,11.45184228,-1.38354728,104.1988115
1780237800,2026-05-31 14:30:00,73483.9,73639.1,73477.0,73511.6,16.4773244,4.63140841,11.84591599,-7.21450758,96.98430392
1780238700,2026-05-31 14:45:00,73511.6,73590.1,73484.0,73484.1,1.37730202,0.84482145,0.53248057,0.31234088,97.2966448
1780239600,2026-05-31 15:00:00,73484.1,73563.7,73484.1,73554.9,1.48925384,0.67502567,0.81422817,-0.1392025,97.1574423
1780240500,2026-05-31 15:15:00,73555.0,73660.0,73548.6,73644.6,9.11393004,5.80304895,3.31088109,2.49216786,99.64961016
1780241400,2026-05-31 15:30:00,73636.4,73636.4,73502.8,73532.0,3.91671024,0.29727442,3.61943582,-3.3221614,96.32744876
1780242300,2026-05-31 15:45:00,73531.3,73575.6,73530.0,73545.1,9.71024866,2.32891952,7.38132914,-5.05240962,91.27503914
1780243200,2026-05-31 16:00:00,73545.1,73617.8,73510.0,73510.0,5.40200848,2.37714994,3.02485854,-0.6477086,90.62733054
1780244100,2026-05-31 16:15:00,73510.1,73523.4,73420.8,73513.4,7.47530922,6.49347979,0.98182943,5.51165036,96.1389809
1780245000,2026-05-31 16:30:00,73513.4,73513.4,73272.9,73401.2,21.35399222,2.49022775,18.86376447,-16.37353672,79.76544418
1780245900,2026-05-31 16:45:00,73401.2,73432.2,73340.6,73425.9,3.21256935,1.57105807,1.64151128,-0.07045321,79.69499097
1780246800,2026-05-31 17:00:00,73425.9,73454.0,73361.8,73419.0,2.54528573,0.66624469,1.87904104,-1.21279635,78.48219462
1780247700,2026-05-31 17:15:00,73418.9,73487.0,73418.9,73485.9,20.41781153,10.20745491,10.21035662,-0.00290171,78.47929291
1780248600,2026-05-31 17:30:00,73485.9,73598.3,73485.9,73598.3,6.08128596,3.32223236,2.7590536,0.56317876,79.04247167
1780249500,2026-05-31 17:45:00,73600.0,73631.3,73578.1,73587.6,7.8999654,1.44352597,6.45643943,-5.01291346,74.02955821
1780250400,2026-05-31 18:00:00,73587.6,73587.6,73505.0,73539.4,3.9435291,2.02525224,1.91827686,0.10697538,74.13653359
1780251300,2026-05-31 18:15:00,73538.8,73578.6,73497.6,73534.6,2.04977559,0.82287428,1.22690131,-0.40402703,73.73250656
1780252200,2026-05-31 18:30:00,73534.4,73609.4,73514.7,73520.4,2.87554065,2.13980586,0.73573479,1.40407107,75.13657763
1780253100,2026-05-31 18:45:00,73520.4,73520.4,73459.7,73506.1,1.62711067,1.26268505,0.36442562,0.89825943,76.03483706
1780254000,2026-05-31 19:00:00,73503.2,73549.9,73477.4,73482.0,1.0873159,0.34996954,0.73734636,-0.38737682,75.64746024
1780254900,2026-05-31 19:15:00,73481.9,73512.6,73367.1,73423.2,6.07683864,0.61297285,5.46386579,-4.85089294,70.7965673
1780255800,2026-05-31 19:30:00,73422.1,73441.2,73347.4,73420.1,0.94580721,0.46655539,0.47925182,-0.01269643,70.78387087
1780256700,2026-05-31 19:45:00,73420.0,73471.9,73404.6,73451.2,1.20043554,0.30052836,0.89990718,-0.59937882,70.18449205
1780257600,2026-05-31 20:00:00,73451.1,73596.5,73451.1,73569.0,5.55163401,5.24379794,0.30783607,4.93596187,75.12045392
1780258500,2026-05-31 20:15:00,73569.0,73638.8,73557.2,73585.0,0.73101442,0.37543971,0.35557471,0.019865,75.14031892
1780259400,2026-05-31 20:30:00,73585.1,73611.4,73563.2,73583.8,0.93587296,0.5685236,0.36734936,0.20117424,75.34149316
1780260300,2026-05-31 20:45:00,73584.2,73650.0,73581.2,73628.6,1.12091517,0.69158242,0.42933275,0.26224967,75.60374283
1780261200,2026-05-31 21:00:00,73628.7,73677.3,73573.7,73573.9,20.20493559,10.7776274,9.42730819,1.35031921,76.95406204
1780262100,2026-05-31 21:15:00,73573.9,73629.1,73530.1,73537.1,1.65920617,0.69869206,0.96051411,-0.26182205,76.69223999
1780263000,2026-05-31 21:30:00,73537.2,73625.5,73516.6,73622.7,2.64288075,0.915732,1.72714875,-0.81141675,75.88082324
1780263900,2026-05-31 21:45:00,73622.7,73799.9,73622.7,73785.0,7.21710564,6.39643486,0.82067078,5.57576408,81.45658732
1780264800,2026-05-31 22:00:00,73785.0,73844.6,73578.3,73785.0,5.86134359,4.27318795,1.58815564,2.68503231,84.14161963
1780265700,2026-05-31 22:15:00,73785.0,73887.9,73706.5,73778.2,19.68153326,14.42214591,5.25938735,9.16275856,93.30437819
1780266600,2026-05-31 22:30:00,73778.2,73883.0,73760.5,73793.7,7.35997652,6.71452483,0.64545169,6.06907314,99.37345133
1780267500,2026-05-31 22:45:00,73793.6,73888.0,73793.6,73837.7,4.97494594,2.53607028,2.43887566,0.09719462,99.47064595
1780268400,2026-05-31 23:00:00,73837.7,74070.0,73833.0,73833.1,7.68619415,4.30407776,3.38211639,0.92196137,100.39260732
1780269300,2026-05-31 23:15:00,73833.0,73851.7,73688.4,73722.1,3.61981666,2.24942687,1.37038979,0.87903708,101.2716444
1780270200,2026-05-31 23:30:00,73722.1,73722.1,73363.6,73480.5,13.5398742,4.94646205,8.59341215,-3.6469501,97.6246943
1780271100,2026-05-31 23:45:00,73480.1,73610.9,73475.2,73570.0,4.0305312,3.28142304,0.74910816,2.53231488,100.15700918
1780272000,2026-06-01 00:00:00,73569.9,73773.4,73550.1,73693.0,4.89809802,2.99846386,1.89963416,1.0988297,101.25583888
1780272900,2026-06-01 00:15:00,73693.9,73844.7,73609.8,73844.7,7.89365391,2.60031546,5.29333845,-2.69302299,98.56281589
1780273800,2026-06-01 00:30:00,73844.8,73960.0,73727.3,73831.9,10.4995679,2.04640171,8.45316619,-6.40676448,92.15605141
1780274700,2026-06-01 00:45:00,73831.7,73910.0,73777.8,73777.8,5.59259593,3.76943105,1.82316488,1.94626617,94.10231758
1780275600,2026-06-01 01:00:00,73777.8,73802.7,73465.3,73473.2,17.91991516,9.66762186,8.2522933,1.41532856,95.51764614
1780276500,2026-06-01 01:15:00,73470.0,73546.9,73470.0,73498.4,4.48514531,0.36625148,4.11889383,-3.75264235,91.76500379
1780277400,2026-06-01 01:30:00,73498.4,73530.6,73352.3,73393.5,9.01130757,0.43948872,8.57181885,-8.13233013,83.63267366
1780278300,2026-06-01 01:45:00,73393.5,73462.9,73173.0,73193.4,7.47384937,1.68232092,5.79152845,-4.10920753,79.52346613
1780279200,2026-06-01 02:00:00,73194.6,73443.2,73155.0,73434.3,31.97613081,10.53664201,21.4394888,-10.90284679,68.62061934
1780280100,2026-06-01 02:15:00,73434.2,73434.3,73342.9,73422.8,6.15163552,5.48301948,0.66861604,4.81440344,73.43502278
1780281000,2026-06-01 02:30:00,73422.7,73765.7,73368.4,73667.2,9.29371254,5.56956602,3.72414652,1.8454195,75.28044228
1780281900,2026-06-01 02:45:00,73667.2,73759.0,73627.7,73681.8,3.58555656,0.87167653,2.71388003,-1.8422035,73.43823878
1780282800,2026-06-01 03:00:00,73680.4,73889.1,73680.4,73780.8,6.22017234,4.29678291,1.92338943,2.37339348,75.81163226
1780283700,2026-06-01 03:15:00,73780.9,73877.6,73700.8,73815.7,3.90569618,1.43608845,2.46960773,-1.03351928,74.77811298
1780284600,2026-06-01 03:30:00,73815.4,73873.5,73697.7,73753.2,1.48158189,0.60937399,0.8722079,-0.26283391,74.51527907
1780285500,2026-06-01 03:45:00,73750.5,73800.0,73640.8,73673.1,0.94207006,0.29009303,0.65197703,-0.361884,74.15339507
1780286400,2026-06-01 04:00:00,73673.0,73745.9,73491.4,73502.5,0.95447947,0.29348411,0.66099536,-0.36751125,73.78588382
1780287300,2026-06-01 04:15:00,73504.5,73509.9,73306.2,73306.2,3.17204443,0.82618109,2.34586334,-1.51968225,72.26620157
1780288200,2026-06-01 04:30:00,73306.4,73390.6,73306.4,73387.1,6.10022203,5.71683416,0.38338787,5.33344629,77.59964786
1780289100,2026-06-01 04:45:00,73387.2,73491.4,73260.5,73429.8,5.20175872,0.8349776,4.36678112,-3.53180352,74.06784434
1780290000,2026-06-01 05:00:00,73429.8,73434.3,73361.4,73430.3,2.64925735,2.09296221,0.55629514,1.53666707,75.60451141
1780290900,2026-06-01 05:15:00,73430.3,73430.3,73260.5,73260.5,18.42818058,17.78397247,0.64420811,17.13976436,92.74427577
1780291800,2026-06-01 05:30:00,73260.6,73320.9,73218.4,73312.1,2.02410721,0.27793834,1.74616887,-1.46823053,91.27604524
1780292700,2026-06-01 05:45:00,73312.1,73365.3,73235.4,73256.2,1.91110171,0.45617013,1.45493158,-0.99876145,90.27728379
1780293600,2026-06-01 06:00:00,73256.6,73270.0,73155.0,73193.6,7.26679011,4.98976578,2.27702433,2.71274145,92.99002524
1780294500,2026-06-01 06:15:00,73193.7,73205.0,73060.3,73088.3,10.67548134,2.51772605,8.15775529,-5.64002924,87.349996
1780295400,2026-06-01 06:30:00,73088.3,73123.9,72900.0,72915.4,19.35607635,11.45962923,7.89644712,3.56318211,90.91317811
1780296300,2026-06-01 06:45:00,72917.8,73112.4,72867.8,73041.7,12.96124931,3.71221663,9.24903268,-5.53681605,85.37636206
1780297200,2026-06-01 07:00:00,73042.0,73100.0,72941.6,73010.3,8.50512474,6.62965672,1.87546802,4.7541887,90.13055076
1780298100,2026-06-01 07:15:00,73010.7,73040.9,72850.0,72902.9,5.82254227,3.76711631,2.05542596,1.71169035,91.84224111
1780299000,2026-06-01 07:30:00,72903.0,72903.0,72787.3,72851.4,31.67392079,7.39099919,24.2829216,-16.89192241,74.9503187
1780299900,2026-06-01 07:45:00,72851.4,72851.4,72613.7,72719.8,18.64949519,2.0285109,16.62098429,-14.59247339,60.35784531
1780300800,2026-06-01 08:00:00,72719.8,72766.1,72698.9,72731.8,13.61767586,11.43736514,2.18031072,9.25705442,69.61489973
1780301700,2026-06-01 08:15:00,72731.8,72759.6,72548.2,72626.0,20.68365885,1.54931967,19.13433918,-17.58501951,52.02988022
1780302600,2026-06-01 08:30:00,72626.0,72766.4,72523.5,72652.3,13.66768144,1.43821836,12.22946308,-10.79124472,41.2386355
1780303500,2026-06-01 08:45:00,72652.3,72835.3,72652.3,72799.8,5.83800872,4.15791915,1.68008957,2.47782958,43.71646508
1780304400,2026-06-01 09:00:00,72799.9,72917.9,72799.9,72871.6,4.11758535,2.87966883,1.23791652,1.64175231,45.35821739
1780305300,2026-06-01 09:15:00,72871.7,72999.9,72849.4,72911.5,14.5873696,6.11726459,8.47010501,-2.35284042,43.00537697
1780306200,2026-06-01 09:30:00,72911.5,72953.1,72821.0,72842.3,39.59012296,18.48711541,21.10300755,-2.61589214,40.38948483
1780307100,2026-06-01 09:45:00,72844.9,72903.0,72732.7,72789.6,31.58549225,2.94764501,28.63784724,-25.69020223,14.6992826
1780308000,2026-06-01 10:00:00,72789.7,72817.3,72690.9,72704.0,9.84999246,7.84768437,2.00230809,5.84537628,20.54465888
1780308900,2026-06-01 10:15:00,72704.0,72706.7,72580.0,72609.6,11.60146804,1.45817517,10.14329287,-8.6851177,11.85954118
1780309800,2026-06-01 10:30:00,72609.6,72699.0,72508.6,72596.5,7.57870601,2.87567427,4.70303174,-1.82735747,10.03218371
1780310700,2026-06-01 10:45:00,72602.2,72696.9,72602.2,72659.2,10.2498267,2.66034335,7.58948335,-4.92914,5.10304371
1780311600,2026-06-01 11:00:00,72659.2,72673.8,72587.0,72592.2,14.83726397,1.94337543,12.89388854,-10.95051311,-5.8474694
1780312500,2026-06-01 11:15:00,72592.9,72649.9,72561.4,72578.3,4.10863285,2.61073388,1.49789897,1.11283491,-4.73463449
1780313400,2026-06-01 11:30:00,72580.2,72644.1,72500.0,72620.0,15.29129026,2.35373114,12.93755912,-10.58382798,-15.31846247
1780314300,2026-06-01 11:45:00,72620.0,72683.5,72200.0,72384.3,82.41329706,15.03614715,67.37714991,-52.34100276,-67.65946523
1780315200,2026-06-01 12:00:00,72391.6,72529.3,71844.0,71970.0,105.48130747,11.88093225,93.60037522,-81.71944297,-149.3789082
1780316100,2026-06-01 12:15:00,71970.0,72206.1,71936.1,72140.7,25.94305771,10.84362967,15.09942804,-4.25579837,-153.63470657
1780317000,2026-06-01 12:30:00,72140.6,72238.5,72093.7,72182.2,37.00280924,4.58360759,32.41920165,-27.83559406,-181.47030063
1780317900,2026-06-01 12:45:00,72180.7,72185.1,72025.5,72130.0,19.18362115,12.14715458,7.03646657,5.11068801,-176.35961262
1780318800,2026-06-01 13:00:00,72127.3,72143.2,71666.0,71753.2,61.78416363,11.06875995,50.71540368,-39.64664373,-216.00625635
1780319700,2026-06-01 13:15:00,71753.1,71934.6,71662.5,71728.4,32.54175321,17.97751524,14.56423797,3.41327727,-212.59297908
1780320600,2026-06-01 13:30:00,71728.5,71943.2,71461.9,71467.1,73.48897157,28.89035158,44.59861999,-15.70826841,-228.30124749
1780321500,2026-06-01 13:45:00,71500.0,71973.9,71275.0,71614.2,111.85380753,54.50275935,57.35104818,-2.84828883,-231.14953632
1780322400,2026-06-01 14:00:00,71614.1,71774.4,71438.7,71565.0,49.69577742,30.23198938,19.46378804,10.76820134,-220.38133498
1780323300,2026-06-01 14:15:00,71565.0,71621.5,71365.6,71408.7,33.96712061,13.28199991,20.6851207,-7.40312079,-227.78445577
1780324200,2026-06-01 14:30:00,71412.0,71462.9,71300.0,71367.0,33.16710812,8.18413349,24.98297463,-16.79884114,-244.58329691
1780325100,2026-06-01 14:45:00,71369.2,71498.9,71285.0,71419.8,19.95467856,5.75428287,14.20039569,-8.44611282,-253.02940973
1780326000,2026-06-01 15:00:00,71432.3,71549.9,71327.6,71406.3,10.89616894,7.09921904,3.7969499,3.30226914,-249.72714059
1780326900,2026-06-01 15:15:00,71406.2,71406.3,70971.0,70982.3,79.56263996,7.62399587,71.93864409,-64.31464822,-314.04178881
1780327800,2026-06-01 15:30:00,70982.2,71366.8,70971.0,71151.5,54.40081775,9.03278252,45.36803523,-36.33525271,-350.37704152
1780328700,2026-06-01 15:45:00,71156.8,71173.4,70964.6,71000.0,23.00484894,12.64457565,10.36027329,2.28430236,-348.09273916
1780329600,2026-06-01 16:00:00,71000.0,71070.0,70581.5,70800.0,128.39578026,34.49067224,93.90510802,-59.41443578,-407.50717494
1780330500,2026-06-01 16:15:00,70785.1,70965.0,70700.7,70965.0,17.51663262,8.80360093,8.71303169,0.09056924,-407.4166057
1780331400,2026-06-01 16:30:00,70965.0,71235.0,70935.0,71220.0,31.96912079,17.25308387,14.71603692,2.53704695,-404.87955875
1780332300,2026-06-01 16:45:00,71220.0,71488.9,71220.0,71455.2,46.29057355,30.95607924,15.33449431,15.62158493,-389.25797382
1780333200,2026-06-01 17:00:00,71455.2,71515.8,71373.0,71490.1,58.76445857,55.65780737,3.1066512,52.55115617,-336.70681765
1780334100,2026-06-01 17:15:00,71490.1,71637.5,71385.0,71637.5,47.78164457,40.96307242,6.81857215,34.14450027,-302.56231738
1780335000,2026-06-01 17:30:00,71629.7,71677.2,71433.9,71614.9,57.90850923,36.41653007,21.49197916,14.92455091,-287.63776647
1780335900,2026-06-01 17:45:00,71614.9,71679.6,71528.5,71551.4,25.92236183,13.18780008,12.73456175,0.45323833,-287.18452814
1780336800,2026-06-01 18:00:00,71550.1,71592.5,71370.0,71385.0,12.99788641,7.69774243,5.30014398,2.39759845,-284.78692969
1780337700,2026-06-01 18:15:00,71385.0,71444.9,71284.9,71444.9,18.35009709,6.57413728,11.77595981,-5.20182253,-289.98875222
1780338600,2026-06-01 18:30:00,71445.0,71580.0,71430.0,71430.0,20.53108716,6.71367365,13.81741351,-7.10373986,-297.09249208
1780339500,2026-06-01 18:45:00,71430.0,71469.6,71311.6,71415.0,17.37847916,13.39653294,3.98194622,9.41458672,-287.67790536
1780340400,2026-06-01 19:00:00,71415.1,71415.1,71325.1,71345.1,5.4363441,2.34471013,3.09163397,-0.74692384,-288.4248292
1780341300,2026-06-01 19:15:00,71345.1,71519.0,71294.5,71519.0,18.51162354,5.14211114,13.3695124,-8.22740126,-296.65223046
1780342200,2026-06-01 19:30:00,71520.0,71578.5,71446.2,71549.9,22.96629203,8.24159022,14.72470181,-6.48311159,-303.13534205
1780343100,2026-06-01 19:45:00,71549.9,71549.9,71430.0,71493.2,7.63070117,3.81857625,3.81212492,0.00645133,-303.12889072
1780344000,2026-06-01 20:00:00,71495.0,71495.0,71432.5,71482.8,10.09637783,6.85712459,3.23925324,3.61787135,-299.51101937
1780344900,2026-06-01 20:15:00,71482.8,71595.0,71437.6,71505.0,30.38057318,8.3900092,21.99056398,-13.60055478,-313.11157415
1780345800,2026-06-01 20:30:00,71505.0,71581.8,71482.4,71504.9,8.78792998,4.80256277,3.98536721,0.81719556,-312.29437859
1780346700,2026-06-01 20:45:00,71504.9,71519.8,71321.5,71354.5,12.10305526,1.58329052,10.51976474,-8.93647422,-321.23085281
1780347600,2026-06-01 21:00:00,71354.1,71365.5,71068.0,71130.0,21.68496479,3.37833644,18.30662835,-14.92829191,-336.15914472
1780348500,2026-06-01 21:15:00,71130.0,71144.9,71000.0,71049.0,11.97653009,2.60820588,9.36832421,-6.76011833,-342.91926305
1780349400,2026-06-01 21:30:00,71055.0,71074.5,70850.6,70924.3,34.78025205,13.65492809,21.12532396,-7.47039587,-350.38965892
1780350300,2026-06-01 21:45:00,70929.4,71033.4,70890.0,70950.1,12.33026074,4.59377376,7.73648698,-3.14271322,-353.53237214
1780351200,2026-06-01 22:00:00,70950.0,70950.1,70750.0,70877.2,17.9507839,3.49834178,14.45244212,-10.95410034,-364.48647248
1780352100,2026-06-01 22:15:00,70880.6,71225.2,70880.5,71189.4,87.57692661,45.16464634,42.41228027,2.75236607,-361.73410641
1780353000,2026-06-01 22:30:00,71189.4,71256.5,70980.1,71026.8,119.10467247,38.16482189,80.93985058,-42.77502869,-404.5091351
1780353900,2026-06-01 22:45:00,71026.9,71336.4,71026.9,71310.0,3.49203926,2.71342764,0.77861162,1.93481602,-402.57431908
1780354800,2026-06-01 23:00:00,71310.1,71335.9,71216.5,71268.2,3.24618311,1.2437554,2.00242771,-0.75867231,-403.33299139
1780355700,2026-06-01 23:15:00,71269.6,71376.0,71150.8,71150.8,7.34330866,2.13506276,5.2082459,-3.07318314,-406.40617453
1780356600,2026-06-01 23:30:00,71150.4,71464.9,71130.1,71407.8,7.11123961,4.13342099,2.97781862,1.15560237,-405.25057216
1780357500,2026-06-01 23:45:00,71417.9,71458.4,71280.3,71317.5,26.13797021,9.95501753,16.18295268,-6.22793515,-411.47850731
1780358400,2026-06-02 00:00:00,71315.5,71315.5,71160.0,71170.3,17.0149802,3.14387486,13.87110534,-10.72723048,-422.20573779
1780359300,2026-06-02 00:15:00,71170.2,71190.0,71061.1,71123.1,3.8404525,1.68100467,2.15944783,-0.47844316,-422.68418095
1780360200,2026-06-02 00:30:00,71123.2,71202.1,71010.0,71076.0,7.35504526,1.60786436,5.7471809,-4.13931654,-426.82349749
1780361100,2026-06-02 00:45:00,71079.5,71205.0,71055.1,71177.7,2.79112683,0.78114142,2.00998541,-1.22884399,-428.05234148
1780362000,2026-06-02 01:00:00,71177.7,71276.5,71141.3,71262.7,7.40675986,2.6215747,4.78518516,-2.16361046,-430.21595194
1780362900,2026-06-02 01:15:00,71262.7,71272.0,71107.8,71107.8,5.59274522,2.58425558,3.00848964,-0.42423406,-430.640186
1780363800,2026-06-02 01:30:00,71106.7,71129.2,70685.0,70860.0,24.91578028,14.87420801,10.04157227,4.83263574,-425.80755026
1780364700,2026-06-02 01:45:00,70860.1,70863.1,70524.8,70539.4,25.20823789,6.33752839,18.8707095,-12.53318111,-438.34073137
1780365600,2026-06-02 02:00:00,70539.4,70620.0,70000.0,70225.9,79.97339182,26.33939992,53.6339919,-27.29459198,-465.63532335
1780366500,2026-06-02 02:15:00,70228.4,70737.7,70065.4,70710.1,20.18931598,10.22677087,9.96254511,0.26422576,-465.37109759
1780367400,2026-06-02 02:30:00,70710.1,70765.2,70483.0,70504.8,6.39340563,2.6837247,3.70968093,-1.02595623,-466.39705382
1780368300,2026-06-02 02:45:00,70503.4,70736.2,70485.0,70736.2,8.46355827,4.25071319,4.21284508,0.03786811,-466.35918571
1780369200,2026-06-02 03:00:00,70740.0,70918.2,70710.0,70812.2,6.02933429,1.71478793,4.31454636,-2.59975843,-468.95894414
1780370100,2026-06-02 03:15:00,70807.4,70901.4,70725.0,70851.8,9.11238142,4.25646146,4.85591996,-0.5994585,-469.55840264
1780371000,2026-06-02 03:30:00,70851.7,70890.0,70815.1,70889.9,6.93271463,0.91704694,6.01566769,-5.09862075,-474.65702339
1780371900,2026-06-02 03:45:00,70889.8,70899.9,70833.1,70846.2,23.67023852,10.60182868,13.06840984,-2.46658116,-477.12360455
1780372800,2026-06-02 04:00:00,70846.2,70880.0,70605.6,70661.8,59.2022403,21.88440361,37.31783669,-15.43343308,-492.55703763
1780373700,2026-06-02 04:15:00,70661.4,70902.1,70661.3,70860.1,15.16635644,3.2917008,11.87465564,-8.58295484,-501.13999247
1780374600,2026-06-02 04:30:00,70860.1,70928.6,70815.1,70908.0,2.84282953,1.90332253,0.939507,0.96381553,-500.17617694
1780375500,2026-06-02 04:45:00,70908.0,70908.0,70655.4,70695.0,4.18387359,1.8997123,2.28416129,-0.38444899,-500.56062593
1780376400,2026-06-02 05:00:00,70695.0,70700.0,70485.6,70695.9,59.99839337,50.59706281,9.40133056,41.19573225,-459.36489368
1780377300,2026-06-02 05:15:00,70695.9,70696.1,70477.2,70489.5,8.01776558,0.8255448,7.19222078,-6.36667598,-465.73156966
1780378200,2026-06-02 05:30:00,70489.5,70604.3,70321.4,70410.0,20.42661486,6.17902857,14.24758629,-8.06855772,-473.80012738
1780379100,2026-06-02 05:45:00,70410.0,70410.0,70156.7,70158.4,50.92724283,14.24197984,36.68526299,-22.44328315,-496.24341053
1780380000,2026-06-02 06:00:00,70156.6,70333.6,70127.1,70199.7,32.45294395,25.68566705,6.7672769,18.91839015,-477.32502038
1780380900,2026-06-02 06:15:00,70199.7,70274.9,70127.1,70263.0,12.04425064,2.78484073,9.25940991,-6.47456918,-483.79958956
1780381800,2026-06-02 06:30:00,70263.0,70311.0,70156.4,70156.4,11.00923977,7.99309757,3.0161422,4.97695537,-478.82263419
1780382700,2026-06-02 06:45:00,70155.0,70214.9,69840.0,69989.0,118.84426016,9.53832488,109.30593528,-99.7676104,-578.59024459
1780383600,2026-06-02 07:00:00,69989.9,70035.0,69647.8,69949.3,61.83398913,19.9924147,41.84157443,-21.84915973,-600.43940432
1780384500,2026-06-02 07:15:00,69949.4,70155.0,69750.0,69807.6,29.70683911,13.9195193,15.78731981,-1.86780051,-602.30720483
1780385400,2026-06-02 07:30:00,69810.0,70147.0,69806.0,70104.1,51.20091587,17.17374987,34.027166,-16.85341613,-619.16062096
1780386300,2026-06-02 07:45:00,70104.0,70104.0,69978.7,70022.1,23.48793238,18.25829098,5.2296414,13.02864958,-606.13197138
1780387200,2026-06-02 08:00:00,70020.1,70065.0,69870.0,69948.3,23.81670852,5.25524417,18.56146435,-13.30622018,-619.43819156
1780388100,2026-06-02 08:15:00,69948.2,69976.9,69775.4,69915.0,23.0815558,7.04963412,16.03192168,-8.98228756,-628.42047912
1780389000,2026-06-02 08:30:00,69915.0,69974.9,69758.5,69758.5,4.25977626,0.85077152,3.40900474,-2.55823322,-630.97871234
1780389900,2026-06-02 08:45:00,69764.7,69810.0,69605.8,69705.1,38.84400499,3.84405397,34.99995102,-31.15589705,-662.13460939
1780390800,2026-06-02 09:00:00,69705.1,69754.1,69394.0,69461.9,45.85897876,25.95494296,19.9040358,6.05090716,-656.08370223
1780391700,2026-06-02 09:15:00,69461.9,69520.3,69236.5,69300.0,34.89859183,12.82842148,22.07017035,-9.24174887,-665.3254511
1780392600,2026-06-02 09:30:00,69299.9,69450.0,69255.1,69385.1,18.82691609,3.12342069,15.7034954,-12.58007471,-677.90552581
1780393500,2026-06-02 09:45:00,69385.1,69416.8,69285.1,69300.2,18.39324092,12.54759156,5.84564936,6.7019422,-671.20358361
1780394400,2026-06-02 10:00:00,69300.2,69645.0,69244.2,69552.6,42.00859657,38.60810031,3.40049626,35.20760405,-635.99597956
1780395300,2026-06-02 10:15:00,69552.6,69602.7,69420.0,69525.0,36.02799304,5.29716362,30.73082942,-25.4336658,-661.42964536
1780396200,2026-06-02 10:30:00,69524.9,69540.0,69337.7,69364.6,101.36582048,40.65181663,60.71400385,-20.06218722,-681.49183258
1780397100,2026-06-02 10:45:00,69364.7,69550.0,69363.1,69542.6,113.29592539,94.3783937,18.91753169,75.46086201,-606.03097057
1780398000,2026-06-02 11:00:00,69533.7,69540.0,69390.1,69449.8,14.98502001,1.18231682,13.80270319,-12.62038637,-618.65135694
1780398900,2026-06-02 11:15:00,69449.7,69450.0,69325.0,69390.0,22.70045441,3.72087038,18.97958403,-15.25871365,-633.91007059
1780399800,2026-06-02 11:30:00,69389.9,69426.4,69316.3,69376.0,30.04190455,15.8225985,14.21930605,1.60329245,-632.30677814
1780400700,2026-06-02 11:45:00,69376.1,69495.0,69362.5,69362.5,27.79208537,8.71165776,19.08042761,-10.36876985,-642.67554799
1780401600,2026-06-02 12:00:00,69360.1,69434.9,69193.1,69239.9,63.23575347,7.09827081,56.13748266,-49.03921185,-691.71475984
1780402500,2026-06-02 12:15:00,69239.9,69335.4,69136.9,69189.1,51.0189151,34.83714008,16.18177502,18.65536506,-673.05939478
1780403400,2026-06-02 12:30:00,69189.2,69189.2,69005.0,69126.4,31.4448397,9.2016829,22.2431568,-13.0414739,-686.10086868
1780404300,2026-06-02 12:45:00,69125.2,69133.0,68925.3,68925.4,46.14961684,5.5203262,40.62929064,-35.10896444,-721.20983312
1780405200,2026-06-02 13:00:00,68925.4,69081.2,68814.1,68829.8,48.65128535,22.52436605,26.1269193,-3.60255325,-724.81238637
1780406100,2026-06-02 13:15:00,68823.3,69007.9,68800.0,68932.4,19.59480169,7.96065803,11.63414366,-3.67348563,-728.485872
1780407000,2026-06-02 13:30:00,68932.4,68997.1,68715.1,68790.4,170.70988108,19.84494856,150.86493252,-131.01998396,-859.50585596
1780407900,2026-06-02 13:45:00,68790.4,68875.5,68650.0,68691.0,27.57260472,6.62402283,20.94858189,-14.32455906,-873.83041502
1780408800,2026-06-02 14:00:00,68691.0,68715.0,68198.1,68463.8,85.732432,25.3038354,60.4285966,-35.1247612,-908.95517622
1780409700,2026-06-02 14:15:00,68463.9,68463.9,67530.1,67758.3,216.05707514,54.2823876,161.77468754,-107.49229994,-1016.44747616
1780410600,2026-06-02 14:30:00,67765.1,68138.9,67753.8,67892.9,126.9726647,96.03578356,30.93688114,65.09890242,-951.34857374
1780411500,2026-06-02 14:45:00,67893.0,68132.2,67850.0,67874.9,132.04047345,91.70359535,40.3368781,51.36671725,-899.98185649
1780412400,2026-06-02 15:00:00,67875.0,67942.7,67695.1,67721.9,41.79541222,10.81612575,30.97928647,-20.16316072,-920.14501721
1780413300,2026-06-02 15:15:00,67721.9,67721.9,67252.7,67340.0,129.98605025,37.87310301,92.11294724,-54.23984423,-974.38486144
1780414200,2026-06-02 15:30:00,67335.0,67378.3,66964.6,67147.6,149.68178641,50.93555469,98.74623172,-47.81067703,-1022.19553847
1780415100,2026-06-02 15:45:00,67147.6,67368.0,67006.1,67197.7,105.57717027,44.89322137,60.6839489,-15.79072753,-1037.986266
1780416000,2026-06-02 16:00:00,67197.7,67854.8,67125.1,67822.7,90.92026724,54.11257599,36.80769125,17.30488474,-1020.68138126
1780416900,2026-06-02 16:15:00,67809.9,68001.5,67667.8,67743.1,144.29689529,47.20550084,97.09139445,-49.88589361,-1070.56727487
1780417800,2026-06-02 16:30:00,67743.1,67746.5,67424.6,67511.0,56.30477547,15.07503032,41.22974515,-26.15471483,-1096.7219897
1780418700,2026-06-02 16:45:00,67511.0,67695.0,67297.7,67303.4,60.79076346,34.51533242,26.27543104,8.23990138,-1088.48208832
1780419600,2026-06-02 17:00:00,67303.4,67500.0,67279.2,67392.3,26.46845816,10.0622637,16.40619446,-6.34393076,-1094.82601908
1780420500,2026-06-02 17:15:00,67389.7,67692.1,67352.9,67622.8,25.16281101,13.89569753,11.26711348,2.62858405,-1092.19743503
1780421400,2026-06-02 17:30:00,67620.4,67725.0,67373.5,67381.6,41.70434562,9.16544305,32.53890257,-23.37345952,-1115.57089455
1780422300,2026-06-02 17:45:00,67382.2,67400.0,67287.4,67380.1,46.54011029,7.08128978,39.45882051,-32.37753073,-1147.94842528
1780423200,2026-06-02 18:00:00,67380.1,67545.0,67380.0,67500.1,47.87363981,8.63550617,39.23813364,-30.60262747,-1178.55105275
1780424100,2026-06-02 18:15:00,67500.1,67513.6,67178.7,67187.5,60.19302989,4.12683189,56.066198,-51.93936611,-1230.49041886
1780425000,2026-06-02 18:30:00,67193.9,67257.6,67087.5,67197.5,36.16306651,13.56038123,22.60268528,-9.04230405,-1239.53272291
1780425900,2026-06-02 18:45:00,67196.6,67245.0,67029.5,67231.4,28.25818161,3.80320226,24.45497935,-20.65177709,-1260.1845
1780426800,2026-06-02 19:00:00,67234.2,67305.0,67140.0,67245.0,84.05334265,69.19422363,14.85911902,54.33510461,-1205.84939539
1780427700,2026-06-02 19:15:00,67245.0,67259.9,66828.1,66879.8,87.10805439,16.40685645,70.70119794,-54.29434149,-1260.14373688
1780428600,2026-06-02 19:30:00,66879.7,66915.0,66327.3,66825.1,137.55173786,52.80688674,84.74485112,-31.93796438,-1292.08170126
1780429500,2026-06-02 19:45:00,66829.3,67366.5,66781.4,67209.9,136.5466946,49.8622771,86.6844175,-36.8221404,-1328.90384166
1780430400,2026-06-02 20:00:00,67206.9,67368.0,67000.1,67269.0,35.47411078,19.54062215,15.93348863,3.60713352,-1325.29670814
1780431300,2026-06-02 20:15:00,67269.1,67290.0,66820.6,66850.6,25.518048,10.50051907,15.01752893,-4.51700986,-1329.813718
1780432200,2026-06-02 20:30:00,66864.1,67230.7,66850.6,67187.4,31.01154081,24.96197705,6.04956376,18.91241329,-1310.90130471
1780433100,2026-06-02 20:45:00,67187.4,67590.6,67187.3,67488.2,48.25802156,43.09739707,5.16062449,37.93677258,-1272.96453213
1780434000,2026-06-02 21:00:00,67490.1,67695.0,67317.7,67365.0,20.32687586,14.48425238,5.84262348,8.6416289,-1264.32290323
1780434900,2026-06-02 21:15:00,67365.0,67802.8,67365.0,67793.3,23.82342305,12.94025063,10.88317242,2.05707821,-1262.26582502
1780435800,2026-06-02 21:30:00,67794.5,67802.8,67608.3,67617.4,29.43391185,7.96463075,21.4692811,-13.50465035,-1275.77047537
1780436700,2026-06-02 21:45:00,67634.9,67635.0,67410.8,67467.3,13.24911506,4.22074358,9.02837148,-4.8076279,-1280.57810327
1780437600,2026-06-02 22:00:00,67467.2,67467.2,67111.2,67128.4,18.19821241,4.25744887,13.94076354,-9.68331467,-1290.26141794
1780438500,2026-06-02 22:15:00,67130.8,67334.8,66844.6,67200.0,34.05886546,12.47643543,21.58243003,-9.1059946,-1299.36741254
1780439400,2026-06-02 22:30:00,67200.1,67203.2,66712.7,66852.2,159.0185192,13.60933382,145.40918538,-131.79985156,-1431.1672641
1780440300,2026-06-02 22:45:00,66842.5,66842.5,66170.0,66278.4,149.82081801,44.75267592,105.06814209,-60.31546617,-1491.48273027
1780441200,2026-06-02 23:00:00,66285.0,66596.4,66111.8,66596.4,55.84855222,23.21610487,32.63244735,-9.41634248,-1500.89907275
1780442100,2026-06-02 23:15:00,66596.3,66666.0,66115.3,66344.5,71.68405898,34.85716767,36.82689131,-1.96972364,-1502.86879639
1780443000,2026-06-02 23:30:00,66345.0,66645.2,66165.1,66631.6,27.55424384,12.32083252,15.23341132,-2.9125788,-1505.78137519
1780443900,2026-06-02 23:45:00,66631.7,66772.4,66585.1,66669.7,19.58284461,12.9316842,6.65116041,6.28052379,-1499.5008514
1780444800,2026-06-03 00:00:00,66669.7,66810.0,66569.5,66720.0,43.2498726,14.36422011,28.88565249,-14.52143238,-1514.02228378
1780445700,2026-06-03 00:15:00,66720.1,67020.0,66656.6,66669.4,102.09634283,16.19874857,85.89759426,-69.69884569,-1583.72112947
1780446600,2026-06-03 00:30:00,66669.5,67083.3,66610.6,66975.0,66.81695552,48.09128555,18.72566997,29.36561558,-1554.35551389
1780447500,2026-06-03 00:45:00,66975.0,67049.9,66841.0,66841.4,9.54818444,2.39897759,7.14920685,-4.75022926,-1559.10574315
1780448400,2026-06-03 01:00:00,66841.5,66844.7,66588.5,66735.1,32.61007237,10.04845981,22.56161256,-12.51315275,-1571.6188959
1780449300,2026-06-03 01:15:00,66735.1,66952.7,66735.0,66950.6,47.57273625,40.88401779,6.68871846,34.19529933,-1537.42359657
1780450200,2026-06-03 01:30:00,66948.5,66963.0,66384.8,66420.0,20.07019714,4.12364686,15.94655028,-11.82290342,-1549.24649999
1780451100,2026-06-03 01:45:00,66419.9,66937.3,66419.9,66840.0,61.10781041,5.90696519,55.20084522,-49.29388003,-1598.54038002
1780452000,2026-06-03 02:00:00,66840.0,66840.0,66642.6,66730.1,5.70701371,2.88791592,2.81909779,0.06881813,-1598.47156189
1780452900,2026-06-03 02:15:00,66728.4,66840.0,66570.0,66579.4,17.4615161,2.99906785,14.46244825,-11.4633804,-1609.93494229
1780453800,2026-06-03 02:30:00,66578.9,66764.9,66532.5,66665.1,7.28974203,4.38469336,2.90504867,1.47964469,-1608.4552976
1780454700,2026-06-03 02:45:00,66665.1,66720.0,66510.1,66526.0,7.90993184,4.37548398,3.53444786,0.84103612,-1607.61426148
1780455600,2026-06-03 03:00:00,66525.2,66569.9,66309.8,66418.8,14.69627121,3.86758667,10.82868454,-6.96109787,-1614.57535935
1780456500,2026-06-03 03:15:00,66420.0,66524.9,66020.0,66060.0,48.71896842,13.89266663,34.82630179,-20.93363516,-1635.50899451
1780457400,2026-06-03 03:30:00,66059.9,66172.8,65678.0,65678.1,127.56747747,44.71496279,82.85251468,-38.13755189,-1673.6465464
1780458300,2026-06-03 03:45:00,65678.1,65900.1,65379.8,65770.5,95.33712868,36.7236944,58.61343428,-21.88973988,-1695.53628628
1780459200,2026-06-03 04:00:00,65770.5,66510.0,65754.7,66255.0,51.35166517,37.84098995,13.51067522,24.33031473,-1671.20597155
1780460100,2026-06-03 04:15:00,66255.1,66526.8,66255.0,66495.1,21.98802103,6.16137608,15.82664495,-9.66526887,-1680.87124042
1780461000,2026-06-03 04:30:00,66495.0,66495.0,66232.8,66353.0,11.211674,6.23563146,4.97604254,1.25958892,-1679.6116515
1780461900,2026-06-03 04:45:00,66351.6,66425.5,66191.3,66379.3,8.35818646,2.76331532,5.59487114,-2.83155582,-1682.44320732
1780462800,2026-06-03 05:00:00,66379.3,67150.0,66379.3,67047.0,78.52281243,66.87192579,11.65088664,55.22103915,-1627.22216817
1780463700,2026-06-03 05:15:00,67043.1,67169.9,66893.8,66989.9,37.03327087,24.48360694,12.54966393,11.93394301,-1615.28822516
1780464600,2026-06-03 05:30:00,66989.9,66989.9,66700.0,66940.6,13.36362855,8.0540873,5.30954125,2.74454605,-1612.54367911
1780465500,2026-06-03 05:45:00,66940.5,67306.7,66937.3,67237.1,26.23708026,19.16080234,7.07627792,12.08452442,-1600.45915469
1780466400,2026-06-03 06:00:00,67235.9,67272.4,67017.3,67061.8,13.90146122,6.48706104,7.41440018,-0.92733914,-1601.38649383
1780467300,2026-06-03 06:15:00,67061.9,67257.0,67061.9,67169.9,14.21849501,8.91021596,5.30827905,3.60193691,-1597.78455692
1780468200,2026-06-03 06:30:00,67161.4,67420.0,67095.8,67218.1,17.29279232,11.96842736,5.32436496,6.6440624,-1591.14049452
1780469100,2026-06-03 06:45:00,67219.7,67244.8,66873.9,66877.6,23.82211957,9.10877927,14.7133403,-5.60456103,-1596.74505555
1780470000,2026-06-03 07:00:00,66877.6,67050.0,66786.3,67005.0,12.53661692,9.85381822,2.6827987,7.17101952,-1589.57403603
1780470900,2026-06-03 07:15:00,67004.9,67226.0,66945.1,67102.8,13.08038487,9.67126611,3.40911876,6.26214735,-1583.31188868
1780471800,2026-06-03 07:30:00,67105.7,67178.9,66990.1,67110.0,7.38923624,5.10030534,2.2889309,2.81137444,-1580.50051424
1780472700,2026-06-03 07:45:00,67110.0,67225.5,67095.1,67130.6,7.80092488,5.3093556,2.49156928,2.81778632,-1577.68272792
1780473600,2026-06-03 08:00:00,67129.3,67155.0,66974.6,66978.9,8.45549908,0.69698819,7.75851089,-7.0615227,-1584.74425062
1780474500,2026-06-03 08:15:00,66979.0,67049.9,66925.9,66933.5,15.41859421,10.02584178,5.39275243,4.63308935,-1580.11116127
1780475400,2026-06-03 08:30:00,66933.5,67125.0,66883.0,66998.6,6.3389834,2.32000246,4.01898094,-1.69897848,-1581.81013975
1780476300,2026-06-03 08:45:00,66995.3,67065.0,66888.1,66930.1,11.58668614,4.09042515,7.49626099,-3.40583584,-1585.21597559
1780477200,2026-06-03 09:00:00,66930.2,67005.0,66857.1,66870.1,6.76673695,4.74043165,2.0263053,2.71412635,-1582.50184924
1780478100,2026-06-03 09:15:00,66870.1,66870.1,66716.0,66740.5,7.33827216,3.17838062,4.15989154,-0.98151092,-1583.48336016
1780479000,2026-06-03 09:30:00,66738.6,66750.0,66633.9,66641.1,10.99709687,4.30416841,6.69292846,-2.38876005,-1585.87212021
1780479900,2026-06-03 09:45:00,66639.6,67212.1,66556.6,66977.7,66.54508647,42.97861751,23.56646896,19.41214855,-1566.45997166
1780480800,2026-06-03 10:00:00,66975.9,67374.9,66969.7,67208.7,14.85787794,7.20147109,7.65640685,-0.45493576,-1566.91490742
1780481700,2026-06-03 10:15:00,67208.6,67229.9,67107.1,67214.9,17.53177423,6.01869713,11.5130771,-5.49437997,-1572.40928739
1780482600,2026-06-03 10:30:00,67215.0,67305.0,67120.7,67139.9,43.64320508,33.36954298,10.2736621,23.09588088,-1549.31340651
1780483500,2026-06-03 10:45:00,67139.9,67214.9,67086.1,67195.5,41.10645624,2.29108303,38.81537321,-36.52429018,-1585.83769669
1780484400,2026-06-03 11:00:00,67200.0,67262.4,67133.0,67256.2,16.61259122,13.66206092,2.9505303,10.71153062,-1575.12616607
1780485300,2026-06-03 11:15:00,67238.6,67259.9,67196.6,67248.4,15.33252587,12.76298922,2.56953665,10.19345257,-1564.9327135
1780486200,2026-06-03 11:30:00,67248.4,67248.4,67009.7,67065.0,15.41300172,3.16785604,12.24514568,-9.07728964,-1574.01000314
1780487100,2026-06-03 11:45:00,67063.1,67063.1,66969.7,66985.0,16.60354106,9.05683694,7.54670412,1.51013282,-1572.49987032
1780488000,2026-06-03 12:00:00,66985.0,67034.9,66815.0,66884.9,21.06700824,13.35363756,7.71337068,5.64026688,-1566.85960344
1780488900,2026-06-03 12:15:00,66885.0,66975.0,66705.1,66945.4,17.21183871,5.54021645,11.67162226,-6.13140581,-1572.99100925
1780489800,2026-06-03 12:30:00,66945.1,67060.1,66750.0,66870.0,18.60376133,4.56896233,14.034799,-9.46583667,-1582.45684592
1780490700,2026-06-03 12:45:00,66869.9,67053.3,66840.0,66985.1,6.41504151,3.78013362,2.63490789,1.14522573,-1581.31162019
1780491600,2026-06-03 13:00:00,66988.8,67109.8,66908.8,67032.2,16.54620338,10.38922482,6.15697856,4.23224626,-1577.07937393
1780492500,2026-06-03 13:15:00,67032.1,67140.0,66734.2,66734.2,60.59663873,19.78316102,40.81347771,-21.03031669,-1598.10969062
1780493400,2026-06-03 13:30:00,66738.7,67080.0,66610.4,66655.2,37.75440886,21.32248081,16.43192805,4.89055276,-1593.21913786
1780494300,2026-06-03 13:45:00,66656.3,66918.6,66533.0,66789.1,27.78831275,10.29542245,17.4928903,-7.19746785,-1600.41660571
1780495200,2026-06-03 14:00:00,66798.5,66839.8,66643.0,66779.9,21.24504848,13.79238963,7.45265885,6.33973078,-1594.07687493
1780496100,2026-06-03 14:15:00,66780.0,66810.0,66544.1,66682.1,48.91634408,16.99668118,31.9196629,-14.92298172,-1608.99985665
1780497000,2026-06-03 14:30:00,66688.0,66893.8,66630.0,66652.8,16.00260615,10.00648227,5.99612388,4.01035839,-1604.98949826
1780497900,2026-06-03 14:45:00,66650.1,66825.0,66650.0,66766.3,12.30749748,8.67623789,3.63125959,5.0449783,-1599.94451996
1780498800,2026-06-03 15:00:00,66766.1,66780.0,66400.2,66425.0,57.54697797,8.8844239,48.66255407,-39.77813017,-1639.72265013
1780499700,2026-06-03 15:15:00,66433.4,66544.0,66141.5,66480.0,131.99288311,77.60654575,54.38633736,23.22020839,-1616.50244174
1780500600,2026-06-03 15:30:00,66480.0,66566.6,66142.5,66202.1,37.34909232,28.84163235,8.50745997,20.33417238,-1596.16826936
1780501500,2026-06-03 15:45:00,66195.7,66270.0,66000.0,66000.0,37.49908697,10.96732567,26.5317613,-15.56443563,-1611.73270499
1780502400,2026-06-03 16:00:00,66000.1,66250.0,65800.0,66086.7,75.601023,21.45952425,54.14149875,-32.6819745,-1644.41467949
1780503300,2026-06-03 16:15:00,66086.6,66120.0,65480.1,65512.7,112.21204255,17.14852609,95.06351646,-77.91499037,-1722.32966986
1780504200,2026-06-03 16:30:00,65518.1,65880.0,65513.7,65843.4,29.44916934,17.53371606,11.91545328,5.61826278,-1716.71140708
1780505100,2026-06-03 16:45:00,65830.4,65989.0,65737.9,65976.2,46.45229883,13.8680848,32.58421403,-18.71612923,-1735.42753631
1780506000,2026-06-03 17:00:00,65979.0,66028.5,65620.9,65620.9,50.15664617,6.30420645,43.85243972,-37.54823327,-1772.97576958
1780506900,2026-06-03 17:15:00,65620.8,65880.0,65620.8,65857.8,50.31552526,15.82230439,34.49322087,-18.67091648,-1791.64668606
1780507800,2026-06-03 17:30:00,65852.2,66090.0,65760.1,66019.8,30.74414121,16.44375487,14.30038634,2.14336853,-1789.50331753
1780508700,2026-06-03 17:45:00,66019.7,66019.7,65715.1,65872.8,22.94393385,3.82404734,19.11988651,-15.29583917,-1804.7991567
1780509600,2026-06-03 18:00:00,65872.2,66000.0,65775.2,65879.4,16.09905502,11.40001027,4.69904475,6.70096552,-1798.09819118
1780510500,2026-06-03 18:15:00,65878.9,65878.9,65669.9,65805.0,20.77447542,6.67698925,14.09748617,-7.42049692,-1805.5186881
1780511400,2026-06-03 18:30:00,65805.0,66000.0,65719.7,65953.7,15.48785776,9.86585079,5.62200697,4.24384382,-1801.27484428
1780512300,2026-06-03 18:45:00,65953.7,66059.9,65942.1,65965.9,78.22376477,72.60308328,5.62068149,66.98240179,-1734.29244249
1780513200,2026-06-03 19:00:00,65964.1,65976.6,65822.0,65870.0,16.52370149,8.73923976,7.78446173,0.95477803,-1733.33766446
1780514100,2026-06-03 19:15:00,65870.0,65943.4,65526.2,65565.0,19.53392176,8.15607712,11.37784464,-3.22176752,-1736.55943198
1780515000,2026-06-03 19:30:00,65564.9,65737.0,65541.6,65685.1,87.79967685,12.54734911,75.25232774,-62.70497863,-1799.26441061
1780515900,2026-06-03 19:45:00,65685.0,65758.6,65187.4,65376.1,103.94890362,21.71956501,82.22933861,-60.5097736,-1859.77418421
1780516800,2026-06-03 20:00:00,65375.9,65500.0,65185.0,65496.3,22.97468463,9.05769187,13.91699276,-4.85930089,-1864.6334851
1780517700,2026-06-03 20:15:00,65496.2,65521.6,65203.5,65459.6,39.51261187,15.2770894,24.23552247,-8.95843307,-1873.59191817
1780518600,2026-06-03 20:30:00,65456.8,65475.0,65103.1,65103.4,49.97116703,8.50511577,41.46605126,-32.96093549,-1906.55285366
1780519500,2026-06-03 20:45:00,65109.1,65144.8,64688.0,64903.1,176.15661529,71.64112467,104.51549062,-32.87436595,-1939.42721961
1780520400,2026-06-03 21:00:00,64903.2,65486.7,64869.0,65325.1,111.33209377,71.13987482,40.19221895,30.94765587,-1908.47956374
1780521300,2026-06-03 21:15:00,65325.1,65504.0,65313.8,65446.5,27.53515087,15.71350472,11.82164615,3.89185857,-1904.58770517
1780522200,2026-06-03 21:30:00,65442.0,65625.0,65212.6,65415.0,35.5808834,11.41037586,24.17050754,-12.76013168,-1917.34783685
1780523100,2026-06-03 21:45:00,65415.0,65761.5,65398.4,65672.1,35.98440434,27.1958231,8.78858124,18.40724186,-1898.94059499
1780524000,2026-06-03 22:00:00,65684.5,65730.0,65228.3,65241.7,23.25323565,10.97221598,12.28101967,-1.30880369,-1900.24939868
1780524900,2026-06-03 22:15:00,65244.6,65244.6,64867.7,65070.0,46.55323509,15.48304245,31.07019264,-15.58715019,-1915.83654887
1780525800,2026-06-03 22:30:00,65070.0,65160.0,64861.0,64975.9,22.44889364,11.78442566,10.66446798,1.11995768,-1914.71659119
1780526700,2026-06-03 22:45:00,64976.0,64995.0,64688.0,64810.1,107.51558706,52.63390722,54.88167984,-2.24777262,-1916.96436381
1780527600,2026-06-03 23:00:00,64810.0,64883.7,64333.3,64512.1,145.52212341,34.62612813,110.89599528,-76.26986715,-1993.23423096
1780528500,2026-06-03 23:15:00,64511.4,64544.2,64280.5,64393.5,61.41339711,25.48842819,35.92496892,-10.43654073,-2003.67077169
1780529400,2026-06-03 23:30:00,64410.0,64536.3,64164.7,64164.7,74.68972524,19.0308493,55.65887594,-36.62802664,-2040.29879833
1780530300,2026-06-03 23:45:00,64169.3,64250.4,64000.0,64035.8,74.84124056,18.17628918,56.66495138,-38.4886622,-2078.78746053
1780531200,2026-06-04 00:00:00,64036.1,64320.0,64036.1,64222.7,34.4676569,22.87696264,11.59069426,11.28626838,-2067.50119215
1780532100,2026-06-04 00:15:00,64218.9,64269.0,63301.0,63303.0,141.92690517,66.41964454,75.50726063,-9.08761609,-2076.58880824
1780533000,2026-06-04 00:30:00,63301.0,63726.8,63003.6,63504.5,227.80127456,77.77074994,150.03052462,-72.25977468,-2148.84858292
1780533900,2026-06-04 00:45:00,63513.7,63513.7,62920.5,63245.0,165.58850151,48.87226906,116.71623245,-67.84396339,-2216.69254631
1780534800,2026-06-04 01:00:00,63244.3,63399.3,63013.7,63025.8,71.75830801,38.73979322,33.01851479,5.72127843,-2210.97126788
1780535700,2026-06-04 01:15:00,63025.9,63043.9,62522.2,62629.8,207.52510829,70.80001521,136.72509308,-65.92507787,-2276.89634575
1780536600,2026-06-04 01:30:00,62629.8,63091.2,62629.7,62765.8,46.44512693,22.29212856,24.15299837,-1.86086981,-2278.75721556
1780537500,2026-06-04 01:45:00,62748.7,62802.7,62038.6,62099.9,224.6369789,110.35200657,114.28497233,-3.93296576,-2282.69018132
1780538400,2026-06-04 02:00:00,62100.0,62415.3,61255.9,62336.4,552.84288997,158.50154294,394.34134703,-235.83980409,-2518.52998541
1780539300,2026-06-04 02:15:00,62336.3,63021.5,62085.1,62932.5,109.21813499,40.20727935,69.01085564,-28.80357629,-2547.3335617
1780540200,2026-06-04 02:30:00,62939.6,63429.8,62840.8,63338.1,126.03018808,99.14190349,26.88828459,72.2536189,-2475.0799428
1780541100,2026-06-04 02:45:00,63338.0,63553.4,63103.5,63153.0,131.01847866,58.85952293,72.15895573,-13.2994328,-2488.3793756
1780542000,2026-06-04 03:00:00,63153.0,63954.9,63153.0,63894.9,164.93352742,140.70877757,24.22474985,116.48402772,-2371.89534788
1780542900,2026-06-04 03:15:00,63891.7,64104.9,63825.0,63856.7,98.87438458,77.30882168,21.5655629,55.74325878,-2316.1520891
1780543800,2026-06-04 03:30:00,63852.2,64444.0,63840.1,64317.4,72.41331796,42.27147669,30.14184127,12.12963542,-2304.02245368
1780544700,2026-06-04 03:45:00,64317.3,64378.6,64200.1,64290.0,74.84331593,43.76431883,31.0789971,12.68532173,-2291.33713195
1780545600,2026-06-04 04:00:00,64290.0,64585.5,64271.7,64556.3,77.64960482,60.10603767,17.54356715,42.56247052,-2248.77466143
1780546500,2026-06-04 04:15:00,64552.1,64686.1,64440.1,64535.7,39.8948895,33.97995019,5.91493931,28.06501088,-2220.70965055
1780547400,2026-06-04 04:30:00,64529.2,64555.7,64214.7,64355.1,23.39717331,4.22729144,19.16988187,-14.94259043,-2235.65224098
1780548300,2026-06-04 04:45:00,64355.0,64385.0,64260.0,64327.7,21.87160832,13.73369668,8.13791164,5.59578504,-2230.05645594
1780549200,2026-06-04 05:00:00,64327.7,64327.7,63662.3,63885.0,167.12507841,17.85064207,149.27443634,-131.42379427,-2361.48025021
1780550100,2026-06-04 05:15:00,63884.9,63960.0,63605.2,63791.3,39.15804965,17.48689874,21.67115091,-4.18425217,-2365.66450238
1780551000,2026-06-04 05:30:00,63790.2,64274.5,63720.8,64231.0,122.78400203,113.14844451,9.63555752,103.51288699,-2262.15161539
1780551900,2026-06-04 05:45:00,64227.8,64227.8,63857.3,63898.8,106.5144407,5.49652649,101.01791421,-95.52138772,-2357.67300311
1780552800,2026-06-04 06:00:00,63898.3,64199.8,63825.0,64195.0,96.33573941,89.84435294,6.49138647,83.35296647,-2274.32003664
1780553700,2026-06-04 06:15:00,64194.9,64403.8,64140.0,64200.0,21.45642153,17.38030592,4.07611561,13.30419031,-2261.01584633
1780554600,2026-06-04 06:30:00,64204.4,64370.9,64035.0,64274.9,22.26888065,5.55717837,16.71170228,-11.15452391,-2272.17037024
1780555500,2026-06-04 06:45:00,64274.9,64274.9,63934.1,63979.6,14.07533175,4.5606899,9.51464185,-4.95395195,-2277.12432219
1780556400,2026-06-04 07:00:00,63979.6,63996.0,63351.3,63741.1,149.39123171,87.87293286,61.51829885,26.35463401,-2250.76968818
1780557300,2026-06-04 07:15:00,63738.0,63750.0,63429.8,63628.9,28.71707251,15.10601053,13.61106198,1.49494855,-2249.27473963
1780558200,2026-06-04 07:30:00,63634.0,63972.5,63629.0,63872.2,37.99626778,26.95861735,11.03765043,15.92096692,-2233.35377271
1780559100,2026-06-04 07:45:00,63872.2,63884.9,63525.1,63525.1,6.57704615,1.55477441,5.02227174,-3.46749733,-2236.82127004
1780560000,2026-06-04 08:00:00,63543.0,63826.8,63280.7,63317.5,60.76325851,9.5324858,51.23077271,-41.69828691,-2278.51955695
1780560900,2026-06-04 08:15:00,63306.4,63525.0,63197.0,63424.7,95.29398854,86.06520326,9.22878528,76.83641798,-2201.68313897
1780561800,2026-06-04 08:30:00,63424.8,63635.1,63328.6,63345.8,10.6580198,5.7022563,4.9557635,0.7464928,-2200.93664617
1780562700,2026-06-04 08:45:00,63345.8,63665.7,63302.2,63546.1,59.81844986,13.28644258,46.53200728,-33.2455647,-2234.18221087
1780563600,2026-06-04 09:00:00,63546.1,63569.9,63133.7,63270.3,25.95546805,8.41096872,17.54449933,-9.13353061,-2243.31574148
1780564500,2026-06-04 09:15:00,63264.0,63264.0,62733.5,62808.6,33.63446296,6.11323937,27.52122359,-21.40798422,-2264.7237257
1780565400,2026-06-04 09:30:00,62808.5,62926.7,62650.0,62824.8,40.71712305,10.79191837,29.92520468,-19.13328631,-2283.85701201
1780566300,2026-06-04 09:45:00,62823.8,63179.1,62823.8,63179.1,28.78018524,18.09712951,10.68305573,7.41407378,-2276.44293823
1780567200,2026-06-04 10:00:00,63179.1,63179.4,62741.0,62801.7,35.46983468,21.857571,13.61226368,8.24530732,-2268.19763091
1780568100,2026-06-04 10:15:00,62795.1,62936.8,62433.1,62433.1,29.18287503,11.50543732,17.67743771,-6.17200039,-2274.3696313
1780569000,2026-06-04 10:30:00,62433.1,62710.5,62361.4,62635.9,25.08291018,14.52056675,10.56234343,3.95822332,-2270.41140798
1780569900,2026-06-04 10:45:00,62644.5,62690.6,62238.6,62353.0,142.24361008,40.09564952,102.14796056,-62.05231104,-2332.46371902
1780570800,2026-06-04 11:00:00,62352.9,62594.5,62038.8,62201.2,134.31816267,12.91263781,121.40552486,-108.49288705,-2440.95660607
1780571700,2026-06-04 11:15:00,62200.8,62567.4,62154.9,62541.8,21.135822,9.81260415,11.32321785,-1.5106137,-2442.46721977
1780572600,2026-06-04 11:30:00,62545.1,62755.0,62104.4,62190.5,299.97818255,117.38386369,182.59431886,-65.21045517,-2507.67767494
1780573500,2026-06-04 11:45:00,62190.7,62488.3,62190.4,62476.1,30.32721011,7.22347086,23.10373925,-15.88026839,-2523.55794333
1780574400,2026-06-04 12:00:00,62479.2,62634.3,62312.4,62468.6,27.7862097,16.55169297,11.23451673,5.31717624,-2518.24076709
1780575300,2026-06-04 12:15:00,62468.9,63330.4,62468.9,63231.9,49.26666317,33.70069175,15.56597142,18.13472033,-2500.10604676
1780576200,2026-06-04 12:30:00,63219.7,63650.9,63103.5,63510.1,87.63104034,46.96740167,40.66363867,6.303763,-2493.80228376
1780577100,2026-06-04 12:45:00,63503.4,63915.9,63446.2,63706.9,24.21548431,14.93583143,9.27965288,5.65617855,-2488.14610521
1780578000,2026-06-04 13:00:00,63707.0,63788.3,63510.0,63533.8,36.93562983,28.33012364,8.60550619,19.72461745,-2468.42148776
1780578900,2026-06-04 13:15:00,63533.8,63560.1,63016.3,63182.2,232.74648578,113.70712979,119.03935599,-5.3322262,-2473.75371396
1780579800,2026-06-04 13:30:00,63167.7,64203.3,63133.0,63720.2,223.94927132,149.97301296,73.97625836,75.9967546,-2397.75695936
1780580700,2026-06-04 13:45:00,63734.2,64150.0,63615.3,64150.0,25.76205048,13.40257855,12.35947193,1.04310662,-2396.71385274
1780581600,2026-06-04 14:00:00,64157.0,64434.8,63947.1,64323.1,65.75000445,46.76201029,18.98799416,27.77401613,-2368.93983661
1780582500,2026-06-04 14:15:00,64317.7,64364.1,64003.2,64091.3,111.74901522,87.2244095,24.52460572,62.69980378,-2306.24003283
1780583400,2026-06-04 14:30:00,64090.3,64090.4,63804.2,63929.6,89.95950756,5.51114728,84.44836028,-78.937213,-2385.17724583
1780584300,2026-06-04 14:45:00,63944.5,64015.5,63750.0,63897.1,15.78994818,9.28660046,6.50334772,2.78325274,-2382.39399309
1780585200,2026-06-04 15:00:00,63897.2,64321.2,63783.8,64300.0,78.2725146,60.78358886,17.48892574,43.29466312,-2339.09932997
1780586100,2026-06-04 15:15:00,64297.6,64326.6,63750.0,63917.8,30.99362693,11.39791808,19.59570885,-8.19779077,-2347.29712074
1780587000,2026-06-04 15:30:00,63917.6,63999.9,63742.6,63767.1,32.18519161,16.83208976,15.35310185,1.47898791,-2345.81813283
1780587900,2026-06-04 15:45:00,63772.0,63922.6,63628.1,63826.7,50.84800982,14.51349301,36.33451681,-21.8210238,-2367.63915663
1780588800,2026-06-04 16:00:00,63826.8,63858.0,63582.3,63599.4,6.0697071,2.47356741,3.59613969,-1.12257228,-2368.76172891
1780589700,2026-06-04 16:15:00,63599.3,63798.9,63572.4,63572.5,14.08424487,4.67332351,9.41092136,-4.73759785,-2373.49932676
1780590600,2026-06-04 16:30:00,63572.7,63772.7,63384.2,63698.6,40.75055319,28.75996009,11.9905931,16.76936699,-2356.72995977
1780591500,2026-06-04 16:45:00,63704.5,63842.2,63437.4,63485.7,37.78502185,16.12372531,21.66129654,-5.53757123,-2362.267531
1780592400,2026-06-04 17:00:00,63485.8,63645.8,63369.0,63515.6,16.29654818,10.35041378,5.9461344,4.40427938,-2357.86325162
1780593300,2026-06-04 17:15:00,63515.6,63515.6,63050.4,63141.3,41.3156653,11.16186334,30.15380196,-18.99193862,-2376.85519024
1780594200,2026-06-04 17:30:00,63145.8,63223.4,62897.0,62963.3,88.76326833,17.99007833,70.77319,-52.78311167,-2429.63830191
1780595100,2026-06-04 17:45:00,62968.5,63551.7,62897.0,63460.1,28.2083968,20.32313237,7.88526443,12.43786794,-2417.20043397
1780596000,2026-06-04 18:00:00,63460.0,63499.4,63052.0,63078.5,32.4792019,4.69027075,27.78893115,-23.0986604,-2440.29909437
1780596900,2026-06-04 18:15:00,63078.6,63803.9,63058.2,63803.9,27.25724033,21.42671279,5.83052754,15.59618525,-2424.70290912
1780597800,2026-06-04 18:30:00,63803.8,64032.4,63657.6,63852.1,58.28811356,51.10204853,7.18606503,43.9159835,-2380.78692562
1780598700,2026-06-04 18:45:00,63852.0,64005.9,63744.7,63746.1,37.65632815,15.92218651,21.73414164,-5.81195513,-2386.59888075
1780599600,2026-06-04 19:00:00,63742.4,63803.1,63533.9,63802.6,65.58990143,5.82096696,59.76893447,-53.94796751,-2440.54684826
1780600500,2026-06-04 19:15:00,63796.1,64072.0,63792.1,64038.7,46.42020101,7.82696347,38.59323754,-30.76627407,-2471.31312233
1780601400,2026-06-04 19:30:00,64035.7,64036.4,63681.5,63695.6,77.6026694,8.27255369,69.33011571,-61.05756202,-2532.37068435
1780602300,2026-06-04 19:45:00,63697.1,63697.1,63455.1,63547.7,31.42879623,16.49036641,14.93842982,1.55193659,-2530.81874776
1780603200,2026-06-04 20:00:00,63538.5,63555.2,63180.3,63432.2,22.33872706,8.71755321,13.62117385,-4.90362064,-2535.7223684
1780604100,2026-06-04 20:15:00,63434.4,63469.1,63118.5,63249.6,35.53543382,19.35454768,16.18088614,3.17366154,-2532.54870686
1780605000,2026-06-04 20:30:00,63268.8,63596.9,63268.8,63506.3,8.79889039,4.71753894,4.08135145,0.63618749,-2531.91251937
1780605900,2026-06-04 20:45:00,63502.1,63583.1,63359.7,63575.7,11.2236607,6.86572792,4.35793278,2.50779514,-2529.40472423
1780606800,2026-06-04 21:00:00,63570.3,63797.5,63539.3,63736.3,25.82563872,21.73141165,4.09422707,17.63718458,-2511.76753965
1780607700,2026-06-04 21:15:00,63747.6,63757.0,63391.3,63438.3,99.49533169,43.53442664,55.96090505,-12.42647841,-2524.19401806
1780608600,2026-06-04 21:30:00,63438.3,63464.9,63057.2,63435.9,49.20515786,12.97903198,36.22612588,-23.2470939,-2547.44111196
1780609500,2026-06-04 21:45:00,63437.3,63475.4,63198.7,63233.0,27.49242409,24.0624312,3.42999289,20.63243831,-2526.80867365
1780610400,2026-06-04 22:00:00,63233.0,63439.2,63150.3,63229.1,21.32165187,9.66143115,11.66022072,-1.99878957,-2528.80746322
1780611300,2026-06-04 22:15:00,63229.8,63379.7,63229.8,63289.5,5.56872537,1.90155265,3.66717272,-1.76562007,-2530.57308329
1780612200,2026-06-04 22:30:00,63292.0,63531.5,63175.2,63441.7,34.00724959,25.97366846,8.03358113,17.94008733,-2512.63299596
1780613100,2026-06-04 22:45:00,63441.8,63695.5,63392.9,63677.4,14.38026466,11.11379787,3.26646679,7.84733108,-2504.78566488
1780614000,2026-06-04 23:00:00,63674.1,63773.2,63538.9,63548.1,13.30171031,3.83405519,9.46765512,-5.63359993,-2510.41926481
1780614900,2026-06-04 23:15:00,63548.0,63552.1,63317.7,63393.5,14.93569451,5.32940572,9.60628879,-4.27688307,-2514.69614788
1780615800,2026-06-04 23:30:00,63399.0,63704.4,63394.9,63689.4,10.84545652,9.20465921,1.64079731,7.5638619,-2507.13228598
1780616700,2026-06-04 23:45:00,63689.4,63850.0,63624.3,63814.0,21.89766008,19.56837307,2.32928701,17.23908606,-2489.89319992
1780617600,2026-06-05 00:00:00,63811.1,63811.1,63570.4,63587.7,66.92307114,3.67549884,63.2475723,-59.57207346,-2549.46527338
1780618500,2026-06-05 00:15:00,63587.7,63829.2,63530.0,63829.2,7.2878973,3.8951772,3.3927201,0.5024571,-2548.96281628
1780619400,2026-06-05 00:30:00,63831.6,63905.3,63610.7,63635.3,24.13134625,21.90441253,2.22693372,19.67747881,-2529.28533747
1780620300,2026-06-05 00:45:00,63635.3,63733.2,63339.4,63366.7,10.73689048,3.8291091,6.90778138,-3.07867228,-2532.36400975
1780621200,2026-06-05 01:00:00,63366.7,63366.7,62962.6,63288.5,47.72889075,6.43566448,41.29322627,-34.85756179,-2567.22157154
1780622100,2026-06-05 01:15:00,63288.6,63346.1,63082.0,63262.9,44.76595806,8.38136916,36.3845889,-28.00321974,-2595.22479128
1780623000,2026-06-05 01:30:00,63267.4,63475.4,63205.3,63368.9,14.19466918,9.17944097,5.01522821,4.16421276,-2591.06057852
1780623900,2026-06-05 01:45:00,63364.7,63370.1,63173.3,63305.4,10.62058083,4.77388313,5.8466977,-1.07281457,-2592.13339309
1780624800,2026-06-05 02:00:00,63296.2,63374.5,63107.8,63107.8,9.89986904,2.94501743,6.95485161,-4.00983418,-2596.14322727
1780625700,2026-06-05 02:15:00,63105.4,63201.3,62644.1,62644.1,170.05343342,17.07296219,152.98047123,-135.90750904,-2732.05073631
1780626600,2026-06-05 02:30:00,62644.0,62874.0,62538.0,62679.8,42.18381104,22.97914869,19.20466235,3.77448634,-2728.27624997
1780627500,2026-06-05 02:45:00,62679.7,62794.8,62530.0,62544.2,17.28776248,11.72698046,5.56078202,6.16619844,-2722.11005153
1780628400,2026-06-05 03:00:00,62549.7,62578.7,62283.4,62318.9,56.37495315,7.73785594,48.63709721,-40.89924127,-2763.0092928
1780629300,2026-06-05 03:15:00,62318.9,62741.0,62317.4,62514.5,168.73575012,75.88884275,92.84690737,-16.95806462,-2779.96735742
1780630200,2026-06-05 03:30:00,62524.6,62814.0,62524.6,62612.5,12.85681521,7.78685829,5.06995692,2.71690137,-2777.25045605
1780631100,2026-06-05 03:45:00,62612.4,62793.7,62605.4,62648.3,7.08057855,5.27563704,1.80494151,3.47069553,-2773.77976052
1780632000,2026-06-05 04:00:00,62665.3,62912.9,62443.6,62799.6,37.95669418,22.21581134,15.74088284,6.4749285,-2767.30483202
1780632900,2026-06-05 04:15:00,62800.1,63155.3,62592.9,63155.3,31.81102918,26.91501549,4.89601369,22.0190018,-2745.28583022
1780633800,2026-06-05 04:30:00,63156.4,63156.4,62927.1,62959.5,5.31544884,2.40432675,2.91112209,-0.50679534,-2745.79262556
1780634700,2026-06-05 04:45:00,62962.0,63568.7,62800.1,63521.2,48.87440549,38.11268261,10.76172288,27.35095973,-2718.44166583
1780635600,2026-06-05 05:00:00,63529.6,63614.6,63286.6,63311.2,23.115162,11.24854386,11.86661814,-0.61807428,-2719.05974011
1780636500,2026-06-05 05:15:00,63316.4,63489.6,63217.9,63447.4,7.22684631,5.36288713,1.86395918,3.49892795,-2715.56081216
1780637400,2026-06-05 05:30:00,63442.0,63489.4,62825.1,62825.1,36.8058406,12.38069138,24.42514922,-12.04445784,-2727.60527
1780638300,2026-06-05 05:45:00,62826.2,62900.0,62220.0,62272.7,54.95323454,12.72433925,42.22889529,-29.50455604,-2757.10982604
1780639200,2026-06-05 06:00:00,62271.1,62560.4,61950.1,62020.8,98.02820726,14.82525728,83.20294998,-68.3776927,-2825.48751874
1780640100,2026-06-05 06:15:00,62020.8,62175.6,61100.0,61620.0,295.01023509,113.88718841,181.12304668,-67.23585827,-2892.72337701
1780641000,2026-06-05 06:30:00,61620.6,62131.8,61593.4,62084.4,50.57035181,33.25334404,17.31700777,15.93633627,-2876.78704074
1780641900,2026-06-05 06:45:00,62084.4,62142.9,61739.1,61894.4,48.56444332,43.72896039,4.83548293,38.89347746,-2837.89356328
1780642800,2026-06-05 07:00:00,61891.0,61922.2,61319.7,61432.9,23.68366604,8.64723203,15.03643401,-6.38920198,-2844.28276526
1780643700,2026-06-05 07:15:00,61455.6,62313.9,61455.6,62200.0,27.88447443,17.58898485,10.29548958,7.29349527,-2836.98926999
1780644600,2026-06-05 07:30:00,62200.0,62831.3,62144.6,62816.9,87.85665327,68.6893261,19.16732717,49.52199893,-2787.46727106
1780645500,2026-06-05 07:45:00,62817.0,63043.1,62712.3,63043.1,44.43590817,27.44979428,16.98611389,10.46368039,-2777.00359067
1780646400,2026-06-05 08:00:00,63049.8,63049.8,62592.9,62755.6,152.12345008,32.72109561,119.40235447,-86.68125886,-2863.68484953
1780647300,2026-06-05 08:15:00,62742.8,62811.5,62538.0,62745.2,8.82999144,5.74288053,3.08711091,2.65576962,-2861.02907991
1780648200,2026-06-05 08:30:00,62745.7,62886.4,62466.6,62500.0,15.09791665,8.20228109,6.89563556,1.30664553,-2859.72243438
1780649100,2026-06-05 08:45:00,62490.2,62548.5,62246.1,62397.3,37.51933713,2.04129907,35.47803806,-33.43673899,-2893.15917337
1780650000,2026-06-05 09:00:00,62407.5,63020.1,62398.1,63020.1,51.44282543,38.33356864,13.10925679,25.22431185,-2867.93486152
1780650900,2026-06-05 09:15:00,63020.0,63194.8,62866.5,63063.5,31.84071347,17.48319071,14.35752276,3.12566795,-2864.80919357
1780651800,2026-06-05 09:30:00,63063.4,63063.5,62733.5,62774.9,45.16333726,20.82751694,24.33582032,-3.50830338,-2868.31749695
1780652700,2026-06-05 09:45:00,62774.3,62930.5,62770.5,62813.4,14.30795659,2.41082315,11.89713344,-9.48631029,-2877.80380724
1780653600,2026-06-05 10:00:00,62813.4,62887.9,62613.2,62707.6,9.56738138,2.50422978,7.0631516,-4.55892182,-2882.36272906
1780654500,2026-06-05 10:15:00,62706.9,62707.1,62470.5,62550.1,9.93292419,3.48841475,6.44450944,-2.95609469,-2885.31882375
1780655400,2026-06-05 10:30:00,62550.1,62676.3,62330.1,62676.3,11.57868405,7.46453653,4.11414752,3.35038901,-2881.96843474
1780656300,2026-06-05 10:45:00,62636.5,62636.5,62413.9,62496.6,58.10645054,54.73745219,3.36899835,51.36845384,-2830.5999809
1780657200,2026-06-05 11:00:00,62496.6,62496.6,62223.7,62271.8,29.79501717,12.93148266,16.86353451,-3.93205185,-2834.53203275
1780658100,2026-06-05 11:15:00,62271.7,62577.0,62200.0,62414.2,16.39845028,2.80314211,13.59530817,-10.79216606,-2845.32419881
1780659000,2026-06-05 11:30:00,62421.2,62465.5,62074.6,62074.6,17.40044214,1.83362954,15.5668126,-13.73318306,-2859.05738187
1780659900,2026-06-05 11:45:00,62074.5,62191.2,61920.0,61920.0,32.45589346,8.0098583,24.44603516,-16.43617686,-2875.49355873
1780660800,2026-06-05 12:00:00,61918.4,62255.3,61607.0,62100.9,63.18692156,35.82775884,27.35916272,8.46859612,-2867.02496261
1780661700,2026-06-05 12:15:00,62100.9,62388.1,62100.9,62149.3,10.08528363,5.86005168,4.22523195,1.63481973,-2865.39014288
1780662600,2026-06-05 12:30:00,62165.0,62327.3,61561.8,61921.3,115.48693993,27.866656,87.62028393,-59.75362793,-2925.14377081
1780663500,2026-06-05 12:45:00,61921.4,62024.2,61823.7,61918.3,119.89106296,37.59841288,82.29265008,-44.6942372,-2969.83800801
1780664400,2026-06-05 13:00:00,61918.4,62096.9,61885.2,61951.9,70.35064037,53.97876888,16.37187149,37.60689739,-2932.23111062
1780665300,2026-06-05 13:15:00,61951.8,62264.8,61858.7,62081.7,29.68936383,7.93906019,21.75030364,-13.81124345,-2946.04235407
1780666200,2026-06-05 13:30:00,62078.9,62268.4,61625.0,61782.1,241.8527689,112.47293676,129.37983214,-16.90689538,-2962.94924945
1780667100,2026-06-05 13:45:00,61792.3,61828.9,60700.0,60700.1,404.64775253,157.44839907,247.19935346,-89.75095439,-3052.70020384
1780668000,2026-06-05 14:00:00,60700.1,61179.7,60397.0,60812.3,424.53135837,103.45380964,321.07754873,-217.62373909,-3270.32394293
1780668900,2026-06-05 14:15:00,60812.3,61009.1,60331.0,60356.8,193.90625387,149.74705604,44.15919783,105.58785821,-3164.73608472
1780669800,2026-06-05 14:30:00,60356.8,61143.1,60331.0,60791.1,306.79974877,152.96904812,153.83070065,-0.86165253,-3165.59773725
1780670700,2026-06-05 14:45:00,60807.9,61096.4,60600.0,60838.6,206.62881853,33.12528511,173.50353342,-140.37824831,-3305.97598556
1780671600,2026-06-05 15:00:00,60844.8,60974.5,60522.6,60560.3,68.09013298,33.2913412,34.79879178,-1.50745058,-3307.48343614
1780672500,2026-06-05 15:15:00,60560.4,61074.1,60491.5,60741.1,44.34874601,25.51483396,18.83391205,6.68092191,-3300.80251423
1780673400,2026-06-05 15:30:00,60745.3,60799.0,60000.0,60331.3,569.23217596,192.92676124,376.30541472,-183.37865348,-3484.18116771
1780674300,2026-06-05 15:45:00,60331.5,60596.2,60172.3,60400.1,299.23670343,156.40578469,142.83091874,13.57486595,-3470.60630176
1780675200,2026-06-05 16:00:00,60400.1,61047.0,59764.0,60855.3,360.09262854,100.13192393,259.96070461,-159.82878068,-3630.43508244
1780676100,2026-06-05 16:15:00,60860.4,61517.2,60708.9,60880.8,173.71984955,125.48368316,48.23616639,77.24751677,-3553.18756567
1780677000,2026-06-05 16:30:00,60901.0,61048.7,60664.0,60800.0,52.58329161,32.98034845,19.60294316,13.37740529,-3539.81016038
1780677900,2026-06-05 16:45:00,60800.0,61429.6,60771.0,61368.8,79.4050706,40.16210943,39.24296117,0.91914826,-3538.89101212
1780678800,2026-06-05 17:00:00,61368.7,61459.3,60896.5,61003.9,64.59948241,16.18315284,48.41632957,-32.23317673,-3571.12418885
1780679700,2026-06-05 17:15:00,61003.7,61034.8,60616.6,60650.1,66.00555012,8.39700743,57.60854269,-49.21153526,-3620.33572411
1780680600,2026-06-05 17:30:00,60650.1,61076.2,60650.0,60710.7,27.43228899,7.99749216,19.43479683,-11.43730467,-3631.77302878
1780681500,2026-06-05 17:45:00,60700.3,60783.3,60612.4,60746.9,64.63095226,5.80554163,58.82541063,-53.019869,-3684.79289778
1780682400,2026-06-05 18:00:00,60747.0,60910.0,60577.0,60577.2,36.66064073,23.86603427,12.79460646,11.07142781,-3673.72146997
1780683300,2026-06-05 18:15:00,60577.1,60611.4,60074.1,60106.6,71.36970023,13.93393717,57.43576306,-43.50182589,-3717.22329586
1780684200,2026-06-05 18:30:00,60122.1,60283.4,59600.0,59896.6,144.49025577,33.17322042,111.31703535,-78.14381493,-3795.36711079
1780685100,2026-06-05 18:45:00,59900.0,59911.3,59107.5,59344.3,382.28266458,192.70237557,189.58028901,3.12208656,-3792.24502423
1780686000,2026-06-05 19:00:00,59356.4,59587.1,59130.0,59375.5,183.79963377,135.20637982,48.59325395,86.61312587,-3705.63189836
1780686900,2026-06-05 19:15:00,59350.7,59829.4,59070.6,59802.1,181.02409305,93.86542607,87.15866698,6.70675909,-3698.92513927
1780687800,2026-06-05 19:30:00,59802.0,59850.0,59464.4,59722.7,70.24387979,46.44446855,23.79941124,22.64505731,-3676.28008196
1780688700,2026-06-05 19:45:00,59723.9,60426.0,59718.9,60287.6,119.48515784,42.53545321,76.94970463,-34.41425142,-3710.69433338
1780689600,2026-06-05 20:00:00,60260.4,60925.0,59922.8,60807.5,167.56271888,81.04125383,86.52146505,-5.48021122,-3716.1745446
1780690500,2026-06-05 20:15:00,60807.5,61033.1,60685.4,60906.6,195.2386576,151.63840907,43.60024853,108.03816054,-3608.13638406
1780691400,2026-06-05 20:30:00,60908.4,61282.6,60874.7,61247.4,58.72734711,29.83307012,28.89427699,0.93879313,-3607.19759093
1780692300,2026-06-05 20:45:00,61247.4,61741.1,61193.8,61608.7,184.96643877,27.8854269,157.08101187,-129.19558497,-3736.3931759
1780693200,2026-06-05 21:00:00,61604.4,61957.6,61551.8,61817.5,97.21779716,57.30346346,39.9143337,17.38912976,-3719.00404614
1780694100,2026-06-05 21:15:00,61821.8,61946.3,61550.0,61557.4,118.87895992,97.71694062,21.1620193,76.55492132,-3642.44912482
1780695000,2026-06-05 21:30:00,61554.6,61913.7,61424.6,61850.0,117.20693228,13.49436391,103.71256837,-90.21820446,-3732.66732928
1780695900,2026-06-05 21:45:00,61845.6,61882.4,61610.8,61662.2,20.46790012,5.90594785,14.56195227,-8.65600442,-3741.3233337
1780696800,2026-06-05 22:00:00,61657.1,61657.1,61117.8,61374.0,41.51475847,11.58347622,29.93128225,-18.34780603,-3759.67113973
1780697700,2026-06-05 22:15:00,61345.3,61621.8,61283.3,61464.7,98.58439502,84.0127817,14.57161332,69.44116838,-3690.22997135
1780698600,2026-06-05 22:30:00,61464.7,61850.2,61388.4,61749.5,60.94749921,54.37288361,6.5746156,47.79826801,-3642.43170334
1780699500,2026-06-05 22:45:00,61749.6,61940.6,61539.6,61566.8,21.72360742,11.98009135,9.74351607,2.23657528,-3640.19512806
1780700400,2026-06-05 23:00:00,61573.4,61738.5,61306.1,61306.1,18.55696032,6.31065062,12.2463097,-5.93565908,-3646.13078714
1780701300,2026-06-05 23:15:00,61304.8,61304.8,60816.0,60935.7,65.84110325,19.75704879,46.08405446,-26.32700567,-3672.45779281
1780702200,2026-06-05 23:30:00,60917.1,60917.1,60508.1,60805.0,54.4453063,15.16866785,39.27663845,-24.1079706,-3696.56576341
1780703100,2026-06-05 23:45:00,60799.1,61040.4,60696.2,61037.9,12.85134633,10.12431765,2.72702868,7.39728897,-3689.16847444
1780704000,2026-06-06 00:00:00,61038.3,61441.0,61038.2,61402.4,39.0575918,34.11789716,4.93969464,29.17820252,-3659.99027192
1780704900,2026-06-06 00:15:00,61401.8,61496.2,61130.2,61290.4,32.41066825,3.11371041,29.29695784,-26.18324743,-3686.17351935
1780705800,2026-06-06 00:30:00,61290.5,61407.1,61159.5,61187.1,12.43014855,9.61656315,2.8135854,6.80297775,-3679.3705416
1780706700,2026-06-06 00:45:00,61179.3,61363.7,61168.4,61248.4,11.80476877,2.02773915,9.77702962,-7.74929047,-3687.11983207
1780707600,2026-06-06 01:00:00,61248.4,61355.0,61100.0,61136.4,85.12860525,68.30165282,16.82695243,51.47470039,-3635.64513168
1780708500,2026-06-06 01:15:00,61129.3,61270.0,60967.3,61270.0,11.87516805,1.41579062,10.45937743,-9.04358681,-3644.68871849
1780709400,2026-06-06 01:30:00,61269.9,61272.6,61011.3,61041.3,12.81285988,4.940365,7.87249488,-2.93212988,-3647.62084837
1780710300,2026-06-06 01:45:00,61041.2,61147.7,60929.6,61030.0,14.73818429,2.10691904,12.63126525,-10.52434621,-3658.14519458
1780711200,2026-06-06 02:00:00,61031.1,61064.5,60852.3,60863.2,9.67117577,1.69933632,7.97183945,-6.27250313,-3664.41769771
1780712100,2026-06-06 02:15:00,60860.9,60956.5,60654.6,60798.3,11.99799512,2.91034097,9.08765415,-6.17731318,-3670.59501089
1780713000,2026-06-06 02:30:00,60789.1,61025.8,60774.1,60931.0,10.62271322,9.23514553,1.38756769,7.84757784,-3662.74743305
1780713900,2026-06-06 02:45:00,60917.6,61150.0,60867.3,60942.1,6.09793512,4.87768841,1.22024671,3.6574417,-3659.08999135
1780714800,2026-06-06 03:00:00,60927.1,60927.1,60777.4,60844.1,8.51738238,2.82300054,5.69438184,-2.8713813,-3661.96137265
1780715700,2026-06-06 03:15:00,60844.2,60927.4,60704.4,60773.1,37.16899128,33.73361044,3.43538084,30.2982296,-3631.66314305
1780716600,2026-06-06 03:30:00,60773.1,60773.1,60522.7,60680.6,15.7995016,2.64578805,13.15371355,-10.5079255,-3642.17106855
1780717500,2026-06-06 03:45:00,60680.6,60791.9,60612.6,60671.7,32.57385832,30.81741685,1.75644147,29.06097538,-3613.11009317
1780718400,2026-06-06 04:00:00,60671.7,60851.0,60113.8,60139.7,110.92604816,11.86014147,99.06590669,-87.20576522,-3700.31585839
1780719300,2026-06-06 04:15:00,60130.3,60332.7,59870.0,59962.4,70.05228109,7.72946355,62.32281754,-54.59335399,-3754.90921238
1780720200,2026-06-06 04:30:00,59962.4,60030.5,59493.5,59787.3,67.98839868,13.42723824,54.56116044,-41.1339222,-3796.04313458
1780721100,2026-06-06 04:45:00,59787.2,60266.1,59693.0,60080.3,30.79033161,17.61948321,13.1708484,4.44863481,-3791.59449977
1780722000,2026-06-06 05:00:00,60080.3,60218.4,59614.4,59876.9,24.19217724,11.04106404,13.1511132,-2.11004916,-3793.70454893
1780722900,2026-06-06 05:15:00,59876.8,61010.4,59858.1,60722.4,103.44923722,71.14057068,32.30866654,38.83190414,-3754.87264479
1780723800,2026-06-06 05:30:00,60722.3,60950.0,60580.9,60785.6,18.45147972,7.06411415,11.38736557,-4.32325142,-3759.19589621
1780724700,2026-06-06 05:45:00,60785.6,61003.8,60727.1,60911.8,11.93476798,7.27680978,4.6579582,2.61885158,-3756.57704463
1780725600,2026-06-06 06:00:00,60911.8,61226.4,60911.8,61136.9,19.16398103,12.20944679,6.95453424,5.25491255,-3751.32213208
1780726500,2026-06-06 06:15:00,61123.3,61209.1,60977.6,61000.2,10.51634413,4.24624205,6.27010208,-2.02386003,-3753.34599211
1780727400,2026-06-06 06:30:00,61000.5,61145.8,60759.4,60788.2,30.18817026,2.54641053,27.64175973,-25.0953492,-3778.44134131
1780728300,2026-06-06 06:45:00,60788.1,60933.0,60671.9,60743.1,12.76919928,5.41944825,7.34975103,-1.93030278,-3780.37164409
1780729200,2026-06-06 07:00:00,60743.1,61091.7,60709.3,61059.5,55.96369024,52.02684732,3.93684292,48.0900044,-3732.28163969
1780730100,2026-06-06 07:15:00,61061.3,61199.0,60828.4,60860.0,16.87852673,5.5449977,11.33352903,-5.78853133,-3738.07017102
1780731000,2026-06-06 07:30:00,60861.0,61055.1,60845.3,61013.5,75.25274017,1.98557197,73.2671682,-71.28159623,-3809.35176725
1780731900,2026-06-06 07:45:00,61015.2,61062.4,60933.2,60974.0,7.70868288,0.98347989,6.72520299,-5.7417231,-3815.09349035
1780732800,2026-06-06 08:00:00,60974.2,61129.2,60853.3,61109.5,10.84787445,7.44351041,3.40436404,4.03914637,-3811.05434398
1780733700,2026-06-06 08:15:00,61116.8,61408.8,60993.5,61400.3,9.59475363,6.12718436,3.46756927,2.65961509,-3808.39472889
1780734600,2026-06-06 08:30:00,61373.7,61462.5,61268.4,61332.0,5.73574198,5.23798709,0.49775489,4.7402322,-3803.65449669
1780735500,2026-06-06 08:45:00,61331.9,61449.2,61223.5,61223.5,6.54528346,3.64553873,2.89974473,0.745794,-3802.90870269
1780736400,2026-06-06 09:00:00,61237.2,61278.6,61112.6,61199.7,7.02021435,1.63737578,5.38283857,-3.74546279,-3806.65416548
1780737300,2026-06-06 09:15:00,61199.7,61299.0,61077.8,61288.9,22.60051854,9.25449689,13.34602165,-4.09152476,-3810.74569024
1780738200,2026-06-06 09:30:00,61286.0,61286.0,61054.8,61077.8,5.60656605,2.63493466,2.97163139,-0.33669673,-3811.08238697
1780739100,2026-06-06 09:45:00,61077.8,61077.8,60872.9,60944.8,12.46131541,1.57088655,10.89042886,-9.31954231,-3820.40192928
1780740000,2026-06-06 10:00:00,60951.3,60951.3,60565.2,60597.4,47.58040105,25.82521905,21.755182,4.07003705,-3816.33189223
1780740900,2026-06-06 10:15:00,60597.5,60706.3,60473.5,60510.5,8.98759878,1.93864994,7.04894884,-5.1102989,-3821.44219113
1780741800,2026-06-06 10:30:00,60510.4,60510.4,60196.7,60388.7,23.44851685,4.83958384,18.60893301,-13.76934917,-3835.2115403
1780742700,2026-06-06 10:45:00,60387.7,60588.9,60328.3,60579.8,21.07472984,10.83210761,10.24262223,0.58948538,-3834.62205492
1780743600,2026-06-06 11:00:00,60579.7,60753.5,60518.0,60604.4,12.45968349,7.54590064,4.91378285,2.63211779,-3831.98993713
1780744500,2026-06-06 11:15:00,60604.3,60830.7,60579.8,60774.8,7.95835776,6.11397868,1.84437908,4.2695996,-3827.72033753
1780745400,2026-06-06 11:30:00,60774.7,60835.7,60705.8,60805.1,8.97561156,4.13129275,4.84431881,-0.71302606,-3828.43336359
1780746300,2026-06-06 11:45:00,60800.9,60923.3,60719.5,60761.9,8.15655166,2.49421966,5.662332,-3.16811234,-3831.60147593
1780747200,2026-06-06 12:00:00,60761.9,61062.4,60761.8,61016.0,12.16345406,9.78601319,2.37744087,7.40857232,-3824.19290361
1780748100,2026-06-06 12:15:00,61021.4,61062.4,60700.6,60700.6,6.72142985,2.97126457,3.75016528,-0.77890071,-3824.97180432
1780749000,2026-06-06 12:30:00,60700.9,60833.7,60624.4,60791.6,9.91252903,2.50125283,7.4112762,-4.91002337,-3829.88182769
1780749900,2026-06-06 12:45:00,60808.6,61154.1,60757.4,60988.9,10.47796682,9.50207699,0.97588983,8.52618716,-3821.35564053
1780750800,2026-06-06 13:00:00,60995.3,61075.2,60932.8,60978.9,7.91018024,4.79979373,3.11038651,1.68940722,-3819.66623331
1780751700,2026-06-06 13:15:00,60973.0,61023.6,60851.7,60852.6,2.80855093,1.90003924,0.90851169,0.99152755,-3818.67470576
1780752600,2026-06-06 13:30:00,60852.5,60861.4,60682.6,60861.4,5.72598996,2.06139763,3.66459233,-1.6031947,-3820.27790046
1780753500,2026-06-06 13:45:00,60861.4,60999.6,60745.7,60775.9,8.44021021,2.88950757,5.55070264,-2.66119507,-3822.93909553
1780754400,2026-06-06 14:00:00,60784.0,60978.2,60747.8,60882.5,9.08917194,2.65321499,6.43595695,-3.78274196,-3826.72183749
1780755300,2026-06-06 14:15:00,60882.6,60985.7,60777.0,60848.8,7.01172956,2.75620301,4.25552655,-1.49932354,-3828.22116103
1780756200,2026-06-06 14:30:00,60848.8,60972.5,60804.6,60924.9,14.12294841,3.79398725,10.32896116,-6.53497391,-3834.75613494
1780757100,2026-06-06 14:45:00,60924.9,60980.9,60759.5,60769.1,17.19445836,6.23546616,10.9589922,-4.72352604,-3839.47966098
1780758000,2026-06-06 15:00:00,60768.3,60839.8,60531.1,60585.7,13.2427137,2.90512733,10.33758637,-7.43245904,-3846.91212002
1780758900,2026-06-06 15:15:00,60586.9,60658.7,60384.9,60651.7,20.39629249,6.40999907,13.98629342,-7.57629435,-3854.48841437
1780759800,2026-06-06 15:30:00,60643.1,60879.5,60548.3,60829.0,13.20609186,9.85189108,3.35420078,6.4976903,-3847.99072407
1780760700,2026-06-06 15:45:00,60829.2,60879.4,60700.0,60746.3,32.04915175,2.56294016,29.48621159,-26.92327143,-3874.9139955
1780761600,2026-06-06 16:00:00,60746.3,60920.6,60681.7,60749.6,5.19843053,4.11815004,1.08028049,3.03786955,-3871.87612595
1780762500,2026-06-06 16:15:00,60751.7,60792.5,60576.4,60599.6,11.43713864,3.87217516,7.56496348,-3.69278832,-3875.56891427
1780763400,2026-06-06 16:30:00,60599.7,60733.4,60466.8,60733.3,10.61222626,2.66637838,7.94584788,-5.2794695,-3880.84838377
1780764300,2026-06-06 16:45:00,60733.3,60832.4,60673.6,60758.3,5.48322918,4.46031989,1.02290929,3.4374106,-3877.41097317
1780765200,2026-06-06 17:00:00,60759.5,60814.5,60590.9,60700.5,18.31021205,12.92444463,5.38576742,7.53867721,-3869.87229596
1780766100,2026-06-06 17:15:00,60700.4,60733.5,60555.0,60652.1,8.43588775,3.37141063,5.06447712,-1.69306649,-3871.56536245
1780767000,2026-06-06 17:30:00,60652.1,60772.2,60575.8,60682.7,7.26296974,5.02616335,2.23680639,2.78935696,-3868.77600549
1780767900,2026-06-06 17:45:00,60682.0,60709.1,60495.0,60558.3,4.74092347,2.90375434,1.83716913,1.06658521,-3867.70942028
1780768800,2026-06-06 18:00:00,60558.3,60593.3,60435.6,60468.4,9.61451931,2.10935891,7.5051604,-5.39580149,-3873.10522177
1780769700,2026-06-06 18:15:00,60462.6,60716.8,60377.5,60674.7,5.88632589,3.37740179,2.5089241,0.86847769,-3872.23674408
1780770600,2026-06-06 18:30:00,60669.5,60671.6,60513.1,60583.2,4.52570841,3.59236087,0.93334754,2.65901333,-3869.57773075
1780771500,2026-06-06 18:45:00,60581.8,60653.6,60473.2,60606.1,8.73605212,3.48608277,5.24996935,-1.76388658,-3871.34161733
1780772400,2026-06-06 19:00:00,60609.3,60748.1,60536.7,60696.2,5.05383696,3.44517886,1.6086581,1.83652076,-3869.50509657
1780773300,2026-06-06 19:15:00,60696.1,60705.7,60570.6,60587.0,15.13134789,12.93238823,2.19895966,10.73342857,-3858.771668
1780774200,2026-06-06 19:30:00,60587.0,60618.9,60485.1,60590.1,136.01403306,32.96523092,103.04880214,-70.08357122,-3928.85523922
1780775100,2026-06-06 19:45:00,60597.6,60642.0,60570.0,60575.3,11.89603651,6.40855042,5.48748609,0.92106433,-3927.93417489
1780776000,2026-06-06 20:00:00,60574.1,60611.7,60500.0,60551.7,21.73362506,19.54497011,2.18865495,17.35631516,-3910.57785973
1780776900,2026-06-06 20:15:00,60551.7,60616.9,60514.6,60566.3,3.08033614,1.84859845,1.23173769,0.61686076,-3909.96099897
1780777800,2026-06-06 20:30:00,60570.5,60713.7,60556.7,60710.1,14.07281128,13.12692115,0.94589013,12.18103102,-3897.77996795
1780778700,2026-06-06 20:45:00,60704.7,60719.7,60607.4,60682.6,17.83529688,6.69476992,11.14052696,-4.44575704,-3902.22572499
1780779600,2026-06-06 21:00:00,60681.1,60857.6,60680.7,60812.9,11.37350694,11.07777321,0.29573373,10.78203948,-3891.44368551
1780780500,2026-06-06 21:15:00,60829.9,60916.0,60802.7,60875.8,5.32979503,2.7481197,2.58167533,0.16644437,-3891.27724114
1780781400,2026-06-06 21:30:00,60869.0,60959.9,60773.3,60799.9,12.01700593,8.7993657,3.21764023,5.58172547,-3885.69551567
1780782300,2026-06-06 21:45:00,60800.0,60844.2,60722.2,60725.2,3.92855413,2.13104533,1.7975088,0.33353653,-3885.36197914
1780783200,2026-06-06 22:00:00,60725.2,60786.6,60573.6,60595.1,6.69853573,2.96172806,3.73680767,-0.77507961,-3886.13705875
1780784100,2026-06-06 22:15:00,60595.1,60747.1,60421.1,60438.1,16.73020472,5.13674738,11.59345734,-6.45670996,-3892.59376871
1780785000,2026-06-06 22:30:00,60441.3,60579.3,60413.1,60556.1,8.15500475,5.5705962,2.58440855,2.98618765,-3889.60758106
1780785900,2026-06-06 22:45:00,60558.6,60684.5,60529.6,60529.6,4.35180524,1.50076622,2.85103902,-1.3502728,-3890.95785386
1780786800,2026-06-06 23:00:00,60525.1,60737.8,60515.4,60686.7,3.2074691,1.96627076,1.24119834,0.72507242,-3890.23278144
1780787700,2026-06-06 23:15:00,60686.6,60709.0,60565.7,60682.8,2.74307062,1.98008807,0.76298255,1.21710552,-3889.01567592
1780788600,2026-06-06 23:30:00,60683.2,60876.9,60657.4,60826.1,9.75551414,7.11171822,2.64379592,4.4679223,-3884.54775362
1780789500,2026-06-06 23:45:00,60830.7,60894.1,60787.1,60855.7,4.81786469,4.3433219,0.47454279,3.86877911,-3880.67897451
1780790400,2026-06-07 00:00:00,60858.0,60894.1,60763.7,60793.5,7.61916172,2.8765556,4.74260612,-1.86605052,-3882.54502503
1780791300,2026-06-07 00:15:00,60791.9,60857.2,60743.9,60798.9,3.55011099,2.26470389,1.2854071,0.97929679,-3881.56572824
1780792200,2026-06-07 00:30:00,60798.9,60937.9,60780.0,60780.0,3.52100465,1.58329769,1.93770696,-0.35440927,-3881.92013751
1780793100,2026-06-07 00:45:00,60780.0,60786.0,60714.4,60757.4,2.99990765,1.57738625,1.4225214,0.15486485,-3881.76527266
1780794000,2026-06-07 01:00:00,60757.4,61368.2,60734.9,61300.0,49.39023731,45.1184464,4.27179091,40.84665549,-3840.91861717
1780794900,2026-06-07 01:15:00,61298.2,61603.5,61234.9,61603.5,38.37822455,29.93964331,8.43858124,21.50106207,-3819.4175551
1780795800,2026-06-07 01:30:00,61603.5,61603.5,61368.4,61408.5,38.36020423,7.91884535,30.44135888,-22.52251353,-3841.94006863
1780796700,2026-06-07 01:45:00,61408.5,61548.4,61335.4,61455.8,48.43116004,27.51596909,20.91519095,6.60077814,-3835.33929049
1780797600,2026-06-07 02:00:00,61455.8,61511.4,61385.8,61385.8,8.00178538,2.41162125,5.59016413,-3.17854288,-3838.51783337
1780798500,2026-06-07 02:15:00,61385.9,61385.9,61172.4,61228.0,20.6491456,14.72161225,5.92753335,8.7940789,-3829.72375447
1780799400,2026-06-07 02:30:00,61228.0,61293.6,61176.3,61293.6,7.72555355,4.38780549,3.33774806,1.05005743,-3828.67369704
1780800300,2026-06-07 02:45:00,61288.8,61538.7,61288.8,61488.3,6.96266748,5.37901341,1.58365407,3.79535934,-3824.8783377
1780801200,2026-06-07 03:00:00,61488.3,61499.9,61396.5,61499.9,15.34954793,4.36436338,10.98518455,-6.62082117,-3831.49915887
1780802100,2026-06-07 03:15:00,61499.8,61725.4,61475.5,61631.5,36.19497343,35.15257362,1.04239981,34.11017381,-3797.38898506
1780803000,2026-06-07 03:30:00,61633.1,61655.7,61534.0,61643.3,3.28451655,2.17934824,1.10516831,1.07417993,-3796.31480513
1780803900,2026-06-07 03:45:00,61637.7,61714.3,61553.8,61678.4,24.25531434,19.65790866,4.59740568,15.06050298,-3781.25430215
1780804800,2026-06-07 04:00:00,61678.4,61678.5,61500.1,61517.2,5.6476109,2.80749385,2.84011705,-0.0326232,-3781.28692535
1780805700,2026-06-07 04:15:00,61517.1,61610.9,61469.1,61540.6,12.55298288,3.25481111,9.29817177,-6.04336066,-3787.33028601
1780806600,2026-06-07 04:30:00,61540.5,61800.0,61529.0,61697.9,11.32266801,2.69316564,8.62950237,-5.93633673,-3793.26662274
1780807500,2026-06-07 04:45:00,61697.9,61868.3,61673.6,61863.1,9.52055994,8.62724573,0.89331421,7.73393152,-3785.53269122
1780808400,2026-06-07 05:00:00,61863.1,61967.4,61764.8,61868.6,34.83994118,28.94446913,5.89547205,23.04899708,-3762.48369414
1780809300,2026-06-07 05:15:00,61868.6,62301.1,61715.6,61724.1,60.16735237,45.0549774,15.11237497,29.94260243,-3732.54109171
1780810200,2026-06-07 05:30:00,61724.1,61835.8,61629.7,61835.8,43.1394826,16.39488191,26.74460069,-10.34971878,-3742.89081049
1780811100,2026-06-07 05:45:00,61835.7,61835.7,61681.8,61734.8,8.86565937,4.12603316,4.73962621,-0.61359305,-3743.50440354
1780812000,2026-06-07 06:00:00,61731.5,61733.3,61607.0,61660.1,3.65783916,1.07277017,2.58506899,-1.51229882,-3745.01670236
1780812900,2026-06-07 06:15:00,61660.1,61974.4,61630.5,61950.6,6.92175188,5.70141455,1.22033733,4.48107722,-3740.53562514
1780813800,2026-06-07 06:30:00,61947.9,62248.7,61943.3,62167.9,70.35772864,68.45517315,1.90255549,66.55261766,-3673.98300748
1780814700,2026-06-07 06:45:00,62168.0,62209.3,62007.3,62082.8,8.322992,3.76750694,4.55548506,-0.78797812,-3674.7709856
1780815600,2026-06-07 07:00:00,62079.6,62214.9,61991.4,62107.4,55.94689886,8.34566676,47.6012321,-39.25556534,-3714.02655094
1780816500,2026-06-07 07:15:00,62107.4,62228.2,62052.9,62206.3,8.34533852,7.3160614,1.02927712,6.28678428,-3707.73976666
1780817400,2026-06-07 07:30:00,62208.5,62243.8,62179.2,62204.2,12.58612621,9.04859556,3.53753065,5.51106491,-3702.22870175
1780818300,2026-06-07 07:45:00,62204.7,62395.6,62177.6,62381.1,13.95756172,11.83226215,2.12529957,9.70696258,-3692.52173917
1780819200,2026-06-07 08:00:00,62384.0,62436.4,62246.4,62362.3,52.91548426,7.26104111,45.65444315,-38.39340204,-3730.91514121
1780820100,2026-06-07 08:15:00,62358.5,62551.5,62282.1,62514.6,17.33883787,10.47546679,6.86337108,3.61209571,-3727.3030455
1780821000,2026-06-07 08:30:00,62514.6,62640.8,62387.7,62534.4,17.20537845,6.87338563,10.33199282,-3.45860719,-3730.76165269
1780821900,2026-06-07 08:45:00,62534.4,62914.4,62534.4,62829.5,57.06188673,47.07148315,9.99040358,37.08107957,-3693.68057312
1780822800,2026-06-07 09:00:00,62829.5,62875.3,62704.1,62800.7,13.1347008,6.05846812,7.07623268,-1.01776456,-3694.69833768
1780823700,2026-06-07 09:15:00,62803.0,62856.9,62589.9,62649.9,20.54218361,12.54995832,7.99222529,4.55773303,-3690.14060465
1780824600,2026-06-07 09:30:00,62650.0,62650.0,62489.9,62500.1,20.88375989,12.55662133,8.32713856,4.22948277,-3685.91112188
1780825500,2026-06-07 09:45:00,62520.1,62599.0,62388.1,62510.3,6.65554539,4.0463678,2.60917759,1.43719021,-3684.47393167
1780826400,2026-06-07 10:00:00,62514.9,62545.0,62364.6,62366.0,38.58122477,22.8539153,15.72730947,7.12660583,-3677.34732584
1780827300,2026-06-07 10:15:00,62372.2,62529.0,62372.2,62480.2,1.85699738,1.6112336,0.24576378,1.36546982,-3675.98185602
1780828200,2026-06-07 10:30:00,62485.3,62519.4,62300.0,62341.1,13.5236897,4.58434035,8.93934935,-4.355009,-3680.33686502
1780829100,2026-06-07 10:45:00,62341.0,62437.5,62298.4,62361.8,2.16954962,1.46691766,0.70263196,0.7642857,-3679.57257932
1780830000,2026-06-07 11:00:00,62359.0,62508.6,62345.3,62443.4,3.61272049,2.48359224,1.12912825,1.35446399,-3678.21811533
1780830900,2026-06-07 11:15:00,62443.4,62536.5,62407.5,62529.9,17.06625947,11.53530744,5.53095203,6.00435541,-3672.21375992
1780831800,2026-06-07 11:30:00,62518.0,62656.5,62443.1,62652.7,7.50075323,2.77480887,4.72594436,-1.95113549,-3674.16489541
1780832700,2026-06-07 11:45:00,62653.8,62725.9,62542.2,62615.0,31.62204135,26.64571137,4.97632998,21.66938139,-3652.49551402
1780833600,2026-06-07 12:00:00,62615.1,62621.0,62024.9,62050.5,45.13603434,14.15408713,30.98194721,-16.82786008,-3669.3233741
1780834500,2026-06-07 12:15:00,62061.1,62229.2,61902.8,61928.6,47.82622212,22.83701149,24.98921063,-2.15219914,-3671.47557324
1780835400,2026-06-07 12:30:00,61928.7,61937.3,61576.0,61627.5,82.78218269,13.69838689,69.0837958,-55.38540891,-3726.86098215
1780836300,2026-06-07 12:45:00,61627.5,61962.9,61627.5,61870.6,22.70494468,5.91067909,16.79426559,-10.8835865,-3737.74456865
1780837200,2026-06-07 13:00:00,61887.0,61887.0,61634.3,61744.6,9.52002692,7.32469246,2.19533446,5.129358,-3732.61521065
1780838100,2026-06-07 13:15:00,61751.3,61836.1,61641.6,61836.1,11.9800289,8.41153157,3.56849733,4.84303424,-3727.77217641
1780839000,2026-06-07 13:30:00,61826.1,61876.1,61663.3,61729.1,12.89452278,11.46677784,1.42774494,10.0390329,-3717.73314351
1780839900,2026-06-07 13:45:00,61729.0,61789.0,61681.4,61700.1,2.78017784,1.19182183,1.58835601,-0.39653418,-3718.12967769
1780840800,2026-06-07 14:00:00,61700.1,61803.3,61686.2,61764.1,49.98888119,7.50935317,42.47952802,-34.97017485,-3753.09985254
1780841700,2026-06-07 14:15:00,61764.1,62126.4,61734.8,62064.5,38.64166782,37.34393641,1.29773141,36.046205,-3717.05364754
1780842600,2026-06-07 14:30:00,62059.5,62278.5,61925.7,61966.7,14.70497293,4.69624357,10.00872936,-5.31248579,-3722.36613333
1780843500,2026-06-07 14:45:00,61973.4,61973.4,61732.8,61891.1,9.91326577,3.94173205,5.97153372,-2.02980167,-3724.395935
1780844400,2026-06-07 15:00:00,61883.6,61883.6,61666.2,61819.4,56.04939986,45.83292896,10.2164709,35.61645806,-3688.77947694
1780845300,2026-06-07 15:15:00,61815.9,61942.0,61705.3,61923.9,22.86725687,21.11978229,1.74747458,19.37230771,-3669.40716923
1780846200,2026-06-07 15:30:00,61939.7,62129.7,61930.8,62087.0,42.98448999,40.10663914,2.87785085,37.22878829,-3632.17838094
1780847100,2026-06-07 15:45:00,62087.0,62178.9,61972.8,62067.1,4.94077363,1.99543113,2.9453425,-0.94991137,-3633.12829231
1780848000,2026-06-07 16:00:00,62067.2,62149.8,61926.9,62143.5,20.70807703,5.08014746,15.62792957,-10.54778211,-3643.67607442
1780848900,2026-06-07 16:15:00,62135.4,62287.1,62088.4,62157.1,33.36214544,24.86220251,8.49994293,16.36225958,-3627.31381484
1780849800,2026-06-07 16:30:00,62157.0,62266.1,62133.7,62141.7,6.17580486,3.53493662,2.64086824,0.89406838,-3626.41974646
1780850700,2026-06-07 16:45:00,62140.6,62210.0,61966.5,62050.2,10.33083779,3.70007392,6.63076387,-2.93068995,-3629.35043641
1780851600,2026-06-07 17:00:00,62060.9,62290.9,62027.1,62264.1,7.79230968,5.35755338,2.4347563,2.92279708,-3626.42763933
1780852500,2026-06-07 17:15:00,62264.1,62292.2,62216.4,62223.3,16.26365787,8.76332555,7.50033232,1.26299323,-3625.1646461
1780853400,2026-06-07 17:30:00,62226.3,62289.0,62213.0,62247.1,6.7022777,4.5508671,2.1514106,2.3994565,-3622.7651896
1780854300,2026-06-07 17:45:00,62247.1,62247.1,62081.0,62134.1,8.36454096,3.39624876,4.9682922,-1.57204344,-3624.33723304
1780855200,2026-06-07 18:00:00,62135.9,62274.3,62123.3,62252.7,43.14870723,0.76483046,42.38387677,-41.61904631,-3665.95627935
1780856100,2026-06-07 18:15:00,62247.6,62247.6,62128.6,62204.7,10.03879371,1.88704058,8.15175313,-6.26471255,-3672.2209919
1780857000,2026-06-07 18:30:00,62204.8,62255.0,62141.1,62181.6,14.05166592,2.00377949,12.04788643,-10.04410694,-3682.26509884
1780857900,2026-06-07 18:45:00,62181.6,62210.0,62000.0,62008.1,10.65295765,6.11741748,4.53554017,1.58187731,-3680.68322153
1780858800,2026-06-07 19:00:00,62009.0,62009.0,61576.0,61632.3,74.22228659,5.68119392,68.54109267,-62.85989875,-3743.54312028
1780859700,2026-06-07 19:15:00,61632.2,61632.2,61254.5,61468.4,24.58568402,3.68209298,20.90359104,-17.22149806,-3760.76461834
1780860600,2026-06-07 19:30:00,61468.5,61469.0,61183.6,61183.6,25.1420209,7.25929098,17.88272992,-10.62343894,-3771.38805728
1780861500,2026-06-07 19:45:00,61183.7,61428.4,61135.7,61305.5,91.91208335,71.69912318,20.21296017,51.48616301,-3719.90189427
1780862400,2026-06-07 20:00:00,61305.5,61671.3,61200.2,61561.5,22.13139903,8.54943342,13.58196561,-5.03253219,-3724.93442646
1780863300,2026-06-07 20:15:00,61561.5,61843.9,61451.1,61729.7,15.621566,5.6521587,9.9694073,-4.3172486,-3729.25167506
1780864200,2026-06-07 20:30:00,61729.7,61805.0,61683.1,61760.7,13.58801124,12.21076626,1.37724498,10.83352128,-3718.41815378
1780865100,2026-06-07 20:45:00,61760.9,61925.7,61739.0,61867.4,11.32517865,7.93868681,3.38649184,4.55219497,-3713.86595881
1780866000,2026-06-07 21:00:00,61845.7,61964.1,61683.0,61935.0,5.03845721,3.29794765,1.74050956,1.55743809,-3712.30852072
1780866900,2026-06-07 21:15:00,61930.0,61966.5,61700.0,61761.8,4.12777216,1.70445927,2.42331289,-0.71885362,-3713.02737434
1780867800,2026-06-07 21:30:00,61756.9,61809.8,61664.8,61683.8,19.52605899,10.54532605,8.98073294,1.56459311,-3711.46278123
1780868700,2026-06-07 21:45:00,61686.4,61751.4,61621.4,61746.6,4.88863631,1.4846727,3.40396361,-1.91929091,-3713.38207214
1780869600,2026-06-07 22:00:00,61749.5,63759.9,61698.2,63590.1,244.5187468,232.66613724,11.85260956,220.81352768,-3492.56854446
1780870500,2026-06-07 22:15:00,63590.1,64613.0,62869.8,62958.8,350.90583513,228.05127451,122.85456062,105.19671389,-3387.37183057
1780871400,2026-06-07 22:30:00,62958.8,63361.4,62769.5,63136.0,87.97886869,52.7727583,35.20611039,17.56664791,-3369.80518266
1780872300,2026-06-07 22:45:00,63136.1,63282.7,62838.9,62845.3,22.70001803,4.14334832,18.55666971,-14.41332139,-3384.21850405
1780873200,2026-06-07 23:00:00,62839.7,63024.9,62793.7,62985.4,15.62484777,6.33668306,9.28816471,-2.95148165,-3387.1699857
1780874100,2026-06-07 23:15:00,62981.1,63239.7,62786.3,63229.5,54.33979342,39.94906153,14.39073189,25.55832964,-3361.61165606
1780875000,2026-06-07 23:30:00,63239.7,63300.6,63100.3,63262.8,13.71808836,8.43728684,5.28080152,3.15648532,-3358.45517074
1780875900,2026-06-07 23:45:00,63262.7,63400.0,63085.3,63307.6,15.59041409,6.28173998,9.30867411,-3.02693413,-3361.48210487
1780876800,2026-06-08 00:00:00,63305.6,63309.2,63140.3,63195.1,5.11829408,1.5970483,3.52124578,-1.92419748,-3363.40630235
1780877700,2026-06-08 00:15:00,63208.0,63486.4,63133.6,63486.4,21.77832229,20.19106296,1.58725933,18.60380363,-3344.80249872
1780878600,2026-06-08 00:30:00,63474.5,63821.5,63377.7,63691.6,70.17715738,59.30712734,10.87003004,48.4370973,-3296.36540142
1780879500,2026-06-08 00:45:00,63691.6,63772.8,63531.5,63615.3,18.08756214,5.9117289,12.17583324,-6.26410434,-3302.62950576
1780880400,2026-06-08 01:00:00,63615.3,63615.3,63058.0,63058.0,16.78336843,5.75678724,11.02658119,-5.26979395,-3307.89929971
1780881300,2026-06-08 01:15:00,63053.4,63144.5,62748.5,62794.9,30.4928254,4.77159241,25.72123299,-20.94964058,-3328.84894029
1780882200,2026-06-08 01:30:00,62807.6,63095.8,62687.0,63074.3,17.98892812,6.80224311,11.18668501,-4.3844419,-3333.23338219
1780883100,2026-06-08 01:45:00,63081.8,63228.8,62971.1,63166.3,5.30451868,4.13558807,1.16893061,2.96665746,-3330.26672473
1780884000,2026-06-08 02:00:00,63179.5,63229.6,62986.7,63115.0,3.15634157,0.85228058,2.30406099,-1.45178041,-3331.71850514
1780884900,2026-06-08 02:15:00,63114.9,63185.9,62960.2,63091.9,3.01495333,0.69958119,2.31537214,-1.61579095,-3333.33429609
1780885800,2026-06-08 02:30:00,63091.9,63165.8,62900.0,63035.7,19.04731278,1.13625821,17.91105457,-16.77479636,-3350.10909245
1780886700,2026-06-08 02:45:00,63034.1,63112.0,62927.1,63104.5,2.28354168,0.81809108,1.4654506,-0.64735952,-3350.75645197
1780887600,2026-06-08 03:00:00,63104.6,63429.8,62961.0,63247.5,7.64189174,4.06414916,3.57774258,0.48640658,-3350.27004539
1780888500,2026-06-08 03:15:00,63247.6,63318.6,63135.0,63135.0,3.1190855,1.173182,1.9459035,-0.7727215,-3351.04276689
1780889400,2026-06-08 03:30:00,63135.0,63193.8,63046.8,63108.0,1.03897713,0.62080451,0.41817262,0.20263189,-3350.840135
1780890300,2026-06-08 03:45:00,63108.0,63140.1,63052.5,63078.2,1.46634362,1.19285716,0.27348646,0.9193707,-3349.9207643
1780891200,2026-06-08 04:00:00,63078.2,63144.7,62800.0,62968.3,11.26874416,2.71390995,8.55483421,-5.84092426,-3355.76168856
1780892100,2026-06-08 04:15:00,62968.3,63012.7,62819.2,62909.2,3.27595571,1.92495355,1.35100216,0.57395139,-3355.18773717
1780893000,2026-06-08 04:30:00,62909.2,62950.5,62635.7,62670.4,10.62398792,2.86885559,7.75513233,-4.88627674,-3360.07401391
1780893900,2026-06-08 04:45:00,62670.5,62861.8,62670.5,62674.9,8.89008434,1.70806149,7.18202285,-5.47396136,-3365.54797527
1780894800,2026-06-08 05:00:00,62662.3,62788.0,62510.6,62531.4,7.0696643,2.21102317,4.85864113,-2.64761796,-3368.19559323
1780895700,2026-06-08 05:15:00,62547.1,62702.8,62478.0,62673.6,8.79817116,3.07718833,5.72098283,-2.6437945,-3370.83938773
1780896600,2026-06-08 05:30:00,62678.2,62702.7,62388.2,62452.4,7.71356948,2.04949359,5.66407589,-3.6145823,-3374.45397003
1780897500,2026-06-08 05:45:00,62452.3,62743.6,62424.4,62712.6,4.54568416,2.34286921,2.20281495,0.14005426,-3374.31391577
1780898400,2026-06-08 06:00:00,62715.3,62929.7,62701.4,62916.3,8.22674954,5.93958293,2.28716661,3.65241632,-3370.66149945
1780899300,2026-06-08 06:15:00,62916.4,63100.7,62857.0,63040.8,12.8299151,6.66484669,6.16506841,0.49977828,-3370.16172117
1780900200,2026-06-08 06:30:00,63036.2,63066.5,62878.4,63002.0,3.05541797,1.11023985,1.94517812,-0.83493827,-3370.99665944
1780901100,2026-06-08 06:45:00,62984.7,63003.5,62891.6,62961.7,1.65220336,0.44373204,1.20847132,-0.76473928,-3371.76139872
1780902000,2026-06-08 07:00:00,62961.7,63156.4,62787.6,63042.4,12.73649801,7.96691581,4.7695822,3.19733361,-3368.56406511
1780902900,2026-06-08 07:15:00,63042.4,63200.0,62948.4,63145.9,5.86462446,4.84161227,1.02301219,3.81860008,-3364.74546503
1780903800,2026-06-08 07:30:00,63146.9,63228.8,63052.4,63065.4,3.60555752,1.77697688,1.82858064,-0.05160376,-3364.79706879
1780904700,2026-06-08 07:45:00,63065.6,63304.6,63065.6,63230.4,11.57899527,6.04073827,5.538257,0.50248127,-3364.29458752
1780905600,2026-06-08 08:00:00,63230.5,63230.5,63030.6,63133.0,28.97585005,24.70073726,4.27511279,20.42562447,-3343.86896305
1780906500,2026-06-08 08:15:00,63137.2,63179.3,62946.6,63050.0,45.23544117,44.069872,1.16556917,42.90430283,-3300.96466022
1780907400,2026-06-08 08:30:00,63050.0,63152.3,62999.4,63125.2,85.84529603,85.15668209,0.68861394,84.46806815,-3216.49659207
1780908300,2026-06-08 08:45:00,63121.2,63142.8,63000.1,63094.7,8.41243884,6.97546439,1.43697445,5.53848994,-3210.95810213
1780909200,2026-06-08 09:00:00,63095.2,63290.3,63079.9,63286.5,2.78691108,0.81718836,1.96972272,-1.15253436,-3212.11063649
1780910100,2026-06-08 09:15:00,63286.6,63546.2,63259.0,63343.0,11.42607818,7.80199851,3.62407967,4.17791884,-3207.93271765
1780911000,2026-06-08 09:30:00,63342.9,63361.8,63127.4,63316.0,12.21618066,7.68584959,4.53033107,3.15551852,-3204.77719913
1780911900,2026-06-08 09:45:00,63316.1,63456.7,63302.8,63451.5,6.73663944,2.16017481,4.57646463,-2.41628982,-3207.19348895
1780912800,2026-06-08 10:00:00,63451.6,63483.1,63331.8,63344.8,8.71966326,5.61244768,3.10721558,2.5052321,-3204.68825685
1780913700,2026-06-08 10:15:00,63339.8,63339.8,63073.1,63099.9,18.99982197,8.27368209,10.72613988,-2.45245779,-3207.14071464
1780914600,2026-06-08 10:30:00,63099.9,63331.9,63099.9,63174.9,4.46816386,2.74205182,1.72611204,1.01593978,-3206.12477486
1780915500,2026-06-08 10:45:00,63174.9,63174.9,63065.1,63099.9,15.4791855,0.70278063,14.77640487,-14.07362424,-3220.1983991
1780916400,2026-06-08 11:00:00,63100.0,63387.2,63020.1,63387.2,19.94458764,14.20013101,5.74445663,8.45567438,-3211.74272472
1780917300,2026-06-08 11:15:00,63387.2,63605.1,63326.8,63567.5,20.37645184,16.06800867,4.30844317,11.7595655,-3199.98315922
1780918200,2026-06-08 11:30:00,63563.9,63811.3,63496.9,63597.2,30.85643678,16.84004055,14.01639623,2.82364432,-3197.1595149
1780919100,2026-06-08 11:45:00,63589.1,63614.1,63377.2,63438.0,11.68076336,1.80248485,9.87827851,-8.07579366,-3205.23530856
1780920000,2026-06-08 12:00:00,63444.8,63591.4,62692.6,62696.0,39.33582117,19.08163761,20.25418356,-1.17254595,-3206.40785451
1780920900,2026-06-08 12:15:00,62690.7,63058.4,62690.5,63055.8,21.81356696,13.55953068,8.25403628,5.3054944,-3201.10236011
1780921800,2026-06-08 12:30:00,63063.5,63605.0,63063.4,63596.2,24.40679212,19.15424165,5.25255047,13.90169118,-3187.20066893
1780922700,2026-06-08 12:45:00,63596.2,63880.0,63469.4,63788.3,29.51040708,16.92927476,12.58113232,4.34814244,-3182.85252649
1780923600,2026-06-08 13:00:00,63793.7,63899.9,63669.8,63736.9,25.97000851,10.21958047,15.75042804,-5.53084757,-3188.38337406
1780924500,2026-06-08 13:15:00,63737.0,63874.2,63534.6,63555.5,26.03572177,16.6386769,9.39704487,7.24163203,-3181.14174203
1780925400,2026-06-08 13:30:00,63554.1,63717.3,63329.4,63429.4,43.45516422,27.15121534,16.30394888,10.84726646,-3170.29447557
1780926300,2026-06-08 13:45:00,63437.6,63811.5,63377.6,63711.8,24.57130076,10.05109074,14.52021002,-4.46911928,-3174.76359485
1780927200,2026-06-08 14:00:00,63719.7,63850.0,63545.5,63843.2,11.99824119,8.09442655,3.90381464,4.19061191,-3170.57298294
1780928100,2026-06-08 14:15:00,63836.8,63839.9,63596.1,63758.5,40.31600911,27.9514824,12.36452671,15.58695569,-3154.98602725
1780929000,2026-06-08 14:30:00,63736.6,63889.7,63736.6,63879.8,76.04174045,62.39690478,13.64483567,48.75206911,-3106.23395814
1780929900,2026-06-08 14:45:00,63876.4,64057.0,63812.6,63926.5,25.01897172,19.66706779,5.35190393,14.31516386,-3091.91879428
1780930800,2026-06-08 15:00:00,63947.1,64180.1,63861.8,64169.2,80.13651922,68.0108369,12.12568232,55.88515458,-3036.0336397
1780931700,2026-06-08 15:15:00,64168.4,64189.0,63940.3,63974.9,47.81118334,10.64488415,37.16629919,-26.52141504,-3062.55505474
1780932600,2026-06-08 15:30:00,63975.3,63975.4,63744.1,63831.4,77.85868107,16.78186737,61.0768137,-44.29494633,-3106.85000107
1780933500,2026-06-08 15:45:00,63836.8,63980.0,63689.1,63745.4,53.54679071,25.7058667,27.84092401,-2.13505731,-3108.98505838
1780934400,2026-06-08 16:00:00,63751.7,63897.4,63658.7,63772.8,16.45735802,9.70970848,6.74764954,2.96205894,-3106.02299944
1780935300,2026-06-08 16:15:00,63772.9,64025.3,63772.9,63841.3,10.24234312,8.18781846,2.05452466,6.1332938,-3099.88970564
1780936200,2026-06-08 16:30:00,63845.7,63845.7,63576.7,63646.8,16.0045887,9.188414,6.8161747,2.3722393,-3097.51746634
1780937100,2026-06-08 16:45:00,63650.0,63659.3,63442.6,63504.1,20.91250275,7.80660855,13.1058942,-5.29928565,-3102.81675199
1780938000,2026-06-08 17:00:00,63500.2,63543.5,63290.3,63322.5,22.09713555,7.85015362,14.24698193,-6.39682831,-3109.2135803
1780938900,2026-06-08 17:15:00,63322.5,63612.1,63322.5,63604.2,8.9650399,4.81169238,4.15334752,0.65834486,-3108.55523544
1780939800,2026-06-08 17:30:00,63601.3,63604.4,63261.0,63359.4,9.84396445,3.43181208,6.41215237,-2.98034029,-3111.53557573
1780940700,2026-06-08 17:45:00,63357.3,63517.6,63357.3,63517.6,8.24391481,7.12919337,1.11472144,6.01447193,-3105.5211038
1780941600,2026-06-08 18:00:00,63517.6,63613.3,63490.5,63569.3,10.73151227,9.01425743,1.71725484,7.29700259,-3098.22410121
1780942500,2026-06-08 18:15:00,63569.3,63631.8,63502.4,63615.3,9.95330445,8.22429503,1.72900942,6.49528561,-3091.7288156
1780943400,2026-06-08 18:30:00,63615.3,63666.1,63422.7,63481.6,67.50326593,4.29469771,63.20856822,-58.91387051,-3150.64268611
1780944300,2026-06-08 18:45:00,63481.6,63496.9,63317.4,63445.7,18.00102358,13.31852393,4.68249965,8.63602428,-3142.00666183
1780945200,2026-06-08 19:00:00,63445.9,63536.4,63366.8,63415.6,8.56384246,5.01819958,3.54564288,1.4725567,-3140.53410513
1780946100,2026-06-08 19:15:00,63406.7,63549.4,63350.4,63498.0,7.15147707,5.21070882,1.94076825,3.26994057,-3137.26416456
1780947000,2026-06-08 19:30:00,63498.0,63561.6,63423.7,63472.9,10.34075072,6.83949933,3.50125139,3.33824794,-3133.92591662
1780947900,2026-06-08 19:45:00,63472.9,63519.5,63344.8,63344.8,21.57022793,12.40381424,9.16641369,3.23740055,-3130.68851607
1780948800,2026-06-08 20:00:00,63351.1,63413.8,63190.0,63235.5,25.10870468,3.24100816,21.86769652,-18.62668836,-3149.31520443
1780949700,2026-06-08 20:15:00,63235.5,63299.5,63154.6,63155.4,30.91158984,5.53225708,25.37933276,-19.84707568,-3169.16228011
1780950600,2026-06-08 20:30:00,63155.5,63396.9,63155.5,63375.1,12.94195537,9.14242638,3.79952899,5.34289739,-3163.81938272
1780951500,2026-06-08 20:45:00,63368.9,63468.1,63353.2,63467.0,5.1552135,4.14030082,1.01491268,3.12538814,-3160.69399458
1780952400,2026-06-08 21:00:00,63469.7,63777.2,63459.5,63713.8,13.45525728,7.5314123,5.92384498,1.60756732,-3159.08642726
1780953300,2026-06-08 21:15:00,63713.8,63756.3,63600.0,63698.3,8.59573256,4.49358299,4.10214957,0.39143342,-3158.69499384
1780954200,2026-06-08 21:30:00,63698.3,63826.8,63616.7,63816.9,10.28034552,8.05849384,2.22185168,5.83664216,-3152.85835168
1780955100,2026-06-08 21:45:00,63816.1,63816.1,63718.8,63718.8,14.71663484,4.7941308,9.92250404,-5.12837324,-3157.98672492
1780956000,2026-06-08 22:00:00,63718.9,63718.9,63285.5,63285.5,15.81189679,7.49838255,8.31351424,-0.81513169,-3158.80185661
1780956900,2026-06-08 22:15:00,63285.5,63442.6,63201.9,63365.7,5.13045848,2.32067669,2.80978179,-0.4891051,-3159.29096171
1780957800,2026-06-08 22:30:00,63365.7,63365.7,63232.6,63276.4,1.64182743,1.18776516,0.45406227,0.73370289,-3158.55725882
1780958700,2026-06-08 22:45:00,63276.3,63439.6,63222.8,63433.7,4.15066327,1.37846611,2.77219716,-1.39373105,-3159.95098987
1780959600,2026-06-08 23:00:00,63428.5,63577.8,63390.3,63569.8,6.19717708,3.50929565,2.68788143,0.82141422,-3159.12957565
1780960500,2026-06-08 23:15:00,63572.9,63573.0,63061.0,63148.2,8.28266579,2.44864656,5.83401923,-3.38537267,-3162.51494832
1780961400,2026-06-08 23:30:00,63148.1,63161.2,63008.5,63127.4,13.66372938,3.84530944,9.81841994,-5.9731105,-3168.48805882
1780962300,2026-06-08 23:45:00,63115.8,63115.8,62974.9,63076.4,67.97716065,1.27012485,66.7070358,-65.43691095,-3233.92496977
1780963200,2026-06-09 00:00:00,63068.5,63123.0,62985.0,62985.1,3.88354984,1.74875762,2.13479222,-0.3860346,-3234.31100437
1780964100,2026-06-09 00:15:00,62985.0,63148.6,62700.0,62700.0,38.47837209,8.49949781,29.97887428,-21.47937647,-3255.79038084
1780965000,2026-06-09 00:30:00,62712.1,62748.8,62546.2,62706.6,39.70064477,14.50667388,25.19397089,-10.68729701,-3266.47767785
1780965900,2026-06-09 00:45:00,62687.3,62687.3,62383.9,62546.4,36.0433332,10.21431048,25.82902272,-15.61471224,-3282.09239009
1780966800,2026-06-09 01:00:00,62542.8,62681.8,62528.1,62641.6,25.08355545,11.57140078,13.51215467,-1.94075389,-3284.03314398
1780967700,2026-06-09 01:15:00,62638.9,62863.8,62603.0,62763.5,108.17995486,103.15771064,5.02224422,98.13546642,-3185.89767756
1780968600,2026-06-09 01:30:00,62761.5,62841.3,62640.1,62688.1,41.82826435,1.46973073,40.35853362,-38.88880289,-3224.78648045
1780969500,2026-06-09 01:45:00,62688.0,62825.1,62675.6,62760.2,11.55697797,1.03985484,10.51712313,-9.47726829,-3234.26374874
1780970400,2026-06-09 02:00:00,62755.9,62843.7,62726.0,62729.6,2.64330856,2.1943773,0.44893126,1.74544604,-3232.5183027
1780971300,2026-06-09 02:15:00,62729.6,62742.9,62550.0,62742.9,6.17376983,3.17018484,3.00358499,0.16659985,-3232.35170285
1780972200,2026-06-09 02:30:00,62742.9,62799.0,62530.7,62606.6,3.03219768,1.76971608,1.2624816,0.50723448,-3231.84446837
1780973100,2026-06-09 02:45:00,62635.8,62852.3,62632.6,62843.6,17.6802363,17.32492934,0.35530696,16.96962238,-3214.87484599
1780974000,2026-06-09 03:00:00,62843.6,62900.0,62790.4,62890.5,6.36203475,5.38168465,0.9803501,4.40133455,-3210.47351144
1780974900,2026-06-09 03:15:00,62891.5,62944.6,62751.2,62787.8,2.88021194,2.57966247,0.30054947,2.279113,-3208.19439844
1780975800,2026-06-09 03:30:00,62787.8,62813.4,62684.9,62795.1,3.53895799,3.01247803,0.52647996,2.48599807,-3205.70840037
1780976700,2026-06-09 03:45:00,62795.0,62858.6,62720.3,62851.4,6.60421491,5.43103098,1.17318393,4.25784705,-3201.45055332
1780977600,2026-06-09 04:00:00,62851.4,62944.5,62717.5,62892.8,5.27120763,3.27356775,1.99763988,1.27592787,-3200.17462545
1780978500,2026-06-09 04:15:00,62887.4,62887.4,62779.7,62779.8,7.07915808,1.20900021,5.87015787,-4.66115766,-3204.83578311
1780979400,2026-06-09 04:30:00,62779.8,63340.2,62743.0,63208.7,29.14580961,23.75928404,5.38652557,18.37275847,-3186.46302464
1780980300,2026-06-09 04:45:00,63208.8,63384.2,63189.5,63203.8,12.95809218,5.47527968,7.4828125,-2.00753282,-3188.47055746
1780981200,2026-06-09 05:00:00,63203.6,63269.0,63099.5,63203.8,3.54896626,2.44409588,1.10487038,1.3392255,-3187.13133196
1780982100,2026-06-09 05:15:00,63203.8,63318.7,63203.8,63281.0,2.53440249,0.86751378,1.66688871,-0.79937493,-3187.93070689
1780983000,2026-06-09 05:30:00,63278.2,63467.9,63272.3,63331.7,10.7557839,2.61102677,8.14475713,-5.53373036,-3193.46443725
1780983900,2026-06-09 05:45:00,63333.8,63407.5,63278.1,63317.5,3.49213008,0.64232549,2.84980459,-2.2074791,-3195.67191635
1780984800,2026-06-09 06:00:00,63317.6,63385.8,63252.3,63337.0,4.837032,3.41899515,1.41803685,2.0009583,-3193.67095805
1780985700,2026-06-09 06:15:00,63334.3,63453.1,63310.1,63388.2,12.21512094,11.41884931,0.79627163,10.62257768,-3183.04838037
1780986600,2026-06-09 06:30:00,63388.2,63427.3,63286.3,63312.6,2.97925542,0.78549502,2.1937604,-1.40826538,-3184.45664575
1780987500,2026-06-09 06:45:00,63312.7,63383.3,63190.1,63257.7,3.98057246,1.29730709,2.68326537,-1.38595828,-3185.84260403
1780988400,2026-06-09 07:00:00,63257.7,63405.5,63257.7,63260.9,5.41206816,4.09304504,1.31902312,2.77402192,-3183.06858211
1780989300,2026-06-09 07:15:00,63260.9,63334.6,62969.5,62995.4,35.30651176,23.89192221,11.41458955,12.47733266,-3170.59124945
1780990200,2026-06-09 07:30:00,62999.9,63176.6,62999.9,63158.0,4.75972358,2.71180242,2.04792116,0.66388126,-3169.92736819
1780991100,2026-06-09 07:45:00,63158.0,63183.7,63089.9,63158.5,2.43964917,1.44015768,0.99949149,0.44066619,-3169.486702
1780992000,2026-06-09 08:00:00,63158.5,63167.5,62737.1,62883.6,19.7251873,2.78586953,16.93931777,-14.15344824,-3183.64015024
1780992900,2026-06-09 08:15:00,62883.5,62936.4,62854.2,62857.5,4.61523474,0.52391774,4.091317,-3.56739926,-3187.2075495
1780993800,2026-06-09 08:30:00,62857.4,62967.3,62795.9,62957.2,3.29623639,2.14919173,1.14704466,1.00214707,-3186.20540243
1780994700,2026-06-09 08:45:00,62941.3,62976.1,62802.9,62817.5,13.07515174,0.777391,12.29776074,-11.52036974,-3197.72577217
1780995600,2026-06-09 09:00:00,62817.5,62841.5,62681.5,62814.8,3.52945114,0.65149975,2.87795139,-2.22645164,-3199.95222381
1780996500,2026-06-09 09:15:00,62814.7,62911.0,62786.2,62786.2,5.22146517,2.421197,2.80026817,-0.37907117,-3200.33129498
1780997400,2026-06-09 09:30:00,62788.5,62788.5,62575.6,62632.4,10.56010807,5.35435736,5.20575071,0.14860665,-3200.18268833
1780998300,2026-06-09 09:45:00,62640.3,62694.0,62619.9,62677.5,5.33823039,0.94793238,4.39029801,-3.44236563,-3203.62505396
1780999200,2026-06-09 10:00:00,62681.2,62753.3,62581.2,62742.5,19.18437259,10.85874012,8.32563247,2.53310765,-3201.09194631
1781000100,2026-06-09 10:15:00,62742.2,62742.2,62680.4,62708.3,2.15050352,0.53165188,1.61885164,-1.08719976,-3202.17914607
1781001000,2026-06-09 10:30:00,62708.2,62717.1,62605.0,62677.3,1.80483346,0.85736052,0.94747294,-0.09011242,-3202.26925849
1781001900,2026-06-09 10:45:00,62677.8,62784.7,62628.7,62762.2,12.56517171,5.26283066,7.30234105,-2.03951039,-3204.30876888
1781002800,2026-06-09 11:00:00,62762.2,62775.6,62475.7,62484.5,16.87083145,0.49886312,16.37196833,-15.87310521,-3220.18187409
1781003700,2026-06-09 11:15:00,62492.8,62628.8,62464.8,62562.2,44.93831261,40.99031118,3.94800143,37.04230975,-3183.13956434
1781004600,2026-06-09 11:30:00,62562.2,62624.6,62493.9,62601.1,4.55625339,2.18560027,2.37065312,-0.18505285,-3183.32461719
1781005500,2026-06-09 11:45:00,62601.0,62689.7,62550.0,62680.2,9.17420632,6.10481399,3.06939233,3.03542166,-3180.28919553
1781006400,2026-06-09 12:00:00,62674.9,62870.4,62667.8,62787.2,28.7930406,11.69820749,17.09483311,-5.39662562,-3185.68582115
1781007300,2026-06-09 12:15:00,62787.2,62799.3,62629.5,62632.1,7.00935267,2.10387737,4.9054753,-2.80159793,-3188.48741908
1781008200,2026-06-09 12:30:00,62632.0,62632.0,62500.0,62500.0,5.67433622,3.04323164,2.63110458,0.41212706,-3188.07529202
1781009100,2026-06-09 12:45:00,62500.0,62619.4,62410.6,62619.4,15.52873817,8.25296412,7.27577405,0.97719007,-3187.09810195
1781010000,2026-06-09 13:00:00,62608.9,62692.6,62504.2,62521.5,12.32018418,2.20566289,10.11452129,-7.9088584,-3195.00696035
1781010900,2026-06-09 13:15:00,62521.5,62538.8,62200.8,62310.2,149.48793856,14.0032745,135.48466406,-121.48138956,-3316.48834991
1781011800,2026-06-09 13:30:00,62311.1,62450.7,62132.1,62385.3,65.9209124,12.26326717,53.65764523,-41.39437806,-3357.88272797
1781012700,2026-06-09 13:45:00,62385.0,62496.0,62240.0,62240.1,17.82126333,12.44413792,5.37712541,7.06701251,-3350.81571546
1781013600,2026-06-09 14:00:00,62239.7,62361.9,61943.0,61967.7,58.47326782,19.52389991,38.94936791,-19.425468,-3370.24118346
1781014500,2026-06-09 14:15:00,61968.5,62023.8,61520.0,61568.6,155.60467452,28.12588085,127.47879367,-99.35291282,-3469.59409628
1781015400,2026-06-09 14:30:00,61559.8,61643.3,61280.0,61322.0,239.23319375,164.18500281,75.04819094,89.13681187,-3380.45728441
1781016300,2026-06-09 14:45:00,61320.8,61494.4,61120.0,61493.8,198.10080261,141.71414521,56.3866574,85.32748781,-3295.1297966
1781017200,2026-06-09 15:00:00,61494.5,61655.2,61300.1,61606.4,62.83683796,52.72971501,10.10712295,42.62259206,-3252.50720454
1781018100,2026-06-09 15:15:00,61606.5,61655.2,61260.8,61280.2,28.08281092,11.57263329,16.51017763,-4.93754434,-3257.44474888
1781019000,2026-06-09 15:30:00,61280.1,61381.5,61187.1,61284.7,95.09948726,46.61103617,48.48845109,-1.87741492,-3259.3221638
1781019900,2026-06-09 15:45:00,61285.6,61350.5,61000.0,61087.9,195.9676908,134.85163017,61.11606063,73.73556954,-3185.58659426
1781020800,2026-06-09 16:00:00,61087.9,61163.9,60866.6,60955.1,191.67599008,19.51152444,172.16446564,-152.6529412,-3338.23953546
1781021700,2026-06-09 16:15:00,60958.5,61049.9,60811.0,60984.6,95.10462287,21.96870761,73.13591526,-51.16720765,-3389.40674311
1781022600,2026-06-09 16:30:00,60984.6,61260.6,60740.9,61185.9,175.62547457,119.06370493,56.56176964,62.50193529,-3326.90480782
1781023500,2026-06-09 16:45:00,61187.1,61421.9,61114.4,61346.5,49.04346376,28.70730706,20.3361567,8.37115036,-3318.53365746
1781024400,2026-06-09 17:00:00,61355.5,61629.1,61344.7,61552.8,41.99121484,30.73207419,11.25914065,19.47293354,-3299.06072392
1781025300,2026-06-09 17:15:00,61550.9,61830.7,61535.6,61698.7,91.31189386,76.34187396,14.9700199,61.37185406,-3237.68886986
1781026200,2026-06-09 17:30:00,61707.8,61793.2,61632.1,61641.5,27.08742582,13.8388071,13.24861872,0.59018838,-3237.09868148
1781027100,2026-06-09 17:45:00,61644.5,61784.7,61550.8,61643.5,8.81427699,6.3551735,2.45910349,3.89607001,-3233.20261147
1781028000,2026-06-09 18:00:00,61651.2,61772.3,61576.7,61701.7,9.91629563,3.52033302,6.39596261,-2.87562959,-3236.07824106
1781028900,2026-06-09 18:15:00,61701.6,61916.6,61622.4,61679.7,63.93288196,43.29268636,20.6401956,22.65249076,-3213.4257503
1781029800,2026-06-09 18:30:00,61679.2,61763.1,61554.2,61554.2,7.29448368,2.78940442,4.50507926,-1.71567484,-3215.14142514
1781030700,2026-06-09 18:45:00,61568.5,61775.7,61568.3,61742.3,18.14678112,7.81063114,10.33614998,-2.52551884,-3217.66694398
1781031600,2026-06-09 19:00:00,61738.3,61861.3,61686.3,61721.6,27.88553337,18.84322046,9.04231291,9.80090755,-3207.86603643
1781032500,2026-06-09 19:15:00,61725.0,61858.5,61674.1,61819.1,6.33317406,1.89282836,4.4403457,-2.54751734,-3210.41355377
1781033400,2026-06-09 19:30:00,61819.6,61985.5,61689.7,61839.1,25.02045816,9.01018592,16.01027224,-7.00008632,-3217.41364009
1781034300,2026-06-09 19:45:00,61843.2,62050.0,61717.4,62050.0,79.19149173,63.18640995,16.00508178,47.18132817,-3170.23231192
1781035200,2026-06-09 20:00:00,62050.0,62155.9,61912.4,62155.9,43.80195163,37.83712802,5.96482361,31.87230441,-3138.36000751
1781036100,2026-06-09 20:15:00,62156.5,62208.7,61963.9,62055.1,40.38216311,31.78438798,8.59777513,23.18661285,-3115.17339466
1781037000,2026-06-09 20:30:00,62055.0,62142.6,61960.0,62088.3,8.83423518,3.70437451,5.12986067,-1.42548616,-3116.59888082
1781037900,2026-06-09 20:45:00,62088.3,62118.5,61993.9,62118.5,23.07836223,14.28952024,8.78884199,5.50067825,-3111.09820257
1781038800,2026-06-09 21:00:00,62118.1,62146.1,62000.1,62089.6,20.04688611,14.50087936,5.54600675,8.95487261,-3102.14332996
1781039700,2026-06-09 21:15:00,62095.0,62099.1,61731.2,61761.9,22.32946944,1.77525476,20.55421468,-18.77895992,-3120.92228988
1781040600,2026-06-09 21:30:00,61760.3,61863.2,61741.9,61756.2,22.39851049,5.267915,17.13059549,-11.86268049,-3132.78497037
1781041500,2026-06-09 21:45:00,61756.2,61765.0,61646.5,61718.8,54.19778813,25.23608,28.96170813,-3.72562813,-3136.5105985
1781042400,2026-06-09 22:00:00,61715.2,61794.0,61623.3,61793.9,28.54791834,4.68015192,23.86776642,-19.1876145,-3155.698213
1781043300,2026-06-09 22:15:00,61793.9,61903.1,61740.3,61765.5,33.20791882,9.95439377,23.25352505,-13.29913128,-3168.99734428
1781044200,2026-06-09 22:30:00,61772.6,61919.5,61735.0,61823.7,5.30225166,4.3589553,0.94329636,3.41565894,-3165.58168534
1781045100,2026-06-09 22:45:00,61823.7,61838.2,61656.0,61681.6,14.37953971,2.13935861,12.2401811,-10.10082249,-3175.68250783
1781046000,2026-06-09 23:00:00,61681.7,61764.7,61632.2,61715.7,11.51020413,7.31518346,4.19502067,3.12016279,-3172.56234504
1781046900,2026-06-09 23:15:00,61715.6,61827.8,61659.2,61659.2,19.40181945,8.1668792,11.23494025,-3.06806105,-3175.63040609
1781047800,2026-06-09 23:30:00,61659.2,61696.8,61529.9,61585.4,16.65027899,3.24857027,13.40170872,-10.15313845,-3185.78354454
1781048700,2026-06-09 23:45:00,61590.7,61692.4,61553.2,61690.4,2.75159494,1.03590867,1.71568627,-0.6797776,-3186.46332214
1781049600,2026-06-10 00:00:00,61688.1,61850.0,61665.4,61780.5,48.73613959,7.18756149,41.5485781,-34.36101661,-3220.82433875
1781050500,2026-06-10 00:15:00,61780.5,61831.3,61700.1,61820.1,2.22509126,1.23549972,0.98959154,0.24590818,-3220.57843057
1781051400,2026-06-10 00:30:00,61820.1,61820.1,61420.0,61476.0,17.74412533,4.12590681,13.61821852,-9.49231171,-3230.07074228
1781052300,2026-06-10 00:45:00,61476.1,61873.7,61458.2,61873.6,14.92534942,9.51074241,5.41460701,4.0961354,-3225.97460688
1781053200,2026-06-10 01:00:00,61873.7,61918.3,61639.3,61783.3,15.1264249,11.68023305,3.44619185,8.2340412,-3217.74056568
1781054100,2026-06-10 01:15:00,61783.2,61844.3,61712.0,61787.8,2.47217217,1.46018999,1.01198218,0.44820781,-3217.29235787
1781055000,2026-06-10 01:30:00,61787.9,61846.5,61562.7,61601.3,3.74497639,1.55754101,2.18743538,-0.62989437,-3217.92225224
1781055900,2026-06-10 01:45:00,61601.4,61811.2,61591.4,61670.6,5.85798179,2.05124275,3.80673904,-1.75549629,-3219.67774853
1781056800,2026-06-10 02:00:00,61670.6,61797.2,61518.4,61518.5,10.12079436,1.80303654,8.31775782,-6.51472128,-3226.19246981
1781057700,2026-06-10 02:15:00,61518.5,61535.8,61323.6,61456.7,50.53380143,13.89724708,36.63655435,-22.73930727,-3248.93177708
1781058600,2026-06-10 02:30:00,61454.0,61501.4,61268.0,61314.2,52.70574458,30.45640065,22.24934393,8.20705672,-3240.72472036
1781059500,2026-06-10 02:45:00,61328.3,61340.4,61204.7,61265.9,42.73254383,19.10472838,23.62781545,-4.52308707,-3245.24780743
1781060400,2026-06-10 03:00:00,61266.0,61439.8,61248.3,61399.9,39.97246394,34.44883376,5.52363018,28.92520358,-3216.32260385
1781061300,2026-06-10 03:15:00,61399.9,61541.6,61295.0,61541.5,4.43135203,1.80151957,2.62983246,-0.82831289,-3217.15091674
1781062200,2026-06-10 03:30:00,61541.6,61541.6,61401.7,61490.7,7.24483579,1.14054668,6.10428911,-4.96374243,-3222.11465917
1781063100,2026-06-10 03:45:00,61490.7,61542.9,61459.2,61500.0,8.47405033,3.7584121,4.71563823,-0.95722613,-3223.0718853
1781064000,2026-06-10 04:00:00,61500.0,61500.0,61419.4,61474.8,5.83502513,0.79111225,5.04391288,-4.25280063,-3227.32468593
1781064900,2026-06-10 04:15:00,61474.7,61500.0,61429.4,61433.9,6.2611202,1.13751156,5.12360864,-3.98609708,-3231.31078301
1781065800,2026-06-10 04:30:00,61433.8,61433.8,61165.1,61191.0,15.97620066,4.1941163,11.78208436,-7.58796806,-3238.89875107
1781066700,2026-06-10 04:45:00,61191.1,61317.7,61165.1,61256.5,6.5213911,2.39516318,4.12622792,-1.73106474,-3240.62981581
1781067600,2026-06-10 05:00:00,61256.5,61276.4,61087.9,61122.3,8.26437919,1.08773904,7.17664015,-6.08890111,-3246.71871692
1781068500,2026-06-10 05:15:00,61125.2,61219.6,61037.7,61217.7,26.93849953,3.43127415,23.50722538,-20.07595123,-3266.79466815
1781069400,2026-06-10 05:30:00,61217.7,61275.0,61148.5,61238.6,4.8281254,1.43189944,3.39622596,-1.96432652,-3268.75899467
1781070300,2026-06-10 05:45:00,61238.6,61354.2,61187.8,61300.2,4.80894237,2.32984265,2.47909972,-0.14925707,-3268.90825174
1781071200,2026-06-10 06:00:00,61312.4,61380.0,61238.7,61351.1,8.96273595,1.54579305,7.4169429,-5.87114985,-3274.77940159
1781072100,2026-06-10 06:15:00,61351.0,61441.5,61280.5,61309.0,29.55515716,15.00123166,14.5539255,0.44730616,-3274.33209543
1781073000,2026-06-10 06:30:00,61309.0,61398.3,61113.5,61369.9,11.47009861,6.76210438,4.70799423,2.05411015,-3272.27798528
1781073900,2026-06-10 06:45:00,61369.9,61466.7,61369.9,61426.7,33.01649457,30.63709199,2.37940258,28.25768941,-3244.02029587
1781074800,2026-06-10 07:00:00,61428.9,61548.2,61407.7,61529.0,6.69058816,3.33382629,3.35676187,-0.02293558,-3244.04323145
1781075700,2026-06-10 07:15:00,61528.9,61666.2,61516.6,61606.7,32.00668684,19.04358239,12.96310445,6.08047794,-3237.96275351
1781076600,2026-06-10 07:30:00,61606.7,61759.9,61514.6,61708.3,22.19090157,15.21884663,6.97205494,8.24679169,-3229.71596182
1781077500,2026-06-10 07:45:00,61708.2,61728.2,61635.2,61640.0,14.87635538,2.5944589,12.28189648,-9.68743758,-3239.4033994
1781078400,2026-06-10 08:00:00,61640.0,61668.9,61512.1,61567.4,22.39203585,0.80756846,21.58446739,-20.77689893,-3260.18029833
1781079300,2026-06-10 08:15:00,61567.5,61676.0,61459.6,61462.7,7.88727356,4.75500663,3.13226693,1.6227397,-3258.55755863
1781080200,2026-06-10 08:30:00,61478.7,61562.0,61200.0,61200.1,10.43555048,0.9409263,9.49462418,-8.55369788,-3267.11125651
1781081100,2026-06-10 08:45:00,61200.0,61274.6,61128.5,61214.6,8.44355913,6.32008647,2.12347266,4.19661381,-3262.9146427
1781082000,2026-06-10 09:00:00,61204.5,61265.9,61033.2,61033.2,33.86998923,32.02484645,1.84514278,30.17970367,-3232.73493903
1781082900,2026-06-10 09:15:00,61033.1,61179.7,60746.8,61165.7,95.99420123,24.94520974,71.04899149,-46.10378175,-3278.83872078
1781083800,2026-06-10 09:30:00,61165.8,61363.6,61144.5,61231.7,5.95820674,4.67142974,1.286777,3.38465274,-3275.45406804
1781084700,2026-06-10 09:45:00,61231.6,61340.6,61120.8,61280.8,6.54431174,1.2152387,5.32907304,-4.11383434,-3279.56790238
1781085600,2026-06-10 10:00:00,61280.7,61280.8,61121.8,61209.4,17.815205,9.0036616,8.8115434,0.1921182,-3279.37578418
1781086500,2026-06-10 10:15:00,61209.3,61280.7,61120.7,61280.7,33.5292845,32.06914945,1.46013505,30.6090144,-3248.76676978
1781087400,2026-06-10 10:30:00,61280.7,61393.0,61222.0,61259.3,7.49519585,5.62132301,1.87387284,3.74745017,-3245.01931961
1781088300,2026-06-10 10:45:00,61267.9,61366.7,61242.4,61344.3,4.48622875,3.63060731,0.85562144,2.77498587,-3242.24433374
1781089200,2026-06-10 11:00:00,61344.3,61401.7,60836.0,61116.6,44.40758036,19.44338081,24.96419955,-5.52081874,-3247.76515248
1781090100,2026-06-10 11:15:00,61116.6,61202.2,60859.0,60920.8,6.93457678,2.70153932,4.23303746,-1.53149814,-3249.29665062
1781091000,2026-06-10 11:30:00,60916.3,61011.7,60875.6,60968.7,7.83450741,2.72590285,5.10860456,-2.38270171,-3251.67935233
1781091900,2026-06-10 11:45:00,60968.5,61058.4,60932.1,60981.8,5.68898385,2.27718538,3.41179847,-1.13461309,-3252.81396542
1781092800,2026-06-10 12:00:00,60990.8,61170.9,60909.1,61132.8,23.79870872,16.77697025,7.02173847,9.75523178,-3243.05873364
1781093700,2026-06-10 12:15:00,61132.4,61191.5,60994.5,61126.9,30.09699568,1.53383714,28.56315854,-27.0293214,-3270.08805504
1781094600,2026-06-10 12:30:00,61132.4,61871.7,61094.5,61620.0,146.84575919,103.06998018,43.77577901,59.29420117,-3210.79385387
1781095500,2026-06-10 12:45:00,61620.0,61744.9,61540.2,61540.2,18.68073013,12.88584204,5.79488809,7.09095395,-3203.70289992
1781096400,2026-06-10 13:00:00,61526.2,61570.0,61452.9,61492.2,24.93035564,7.75571582,17.17463982,-9.418924,-3213.12182392
1781097300,2026-06-10 13:15:00,61492.1,61535.7,61390.9,61515.9,196.02538036,59.4104184,136.61496196,-77.20454356,-3290.32636748
1781098200,2026-06-10 13:30:00,61505.7,62316.0,61471.8,62316.0,136.05418531,117.3238862,18.73029911,98.59358709,-3191.73278039
1781099100,2026-06-10 13:45:00,62317.1,62395.6,62031.0,62077.0,28.44184031,11.81772395,16.62411636,-4.80639241,-3196.5391728
1781100000,2026-06-10 14:00:00,62094.0,62197.7,61962.9,61966.7,34.8358122,16.52127974,18.31453246,-1.79325272,-3198.33242552
1781100900,2026-06-10 14:15:00,61962.2,62117.2,61821.9,61990.0,14.71639997,5.06405487,9.6523451,-4.58829023,-3202.92071575
1781101800,2026-06-10 14:30:00,62008.3,62076.2,61769.0,61917.5,13.54294771,7.1801272,6.36282051,0.81730669,-3202.10340906
1781102700,2026-06-10 14:45:00,61905.8,62131.3,61769.6,62131.3,27.53272066,4.04427511,23.48844555,-19.44417044,-3221.5475795
1781103600,2026-06-10 15:00:00,62141.6,62357.0,61829.2,61896.6,26.31425531,14.04857573,12.26567958,1.78289615,-3219.76468335
1781104500,2026-06-10 15:15:00,61887.5,62299.9,61813.0,62215.6,17.80685485,8.64895659,9.15789826,-0.50894167,-3220.27362502
1781105400,2026-06-10 15:30:00,62215.5,62364.1,62138.5,62338.3,43.85124685,37.5639568,6.28729005,31.27666675,-3188.99695827
1781106300,2026-06-10 15:45:00,62335.0,62800.0,62100.1,62589.2,165.25554267,39.73615536,125.51938731,-85.78323195,-3274.78019022
1781107200,2026-06-10 16:00:00,62589.2,62600.2,62290.9,62291.0,49.86279938,42.75765911,7.10514027,35.65251884,-3239.12767138
1781108100,2026-06-10 16:15:00,62300.0,62388.2,62074.6,62231.7,28.99517679,9.38239539,19.6127814,-10.23038601,-3249.35805739
1781109000,2026-06-10 16:30:00,62231.7,62352.4,62116.0,62190.4,15.02838468,12.42731617,2.60106851,9.82624766,-3239.53180973
1781109900,2026-06-10 16:45:00,62185.4,62185.4,61879.1,62162.1,136.02920559,67.04253839,68.9866672,-1.94412881,-3241.47593854
1781110800,2026-06-10 17:00:00,62162.2,62305.1,61943.6,62015.0,116.891613,111.48165876,5.40995424,106.07170452,-3135.40423402
1781111700,2026-06-10 17:15:00,62015.0,62135.3,61844.1,61844.1,59.08811005,47.30786283,11.78024722,35.52761561,-3099.87661841
1781112600,2026-06-10 17:30:00,61844.0,61856.9,61597.9,61686.5,25.5277895,8.5122223,17.0155672,-8.5033449,-3108.37996331
1781113500,2026-06-10 17:45:00,61684.3,61970.3,61664.6,61903.5,18.68058124,3.4847322,15.19584904,-11.71111684,-3120.09108015
1781114400,2026-06-10 18:00:00,61920.1,62095.1,61871.5,61902.3,5.53746225,3.04380953,2.49365272,0.55015681,-3119.54092334
1781115300,2026-06-10 18:15:00,61901.6,61944.3,61800.0,61942.2,24.38029422,13.66004568,10.72024854,2.93979714,-3116.6011262
1781116200,2026-06-10 18:30:00,61942.3,61942.3,61697.0,61699.8,10.74985641,3.64159184,7.10826457,-3.46667273,-3120.06779893
1781117100,2026-06-10 18:45:00,61714.4,61855.4,61555.0,61855.4,111.47613402,101.10526299,10.37087103,90.73439196,-3029.33340697
1781118000,2026-06-10 19:00:00,61809.7,61880.2,61683.0,61685.3,8.19534649,2.97159468,5.22375181,-2.25215713,-3031.5855641
1781118900,2026-06-10 19:15:00,61687.1,61754.2,61613.4,61746.9,6.65501467,1.77542137,4.8795933,-3.10417193,-3034.68973603
1781119800,2026-06-10 19:30:00,61723.7,62013.4,61723.7,61956.2,15.94587667,14.08315313,1.86272354,12.22042959,-3022.46930644
1781120700,2026-06-10 19:45:00,61954.3,61965.7,61800.0,61894.8,45.47435084,24.52949449,20.94485635,3.58463814,-3018.8846683
1781121600,2026-06-10 20:00:00,61881.0,61883.8,61636.6,61752.7,4.57274147,2.79276264,1.77997883,1.01278381,-3017.87188449
1781122500,2026-06-10 20:15:00,61752.7,61884.9,61691.1,61851.3,12.82696585,9.63896601,3.18799984,6.45096617,-3011.42091832
1781123400,2026-06-10 20:30:00,61851.2,61862.8,61754.9,61754.9,6.4706413,3.46693548,3.00370582,0.46322966,-3010.95768866
1781124300,2026-06-10 20:45:00,61753.3,61773.6,61653.2,61724.9,39.97814301,37.47882483,2.49931818,34.97950665,-2975.97818201
1781125200,2026-06-10 21:00:00,61725.0,61725.0,61452.0,61477.9,98.03478238,12.36658154,85.66820084,-73.3016193,-3049.27980131
1781126100,2026-06-10 21:15:00,61478.0,61614.4,61472.1,61517.3,28.68014993,20.49549028,8.18465965,12.31083063,-3036.96897068
1781127000,2026-06-10 21:30:00,61515.5,61660.8,61515.5,61619.5,5.6268178,1.72153171,3.90528609,-2.18375438,-3039.15272506
1781127900,2026-06-10 21:45:00,61621.7,61627.2,61131.3,61291.3,51.65679271,16.68126172,34.97553099,-18.29426927,-3057.44699433
1781128800,2026-06-10 22:00:00,61291.4,61291.4,61110.0,61190.6,20.40821735,2.0490175,18.35919985,-16.31018235,-3073.75717668
1781129700,2026-06-10 22:15:00,61186.1,61277.1,61042.6,61201.6,21.35457001,11.40146273,9.95310728,1.44835545,-3072.30882123
1781130600,2026-06-10 22:30:00,61196.9,61525.3,61196.9,61479.6,20.42840879,13.38585236,7.04255643,6.34329593,-3065.9655253
1781131500,2026-06-10 22:45:00,61493.3,61493.3,61318.1,61328.4,2.8237499,0.8637042,1.9600457,-1.0963415,-3067.0618668
1781132400,2026-06-10 23:00:00,61326.7,61326.7,61150.4,61150.4,5.20600988,2.50058655,2.70542333,-0.20483678,-3067.26670358
1781133300,2026-06-10 23:15:00,61150.4,61500.0,61121.0,61494.2,10.33340708,6.96057914,3.37282794,3.5877512,-3063.67895238
1781134200,2026-06-10 23:30:00,61494.2,61550.4,61416.9,61487.2,12.13575749,4.37494673,7.76081076,-3.38586403,-3067.06481641
1781135100,2026-06-10 23:45:00,61486.7,61512.2,61422.5,61464.4,12.50499179,5.82879078,6.67620101,-0.84741023,-3067.91222664
1781136000,2026-06-11 00:00:00,61459.1,61620.7,61459.0,61617.1,4.8755647,2.47290209,2.40266261,0.07023948,-3067.84198716
1781136900,2026-06-11 00:15:00,61617.2,61922.2,61617.2,61821.2,9.50890652,5.78525022,3.7236563,2.06159392,-3065.78039324
1781137800,2026-06-11 00:30:00,61821.3,61822.0,61712.7,61723.2,21.09553677,14.7435184,6.35201837,8.39150003,-3057.38889321
1781138700,2026-06-11 00:45:00,61723.3,61850.1,61723.3,61758.4,4.96861647,1.33163203,3.63698444,-2.30535241,-3059.69424562
1781139600,2026-06-11 01:00:00,61758.4,62058.7,61758.3,61990.1,11.00654708,8.45660178,2.5499453,5.90665648,-3053.78758914
1781140500,2026-06-11 01:15:00,61990.0,62156.5,61962.6,62119.1,7.71041389,4.58671475,3.12369914,1.46301561,-3052.32457353
1781141400,2026-06-11 01:30:00,62116.2,62307.6,62051.8,62197.6,25.58439436,21.96141639,3.62297797,18.33843842,-3033.98613511
1781142300,2026-06-11 01:45:00,62197.5,62231.7,62115.1,62153.6,5.19843954,2.63498592,2.56345362,0.0715323,-3033.91460281
1781143200,2026-06-11 02:00:00,62153.6,62222.9,62046.0,62107.5,26.05784038,23.97493314,2.08290724,21.8920259,-3012.02257691
1781144100,2026-06-11 02:15:00,62107.4,62234.8,61990.1,61990.1,11.64983911,2.88932607,8.76051304,-5.87118697,-3017.89376388
1781145000,2026-06-11 02:30:00,61990.1,62024.6,61888.0,62001.1,4.39908016,1.05036509,3.34871507,-2.29834998,-3020.19211386
1781145900,2026-06-11 02:45:00,61999.0,62143.8,61940.2,62074.3,22.22688589,1.63263795,20.59424794,-18.96160999,-3039.15372385
1781146800,2026-06-11 03:00:00,62073.7,62115.3,61955.0,61993.7,9.03235391,1.09574643,7.93660748,-6.84086105,-3045.9945849
1781147700,2026-06-11 03:15:00,61996.9,62055.5,61955.0,62034.8,2.3861137,1.47522551,0.91088819,0.56433732,-3045.43024758
1781148600,2026-06-11 03:30:00,62034.9,62463.0,62034.9,62300.1,32.59907175,30.45062854,2.14844321,28.30218533,-3017.12806225
1781149500,2026-06-11 03:45:00,62300.1,62719.2,62300.0,62610.9,58.22556132,44.96853488,13.25702644,31.71150844,-2985.41655381
1781150400,2026-06-11 04:00:00,62601.3,62646.7,62499.0,62605.0,32.14537556,25.65938991,6.48598565,19.17340426,-2966.24314955
1781151300,2026-06-11 04:15:00,62605.0,62635.0,62517.5,62551.5,10.86270211,4.88320437,5.97949774,-1.09629337,-2967.33944292
1781152200,2026-06-11 04:30:00,62548.6,62610.7,62471.2,62579.8,9.29907649,8.01782517,1.28125132,6.73657385,-2960.60286907
1781153100,2026-06-11 04:45:00,62599.2,62797.7,62589.6,62643.9,127.86341661,124.87987745,2.98353916,121.89633829,-2838.70653078
1781154000,2026-06-11 05:00:00,62643.9,62643.9,62497.5,62541.5,11.49774832,1.88558227,9.61216605,-7.72658378,-2846.43311456
1781154900,2026-06-11 05:15:00,62541.5,62651.2,62512.0,62535.6,6.61208667,5.24412948,1.36795719,3.87617229,-2842.55694227
1781155800,2026-06-11 05:30:00,62539.1,62626.0,62533.7,62604.7,2.78227423,2.02662686,0.75564737,1.27097949,-2841.28596278
1781156700,2026-06-11 05:45:00,62604.8,62633.1,62527.5,62534.0,9.56788405,1.4163774,8.15150665,-6.73512925,-2848.02109203
1781157600,2026-06-11 06:00:00,62534.1,62730.0,62473.3,62701.8,4.45509548,2.93743348,1.517662,1.41977148,-2846.60132055
1781158500,2026-06-11 06:15:00,62701.8,62918.5,62663.3,62799.5,15.09006317,13.06265234,2.02741083,11.03524151,-2835.56607904
1781159400,2026-06-11 06:30:00,62799.5,62917.5,62787.9,62870.0,12.17620968,4.74892513,7.42728455,-2.67835942,-2838.24443846
1781160300,2026-06-11 06:45:00,62870.0,62870.0,62689.2,62702.0,7.34582797,6.58263295,0.76319502,5.81943793,-2832.42500053
1781161200,2026-06-11 07:00:00,62702.0,62715.5,62538.6,62576.8,15.24288738,1.57545781,13.66742957,-12.09197176,-2844.51697229
1781162100,2026-06-11 07:15:00,62578.3,62723.5,62566.5,62714.3,6.06571377,4.00914819,2.05656558,1.95258261,-2842.56438968
1781163000,2026-06-11 07:30:00,62714.4,62765.3,62551.0,62592.2,4.81419092,1.26584115,3.54834977,-2.28250862,-2844.8468983
1781163900,2026-06-11 07:45:00,62592.3,62689.2,62592.2,62646.0,6.22399263,5.03525761,1.18873502,3.84652259,-2841.00037571
1781164800,2026-06-11 08:00:00,62639.6,62792.0,62639.5,62743.3,3.2781315,2.12626098,1.15187052,0.97439046,-2840.02598525
1781165700,2026-06-11 08:15:00,62743.3,62872.5,62729.6,62871.8,14.17111267,9.20857957,4.9625331,4.24604647,-2835.77993878
1781166600,2026-06-11 08:30:00,62871.7,62896.1,62774.6,62774.6,2.8057965,1.82940697,0.97638953,0.85301744,-2834.92692134
1781167500,2026-06-11 08:45:00,62774.7,62958.0,62774.7,62866.1,9.83317102,7.84542028,1.98775074,5.85766954,-2829.0692518
1781168400,2026-06-11 09:00:00,62866.2,62873.4,62742.9,62791.3,9.0953702,1.43112846,7.66424174,-6.23311328,-2835.30236508
1781169300,2026-06-11 09:15:00,62791.2,62791.2,62699.3,62742.4,53.78687036,42.4752701,11.31160026,31.16366984,-2804.13869524
1781170200,2026-06-11 09:30:00,62740.1,62877.1,62740.1,62837.9,3.02987091,2.21272967,0.81714124,1.39558843,-2802.74310681
1781171100,2026-06-11 09:45:00,62837.9,62906.9,62834.0,62860.0,3.11248604,2.08516467,1.02732137,1.0578433,-2801.68526351
1781172000,2026-06-11 10:00:00,62842.4,62901.5,62783.1,62840.5,4.52724619,3.8297481,0.69749809,3.13225001,-2798.5530135
1781172900,2026-06-11 10:15:00,62838.0,62870.4,62734.9,62780.9,33.56217498,27.94935354,5.61282144,22.3365321,-2776.2164814
1781173800,2026-06-11 10:30:00,62781.0,62880.7,62775.0,62870.6,8.05236643,3.70608341,4.34628302,-0.64019961,-2776.85668101
1781174700,2026-06-11 10:45:00,62857.5,63122.1,62855.4,63088.7,55.17124863,50.31056931,4.86067932,45.44988999,-2731.40679102
1781175600,2026-06-11 11:00:00,63088.7,63128.3,62988.3,63124.9,10.07692346,7.68182268,2.39510078,5.2867219,-2726.12006912
1781176500,2026-06-11 11:15:00,63124.9,63158.0,63041.3,63095.7,6.16791864,4.3887459,1.77917274,2.60957316,-2723.51049596
1781177400,2026-06-11 11:30:00,63095.8,63205.4,63011.3,63060.6,8.56634517,5.023854,3.54249117,1.48136283,-2722.02913313
1781178300,2026-06-11 11:45:00,63060.6,63167.1,63021.4,63047.7,4.40173695,3.19334799,1.20838896,1.98495903,-2720.0441741
1781179200,2026-06-11 12:00:00,63047.7,63121.8,62940.9,63091.3,9.66798409,6.26022593,3.40775816,2.85246777,-2717.19170633
1781180100,2026-06-11 12:15:00,63090.7,63111.7,62620.6,62626.9,23.6901774,5.77821848,17.91195892,-12.13374044,-2729.32544677
1781181000,2026-06-11 12:30:00,62626.9,62861.5,62459.4,62861.2,39.10127513,17.11809547,21.98317966,-4.86508419,-2734.19053096
1781181900,2026-06-11 12:45:00,62855.1,62958.3,62785.5,62948.0,12.52964625,4.95998416,7.56966209,-2.60967793,-2736.80020889
1781182800,2026-06-11 13:00:00,62948.0,62948.0,62800.0,62848.2,6.422195,3.3876338,3.0345612,0.3530726,-2736.44713629
1781183700,2026-06-11 13:15:00,62848.2,62958.3,62737.9,62739.9,11.7793166,8.01176787,3.76754873,4.24421914,-2732.20291715
1781184600,2026-06-11 13:30:00,62740.0,62884.0,62619.0,62884.0,21.9020342,8.67617079,13.22586341,-4.54969262,-2736.75260977
1781185500,2026-06-11 13:45:00,62888.1,63171.5,62880.3,63006.9,33.6758643,20.83545401,12.84041029,7.99504372,-2728.75756605
1781186400,2026-06-11 14:00:00,63006.9,63017.1,62694.2,62748.4,28.27823967,10.33069893,17.94754074,-7.61684181,-2736.37440786
1781187300,2026-06-11 14:15:00,62748.4,62955.0,62675.8,62946.8,7.29244636,6.00494646,1.2874999,4.71744656,-2731.6569613
1781188200,2026-06-11 14:30:00,62949.6,63000.0,62790.5,62799.2,17.91111917,10.16758505,7.74353412,2.42405093,-2729.23291037
1781189100,2026-06-11 14:45:00,62793.3,62948.3,62665.7,62668.9,13.61616476,6.90802563,6.70813913,0.1998865,-2729.03302387
1781190000,2026-06-11 15:00:00,62669.0,62779.5,62453.5,62628.2,32.04695651,11.85773571,20.1892208,-8.33148509,-2737.36450896
1781190900,2026-06-11 15:15:00,62622.5,62744.1,62561.2,62666.8,8.57700061,4.78759648,3.78940413,0.99819235,-2736.36631661
1781191800,2026-06-11 15:30:00,62666.9,62802.8,62572.2,62623.3,11.99713928,10.03582824,1.96131104,8.0745172,-2728.29179941
1781192700,2026-06-11 15:45:00,62623.3,62669.6,62515.6,62669.6,12.70410993,6.27462099,6.42948894,-0.15486795,-2728.44666736
1781193600,2026-06-11 16:00:00,62670.5,62756.6,62614.3,62739.1,11.06807132,4.60434281,6.46372851,-1.8593857,-2730.30605306
1781194500,2026-06-11 16:15:00,62739.1,62758.3,62522.6,62568.2,12.04124998,4.17725278,7.8639972,-3.68674442,-2733.99279748
1781195400,2026-06-11 16:30:00,62568.2,62734.7,62495.7,62589.8,10.32286723,5.32598551,4.99688172,0.32910379,-2733.66369369
1781196300,2026-06-11 16:45:00,62589.8,62620.8,62507.7,62515.8,11.64624413,6.46762349,5.17862064,1.28900285,-2732.37469084
1781197200,2026-06-11 17:00:00,62515.9,62528.1,62317.0,62402.4,30.1455527,18.62549637,11.52005633,7.10544004,-2725.2692508
1781198100,2026-06-11 17:15:00,62402.4,62884.7,62268.5,62881.6,51.56468042,29.37235217,22.19232825,7.18002392,-2718.08922688
1781199000,2026-06-11 17:30:00,62881.6,63437.4,62870.7,63260.0,60.15824409,43.90775305,16.25049104,27.65726201,-2690.43196487
1781199900,2026-06-11 17:45:00,63256.9,63557.2,63256.8,63555.1,68.48734219,57.11307119,11.374271,45.73880019,-2644.69316468
1781200800,2026-06-11 18:00:00,63558.0,63695.0,63262.6,63388.1,47.93956283,32.24148374,15.69807909,16.54340465,-2628.14976003
1781201700,2026-06-11 18:15:00,63399.2,63547.4,63281.2,63318.4,16.52755077,9.25471181,7.27283896,1.98187285,-2626.16788718
1781202600,2026-06-11 18:30:00,63319.9,63479.9,63306.0,63469.9,25.40991458,15.00689782,10.40301676,4.60388106,-2621.56400612
1781203500,2026-06-11 18:45:00,63470.0,63499.9,63384.8,63387.0,56.12858972,35.57845337,20.55013635,15.02831702,-2606.5356891
1781204400,2026-06-11 19:00:00,63389.0,63508.3,63323.5,63461.3,11.04312956,6.01151603,5.03161353,0.9799025,-2605.5557866
1781205300,2026-06-11 19:15:00,63469.4,63629.3,63465.3,63531.2,15.43834056,7.54496104,7.89337952,-0.34841848,-2605.90420508
1781206200,2026-06-11 19:30:00,63531.2,63845.9,63531.2,63624.4,92.42193668,86.56648491,5.85545177,80.71103314,-2525.19317194
1781207100,2026-06-11 19:45:00,63624.2,63653.4,63540.0,63557.2,23.12305092,7.45601601,15.66703491,-8.2110189,-2533.40419084
1781208000,2026-06-11 20:00:00,63553.9,63580.0,63436.8,63475.4,12.49159321,4.31889292,8.17270029,-3.85380737,-2537.25799821
1781208900,2026-06-11 20:15:00,63475.5,63489.7,63244.2,63308.2,12.15028749,6.65886034,5.49142715,1.16743319,-2536.09056502
1781209800,2026-06-11 20:30:00,63308.1,63346.2,63231.6,63235.4,6.64180706,3.40282978,3.23897728,0.1638525,-2535.92671252
1781210700,2026-06-11 20:45:00,63235.4,63342.0,63217.1,63334.3,4.86850525,3.53391948,1.33458577,2.19933371,-2533.72737881
1781211600,2026-06-11 21:00:00,63334.4,63525.2,63334.3,63494.5,7.04198595,4.98125826,2.06072769,2.92053057,-2530.80684824
1781212500,2026-06-11 21:15:00,63494.4,63505.6,63401.0,63403.5,25.66616423,11.64136989,14.02479434,-2.38342445,-2533.19027269
1781213400,2026-06-11 21:30:00,63403.5,63480.1,63403.4,63462.5,22.27455665,20.22199767,2.05255898,18.16943869,-2515.020834
1781214300,2026-06-11 21:45:00,63462.5,63515.8,63400.2,63445.1,4.01421337,2.81110627,1.2031071,1.60799917,-2513.41283483
1781215200,2026-06-11 22:00:00,63445.2,63579.3,63445.2,63559.6,8.89764915,6.97403871,1.92361044,5.05042827,-2508.36240656
1781216100,2026-06-11 22:15:00,63559.6,63600.2,63479.8,63523.7,4.948943,2.3137086,2.6352344,-0.3215258,-2508.68393236
1781217000,2026-06-11 22:30:00,63523.7,63566.8,63432.0,63448.2,3.8502097,3.08973424,0.76047546,2.32925878,-2506.35467358
1781217900,2026-06-11 22:45:00,63448.2,63516.9,63407.3,63450.0,8.51266315,3.28429865,5.2283645,-1.94406585,-2508.29873943
1781218800,2026-06-11 23:00:00,63443.1,63443.1,63300.2,63331.5,32.93445465,27.80112834,5.13332631,22.66780203,-2485.6309374
1781219700,2026-06-11 23:15:00,63338.9,63368.1,63310.5,63324.9,8.67105805,8.37428295,0.2967751,8.07750785,-2477.55342955
1781220600,2026-06-11 23:30:00,63324.9,63625.2,63324.8,63570.7,34.92475794,8.75282899,26.17192895,-17.41909996,-2494.97252951
1781221500,2026-06-11 23:45:00,63568.8,63596.7,63457.9,63552.3,3.81170131,2.57136692,1.24033439,1.33103253,-2493.64149698
1781222400,2026-06-12 00:00:00,63553.7,63712.1,63478.8,63664.3,54.0350115,51.9585406,2.0764709,49.8820697,-2443.75942728
1781223300,2026-06-12 00:15:00,63664.3,63664.3,63468.8,63550.8,3.83622047,1.92466515,1.91155532,0.01310983,-2443.74631745
1781224200,2026-06-12 00:30:00,63550.8,63675.2,63496.5,63587.1,5.18892413,1.88552197,3.30340216,-1.41788019,-2445.16419764
1781225100,2026-06-12 00:45:00,63587.1,63650.0,63557.7,63574.1,7.50954933,1.23504886,6.27450047,-5.03945161,-2450.20364925
1781226000,2026-06-12 01:00:00,63574.1,63574.1,63400.2,63400.2,22.0058825,6.52195952,15.48392298,-8.96196346,-2459.16561271
1781226900,2026-06-12 01:15:00,63400.3,63461.8,63245.2,63289.9,10.63390284,2.04101535,8.59288749,-6.55187214,-2465.71748485
1781227800,2026-06-12 01:30:00,63289.6,63342.5,63242.7,63290.5,10.61977361,8.58430053,2.03547308,6.54882745,-2459.1686574
1781228700,2026-06-12 01:45:00,63290.5,63389.0,63290.5,63337.5,4.30831868,3.56088604,0.74743264,2.8134534,-2456.355204
1781229600,2026-06-12 02:00:00,63337.5,63681.5,63337.5,63587.7,8.48678802,7.33381876,1.15296926,6.1808495,-2450.1743545
1781230500,2026-06-12 02:15:00,63587.7,63608.3,63460.1,63464.7,2.52330348,0.55287729,1.97042619,-1.4175489,-2451.5919034
1781231400,2026-06-12 02:30:00,63464.7,63555.6,63425.2,63539.9,6.16222076,2.83465052,3.32757024,-0.49291972,-2452.08482312
1781232300,2026-06-12 02:45:00,63540.0,63540.0,63500.3,63540.0,31.48373677,3.01910111,28.46463566,-25.44553455,-2477.53035767
1781233200,2026-06-12 03:00:00,63540.0,63568.6,63432.0,63435.6,10.86146088,2.40618906,8.45527182,-6.04908276,-2483.57944043
1781234100,2026-06-12 03:15:00,63435.6,63435.7,63285.5,63351.3,7.33337676,0.69614896,6.6372278,-5.94107884,-2489.52051927
1781235000,2026-06-12 03:30:00,63351.3,63426.2,63351.3,63384.9,1.55800311,0.61750725,0.94049586,-0.32298861,-2489.84350788
1781235900,2026-06-12 03:45:00,63384.9,63438.5,63368.3,63430.6,2.48933377,1.07883999,1.41049378,-0.33165379,-2490.17516167
1781236800,2026-06-12 04:00:00,63430.6,63467.7,63354.4,63408.4,1.51131511,1.05393681,0.4573783,0.59655851,-2489.57860316
1781237700,2026-06-12 04:15:00,63412.9,63708.3,63412.9,63705.0,19.08775344,12.18567977,6.90207367,5.2836061,-2484.29499706
1781238600,2026-06-12 04:30:00,63704.9,63775.1,63616.9,63636.9,7.75336694,1.82736701,5.92599993,-4.09863292,-2488.39362998
1781239500,2026-06-12 04:45:00,63637.0,63650.0,63615.1,63618.9,1.28206586,0.28781205,0.99425381,-0.70644176,-2489.10007174
1781240400,2026-06-12 05:00:00,63619.0,63640.1,63350.2,63355.5,10.47296597,1.96269021,8.51027576,-6.54758555,-2495.64765729
1781241300,2026-06-12 05:15:00,63355.5,63441.2,63355.4,63407.0,5.92348806,4.56726514,1.35622292,3.21104222,-2492.43661507
1781242200,2026-06-12 05:30:00,63407.0,63416.4,63270.6,63324.5,3.25621019,0.67075364,2.58545655,-1.91470291,-2494.35131798
1781243100,2026-06-12 05:45:00,63324.5,63330.5,63239.8,63266.4,3.82544567,1.24567157,2.5797741,-1.33410253,-2495.68542051
1781244000,2026-06-12 06:00:00,63271.0,63329.1,63206.5,63209.6,4.95295494,2.15383847,2.79911647,-0.645278,-2496.33069851
1781244900,2026-06-12 06:15:00,63209.5,63209.6,63023.2,63072.7,12.81212712,1.48598185,11.32614527,-9.84016342,-2506.17086193
1781245800,2026-06-12 06:30:00,63072.7,63072.7,62765.3,62848.9,33.36833602,3.45870849,29.90962753,-26.45091904,-2532.62178097
1781246700,2026-06-12 06:45:00,62848.9,62926.8,62848.9,62913.2,4.87049327,3.89709234,0.97340093,2.92369141,-2529.69808956
1781247600,2026-06-12 07:00:00,62900.2,63031.8,62900.2,62919.9,3.43150632,1.79754248,1.63396384,0.16357864,-2529.53451092
1781248500,2026-06-12 07:15:00,62917.1,62986.2,62879.7,62939.4,4.75828239,1.21032741,3.54795498,-2.33762757,-2531.87213849
1781249400,2026-06-12 07:30:00,62939.4,63008.5,62888.7,62975.4,4.60459359,3.30253638,1.30205721,2.00047917,-2529.87165932
1781250300,2026-06-12 07:45:00,62975.4,63147.2,62925.6,63013.3,12.46820071,11.97128723,0.49691348,11.47437375,-2518.39728557
1781251200,2026-06-12 08:00:00,63013.3,63247.4,63013.2,63227.0,28.06260603,26.53677884,1.52582719,25.01095165,-2493.38633392
1781252100,2026-06-12 08:15:00,63227.0,63527.6,63221.9,63439.9,19.82972612,16.88070046,2.94902566,13.9316748,-2479.45465912
1781253000,2026-06-12 08:30:00,63448.3,63452.6,63308.3,63309.1,1.48092588,0.37173943,1.10918645,-0.73744702,-2480.19210614
1781253900,2026-06-12 08:45:00,63309.2,63402.2,63285.4,63400.8,1.81513555,1.0330495,0.78208605,0.25096345,-2479.94114269
1781254800,2026-06-12 09:00:00,63400.8,63490.7,63359.6,63465.3,6.89576113,4.85937398,2.03638715,2.82298683,-2477.11815586
1781255700,2026-06-12 09:15:00,63466.9,63696.1,63466.9,63687.5,7.98665102,5.85997354,2.12667748,3.73329606,-2473.3848598
1781256600,2026-06-12 09:30:00,63687.1,63865.1,63687.1,63810.3,9.81859158,8.14906861,1.66952297,6.47954564,-2466.90531416
1781257500,2026-06-12 09:45:00,63810.3,63851.7,63672.4,63679.0,9.07499813,2.50573941,6.56925872,-4.06351931,-2470.96883347
1781258400,2026-06-12 10:00:00,63679.0,63770.7,63622.9,63696.4,3.39594058,1.24266922,2.15327136,-0.91060214,-2471.87943561
1781259300,2026-06-12 10:15:00,63696.4,63744.0,63530.0,63551.2,17.58558953,12.8925211,4.69306843,8.19945267,-2463.67998294
1781260200,2026-06-12 10:30:00,63551.2,63685.5,63551.1,63606.6,6.74209616,4.91267996,1.8294162,3.08326376,-2460.59671918
1781261100,2026-06-12 10:45:00,63606.6,63659.0,63601.6,63640.1,9.63147697,1.75456753,7.87690944,-6.12234191,-2466.71906109
1781262000,2026-06-12 11:00:00,63640.2,63802.8,63627.2,63757.0,10.37977995,8.13361929,2.24616066,5.88745863,-2460.83160246
1781262900,2026-06-12 11:15:00,63757.1,63799.6,63686.2,63753.4,4.27132125,2.98668731,1.28463394,1.70205337,-2459.12954909
1781263800,2026-06-12 11:30:00,63753.4,63753.5,63624.0,63719.1,7.02272656,1.83248266,5.1902439,-3.35776124,-2462.48731033
1781264700,2026-06-12 11:45:00,63719.1,63797.8,63705.0,63705.0,3.50420459,1.3368142,2.16739039,-0.83057619,-2463.31788652
1781265600,2026-06-12 12:00:00,63705.0,63705.0,63551.9,63562.6,7.24793921,2.91241789,4.33552132,-1.42310343,-2464.74098995
1781266500,2026-06-12 12:15:00,63562.6,63596.0,63414.6,63414.7,15.50939799,2.49358056,13.01581743,-10.52223687,-2475.26322682
1781267400,2026-06-12 12:30:00,63414.6,63495.7,63325.6,63347.1,18.45329578,4.12755417,14.32574161,-10.19818744,-2485.46141426
1781268300,2026-06-12 12:45:00,63347.1,63460.9,63323.4,63406.6,13.61852513,6.18797897,7.43054616,-1.24256719,-2486.70398145
1781269200,2026-06-12 13:00:00,63406.7,63431.5,63309.3,63392.3,5.93462751,3.743847,2.19078051,1.55306649,-2485.15091496
1781270100,2026-06-12 13:15:00,63394.7,63451.1,63293.0,63324.9,9.37053779,5.22334539,4.1471924,1.07615299,-2484.07476197
1781271000,2026-06-12 13:30:00,63325.0,63367.4,62997.5,63070.8,27.35580148,5.65744613,21.69835535,-16.04090922,-2500.11567119
1781271900,2026-06-12 13:45:00,63069.9,63195.9,63016.2,63141.8,20.98729725,2.04620781,18.94108944,-16.89488163,-2517.01055282
1781272800,2026-06-12 14:00:00,63141.8,63472.7,63114.6,63371.0,32.79699694,26.33633242,6.46066452,19.8756679,-2497.13488492
1781273700,2026-06-12 14:15:00,63371.0,63590.3,63271.0,63577.3,12.86330955,10.54559601,2.31771354,8.22788247,-2488.90700245
1781274600,2026-06-12 14:30:00,63577.4,63712.1,63433.9,63462.2,15.81331409,9.77102652,6.04228757,3.72873895,-2485.1782635
1781275500,2026-06-12 14:45:00,63462.3,63934.9,63418.6,63934.9,17.30943138,12.33854392,4.97088746,7.36765646,-2477.81060704
1781276400,2026-06-12 15:00:00,63934.9,64333.0,63837.2,64300.0,139.89091875,115.59203041,24.29888834,91.29314207,-2386.51746497
1781277300,2026-06-12 15:15:00,64300.0,64300.0,64102.2,64102.2,85.41973464,65.4972643,19.92247034,45.57479396,-2340.94267101
1781278200,2026-06-12 15:30:00,64102.1,64102.1,63780.9,63865.3,30.95206946,13.31264901,17.63942045,-4.32677144,-2345.26944245
1781279100,2026-06-12 15:45:00,63865.2,63892.7,63508.2,63551.7,44.43332559,32.67625954,11.75706605,20.91919349,-2324.35024896
1781280000,2026-06-12 16:00:00,63554.2,63918.6,63493.5,63815.7,83.18886994,26.64995777,56.53891217,-29.8889544,-2354.23920336
1781280900,2026-06-12 16:15:00,63817.1,63944.1,63733.9,63862.5,17.81754958,11.27395769,6.54359189,4.7303658,-2349.50883756
1781281800,2026-06-12 16:30:00,63862.5,63951.5,63752.6,63807.6,30.25368259,20.16976697,10.08391562,10.08585135,-2339.42298621
1781282700,2026-06-12 16:45:00,63807.7,63946.1,63805.6,63943.4,13.43060697,5.28729777,8.1433092,-2.85601143,-2342.27899764
1781283600,2026-06-12 17:00:00,63941.7,64069.8,63833.9,63870.1,17.07577172,10.24838171,6.82739001,3.4209917,-2338.85800594
1781284500,2026-06-12 17:15:00,63873.0,63886.6,63706.0,63779.9,12.88595054,2.72867541,10.15727513,-7.42859972,-2346.28660566
1781285400,2026-06-12 17:30:00,63780.0,63863.9,63728.9,63786.9,12.91440811,8.70733968,4.20706843,4.50027125,-2341.78633441
1781286300,2026-06-12 17:45:00,63786.9,63846.0,63763.6,63816.9,4.50983599,2.6546664,1.85516959,0.79949681,-2340.9868376
1781287200,2026-06-12 18:00:00,63816.9,63890.1,63684.0,63793.6,12.37681686,6.71786555,5.65895131,1.05891424,-2339.92792336
1781288100,2026-06-12 18:15:00,63793.5,63804.8,63641.3,63741.4,17.69659668,8.14176318,9.5548335,-1.41307032,-2341.34099368
1781289000,2026-06-12 18:30:00,63741.5,63867.6,63695.2,63835.7,6.15279588,3.88219381,2.27060207,1.61159174,-2339.72940194
1781289900,2026-06-12 18:45:00,63835.7,63855.4,63642.9,63651.4,20.27682061,2.36910915,17.90771146,-15.53860231,-2355.26800425
1781290800,2026-06-12 19:00:00,63652.7,63726.7,63643.6,63670.4,3.23421392,2.76389348,0.47032044,2.29357304,-2352.97443121
1781291700,2026-06-12 19:15:00,63670.3,63742.9,63628.1,63680.4,4.4044585,1.96829508,2.43616342,-0.46786834,-2353.44229955
1781292600,2026-06-12 19:30:00,63682.2,63783.3,63600.0,63616.7,13.99342508,7.53723421,6.45619087,1.08104334,-2352.36125621
1781293500,2026-06-12 19:45:00,63616.7,63625.0,63567.0,63567.1,10.20504546,4.32447065,5.88057481,-1.55610416,-2353.91736037
1781294400,2026-06-12 20:00:00,63567.1,63664.2,63537.9,63583.5,17.40090829,6.66924961,10.73165868,-4.06240907,-2357.97976944
1781295300,2026-06-12 20:15:00,63584.6,63601.9,63455.3,63478.1,29.55556091,2.27394988,27.28161103,-25.00766115,-2382.98743059
1781296200,2026-06-12 20:30:00,63478.1,63523.0,63468.9,63488.1,20.19688822,17.74494691,2.45194131,15.2930056,-2367.69442499
1781297100,2026-06-12 20:45:00,63488.2,63488.2,63372.2,63423.1,57.51127443,2.56381164,54.94746279,-52.38365115,-2420.07807614
1781298000,2026-06-12 21:00:00,63423.0,63575.9,63390.7,63563.8,45.92790918,2.38537181,43.54253737,-41.15716556,-2461.2352417
1781298900,2026-06-12 21:15:00,63562.3,63596.1,63461.6,63470.3,60.88437654,4.30080581,56.58357073,-52.28276492,-2513.51800662
1781299800,2026-06-12 21:30:00,63470.2,63542.9,63470.2,63500.0,2.01092253,1.42764615,0.58327638,0.84436977,-2512.67363685
1781300700,2026-06-12 21:45:00,63505.1,63505.1,63415.0,63438.5,3.71165648,2.28210029,1.42955619,0.8525441,-2511.82109275
1781301600,2026-06-12 22:00:00,63438.2,63512.5,63436.8,63471.1,4.43878167,2.65501755,1.78376412,0.87125343,-2510.94983932
1781302500,2026-06-12 22:15:00,63483.2,63614.7,63455.2,63569.0,4.4755951,3.32707345,1.14852165,2.1785518,-2508.77128752
1781303400,2026-06-12 22:30:00,63569.0,63587.0,63433.5,63479.6,13.96535057,10.14847788,3.81687269,6.33160519,-2502.43968233
1781304300,2026-06-12 22:45:00,63478.5,63506.2,63451.6,63462.1,26.39353069,7.69327672,18.70025397,-11.00697725,-2513.44665958
1781305200,2026-06-12 23:00:00,63462.1,63462.1,63415.0,63420.0,11.83515794,8.59541961,3.23973833,5.35568128,-2508.0909783
1781306100,2026-06-12 23:15:00,63420.0,63480.6,63385.4,63419.2,16.86093651,16.06605398,0.79488253,15.27117145,-2492.81980685
1781307000,2026-06-12 23:30:00,63414.2,63532.6,63406.1,63480.1,6.95318508,6.52333023,0.42985485,6.09347538,-2486.72633147
1781307900,2026-06-12 23:45:00,63480.1,63543.6,63479.3,63543.2,7.03941221,6.53394085,0.50547136,6.02846949,-2480.69786198
1781308800,2026-06-13 00:00:00,63543.3,63575.5,63519.2,63547.4,5.08442865,2.33689935,2.7475293,-0.41062995,-2481.10849193
1781309700,2026-06-13 00:15:00,63547.5,63560.4,63500.0,63500.1,0.97163875,0.43815237,0.53348638,-0.09533401,-2481.20382594
1781310600,2026-06-13 00:30:00,63500.1,63593.2,63488.0,63564.1,6.48133588,2.55131733,3.93001855,-1.37870122,-2482.58252716
1781311500,2026-06-13 00:45:00,63564.0,63597.4,63530.7,63573.8,1.66926302,1.29452255,0.37474047,0.91978208,-2481.66274508
1781312400,2026-06-13 01:00:00,63573.8,63644.8,63573.7,63621.2,2.87657971,2.14797262,0.72860709,1.41936553,-2480.24337955
1781313300,2026-06-13 01:15:00,63621.3,63630.5,63576.0,63621.9,2.8244871,1.84268658,0.98180052,0.86088606,-2479.38249349
1781314200,2026-06-13 01:30:00,63622.7,63793.2,63615.0,63725.5,8.75897582,7.61549116,1.14348466,6.4720065,-2472.91048699
1781315100,2026-06-13 01:45:00,63725.6,63793.2,63725.6,63783.1,2.30575278,1.75246842,0.55328436,1.19918406,-2471.71130293
1781316000,2026-06-13 02:00:00,63783.0,63793.2,63737.4,63749.9,4.95211081,1.16496135,3.78714946,-2.62218811,-2474.33349104
1781316900,2026-06-13 02:15:00,63749.9,63766.0,63675.6,63675.7,3.78581906,1.79533421,1.99048485,-0.19515064,-2474.52864168
1781317800,2026-06-13 02:30:00,63675.7,63690.7,63597.0,63597.0,2.30906196,1.05057784,1.25848412,-0.20790628,-2474.73654796
1781318700,2026-06-13 02:45:00,63597.1,63624.4,63525.7,63624.4,4.55474353,2.28669919,2.26804434,0.01865485,-2474.71789311
1781319600,2026-06-13 03:00:00,63622.0,63672.6,63616.1,63620.1,2.1771449,1.26224586,0.91489904,0.34734682,-2474.37054629
1781320500,2026-06-13 03:15:00,63620.1,63641.0,63418.5,63473.4,6.98017658,0.81452566,6.16565092,-5.35112526,-2479.72167155
1781321400,2026-06-13 03:30:00,63473.3,63489.7,63450.1,63468.5,1.58539295,1.21696215,0.3684308,0.84853135,-2478.8731402
1781322300,2026-06-13 03:45:00,63468.5,63522.0,63468.4,63494.3,0.62378346,0.34817255,0.27561091,0.07256164,-2478.80057856
1781323200,2026-06-13 04:00:00,63494.3,63528.2,63450.1,63481.0,2.39999822,1.11049002,1.2895082,-0.17901818,-2478.97959674
1781324100,2026-06-13 04:15:00,63480.9,63543.2,63480.9,63517.2,0.76960816,0.37771775,0.39189041,-0.01417266,-2478.9937694
1781325000,2026-06-13 04:30:00,63517.2,63586.9,63517.1,63584.4,1.98161151,1.78191528,0.19969623,1.58221905,-2477.41155035
1781325900,2026-06-13 04:45:00,63584.4,63604.5,63487.0,63487.0,4.26391193,3.3139703,0.94994163,2.36402867,-2475.04752168
1781326800,2026-06-13 05:00:00,63487.1,63546.9,63474.8,63529.7,11.94607113,1.67150004,10.27457109,-8.60307105,-2483.65059273
1781327700,2026-06-13 05:15:00,63529.7,63551.6,63513.2,63533.1,1.02993777,0.44323955,0.58669822,-0.14345867,-2483.7940514
1781328600,2026-06-13 05:30:00,63531.0,63545.2,63487.1,63531.1,1.9759906,0.63997894,1.33601166,-0.69603272,-2484.49008412
1781329500,2026-06-13 05:45:00,63541.5,63541.5,63474.3,63527.8,4.34756956,0.49065107,3.85691849,-3.36626742,-2487.85635154
1781330400,2026-06-13 06:00:00,63534.7,63562.4,63527.8,63555.2,0.73606289,0.39217811,0.34388478,0.04829333,-2487.80805821
1781331300,2026-06-13 06:15:00,63555.1,63640.1,63532.0,63640.1,3.80081531,3.29415458,0.50666073,2.78749385,-2485.02056436
1781332200,2026-06-13 06:30:00,63640.1,63650.4,63616.7,63640.4,1.21156178,0.89579193,0.31576985,0.58002208,-2484.44054228
1781333100,2026-06-13 06:45:00,63640.4,63687.4,63640.4,63687.4,0.98633956,0.89153534,0.09480422,0.79673112,-2483.64381116
1781334000,2026-06-13 07:00:00,63687.4,63709.1,63642.7,63686.8,2.07275639,1.10866578,0.96409061,0.14457517,-2483.49923599
1781334900,2026-06-13 07:15:00,63686.7,63750.0,63650.1,63738.5,3.45158566,2.78421648,0.66736918,2.1168473,-2481.38238869
1781335800,2026-06-13 07:30:00,63738.5,63794.2,63710.2,63794.2,3.99989986,3.82737857,0.17252129,3.65485728,-2477.72753141
1781336700,2026-06-13 07:45:00,63784.3,63826.8,63762.8,63783.9,6.7054113,3.8306347,2.8747766,0.9558581,-2476.77167331
1781337600,2026-06-13 08:00:00,63795.2,63842.2,63746.2,63758.7,2.90888928,2.48704616,0.42184312,2.06520304,-2474.70647027
1781338500,2026-06-13 08:15:00,63758.7,63791.5,63736.1,63773.9,3.78494071,3.5307252,0.25421551,3.27650969,-2471.42996058
1781339400,2026-06-13 08:30:00,63773.9,63865.1,63767.0,63839.0,4.72740636,2.77967049,1.94773587,0.83193462,-2470.59802596
1781340300,2026-06-13 08:45:00,63839.0,63839.0,63772.0,63774.0,0.98107813,0.29693383,0.6841443,-0.38721047,-2470.98523643
1781341200,2026-06-13 09:00:00,63774.0,63804.6,63744.9,63776.1,1.4068833,0.64346854,0.76341476,-0.11994622,-2471.10518265
1781342100,2026-06-13 09:15:00,63773.5,63817.3,63773.4,63776.6,0.88235379,0.64916782,0.23318597,0.41598185,-2470.6892008
1781343000,2026-06-13 09:30:00,63776.6,63791.1,63764.9,63769.3,1.85252784,0.40896703,1.44356081,-1.03459378,-2471.72379458
1781343900,2026-06-13 09:45:00,63769.9,63769.9,63712.8,63712.8,1.60421747,0.50896718,1.09525029,-0.58628311,-2472.31007769
1781344800,2026-06-13 10:00:00,63712.9,63735.0,63703.3,63735.0,0.94348175,0.75365075,0.189831,0.56381975,-2471.74625794
1781345700,2026-06-13 10:15:00,63734.9,63754.1,63719.1,63746.7,3.56048378,3.34136739,0.21911639,3.122251,-2468.62400694
1781346600,2026-06-13 10:30:00,63744.7,63849.8,63744.7,63831.3,1.94022326,1.68670849,0.25351477,1.43319372,-2467.19081322
1781347500,2026-06-13 10:45:00,63831.4,63865.2,63771.7,63791.0,3.00570568,0.25791391,2.74779177,-2.48987786,-2469.68069108
1781348400,2026-06-13 11:00:00,63791.1,63888.1,63791.0,63888.0,1.5253827,1.12137994,0.40400276,0.71737718,-2468.9633139
1781349300,2026-06-13 11:15:00,63888.0,63922.3,63888.0,63919.1,5.00865291,2.48079287,2.52786004,-0.04706717,-2469.01038107
1781350200,2026-06-13 11:30:00,63919.1,63919.1,63858.6,63879.0,4.7856439,2.91004025,1.87560365,1.0344366,-2467.97594447
1781351100,2026-06-13 11:45:00,63879.0,63922.2,63871.6,63920.7,0.6873735,0.44215675,0.24521675,0.19694,-2467.77900447
1781352000,2026-06-13 12:00:00,63920.7,63922.3,63877.4,63913.2,1.86865294,0.98294008,0.88571286,0.09722722,-2467.68177725
1781352900,2026-06-13 12:15:00,63913.1,63935.7,63900.7,63922.0,5.03683353,2.61985477,2.41697876,0.20287601,-2467.47890124
1781353800,2026-06-13 12:30:00,63922.1,63979.1,63922.0,63975.3,3.72607815,3.44537909,0.28069906,3.16468003,-2464.31422121
1781354700,2026-06-13 12:45:00,63975.3,64164.7,63975.2,64100.0,13.29566913,7.14751215,6.14815698,0.99935517,-2463.31486604
1781355600,2026-06-13 13:00:00,64100.1,64133.3,64043.2,64133.3,12.33773807,3.59644529,8.74129278,-5.14484749,-2468.45971353
1781356500,2026-06-13 13:15:00,64133.2,64211.3,64082.0,64178.7,8.9797477,7.96666507,1.01308263,6.95358244,-2461.50613109
1781357400,2026-06-13 13:30:00,64178.7,64194.7,64133.0,64145.3,4.46578915,2.88802251,1.57776664,1.31025587,-2460.19587522
1781358300,2026-06-13 13:45:00,64145.2,64149.9,64019.2,64068.9,12.99957952,6.61093014,6.38864938,0.22228076,-2459.97359446
1781359200,2026-06-13 14:00:00,64069.0,64136.2,64046.4,64133.2,10.38713073,5.65266234,4.73446839,0.91819395,-2459.05540051
1781360100,2026-06-13 14:15:00,64130.1,64152.8,64082.0,64085.0,20.65539773,8.68086499,11.97453274,-3.29366775,-2462.34906826
1781361000,2026-06-13 14:30:00,64085.1,64176.4,64085.1,64147.9,33.83383787,18.64679146,15.18704641,3.45974505,-2458.88932321
1781361900,2026-06-13 14:45:00,64147.9,64192.8,64147.8,64188.1,3.70121825,0.93223173,2.76898652,-1.83675479,-2460.726078
1781362800,2026-06-13 15:00:00,64188.1,64250.0,64139.3,64249.5,16.41199451,15.64959597,0.76239854,14.88719743,-2445.83888057
1781363700,2026-06-13 15:15:00,64249.4,64272.6,64207.9,64255.1,7.72257872,4.3321318,3.39044692,0.94168488,-2444.89719569
1781364600,2026-06-13 15:30:00,64252.5,64294.0,64202.7,64202.8,12.51913059,4.71799003,7.80114056,-3.08315053,-2447.98034622
1781365500,2026-06-13 15:45:00,64205.7,64284.0,64168.6,64253.4,21.88686388,1.63370237,20.25316151,-18.61945914,-2466.59980536
1781366400,2026-06-13 16:00:00,64258.3,64263.4,63969.4,64019.9,25.16312375,2.50861736,22.65450639,-20.14588903,-2486.74569439
1781367300,2026-06-13 16:15:00,64039.5,64060.9,63932.3,63953.7,64.52361911,33.2108117,31.31280741,1.89800429,-2484.8476901
1781368200,2026-06-13 16:30:00,63952.3,64036.6,63942.6,64014.3,11.51276521,7.9368714,3.57589381,4.36097759,-2480.48671251
1781369100,2026-06-13 16:45:00,64014.3,64123.7,63893.2,63988.5,7.81602364,3.88454251,3.93148113,-0.04693862,-2480.53365113
1781370000,2026-06-13 17:00:00,63988.5,64000.0,63920.6,63925.6,3.47778959,0.9977168,2.48007279,-1.48235599,-2482.01600712
1781370900,2026-06-13 17:15:00,63923.7,64041.9,63915.4,64041.9,7.10806974,1.55482293,5.55324681,-3.99842388,-2486.014431
1781371800,2026-06-13 17:30:00,64043.1,64087.9,64036.0,64078.1,6.42208381,5.15741186,1.26467195,3.89273991,-2482.12169109
1781372700,2026-06-13 17:45:00,64078.0,64085.2,63915.0,63944.3,23.96454957,18.65608714,5.30846243,13.34762471,-2468.77406638
1781373600,2026-06-13 18:00:00,63944.4,64041.3,63944.3,64039.7,8.18799271,7.26975704,0.91823567,6.35152137,-2462.42254501
1781374500,2026-06-13 18:15:00,64039.6,64163.6,64008.5,64162.5,7.24734219,2.17889891,5.06844328,-2.88954437,-2465.31208938
1781375400,2026-06-13 18:30:00,64162.6,64247.8,64136.7,64222.8,14.00096592,12.50239257,1.49857335,11.00381922,-2454.30827016
1781376300,2026-06-13 18:45:00,64222.8,64239.6,64019.6,64129.6,4.90532756,1.65101748,3.25431008,-1.6032926,-2455.91156276
1781377200,2026-06-13 19:00:00,64129.6,64171.0,64124.6,64169.1,5.31518568,0.55796305,4.75722263,-4.19925958,-2460.11082234
1781378100,2026-06-13 19:15:00,64166.0,64166.0,64120.4,64156.1,11.34795233,10.718392,0.62956033,10.08883167,-2450.02199067
1781379000,2026-06-13 19:30:00,64156.1,64265.4,64130.0,64251.8,56.64259138,5.1613767,51.48121468,-46.31983798,-2496.34182865
1781379900,2026-06-13 19:45:00,64251.8,64294.0,64251.8,64281.7,10.83930222,10.41383814,0.42546408,9.98837406,-2486.35345459
1781380800,2026-06-13 20:00:00,64281.8,64281.8,64206.4,64245.0,10.34937877,0.82107054,9.52830823,-8.70723769,-2495.06069228
1781381700,2026-06-13 20:15:00,64244.9,64250.0,64225.1,64229.9,13.95002938,13.3019692,0.64806018,12.65390902,-2482.40678326
1781382600,2026-06-13 20:30:00,64230.0,64235.9,64209.0,64217.3,3.20965544,1.15223532,2.05742012,-0.9051848,-2483.31196806
1781383500,2026-06-13 20:45:00,64217.2,64253.2,64217.2,64253.2,2.65630383,1.88960212,0.76670171,1.12290041,-2482.18906765
1781384400,2026-06-13 21:00:00,64257.2,64279.5,64205.0,64227.7,11.50768887,7.43518186,4.07250701,3.36267485,-2478.8263928
1781385300,2026-06-13 21:15:00,64227.6,64241.6,64200.7,64219.9,1.80355988,1.5493793,0.25418058,1.29519872,-2477.53119408
1781386200,2026-06-13 21:30:00,64219.9,64750.0,64219.9,64546.1,56.84899205,46.50490597,10.34408608,36.16081989,-2441.37037419
1781387100,2026-06-13 21:45:00,64528.0,64549.5,64420.9,64442.9,9.11178718,6.22166611,2.89012107,3.33154504,-2438.03882915
1781388000,2026-06-13 22:00:00,64442.9,64442.9,64360.3,64378.8,6.70614349,4.03755652,2.66858697,1.36896955,-2436.6698596
1781388900,2026-06-13 22:15:00,64384.4,64501.4,64375.0,64501.3,6.35134726,4.08622982,2.26511744,1.82111238,-2434.84874722
1781389800,2026-06-13 22:30:00,64501.4,64531.8,64482.0,64488.7,1.60598077,0.89649557,0.7094852,0.18701037,-2434.66173685
1781390700,2026-06-13 22:45:00,64488.7,64505.5,64427.7,64437.2,10.83701668,3.69367751,7.14333917,-3.44966166,-2438.11139851
1781391600,2026-06-13 23:00:00,64437.2,64450.0,64413.0,64414.0,13.56034182,10.76944539,2.79089643,7.97854896,-2430.13284955
1781392500,2026-06-13 23:15:00,64414.0,64562.6,64413.9,64428.6,6.69430232,4.20139258,2.49290974,1.70848284,-2428.42436671
1781393400,2026-06-13 23:30:00,64428.7,64466.2,64428.6,64433.8,8.89572535,5.69182318,3.20390217,2.48792101,-2425.9364457
1781394300,2026-06-13 23:45:00,64431.1,64431.2,64366.2,64404.0,11.43845204,4.55348097,6.88497107,-2.3314901,-2428.2679358
1781395200,2026-06-14 00:00:00,64415.6,64440.1,64371.7,64396.1,25.73123253,24.67756201,1.05367052,23.62389149,-2404.64404431
1781396100,2026-06-14 00:15:00,64396.1,64491.2,64367.1,64455.7,31.66925361,27.41935656,4.24989705,23.16945951,-2381.4745848
1781397000,2026-06-14 00:30:00,64447.9,64538.4,64447.8,64538.3,1.32579578,1.02555715,0.30023863,0.72531852,-2380.74926628
1781397900,2026-06-14 00:45:00,64538.2,64544.7,64499.9,64535.2,10.4035855,0.83508068,9.56850482,-8.73342414,-2389.48269042
1781398800,2026-06-14 01:00:00,64534.6,64651.6,64500.0,64611.0,3.68919129,3.1059101,0.58328119,2.52262891,-2386.96006151
1781399700,2026-06-14 01:15:00,64611.0,64670.1,64605.9,64616.4,9.59987638,7.54237915,2.05749723,5.48488192,-2381.47517959
1781400600,2026-06-14 01:30:00,64616.5,64616.5,64540.2,64559.1,3.97232516,0.75063399,3.22169117,-2.47105718,-2383.94623677
1781401500,2026-06-14 01:45:00,64559.1,64614.2,64559.0,64560.9,2.30817976,1.80168932,0.50649044,1.29519888,-2382.65103789
1781402400,2026-06-14 02:00:00,64559.5,64606.8,64533.4,64602.1,5.2563493,0.77310621,4.48324309,-3.71013688,-2386.36117477
1781403300,2026-06-14 02:15:00,64602.0,64602.1,64501.0,64504.0,1.98818556,0.80632146,1.1818641,-0.37554264,-2386.73671741
1781404200,2026-06-14 02:30:00,64504.1,64533.2,64494.1,64494.2,1.21034393,0.45706424,0.75327969,-0.29621545,-2387.03293286
1781405100,2026-06-14 02:45:00,64494.2,64494.2,64452.1,64473.9,1.51316586,0.4026077,1.11055816,-0.70795046,-2387.74088332
1781406000,2026-06-14 03:00:00,64474.0,64493.2,64442.7,64476.3,2.7418082,1.07371079,1.66809741,-0.59438662,-2388.33526994
1781406900,2026-06-14 03:15:00,64476.3,64507.6,64476.2,64507.1,1.11431122,0.96761925,0.14669197,0.82092728,-2387.51434266
1781407800,2026-06-14 03:30:00,64507.2,64510.1,64450.5,64459.1,7.23081318,2.73646718,4.494346,-1.75787882,-2389.27222148
1781408700,2026-06-14 03:45:00,64459.1,64512.8,64459.0,64512.8,1.90192259,1.1826873,0.71923529,0.46345201,-2388.80876947
1781409600,2026-06-14 04:00:00,64512.8,64519.1,64464.3,64467.5,4.36604297,0.66377591,3.70226706,-3.03849115,-2391.84726062
1781410500,2026-06-14 04:15:00,64467.5,64494.8,64459.2,64459.2,9.72739994,0.41382921,9.31357073,-8.89974152,-2400.74700214
1781411400,2026-06-14 04:30:00,64459.3,64459.3,64370.1,64370.2,2.07359984,0.26212876,1.81147108,-1.54934232,-2402.29634446
1781412300,2026-06-14 04:45:00,64370.2,64370.2,64320.1,64320.2,5.24036315,1.279469,3.96089415,-2.68142515,-2404.97776961
1781413200,2026-06-14 05:00:00,64320.2,64359.0,64320.1,64330.5,1.43778559,0.59956027,0.83822532,-0.23866505,-2405.21643466
1781414100,2026-06-14 05:15:00,64332.4,64333.8,64280.3,64280.4,6.13851311,0.62860491,5.5099082,-4.88130329,-2410.09773795
1781415000,2026-06-14 05:30:00,64280.4,64382.3,64280.3,64353.3,6.35543797,5.59400293,0.76143504,4.83256789,-2405.26517006
1781415900,2026-06-14 05:45:00,64353.3,64356.6,64326.6,64331.7,2.66248539,2.29666536,0.36582003,1.93084533,-2403.33432473
1781416800,2026-06-14 06:00:00,64331.7,64445.1,64331.6,64438.9,4.55195066,2.88021019,1.67174047,1.20846972,-2402.12585501
1781417700,2026-06-14 06:15:00,64438.8,64438.9,64320.1,64346.6,5.05414508,4.6696994,0.38444568,4.28525372,-2397.84060129
1781418600,2026-06-14 06:30:00,64352.4,64357.8,64234.0,64234.0,16.75303267,1.71441121,15.03862146,-13.32421025,-2411.16481154
1781419500,2026-06-14 06:45:00,64234.0,64260.9,64234.0,64257.5,3.74554929,3.05587773,0.68967156,2.36620617,-2408.79860537
1781420400,2026-06-14 07:00:00,64257.5,64257.5,64206.1,64209.4,3.71840614,1.0039158,2.71449034,-1.71057454,-2410.50917991
1781421300,2026-06-14 07:15:00,64205.3,64320.1,64205.2,64320.0,2.25642716,2.01551081,0.24091635,1.77459446,-2408.73458545
1781422200,2026-06-14 07:30:00,64320.1,64320.1,64259.0,64287.3,1.01475639,0.51544598,0.49931041,0.01613557,-2408.71844988
1781423100,2026-06-14 07:45:00,64287.3,64411.8,64287.2,64409.8,7.27553203,1.55849767,5.71703436,-4.15853669,-2412.87698657
1781424000,2026-06-14 08:00:00,64409.8,64420.1,64365.9,64407.1,7.45431012,7.06325506,0.39105506,6.6722,-2406.20478657
1781424900,2026-06-14 08:15:00,64407.1,64470.1,64407.1,64450.3,2.16550374,1.17803712,0.98746662,0.1905705,-2406.01421607
1781425800,2026-06-14 08:30:00,64450.3,64470.1,64420.4,64442.7,1.52843955,1.05507294,0.47336661,0.58170633,-2405.43250974
1781426700,2026-06-14 08:45:00,64442.8,64445.8,64423.9,64430.3,0.86190559,0.20461625,0.65728934,-0.45267309,-2405.88518283
1781427600,2026-06-14 09:00:00,64430.4,64442.8,64389.5,64406.6,2.50818766,0.57254666,1.935641,-1.36309434,-2407.24827717
1781428500,2026-06-14 09:15:00,64406.6,64406.6,64300.0,64315.1,4.73729053,0.46151204,4.27577849,-3.81426645,-2411.06254362
1781429400,2026-06-14 09:30:00,64315.1,64550.1,64315.0,64517.2,4.73996917,3.31636515,1.42360402,1.89276113,-2409.16978249
1781430300,2026-06-14 09:45:00,64517.2,64570.1,64517.2,64570.0,4.21543754,3.80002034,0.4154172,3.38460314,-2405.78517935
1781431200,2026-06-14 10:00:00,64570.1,64570.1,64470.2,64494.0,3.6644776,1.59400784,2.07046976,-0.47646192,-2406.26164127
1781432100,2026-06-14 10:15:00,64494.0,64597.3,64493.9,64563.5,1.03750782,0.3986874,0.63882042,-0.24013302,-2406.50177429
1781433000,2026-06-14 10:30:00,64563.4,64620.0,64563.4,64571.9,2.89120299,2.11446075,0.77674224,1.33771851,-2405.16405578
1781433900,2026-06-14 10:45:00,64572.4,64577.5,64500.0,64500.1,1.57180457,0.43694314,1.13486143,-0.69791829,-2405.86197407
1781434800,2026-06-14 11:00:00,64500.1,64545.6,64420.1,64539.3,2.70896239,0.41503853,2.29392386,-1.87888533,-2407.7408594
1781435700,2026-06-14 11:15:00,64537.0,64558.1,64500.0,64558.1,0.97139606,0.59429576,0.3771003,0.21719546,-2407.52366394
1781436600,2026-06-14 11:30:00,64558.0,64600.4,64528.4,64588.3,6.96917743,1.56291256,5.40626487,-3.84335231,-2411.36701625
1781437500,2026-06-14 11:45:00,64588.3,64600.0,64521.4,64521.5,5.18283651,0.53387369,4.64896282,-4.11508913,-2415.48210538
1781438400,2026-06-14 12:00:00,64521.5,64528.8,64437.0,64468.4,3.13165004,1.18858026,1.94306978,-0.75448952,-2416.2365949
1781439300,2026-06-14 12:15:00,64454.1,64475.4,64430.1,64432.4,8.57812397,0.64054177,7.9375822,-7.29704043,-2423.53363533
1781440200,2026-06-14 12:30:00,64432.3,64435.4,64303.1,64330.1,3.17627689,0.39566889,2.780608,-2.38493911,-2425.91857444
1781441100,2026-06-14 12:45:00,64330.2,64342.8,64270.1,64282.9,3.50911896,0.81602621,2.69309275,-1.87706654,-2427.79564098
1781442000,2026-06-14 13:00:00,64283.0,64358.8,64273.7,64308.1,17.9212293,4.85738573,13.06384357,-8.20645784,-2436.00209882
1781442900,2026-06-14 13:15:00,64308.1,64357.7,64235.5,64238.4,8.63165091,1.08011746,7.55153345,-6.47141599,-2442.47351481
1781443800,2026-06-14 13:30:00,64238.5,64351.4,64218.6,64341.1,11.97746543,9.18036635,2.79709908,6.38326727,-2436.09024754
1781444700,2026-06-14 13:45:00,64341.1,64341.1,64263.3,64272.8,1.2269072,0.67896337,0.54794383,0.13101954,-2435.959228
1781445600,2026-06-14 14:00:00,64272.8,64302.7,64232.3,64282.0,1.53393024,1.11916459,0.41476565,0.70439894,-2435.25482906
1781446500,2026-06-14 14:15:00,64282.0,64282.1,64120.1,64130.2,43.1635849,16.4437363,26.7198486,-10.2761123,-2445.53094136
1781447400,2026-06-14 14:30:00,64130.1,64130.1,63862.6,63890.6,35.11085905,8.13436317,26.97649588,-18.84213271,-2464.37307407
1781448300,2026-06-14 14:45:00,63890.6,63948.0,63850.7,63941.5,16.80617614,3.35426156,13.45191458,-10.09765302,-2474.47072709
1781449200,2026-06-14 15:00:00,63942.3,64106.8,63942.2,64081.6,26.09587918,19.58225765,6.51362153,13.06863612,-2461.40209097
1781450100,2026-06-14 15:15:00,64081.5,64081.6,63970.2,64024.0,7.7728312,3.29093433,4.48189687,-1.19096254,-2462.59305351
1781451000,2026-06-14 15:30:00,64024.0,64064.0,63974.7,64010.0,2.01798067,1.39996958,0.61801109,0.78195849,-2461.81109502
1781451900,2026-06-14 15:45:00,64010.1,64025.0,63974.6,63982.4,8.48453711,7.54346682,0.94107029,6.60239653,-2455.20869849
1781452800,2026-06-14 16:00:00,63983.9,64091.0,63983.8,64087.0,18.80285876,16.68472165,2.11813711,14.56658454,-2440.64211395
1781453700,2026-06-14 16:15:00,64087.0,64155.8,64062.1,64107.9,4.01993579,2.22796242,1.79197337,0.43598905,-2440.2061249
1781454600,2026-06-14 16:30:00,64108.0,64170.7,64107.9,64121.7,16.8323422,7.2091787,9.6231635,-2.4139848,-2442.6201097
1781455500,2026-06-14 16:45:00,64121.6,64121.7,63900.0,63915.4,13.62781453,3.8299565,9.79785803,-5.96790153,-2448.58801123
1781456400,2026-06-14 17:00:00,63915.4,63988.2,63880.3,63927.1,9.13736787,3.05312745,6.08424042,-3.03111297,-2451.6191242
1781457300,2026-06-14 17:15:00,63927.1,63951.1,63874.6,63881.0,10.97430559,1.42432359,9.549982,-8.12565841,-2459.74478261
1781458200,2026-06-14 17:30:00,63881.0,63913.1,63729.8,63813.0,9.30992498,2.37552711,6.93439787,-4.55887076,-2464.30365337
1781459100,2026-06-14 17:45:00,63813.0,63832.5,63665.0,63702.2,17.45854797,1.7290024,15.72954557,-14.00054317,-2478.30419654
1781460000,2026-06-14 18:00:00,63702.3,63745.8,63668.8,63691.4,20.08873272,17.02731937,3.06141335,13.96590602,-2464.33829052
1781460900,2026-06-14 18:15:00,63691.4,63740.4,63643.3,63695.1,8.60117873,3.52750547,5.07367326,-1.54616779,-2465.88445831
1781461800,2026-06-14 18:30:00,63695.1,63749.9,63695.0,63740.0,2.2588481,1.56866994,0.69017816,0.87849178,-2465.00596653
1781462700,2026-06-14 18:45:00,63739.1,63782.2,63739.1,63777.3,11.67623477,10.82033742,0.85589735,9.96444007,-2455.04152646
1781463600,2026-06-14 19:00:00,63777.3,63789.0,63712.0,63757.9,49.45323178,2.07401701,47.37921477,-45.30519776,-2500.34672422
1781464500,2026-06-14 19:15:00,63757.9,63816.8,63747.8,63761.4,6.94102924,4.78783127,2.15319797,2.6346333,-2497.71209092
1781465400,2026-06-14 19:30:00,63761.4,63786.8,63720.9,63722.2,4.99852265,4.37494925,0.6235734,3.75137585,-2493.96071507
1781466300,2026-06-14 19:45:00,63722.1,63750.0,63722.1,63750.0,0.68703445,0.451204,0.23583045,0.21537355,-2493.74534152
1781467200,2026-06-14 20:00:00,63750.0,63827.2,63749.9,63782.6,7.86298054,4.34492372,3.51805682,0.8268669,-2492.91847462
1781468100,2026-06-14 20:15:00,63782.5,63904.7,63769.9,63900.1,5.53034838,1.86907558,3.6612728,-1.79219722,-2494.71067184
1781469000,2026-06-14 20:30:00,63900.1,64077.7,63900.0,64013.3,12.36713971,8.98046024,3.38667947,5.59378077,-2489.11689107
1781469900,2026-06-14 20:45:00,64013.3,64051.0,63967.9,63975.3,5.77076114,2.38664012,3.38412102,-0.9974809,-2490.11437197
1781470800,2026-06-14 21:00:00,63975.3,64069.0,63975.3,64069.0,0.96353508,0.47283891,0.49069617,-0.01785726,-2490.13222923
1781471700,2026-06-14 21:15:00,64069.1,64933.0,64069.1,64736.9,125.76223274,108.48722098,17.27501176,91.21220922,-2398.92002001
1781472600,2026-06-14 21:30:00,64738.5,65385.0,64648.6,65248.0,160.31044765,102.08888343,58.22156422,43.86731921,-2355.0527008
1781473500,2026-06-14 21:45:00,65232.5,65632.9,65232.5,65273.3,126.18556223,78.73733309,47.44822914,31.28910395,-2323.76359685
1781474400,2026-06-14 22:00:00,65273.4,65483.1,64923.7,65086.9,64.66500428,33.65082936,31.01417492,2.63665444,-2321.12694241
1781475300,2026-06-14 22:15:00,65086.8,65205.7,64970.2,65172.8,20.01840867,9.27885796,10.73955071,-1.46069275,-2322.58763516
1781476200,2026-06-14 22:30:00,65172.8,65481.5,65147.9,65419.0,87.62896181,69.61197337,18.01698844,51.59498493,-2270.99265023
1781477100,2026-06-14 22:45:00,65419.0,65442.9,65309.9,65380.6,20.0994582,12.35780375,7.74165445,4.6161493,-2266.37650093
1781478000,2026-06-14 23:00:00,65380.5,65565.6,65221.9,65526.4,31.63576615,23.49326893,8.14249722,15.35077171,-2251.02572922
1781478900,2026-06-14 23:15:00,65527.5,65704.6,65465.4,65659.4,37.26777647,11.65408289,25.61369358,-13.95961069,-2264.98533991
1781479800,2026-06-14 23:30:00,65659.4,65720.0,65499.6,65540.9,23.13852136,12.43697915,10.70154221,1.73543694,-2263.24990297
1781480700,2026-06-14 23:45:00,65540.1,65750.0,65540.1,65715.1,67.84433445,63.76359137,4.08074308,59.68284829,-2203.56705468
1781481600,2026-06-15 00:00:00,65715.1,65847.0,65602.5,65847.0,39.33849026,30.54809695,8.79039331,21.75770364,-2181.80935104
1781482500,2026-06-15 00:15:00,65846.9,65847.0,65652.0,65732.9,13.02687408,5.2745724,7.75230168,-2.47772928,-2184.28708032
1781483400,2026-06-15 00:30:00,65735.6,65737.9,65467.8,65496.1,31.27853845,7.17077621,24.10776224,-16.93698603,-2201.22406635
1781484300,2026-06-15 00:45:00,65496.0,65612.0,65472.3,65580.2,12.67220584,10.4351418,2.23706404,8.19807776,-2193.02598859
1781485200,2026-06-15 01:00:00,65580.2,65582.3,65321.7,65470.0,20.77181516,7.84167463,12.93014053,-5.0884659,-2198.11445449
1781486100,2026-06-15 01:15:00,65470.0,65484.6,65340.6,65358.8,5.55805352,1.9492377,3.60881582,-1.65957812,-2199.77403261
1781487000,2026-06-15 01:30:00,65365.1,65696.5,65358.5,65675.5,8.73103773,7.67328987,1.05774786,6.61554201,-2193.1584906
1781487900,2026-06-15 01:45:00,65675.4,65675.5,65451.8,65461.9,3.35147591,1.44428815,1.90718776,-0.46289961,-2193.62139021
1781488800,2026-06-15 02:00:00,65461.9,65624.9,65423.6,65613.8,10.19546788,5.51136588,4.684102,0.82726388,-2192.79412633
1781489700,2026-06-15 02:15:00,65613.8,65715.3,65594.6,65602.2,6.77855274,5.24425964,1.5342931,3.70996654,-2189.08415979
1781490600,2026-06-15 02:30:00,65602.1,65634.4,65548.3,65548.4,3.71949662,1.38533614,2.33416048,-0.94882434,-2190.03298413
1781491500,2026-06-15 02:45:00,65548.3,65548.3,65402.0,65420.2,14.44303613,6.06099104,8.38204509,-2.32105405,-2192.35403818
1781492400,2026-06-15 03:00:00,65420.2,65670.1,65410.2,65670.1,8.34908213,7.57781248,0.77126965,6.80654283,-2185.54749535
1781493300,2026-06-15 03:15:00,65672.1,65696.1,65650.0,65696.0,5.10839621,4.70519413,0.40320208,4.30199205,-2181.2455033
1781494200,2026-06-15 03:30:00,65693.8,65870.0,65665.1,65870.0,19.3084933,16.22068657,3.08780673,13.13287984,-2168.11262346
1781495100,2026-06-15 03:45:00,65869.9,65943.0,65807.9,65890.0,94.20026806,12.68539893,81.51486913,-68.8294702,-2236.94209366
1781496000,2026-06-15 04:00:00,65890.1,65890.1,65684.3,65688.4,77.06121775,2.85550383,74.20571392,-71.35021009,-2308.29230375
1781496900,2026-06-15 04:15:00,65688.4,65752.8,65676.6,65685.8,8.97168231,5.76959442,3.20208789,2.56750653,-2305.72479722
1781497800,2026-06-15 04:30:00,65685.8,65710.1,65622.7,65640.0,15.88983507,2.47038925,13.41944582,-10.94905657,-2316.67385379
1781498700,2026-06-15 04:45:00,65639.9,65657.2,65610.6,65610.7,1.81891165,1.05073413,0.76817752,0.28255661,-2316.39129718
1781499600,2026-06-15 05:00:00,65610.7,65661.8,65600.0,65653.6,4.80270881,3.87759244,0.92511637,2.95247607,-2313.43882111
1781500500,2026-06-15 05:15:00,65653.5,65820.1,65653.5,65794.6,3.34716941,2.88570795,0.46146146,2.42424649,-2311.01457462
1781501400,2026-06-15 05:30:00,65794.6,65794.6,65676.4,65685.7,14.8962773,3.42202241,11.47425489,-8.05223248,-2319.0668071
1781502300,2026-06-15 05:45:00,65684.9,65820.1,65675.7,65820.1,5.79597685,3.1521851,2.64379175,0.50839335,-2318.55841375
1781503200,2026-06-15 06:00:00,65820.1,65887.0,65789.9,65842.9,7.15430042,5.74314917,1.41115125,4.33199792,-2314.22641583
1781504100,2026-06-15 06:15:00,65842.8,65924.3,65822.8,65910.1,13.79700825,4.80097192,8.99603633,-4.19506441,-2318.42148024
1781505000,2026-06-15 06:30:00,65910.1,65910.1,65738.6,65769.5,11.44913376,7.32527678,4.12385698,3.2014198,-2315.22006044
1781505900,2026-06-15 06:45:00,65773.7,65851.2,65762.7,65778.1,10.44807521,1.98233442,8.46574079,-6.48340637,-2321.70346681
1781506800,2026-06-15 07:00:00,65778.1,65829.3,65660.0,65793.9,37.05772655,12.97758073,24.08014582,-11.10256509,-2332.8060319
1781507700,2026-06-15 07:15:00,65793.8,65950.0,65789.5,65935.1,13.20348823,12.45597976,0.74750847,11.70847129,-2321.09756061
1781508600,2026-06-15 07:30:00,65935.1,65935.1,65689.4,65692.3,3.48581868,0.79739182,2.68842686,-1.89103504,-2322.98859565
1781509500,2026-06-15 07:45:00,65692.4,65731.7,65602.1,65622.4,10.25384582,6.91700612,3.3368397,3.58016642,-2319.40842923
1781510400,2026-06-15 08:00:00,65622.3,65700.0,65600.0,65662.5,33.29704019,29.37791432,3.91912587,25.45878845,-2293.94964078
1781511300,2026-06-15 08:15:00,65662.4,65695.0,65570.8,65616.1,23.30274773,21.24015928,2.06258845,19.17757083,-2274.77206995
1781512200,2026-06-15 08:30:00,65616.1,65736.3,65616.0,65720.8,29.1334997,22.90152919,6.23197051,16.66955868,-2258.10251127
1781513100,2026-06-15 08:45:00,65720.7,65738.6,65603.7,65625.2,3.37398986,0.8155962,2.55839366,-1.74279746,-2259.84530873
1781514000,2026-06-15 09:00:00,65623.8,65667.9,65623.7,65637.4,1.69194288,0.74285121,0.94909167,-0.20624046,-2260.05154919
1781514900,2026-06-15 09:15:00,65637.3,65738.5,65609.6,65609.6,2.96991686,1.50046151,1.46945535,0.03100616,-2260.02054303
1781515800,2026-06-15 09:30:00,65609.5,65609.6,65463.6,65526.4,5.33278396,0.74859037,4.58419359,-3.83560322,-2263.85614625
1781516700,2026-06-15 09:45:00,65526.4,65560.4,65473.3,65550.7,3.72081358,1.79344296,1.92737062,-0.13392766,-2263.99007391
1781517600,2026-06-15 10:00:00,65550.8,65712.8,65539.4,65697.6,23.08193907,22.40353472,0.67840435,21.72513037,-2242.26494354
1781518500,2026-06-15 10:15:00,65697.5,65710.7,65657.6,65678.6,7.12101559,4.06949446,3.05152113,1.01797333,-2241.24697021
1781519400,2026-06-15 10:30:00,65678.5,65735.5,65669.1,65718.3,29.93238778,29.70843718,0.2239506,29.48448658,-2211.76248363
1781520300,2026-06-15 10:45:00,65718.6,65904.8,65692.7,65870.8,31.32304054,23.11861429,8.20442625,14.91418804,-2196.84829559
1781521200,2026-06-15 11:00:00,65874.1,65955.0,65818.9,65903.5,59.22535109,32.66663555,26.55871554,6.10792001,-2190.74037558
1781522100,2026-06-15 11:15:00,65903.5,66330.4,65887.9,66214.8,125.42238652,64.70448093,60.71790559,3.98657534,-2186.75380024
1781523000,2026-06-15 11:30:00,66214.7,66266.4,66100.0,66124.4,15.22544255,8.80040892,6.42503363,2.37537529,-2184.37842495
1781523900,2026-06-15 11:45:00,66124.4,66216.0,66105.0,66197.5,12.29931246,8.16348812,4.13582434,4.02766378,-2180.35076117
1781524800,2026-06-15 12:00:00,66197.5,66259.7,66071.5,66241.3,8.90128373,4.91464316,3.98664057,0.92800259,-2179.42275858
1781525700,2026-06-15 12:15:00,66241.3,66294.3,66141.2,66249.7,21.34401336,6.84197467,14.50203869,-7.66006402,-2187.0828226
1781526600,2026-06-15 12:30:00,66249.6,66436.8,66159.0,66436.8,48.58620795,34.89726083,13.68894712,21.20831371,-2165.87450889
1781527500,2026-06-15 12:45:00,66436.7,66578.1,66394.4,66535.5,71.14437007,38.06587672,33.07849335,4.98738337,-2160.88712552
1781528400,2026-06-15 13:00:00,66535.6,66651.6,66444.0,66578.3,49.53371449,36.14697291,13.38674158,22.76023133,-2138.12689419
1781529300,2026-06-15 13:15:00,66578.3,66900.0,66556.3,66806.9,45.93492564,27.0315946,18.90333104,8.12826356,-2129.99863063
1781530200,2026-06-15 13:30:00,66806.9,66831.9,66438.7,66520.2,243.01558224,31.31147796,211.70410428,-180.39262632,-2310.39125695
1781531100,2026-06-15 13:45:00,66520.2,66620.1,66366.4,66412.4,23.60754637,9.35815525,14.24939112,-4.89123587,-2315.28249282
1781532000,2026-06-15 14:00:00,66405.5,66405.5,66249.6,66388.6,33.99290908,7.20082691,26.79208217,-19.59125526,-2334.87374808
1781532900,2026-06-15 14:15:00,66388.6,66522.4,66359.4,66500.0,36.75902738,22.66576761,14.09325977,8.57250784,-2326.30124024
1781533800,2026-06-15 14:30:00,66500.0,66522.6,66394.5,66488.7,46.88026788,37.05987046,9.82039742,27.23947304,-2299.0617672
1781534700,2026-06-15 14:45:00,66488.6,66627.1,66488.6,66551.2,20.45389933,15.15643584,5.29746349,9.85897235,-2289.20279485
1781535600,2026-06-15 15:00:00,66551.5,66638.6,66534.9,66585.7,9.17298086,5.59758847,3.57539239,2.02219608,-2287.18059877
1781536500,2026-06-15 15:15:00,66585.6,66685.2,66548.9,66615.5,36.92560995,27.9813504,8.94425955,19.03709085,-2268.14350792
1781537400,2026-06-15 15:30:00,66614.3,66866.7,66588.6,66866.7,44.66581399,37.12604742,7.53976657,29.58628085,-2238.55722707
1781538300,2026-06-15 15:45:00,66866.7,67244.4,66866.7,67243.2,119.72116009,111.72881025,7.99234984,103.73646041,-2134.82076666
1781539200,2026-06-15 16:00:00,67243.1,67263.5,67079.5,67222.3,84.99779794,38.60450324,46.3932947,-7.78879146,-2142.60955812
1781540100,2026-06-15 16:15:00,67225.4,67225.4,67070.3,67152.5,16.13378521,7.20525942,8.92852579,-1.72326637,-2144.33282449
1781541000,2026-06-15 16:30:00,67152.6,67230.0,67118.2,67144.2,23.68519636,12.01903163,11.66616473,0.3528669,-2143.97995759
1781541900,2026-06-15 16:45:00,67144.1,67175.0,67060.1,67145.1,12.47767125,5.53983898,6.93783227,-1.39799329,-2145.37795088
1781542800,2026-06-15 17:00:00,67145.1,67145.1,66731.8,66849.1,47.75145886,10.85520287,36.89625599,-26.04105312,-2171.419004
1781543700,2026-06-15 17:15:00,66849.0,66938.6,66747.7,66788.4,35.54358214,20.63249115,14.91109099,5.72140016,-2165.69760384
1781544600,2026-06-15 17:30:00,66788.4,66888.6,66660.5,66866.1,17.14570483,10.6583815,6.48732333,4.17105817,-2161.52654567
1781545500,2026-06-15 17:45:00,66866.1,66901.4,66816.4,66816.4,16.15452663,12.65234174,3.50218489,9.15015685,-2152.37638882
1781546400,2026-06-15 18:00:00,66821.7,66888.6,66700.0,66775.4,16.02956642,10.89358584,5.13598058,5.75760526,-2146.61878356
1781547300,2026-06-15 18:15:00,66775.5,66838.6,66770.8,66803.5,9.38995323,5.91413147,3.47582176,2.43830971,-2144.18047385
1781548200,2026-06-15 18:30:00,66803.4,66838.6,66726.3,66773.6,10.99001366,8.23091491,2.75909875,5.47181616,-2138.70865769
1781549100,2026-06-15 18:45:00,66769.6,66894.4,66738.6,66738.8,24.33699527,14.61355861,9.72343666,4.89012195,-2133.81853574
1781550000,2026-06-15 19:00:00,66738.7,66866.7,66691.6,66831.7,5.0038403,3.92662148,1.07721882,2.84940266,-2130.96913308
1781550900,2026-06-15 19:15:00,66832.5,66860.0,66338.6,66500.8,28.0904495,10.7031384,17.3873111,-6.6841727,-2137.65330578
1781551800,2026-06-15 19:30:00,66501.8,66688.6,66501.7,66688.5,12.03890451,5.41450519,6.62439932,-1.20989413,-2138.86319991
1781552700,2026-06-15 19:45:00,66688.6,66700.0,66476.9,66555.0,31.25526295,8.72285357,22.53240938,-13.80955581,-2152.67275572
1781553600,2026-06-15 20:00:00,66562.9,66588.6,66464.2,66525.0,22.30359526,9.3681428,12.93545246,-3.56730966,-2156.24006538
1781554500,2026-06-15 20:15:00,66530.3,66568.9,66500.0,66540.8,29.13819885,11.08175787,18.05644098,-6.97468311,-2163.21474849
1781555400,2026-06-15 20:30:00,66540.9,66649.3,66540.8,66563.0,86.44858149,79.34870079,7.0998807,72.24882009,-2090.9659284
1781556300,2026-06-15 20:45:00,66563.0,66563.0,66472.3,66477.2,13.92227253,3.13013276,10.79213977,-7.66200701,-2098.62793541
1781557200,2026-06-15 21:00:00,66490.5,66498.9,66385.2,66467.5,52.48403693,3.68351864,48.80051829,-45.11699965,-2143.74493506
1781558100,2026-06-15 21:15:00,66467.6,66534.6,66350.1,66362.1,24.04355312,6.46950156,17.57405156,-11.10455,-2154.84948506
1781559000,2026-06-15 21:30:00,66362.2,66434.7,66300.1,66384.1,24.06534792,16.96499911,7.10034881,9.8646503,-2144.98483476
1781559900,2026-06-15 21:45:00,66406.0,66406.0,66331.7,66331.7,14.59238974,10.40328838,4.18910136,6.21418702,-2138.77064774
1781560800,2026-06-15 22:00:00,66331.7,66431.7,66331.6,66343.8,13.84478205,8.92560754,4.91917451,4.00643303,-2134.76421471
1781561700,2026-06-15 22:15:00,66343.8,66376.1,66071.1,66126.9,34.16643551,6.73674699,27.42968852,-20.69294153,-2155.45715624
1781562600,2026-06-15 22:30:00,66127.0,66322.1,66066.1,66243.4,24.5141736,6.06202071,18.45215289,-12.39013218,-2167.84728842
1781563500,2026-06-15 22:45:00,66243.5,66287.2,66155.9,66165.0,10.71363935,4.52188602,6.19175333,-1.66986731,-2169.51715573
1781564400,2026-06-15 23:00:00,66165.0,66242.2,66140.8,66219.6,3.86613164,2.83725902,1.02887262,1.8083864,-2167.70876933
1781565300,2026-06-15 23:15:00,66219.6,66253.2,66107.1,66193.7,12.21028908,4.27993083,7.93035825,-3.65042742,-2171.35919675
1781566200,2026-06-15 23:30:00,66193.7,66231.9,66092.7,66227.8,7.76112728,4.93782526,2.82330202,2.11452324,-2169.24467351
1781567100,2026-06-15 23:45:00,66238.6,66318.1,66199.4,66284.3,4.8383946,2.89665299,1.94174161,0.95491138,-2168.28976213
1781568000,2026-06-16 00:00:00,66284.3,66382.5,66232.1,66355.7,31.22747522,28.9291269,2.29834832,26.63077858,-2141.65898355
1781568900,2026-06-16 00:15:00,66364.9,66388.6,66218.6,66218.8,39.44056135,30.19527991,9.24528144,20.94999847,-2120.70898508
1781569800,2026-06-16 00:30:00,66218.9,66422.4,66218.8,66376.9,13.65984907,12.09809926,1.56174981,10.53634945,-2110.17263563
1781570700,2026-06-16 00:45:00,66376.9,66401.7,66204.2,66215.2,13.98255354,10.49834143,3.48421211,7.01412932,-2103.15850631
1781571600,2026-06-16 01:00:00,66213.4,66319.1,66209.2,66247.1,12.1189391,10.07675991,2.04217919,8.03458072,-2095.12392559
1781572500,2026-06-16 01:15:00,66247.1,66346.8,66221.1,66343.5,5.23905292,4.15544885,1.08360407,3.07184478,-2092.05208081
1781573400,2026-06-16 01:30:00,66343.5,66375.5,66326.8,66330.1,11.37878037,9.54117852,1.83760185,7.70357667,-2084.34850414
1781574300,2026-06-16 01:45:00,66330.1,66381.5,66298.3,66305.4,20.80947422,15.5311648,5.27830942,10.25285538,-2074.09564876
1781575200,2026-06-16 02:00:00,66305.4,66332.2,66025.5,66032.3,14.80353915,5.28351619,9.52002296,-4.23650677,-2078.33215553
1781576100,2026-06-16 02:15:00,66031.9,66111.9,65720.4,65753.8,35.437285,4.98055879,30.45672621,-25.47616742,-2103.80832295
1781577000,2026-06-16 02:30:00,65745.0,65884.3,65713.7,65844.3,25.725712,20.07587821,5.64983379,14.42604442,-2089.38227853
1781577900,2026-06-16 02:45:00,65844.3,65851.3,65644.4,65702.5,16.74663623,9.71405513,7.0325811,2.68147403,-2086.7008045
1781578800,2026-06-16 03:00:00,65702.5,65813.6,65639.0,65768.5,19.81363278,7.0531721,12.76046068,-5.70728858,-2092.40809308
1781579700,2026-06-16 03:15:00,65768.6,65973.2,65628.5,65941.9,32.24404128,17.86227815,14.38176313,3.48051502,-2088.92757806
1781580600,2026-06-16 03:30:00,65940.4,66084.6,65940.4,66084.6,5.6436164,4.23575183,1.40786457,2.82788726,-2086.0996908
1781581500,2026-06-16 03:45:00,66084.5,66110.0,66056.1,66109.9,2.37358539,1.44713608,0.92644931,0.52068677,-2085.57900403
1781582400,2026-06-16 04:00:00,66110.0,66239.6,66096.0,66110.2,14.22265739,13.31432558,0.90833181,12.40599377,-2073.17301026
1781583300,2026-06-16 04:15:00,66110.2,66110.2,65944.2,65944.3,3.01570293,1.03236715,1.98333578,-0.95096863,-2074.12397889
1781584200,2026-06-16 04:30:00,65944.2,65944.2,65778.5,65829.6,8.28620202,2.65222071,5.63398131,-2.9817606,-2077.10573949
1781585100,2026-06-16 04:45:00,65834.2,65868.9,65780.4,65818.6,11.3131001,6.55267702,4.76042308,1.79225394,-2075.31348555
1781586000,2026-06-16 05:00:00,65818.6,66028.8,65818.5,65994.7,14.24142314,1.31082292,12.93060022,-11.6197773,-2086.93326285
1781586900,2026-06-16 05:15:00,65994.6,66062.1,65936.0,66034.9,22.16588992,8.52549588,13.64039404,-5.11489816,-2092.04816101
1781587800,2026-06-16 05:30:00,66034.9,66079.2,65976.7,66041.5,4.85691062,1.83268782,3.0242228,-1.19153498,-2093.23969599
1781588700,2026-06-16 05:45:00,66041.5,66096.3,66011.7,66034.1,4.10865476,1.52302919,2.58562557,-1.06259638,-2094.30229237
1781589600,2026-06-16 06:00:00,66034.1,66156.2,66034.0,66146.3,17.03577448,15.70323172,1.33254276,14.37068896,-2079.93160341
1781590500,2026-06-16 06:15:00,66146.3,66299.9,66120.1,66299.9,14.40079495,11.6945937,2.70620125,8.98839245,-2070.94321096
1781591400,2026-06-16 06:30:00,66300.0,66508.6,66260.6,66370.6,39.69132103,35.95856947,3.73275156,32.22581791,-2038.71739305
1781592300,2026-06-16 06:45:00,66367.9,66488.6,66367.8,66410.5,7.02926596,5.8549449,1.17432106,4.68062384,-2034.03676921
1781593200,2026-06-16 07:00:00,66410.5,66491.0,66333.9,66337.4,24.67979199,19.44914813,5.23064386,14.21850427,-2019.81826494
1781594100,2026-06-16 07:15:00,66328.6,66438.6,66288.6,66310.8,10.91006712,9.17662358,1.73344354,7.44318004,-2012.3750849
1781595000,2026-06-16 07:30:00,66308.3,66384.8,66288.6,66288.6,7.53323074,0.85512753,6.67810321,-5.82297568,-2018.19806058
1781595900,2026-06-16 07:45:00,66288.6,66340.5,66281.8,66336.4,23.87419202,2.39391353,21.48027849,-19.08636496,-2037.28442554
1781596800,2026-06-16 08:00:00,66336.5,66438.6,66321.4,66422.9,4.67575187,1.77326225,2.90248962,-1.12922737,-2038.41365291
1781597700,2026-06-16 08:15:00,66422.9,66516.6,66338.7,66501.8,16.21059734,8.7825128,7.42808454,1.35442826,-2037.05922465
1781598600,2026-06-16 08:30:00,66501.8,66588.6,66472.5,66579.8,32.67078236,7.7582619,24.91252046,-17.15425856,-2054.21348321
1781599500,2026-06-16 08:45:00,66578.2,66922.4,66531.7,66844.8,13.58890775,12.4906116,1.09829615,11.39231545,-2042.82116776
1781600400,2026-06-16 09:00:00,66844.8,66860.2,66700.0,66700.1,18.23165101,12.87686464,5.35478637,7.52207827,-2035.29908949
1781601300,2026-06-16 09:15:00,66700.1,66700.1,66518.2,66570.7,8.38910302,2.17645243,6.21265059,-4.03619816,-2039.33528765
1781602200,2026-06-16 09:30:00,66570.7,66671.8,66548.5,66643.2,2.38103396,1.33013321,1.05090075,0.27923246,-2039.05605519
1781603100,2026-06-16 09:45:00,66643.1,66671.8,66440.3,66470.3,8.60070916,2.80186836,5.7988408,-2.99697244,-2042.05302763
1781604000,2026-06-16 10:00:00,66470.3,66541.8,66456.1,66496.1,4.72988045,2.50731324,2.22256721,0.28474603,-2041.7682816
1781604900,2026-06-16 10:15:00,66496.1,66716.8,66496.1,66634.4,9.50509373,8.35134492,1.15374881,7.19759611,-2034.57068549
1781605800,2026-06-16 10:30:00,66634.3,66634.3,66538.6,66570.4,2.97587081,1.04400745,1.93186336,-0.88785591,-2035.4585414
1781606700,2026-06-16 10:45:00,66570.4,66578.6,66450.0,66473.5,13.22081646,5.23298434,7.98783212,-2.75484778,-2038.21338918
1781607600,2026-06-16 11:00:00,66473.5,66584.9,66421.0,66459.9,5.24394105,2.69344427,2.55049678,0.14294749,-2038.07044169
1781608500,2026-06-16 11:15:00,66459.9,66525.5,66366.9,66435.4,11.40727676,3.1465066,8.26077016,-5.11426356,-2043.18470525
1781609400,2026-06-16 11:30:00,66435.5,66435.6,66337.0,66360.0,4.60791598,2.96874014,1.63917584,1.3295643,-2041.85514095
1781610300,2026-06-16 11:45:00,66360.0,66434.4,66334.5,66434.4,4.61122592,3.27367564,1.33755028,1.93612536,-2039.91901559
1781611200,2026-06-16 12:00:00,66434.4,66515.7,66378.3,66503.2,8.24408063,2.74218353,5.5018971,-2.75971357,-2042.67872916
1781612100,2026-06-16 12:15:00,66505.1,66622.4,66505.1,66533.1,19.12129719,14.99038911,4.13090808,10.85948103,-2031.81924813
1781613000,2026-06-16 12:30:00,66533.1,66748.4,66400.2,66438.9,18.52195336,6.54888846,11.9730649,-5.42417644,-2037.24342457
1781613900,2026-06-16 12:45:00,66438.9,66450.5,66313.8,66379.3,11.14895755,1.07798357,10.07097398,-8.99299041,-2046.23641498
1781614800,2026-06-16 13:00:00,66379.3,66413.4,65954.9,66154.7,22.37533137,1.69091989,20.68441148,-18.99349159,-2065.22990657
1781615700,2026-06-16 13:15:00,66154.6,66215.0,65968.1,65968.2,17.01601216,3.65760544,13.35840672,-9.70080128,-2074.93070785
1781616600,2026-06-16 13:30:00,65968.2,66116.0,65876.5,66076.5,32.22508938,19.65681395,12.56827543,7.08853852,-2067.84216933
1781617500,2026-06-16 13:45:00,66072.7,66140.9,65943.3,66000.0,24.28097714,3.2684202,21.01255694,-17.74413674,-2085.58630607
1781618400,2026-06-16 14:00:00,66000.1,66207.2,65974.2,65974.5,39.79576341,11.89634965,27.89941376,-16.00306411,-2101.58937018
1781619300,2026-06-16 14:15:00,65974.6,66012.7,65449.5,65515.5,250.33339187,154.33850368,95.99488819,58.34361549,-2043.24575469
1781620200,2026-06-16 14:30:00,65507.7,65686.1,65289.8,65621.1,158.74503838,52.09518142,106.64985696,-54.55467554,-2097.80043023
1781621100,2026-06-16 14:45:00,65621.0,65700.1,65569.6,65591.7,19.37121452,9.3139769,10.05723762,-0.74326072,-2098.54369095
1781622000,2026-06-16 15:00:00,65591.8,65817.3,65573.0,65804.3,31.70824955,22.94948002,8.75876953,14.19071049,-2084.35298046
1781622900,2026-06-16 15:15:00,65804.3,65849.5,65666.3,65758.5,15.00488972,4.3642606,10.64062912,-6.27636852,-2090.62934898
1781623800,2026-06-16 15:30:00,65772.6,65952.2,65750.6,65784.2,24.44736244,8.70395741,15.74340503,-7.03944762,-2097.6687966
1781624700,2026-06-16 15:45:00,65784.3,65932.2,65650.8,65816.4,17.8419729,10.14941359,7.69255931,2.45685428,-2095.21194232
1781625600,2026-06-16 16:00:00,65816.4,65898.7,65731.7,65731.8,15.20633677,5.755289,9.45104777,-3.69575877,-2098.90770109
1781626500,2026-06-16 16:15:00,65732.0,65749.2,65662.1,65727.1,13.38394694,2.70201221,10.68193473,-7.97992252,-2106.88762361
1781627400,2026-06-16 16:30:00,65727.1,65817.2,65642.1,65756.3,30.90564009,10.81330312,20.09233697,-9.27903385,-2116.16665746
1781628300,2026-06-16 16:45:00,65756.3,65761.3,65651.4,65700.7,20.6257761,1.50172301,19.12405309,-17.62233008,-2133.78898754
1781629200,2026-06-16 17:00:00,65703.1,65784.0,65683.9,65736.2,7.96402911,2.98824643,4.97578268,-1.98753625,-2135.77652379
1781630100,2026-06-16 17:15:00,65730.3,65792.8,65654.2,65694.8,6.6895834,2.84037494,3.84920846,-1.00883352,-2136.78535731
1781631000,2026-06-16 17:30:00,65689.7,65761.2,65663.3,65701.9,6.36467036,3.44404014,2.92063022,0.52340992,-2136.26194739
1781631900,2026-06-16 17:45:00,65695.8,65952.3,65690.8,65920.5,19.20537518,13.73182132,5.47355386,8.25826746,-2128.00367993
1781632800,2026-06-16 18:00:00,65920.5,66753.2,65891.9,66084.4,165.15130875,144.75962213,20.39168662,124.36793551,-2003.63574442
1781633700,2026-06-16 18:15:00,66083.9,66084.0,65813.9,65853.3,13.84469123,7.78781001,6.05688122,1.73092879,-2001.90481563
1781634600,2026-06-16 18:30:00,65857.5,65905.7,65749.5,65791.6,4.86745813,1.68767604,3.17978209,-1.49210605,-2003.39692168
1781635500,2026-06-16 18:45:00,65795.5,65865.3,65768.9,65771.8,10.45512432,7.89358801,2.56153631,5.3320517,-1998.06486998
1781636400,2026-06-16 19:00:00,65771.9,65771.9,65610.0,65613.0,13.87703249,3.02150779,10.8555247,-7.83401691,-2005.89888689
1781637300,2026-06-16 19:15:00,65613.2,65659.2,65500.1,65643.1,17.00117699,1.11647876,15.88469823,-14.76821947,-2020.66710636
1781638200,2026-06-16 19:30:00,65643.1,65724.2,65539.1,65582.8,9.57997445,6.79938083,2.78059362,4.01878721,-2016.64831915
1781639100,2026-06-16 19:45:00,65591.0,65665.2,65514.2,65603.8,27.58333735,21.89530575,5.6880316,16.20727415,-2000.441045
1781640000,2026-06-16 20:00:00,65613.0,65703.6,65526.1,65703.6,22.4555621,9.53237634,12.92318576,-3.39080942,-2003.83185442
1781640900,2026-06-16 20:15:00,65701.0,65788.6,65638.6,65663.6,4.54621853,3.43328547,1.11293306,2.32035241,-2001.51150201
1781641800,2026-06-16 20:30:00,65661.6,65781.6,65661.6,65781.1,4.36101095,1.60413214,2.75687881,-1.15274667,-2002.66424868
1781642700,2026-06-16 20:45:00,65781.1,65811.7,65769.8,65790.9,2.75547623,1.79768218,0.95779405,0.83988813,-2001.82436055
1781643600,2026-06-16 21:00:00,65790.9,65859.9,65773.0,65854.1,7.91857169,4.15846441,3.76010728,0.39835713,-2001.42600342
1781644500,2026-06-16 21:15:00,65856.3,65857.1,65652.5,65669.9,13.47186623,2.51381915,10.95804708,-8.44422793,-2009.87023135
1781645400,2026-06-16 21:30:00,65666.1,65691.2,65589.9,65666.7,8.23136098,5.73627689,2.49508409,3.2411928,-2006.62903855
1781646300,2026-06-16 21:45:00,65667.9,65726.0,65649.1,65715.8,6.97308118,4.3882003,2.58488088,1.80331942,-2004.82571913
1781647200,2026-06-16 22:00:00,65715.9,65810.8,65656.8,65780.1,8.79955804,6.47864916,2.32090888,4.15774028,-2000.66797885
1781648100,2026-06-16 22:15:00,65776.4,65823.1,65644.3,65710.5,15.04516376,5.56842937,9.47673439,-3.90830502,-2004.57628387
1781649000,2026-06-16 22:30:00,65710.5,65720.7,65642.1,65657.5,1.93231862,1.2244607,0.70785792,0.51660278,-2004.05968109
1781649900,2026-06-16 22:45:00,65657.5,65722.6,65621.2,65714.7,17.85236988,0.78677653,17.06559335,-16.27881682,-2020.33849791
1781650800,2026-06-16 23:00:00,65714.7,65766.9,65670.2,65705.9,3.38170666,3.0226853,0.35902136,2.66366394,-2017.67483397
1781651700,2026-06-16 23:15:00,65705.7,65705.8,65588.6,65669.4,2.45899511,1.25725656,1.20173855,0.05551801,-2017.61931596
1781652600,2026-06-16 23:30:00,65674.0,65711.8,65650.9,65659.3,6.50998482,6.25203074,0.25795408,5.99407666,-2011.6252393
1781653500,2026-06-16 23:45:00,65659.2,65659.2,65575.4,65609.5,2.32817919,0.76965323,1.55852596,-0.78887273,-2012.41411203
1781654400,2026-06-17 00:00:00,65609.6,65738.6,65609.5,65699.6,13.23595868,7.1048577,6.13110098,0.97375672,-2011.44035531
1781655300,2026-06-17 00:15:00,65698.4,65730.8,65657.3,65666.7,4.4244579,3.6783596,0.7460983,2.9322613,-2008.50809401
1781656200,2026-06-17 00:30:00,65666.7,65788.6,65641.4,65769.4,5.06380811,4.32358436,0.74022375,3.58336061,-2004.9247334
1781657100,2026-06-17 00:45:00,65769.4,65784.3,65646.3,65655.5,7.20091259,3.38662386,3.81428873,-0.42766487,-2005.35239827
1781658000,2026-06-17 01:00:00,65655.5,65762.7,65632.8,65734.6,2.41656797,1.56609841,0.85046956,0.71562885,-2004.63676942
1781658900,2026-06-17 01:15:00,65734.6,65742.7,65433.3,65527.1,27.64342416,17.02351462,10.61990954,6.40360508,-1998.23316434
1781659800,2026-06-17 01:30:00,65527.1,65743.8,65494.6,65699.7,4.5058008,2.92326872,1.58253208,1.34073664,-1996.8924277
1781660700,2026-06-17 01:45:00,65699.7,65896.9,65699.7,65885.6,5.81088096,3.89014523,1.92073573,1.9694095,-1994.9230182
1781661600,2026-06-17 02:00:00,65885.6,65885.6,65782.5,65839.9,3.14975338,1.16627931,1.98347407,-0.81719476,-1995.74021296
1781662500,2026-06-17 02:15:00,65839.8,66080.2,65813.6,66025.2,20.08147183,16.87761543,3.2038564,13.67375903,-1982.06645393
1781663400,2026-06-17 02:30:00,66039.4,66039.4,65738.7,65803.5,11.76031074,8.43570782,3.32460292,5.1111049,-1976.95534903
1781664300,2026-06-17 02:45:00,65803.5,65857.6,65773.8,65846.3,1.58228609,0.59840441,0.98388168,-0.38547727,-1977.3408263
1781665200,2026-06-17 03:00:00,65846.3,65846.3,65760.6,65771.7,2.77753284,0.8960574,1.88147544,-0.98541804,-1978.32624434
1781666100,2026-06-17 03:15:00,65771.6,65771.6,65668.0,65726.2,6.40927223,0.85861658,5.55065565,-4.69203907,-1983.01828341
1781667000,2026-06-17 03:30:00,65721.7,65809.7,65720.7,65743.2,2.94252467,1.456736,1.48578867,-0.02905267,-1983.04733608
1781667900,2026-06-17 03:45:00,65743.2,65798.0,65724.2,65781.5,0.98959339,0.44203676,0.54755663,-0.10551987,-1983.15285595
1781668800,2026-06-17 04:00:00,65781.5,65833.4,65759.8,65765.7,3.02816913,0.47721343,2.5509557,-2.07374227,-1985.22659822
1781669700,2026-06-17 04:15:00,65765.8,65836.6,65746.8,65836.4,2.28456867,1.41948726,0.86508141,0.55440585,-1984.67219237
1781670600,2026-06-17 04:30:00,65836.5,65883.3,65802.1,65863.7,4.68685705,4.08484949,0.60200756,3.48284193,-1981.18935044
1781671500,2026-06-17 04:45:00,65863.7,65980.1,65838.6,65838.6,4.25806437,3.39148134,0.86658303,2.52489831,-1978.66445213
1781672400,2026-06-17 05:00:00,65838.7,65920.2,65738.6,65749.7,4.40798306,1.29525523,3.11272783,-1.8174726,-1980.48192473
1781673300,2026-06-17 05:15:00,65749.7,65796.8,65691.9,65796.8,1.66939525,0.38869036,1.28070489,-0.89201453,-1981.37393926
1781674200,2026-06-17 05:30:00,65796.8,65861.8,65771.1,65861.0,2.61627895,1.95393839,0.66234056,1.29159783,-1980.08234143
1781675100,2026-06-17 05:45:00,65861.0,65869.0,65714.0,65782.1,1.27986696,0.26127927,1.01858769,-0.75730842,-1980.83964985
1781676000,2026-06-17 06:00:00,65777.2,65803.0,65724.6,65803.0,0.82985935,0.60375018,0.22610917,0.37764101,-1980.46200884
1781676900,2026-06-17 06:15:00,65798.3,65829.4,65605.0,65605.1,6.53443133,2.07238097,4.46205036,-2.38966939,-1982.85167823
1781677800,2026-06-17 06:30:00,65605.1,65675.0,65511.4,65574.8,4.03724063,0.48984233,3.5473983,-3.05755597,-1985.9092342
1781678700,2026-06-17 06:45:00,65574.8,65611.6,65552.2,65555.2,2.99904222,1.52591421,1.47312801,0.0527862,-1985.856448
1781679600,2026-06-17 07:00:00,65558.3,65626.1,65486.5,65620.1,17.72215951,1.1633298,16.55882971,-15.39549991,-2001.25194791
1781680500,2026-06-17 07:15:00,65620.1,65632.2,65408.5,65487.3,5.41008922,1.98993648,3.42015274,-1.43021626,-2002.68216417
1781681400,2026-06-17 07:30:00,65489.6,65511.8,65416.7,65483.6,2.92326997,0.93710295,1.98616702,-1.04906407,-2003.73122824
1781682300,2026-06-17 07:45:00,65483.5,65521.5,65150.0,65472.2,43.53176758,20.92267147,22.60909611,-1.68642464,-2005.41765288
1781683200,2026-06-17 08:00:00,65472.2,65497.3,65270.5,65274.2,5.26152183,1.11572457,4.14579726,-3.03007269,-2008.44772557
1781684100,2026-06-17 08:15:00,65275.8,65326.7,65173.9,65267.8,13.40752618,0.73236758,12.6751586,-11.94279102,-2020.39051659
1781685000,2026-06-17 08:30:00,65267.8,65267.8,64854.5,64854.5,88.44238285,3.03807952,85.40430333,-82.36622381,-2102.7567404
1781685900,2026-06-17 08:45:00,64855.0,64947.8,64791.4,64871.6,44.38847602,6.8676268,37.52084922,-30.65322242,-2133.40996282
1781686800,2026-06-17 09:00:00,64871.6,64959.2,64857.1,64919.8,20.78733542,19.6093243,1.17801112,18.43131318,-2114.97864964
1781687700,2026-06-17 09:15:00,64919.8,65000.0,64880.9,64980.6,4.92147355,4.36098786,0.56048569,3.80050217,-2111.17814747
1781688600,2026-06-17 09:30:00,64980.5,65000.0,64888.6,64915.9,18.11247989,5.29770056,12.81477933,-7.51707877,-2118.69522624
1781689500,2026-06-17 09:45:00,64899.0,64943.8,64781.3,64844.8,9.42503538,4.12179357,5.30324181,-1.18144824,-2119.87667448
1781690400,2026-06-17 10:00:00,64844.8,64924.1,64777.0,64818.1,4.47962713,0.63266889,3.84695824,-3.21428935,-2123.09096383
1781691300,2026-06-17 10:15:00,64818.1,64913.2,64807.2,64874.2,4.8186938,3.34343519,1.47525861,1.86817658,-2121.22278725
1781692200,2026-06-17 10:30:00,64874.2,64915.7,64816.5,64863.7,4.3781306,1.62099879,2.75713181,-1.13613302,-2122.35892027
1781693100,2026-06-17 10:45:00,64863.7,64873.9,64721.5,64736.4,18.04656364,2.95317591,15.09338773,-12.14021182,-2134.49913209
1781694000,2026-06-17 11:00:00,64736.4,64792.2,64507.6,64539.4,23.47590872,4.73587324,18.74003548,-14.00416224,-2148.50329433
1781694900,2026-06-17 11:15:00,64539.5,64667.2,64516.6,64650.1,7.3969045,5.66260216,1.73430234,3.92829982,-2144.57499451
1781695800,2026-06-17 11:30:00,64650.0,64773.9,64606.0,64741.6,45.49407551,43.6786382,1.81543731,41.86320089,-2102.71179362
1781696700,2026-06-17 11:45:00,64734.0,64818.2,64733.9,64752.0,32.53583522,14.50646649,18.02936873,-3.52290224,-2106.23469586
1781697600,2026-06-17 12:00:00,64752.5,64809.6,64704.4,64790.2,25.99412853,2.67678405,23.31734448,-20.64056043,-2126.87525629
1781698500,2026-06-17 12:15:00,64790.3,64795.4,64595.9,64628.3,20.32631899,2.42768813,17.89863086,-15.47094273,-2142.34619902
1781699400,2026-06-17 12:30:00,64628.3,64847.1,64552.0,64847.1,13.07570156,5.1067411,7.96896046,-2.86221936,-2145.20841838
1781700300,2026-06-17 12:45:00,64847.0,65038.6,64847.0,64995.8,86.91345021,83.02114522,3.89230499,79.12884023,-2066.07957815
1781701200,2026-06-17 13:00:00,64995.8,65015.0,64929.4,65014.9,10.23305983,6.09370866,4.13935117,1.95435749,-2064.12522066
1781702100,2026-06-17 13:15:00,65015.0,65015.0,64826.5,64851.4,24.43832341,9.57264756,14.86567585,-5.29302829,-2069.41824895
1781703000,2026-06-17 13:30:00,64877.7,65275.2,64787.0,65208.3,31.93616216,20.06212705,11.87403511,8.18809194,-2061.23015701
1781703900,2026-06-17 13:45:00,65219.4,65306.5,65160.3,65232.1,54.93552172,7.62176364,47.31375808,-39.69199444,-2100.92215145
1781704800,2026-06-17 14:00:00,65232.2,65297.4,65097.5,65288.6,14.95096953,5.91971094,9.03125859,-3.11154765,-2104.0336991
1781705700,2026-06-17 14:15:00,65288.6,65388.6,65094.9,65190.2,16.64411868,10.5248026,6.11931608,4.40548652,-2099.62821258
1781706600,2026-06-17 14:30:00,65197.3,65238.6,64995.2,65071.3,12.48084705,2.5547555,9.92609155,-7.37133605,-2106.99954863
1781707500,2026-06-17 14:45:00,65071.4,65222.6,64733.4,65064.8,51.29045827,19.45621665,31.83424162,-12.37802497,-2119.3775736
1781708400,2026-06-17 15:00:00,65056.9,65188.6,64938.7,65183.6,15.03055396,4.45172678,10.57882718,-6.1271004,-2125.504674
1781709300,2026-06-17 15:15:00,65178.7,65353.6,65144.7,65277.8,7.44544805,6.2830647,1.16238335,5.12068135,-2120.38399265
1781710200,2026-06-17 15:30:00,65284.9,65460.9,65219.2,65427.2,8.82786269,6.73889755,2.08896514,4.64993241,-2115.73406024
1781711100,2026-06-17 15:45:00,65427.3,65800.0,65427.3,65703.5,57.55661948,35.07845194,22.47816754,12.6002844,-2103.13377584
1781712000,2026-06-17 16:00:00,65703.5,65816.6,65664.7,65802.5,9.12247028,7.23274084,1.88972944,5.3430114,-2097.79076444
1781712900,2026-06-17 16:15:00,65796.6,66370.9,65781.7,66204.2,87.11010614,74.19517986,12.91492628,61.28025358,-2036.51051086
1781713800,2026-06-17 16:30:00,66206.8,66236.4,65873.2,65924.1,29.21916204,11.76573017,17.45343187,-5.6877017,-2042.19821256
1781714700,2026-06-17 16:45:00,65924.1,65970.9,65800.6,65814.2,26.6212296,8.61098756,18.01024204,-9.39925448,-2051.59746704
1781715600,2026-06-17 17:00:00,65814.3,65921.9,65747.5,65837.5,80.78558955,61.30640351,19.47918604,41.82721747,-2009.77024957
1781716500,2026-06-17 17:15:00,65819.6,65946.8,65788.6,65919.9,13.22529499,13.09161879,0.1336762,12.95794259,-1996.81230698
1781717400,2026-06-17 17:30:00,65920.9,65946.9,65784.5,65810.9,18.06697111,4.8326122,13.23435891,-8.40174671,-2005.21405369
1781718300,2026-06-17 17:45:00,65810.7,66134.6,65755.7,66039.8,47.29990392,17.08797052,30.2119334,-13.12396288,-2018.33801657
1781719200,2026-06-17 18:00:00,66051.9,66053.7,64787.0,65258.8,356.50426156,164.62225407,191.88200749,-27.25975342,-2045.59776999
1781720100,2026-06-17 18:15:00,65248.2,65484.0,65238.6,65354.7,23.01714715,13.32181139,9.69533576,3.62647563,-2041.97129436
1781721000,2026-06-17 18:30:00,65358.4,66000.0,65240.4,65997.7,53.21414461,37.30144561,15.912699,21.38874661,-2020.58254775
1781721900,2026-06-17 18:45:00,65968.1,65999.8,65316.9,65480.7,49.05747104,26.00581596,23.05165508,2.95416088,-2017.62838687
1781722800,2026-06-17 19:00:00,65468.6,65621.5,65064.1,65322.8,31.57822639,11.7841051,19.79412129,-8.01001619,-2025.63840306
1781723700,2026-06-17 19:15:00,65318.3,65320.4,64310.2,64419.8,88.86019417,24.5637706,64.29642357,-39.73265297,-2065.37105603
1781724600,2026-06-17 19:30:00,64445.1,64638.0,64122.4,64129.4,108.02518987,35.09851648,72.92667339,-37.82815691,-2103.19921294
1781725500,2026-06-17 19:45:00,64149.9,64250.0,64001.0,64250.0,117.69112684,37.03977475,80.65135209,-43.61157734,-2146.81079028
1781726400,2026-06-17 20:00:00,64250.0,64388.4,64141.2,64164.7,30.55180019,24.27271087,6.27908932,17.99362155,-2128.81716873
1781727300,2026-06-17 20:15:00,64178.9,64400.0,64157.2,64311.3,42.36397591,34.72762251,7.6363534,27.09126911,-2101.72589962
1781728200,2026-06-17 20:30:00,64313.1,64434.1,64186.3,64186.3,15.74332891,11.13188299,4.61144592,6.52043707,-2095.20546255
1781729100,2026-06-17 20:45:00,64186.0,64385.2,64150.0,64381.2,31.21913476,11.37561121,19.84352355,-8.46791234,-2103.67337489
1781730000,2026-06-17 21:00:00,64381.4,64401.8,64223.6,64266.2,6.54711742,4.62267723,1.92444019,2.69823704,-2100.97513785
1781730900,2026-06-17 21:15:00,64268.0,64331.9,64206.7,64211.5,17.41030565,4.72748681,12.68281884,-7.95533203,-2108.93046988
1781731800,2026-06-17 21:30:00,64214.5,64349.0,64108.9,64150.1,16.11198677,10.50026796,5.61171881,4.88854915,-2104.04192073
1781732700,2026-06-17 21:45:00,64150.0,64228.0,64088.5,64193.5,26.44206506,8.82756559,17.61449947,-8.78693388,-2112.82885461
1781733600,2026-06-17 22:00:00,64193.5,64193.5,63866.5,64047.1,40.95550914,15.95262629,25.00288285,-9.05025656,-2121.87911117
1781734500,2026-06-17 22:15:00,64045.7,64315.2,64021.9,64295.1,17.2769182,5.98725653,11.28966167,-5.30240514,-2127.18151631
1781735400,2026-06-17 22:30:00,64308.7,64365.2,64190.9,64212.3,12.6356851,8.42483676,4.21084834,4.21398842,-2122.96752789
1781736300,2026-06-17 22:45:00,64221.9,64360.7,64205.6,64243.4,4.63511487,2.37880232,2.25631255,0.12248977,-2122.84503812
1781737200,2026-06-17 23:00:00,64243.4,64360.3,64198.6,64254.1,11.39627565,9.65303056,1.74324509,7.90978547,-2114.93525265
1781738100,2026-06-17 23:15:00,64258.2,64477.5,64258.2,64444.4,25.45072893,4.83963542,20.61109351,-15.77145809,-2130.70671074
1781739000,2026-06-17 23:30:00,64444.5,64461.2,64344.5,64391.7,5.95539613,4.17905116,1.77634497,2.40270619,-2128.30400455
1781739900,2026-06-17 23:45:00,64386.7,64458.1,64353.0,64454.8,16.4735547,4.4893046,11.9842501,-7.4949455,-2135.79895005
1781740800,2026-06-18 00:00:00,64452.0,64589.6,64424.8,64576.5,25.77431927,23.44262922,2.33169005,21.11093917,-2114.68801088
1781741700,2026-06-18 00:15:00,64576.6,64636.1,64490.9,64537.3,8.44261099,6.88243033,1.56018066,5.32224967,-2109.36576121
1781742600,2026-06-18 00:30:00,64537.3,64629.2,64451.8,64532.8,5.90385835,2.66343346,3.24042489,-0.57699143,-2109.94275264
1781743500,2026-06-18 00:45:00,64532.9,64558.0,64405.5,64412.7,1.9717097,0.99069424,0.98101546,0.00967878,-2109.93307386
1781744400,2026-06-18 01:00:00,64412.7,64740.9,64412.6,64665.1,61.27218336,58.57553792,2.69664544,55.87889248,-2054.05418138
1781745300,2026-06-18 01:15:00,64665.2,64665.2,64575.5,64602.6,5.35632453,1.61503672,3.74128781,-2.12625109,-2056.18043247
1781746200,2026-06-18 01:30:00,64602.6,64688.0,64548.2,64564.1,4.20050386,2.90798369,1.29252017,1.61546352,-2054.56496895
1781747100,2026-06-18 01:45:00,64564.1,64564.1,64414.9,64496.8,8.00032779,1.24299687,6.75733092,-5.51433405,-2060.079303
1781748000,2026-06-18 02:00:00,64496.7,64602.6,64470.9,64507.0,5.77494448,4.1481788,1.62676568,2.52141312,-2057.55788988
1781748900,2026-06-18 02:15:00,64507.0,64683.2,64434.6,64636.1,4.64495721,1.5190365,3.12592071,-1.60688421,-2059.16477409
1781749800,2026-06-18 02:30:00,64636.1,64699.5,64616.2,64699.3,14.05006653,1.19023118,12.85983535,-11.66960417,-2070.83437826
1781750700,2026-06-18 02:45:00,64699.4,64707.0,64616.8,64634.6,16.09741183,0.81416279,15.28324904,-14.46908625,-2085.30346451
1781751600,2026-06-18 03:00:00,64631.4,64631.4,64452.9,64458.4,2.72788807,0.89893765,1.82895042,-0.93001277,-2086.23347728
1781752500,2026-06-18 03:15:00,64458.4,64458.4,64262.5,64262.5,6.15369156,1.2553908,4.89830076,-3.64290996,-2089.87638724
1781753400,2026-06-18 03:30:00,64261.5,64324.8,64198.5,64247.2,20.46292245,8.72777014,11.73515231,-3.00738217,-2092.88376941
1781754300,2026-06-18 03:45:00,64247.1,64322.8,64203.8,64203.8,14.04492561,12.08453814,1.96038747,10.12415067,-2082.75961874
1781755200,2026-06-18 04:00:00,64203.9,64266.0,63773.5,63876.5,27.82712398,8.71412676,19.11299722,-10.39887046,-2093.1584892
1781756100,2026-06-18 04:15:00,63875.4,64043.9,63801.0,63887.0,11.58112762,5.58316053,5.99796709,-0.41480656,-2093.57329576
1781757000,2026-06-18 04:30:00,63875.4,63919.9,63813.7,63817.1,9.99769454,3.64520741,6.35248713,-2.70727972,-2096.28057548
1781757900,2026-06-18 04:45:00,63817.0,63895.1,63762.3,63832.7,20.38921335,1.75256918,18.63664417,-16.88407499,-2113.16465047
1781758800,2026-06-18 05:00:00,63815.7,63887.4,63643.4,63849.2,23.95457559,5.32835,18.62622559,-13.29787559,-2126.46252606
1781759700,2026-06-18 05:15:00,63851.7,63931.9,63839.2,63872.6,8.94892577,6.43203997,2.5168858,3.91515417,-2122.54737189
1781760600,2026-06-18 05:30:00,63868.0,63940.9,63790.9,63864.0,7.47155174,4.88291564,2.5886361,2.29427954,-2120.25309235
1781761500,2026-06-18 05:45:00,63860.3,63931.6,63819.0,63923.8,6.23795047,4.43008781,1.80786266,2.62222515,-2117.6308672
1781762400,2026-06-18 06:00:00,63923.8,64010.4,63826.8,63887.2,6.6098973,1.87160639,4.73829091,-2.86668452,-2120.49755172
1781763300,2026-06-18 06:15:00,63887.3,63913.2,63778.7,63906.4,6.41249679,1.83436393,4.57813286,-2.74376893,-2123.24132065
1781764200,2026-06-18 06:30:00,63906.5,64030.8,63906.5,64030.8,3.253964,1.91716655,1.33679745,0.5803691,-2122.66095155
1781765100,2026-06-18 06:45:00,64030.7,64049.3,64000.0,64019.6,11.16018454,3.07452668,8.08565786,-5.01113118,-2127.67208273
1781766000,2026-06-18 07:00:00,64019.7,64049.3,63957.2,64049.3,2.03668601,0.71836077,1.31832524,-0.59996447,-2128.2720472
1781766900,2026-06-18 07:15:00,64024.1,64249.4,64024.1,64236.4,14.07196529,12.96024095,1.11172434,11.84851661,-2116.42353059
1781767800,2026-06-18 07:30:00,64236.5,64371.2,64196.0,64364.7,8.16580277,7.06581743,1.09998534,5.96583209,-2110.4576985
1781768700,2026-06-18 07:45:00,64364.7,64434.8,64364.6,64434.8,4.12197793,2.19488515,1.92709278,0.26779237,-2110.18990613
1781769600,2026-06-18 08:00:00,64434.8,64563.9,64319.9,64477.3,18.47076468,10.67398085,7.79678383,2.87719702,-2107.31270911
1781770500,2026-06-18 08:15:00,64477.3,64540.0,64456.3,64515.9,4.60303391,4.19058573,0.41244818,3.77813755,-2103.53457156
1781771400,2026-06-18 08:30:00,64514.7,64527.7,64457.1,64459.4,18.65134593,16.77464092,1.87670501,14.89793591,-2088.63663565
1781772300,2026-06-18 08:45:00,64459.3,64459.3,64318.1,64326.4,5.03597711,3.01302766,2.02294945,0.99007821,-2087.64655744
1781773200,2026-06-18 09:00:00,64326.4,64342.6,64250.1,64329.6,4.90312428,1.86829448,3.0348298,-1.16653532,-2088.81309276
1781774100,2026-06-18 09:15:00,64329.4,64423.9,64191.0,64198.4,15.80753583,12.69466388,3.11287195,9.58179193,-2079.23130083
1781775000,2026-06-18 09:30:00,64198.4,64254.8,64163.5,64229.8,2.8471696,0.89964725,1.94752235,-1.0478751,-2080.27917593
1781775900,2026-06-18 09:45:00,64229.8,64265.1,64157.0,64157.0,2.06243384,0.49025333,1.57218051,-1.08192718,-2081.36110311
1781776800,2026-06-18 10:00:00,64157.1,64157.1,63952.0,63952.0,37.88236689,2.94802244,34.93434445,-31.98632201,-2113.34742512
1781777700,2026-06-18 10:15:00,63951.9,63994.5,63872.8,63911.1,5.18752293,0.76313713,4.4243858,-3.66124867,-2117.00867379
1781778600,2026-06-18 10:30:00,63911.1,64020.2,63900.1,63951.8,6.18980202,1.39607402,4.793728,-3.39765398,-2120.40632777
1781779500,2026-06-18 10:45:00,63951.7,64159.8,63951.7,64025.1,4.50029954,1.53144063,2.96885891,-1.43741828,-2121.84374605
1781780400,2026-06-18 11:00:00,64018.9,64140.9,63944.2,63978.7,3.97228854,1.49987252,2.47241602,-0.9725435,-2122.81628955
1781781300,2026-06-18 11:15:00,63978.7,64028.0,63860.2,63999.9,5.48431372,1.30645879,4.17785493,-2.87139614,-2125.68768569
1781782200,2026-06-18 11:30:00,64000.0,64011.2,63819.3,63912.0,9.24914026,2.34682451,6.90231575,-4.55549124,-2130.24317693
1781783100,2026-06-18 11:45:00,63911.9,63982.0,63825.6,63910.1,17.67967691,2.83375939,14.84591752,-12.01215813,-2142.25533506
1781784000,2026-06-18 12:00:00,63910.1,63971.8,63870.6,63935.3,12.4615324,5.71838044,6.74315196,-1.02477152,-2143.28010658
1781784900,2026-06-18 12:15:00,63935.3,64130.8,63931.2,64130.8,10.15910849,9.59624582,0.56286267,9.03338315,-2134.24672343
1781785800,2026-06-18 12:30:00,64132.8,64202.0,64077.4,64180.0,11.48363787,7.57600889,3.90762898,3.66837991,-2130.57834352
1781786700,2026-06-18 12:45:00,64179.9,64318.9,64179.9,64307.1,13.14884742,10.96282976,2.18601766,8.7768121,-2121.80153142
1781787600,2026-06-18 13:00:00,64308.0,64365.2,64213.4,64333.2,13.78127051,3.92453542,9.85673509,-5.93219967,-2127.73373109
1781788500,2026-06-18 13:15:00,64333.1,64365.2,64258.5,64295.0,11.55504051,6.18588607,5.36915444,0.81673163,-2126.91699946
1781789400,2026-06-18 13:30:00,64295.0,64295.1,63812.8,63812.9,36.04559435,18.85174825,17.1938461,1.65790215,-2125.25909731
1781790300,2026-06-18 13:45:00,63812.1,64063.4,63732.5,63906.5,45.73371709,39.68023737,6.05347972,33.62675765,-2091.63233966
1781791200,2026-06-18 14:00:00,63907.6,63990.8,63663.9,63700.9,18.00502132,10.45799522,7.5470261,2.91096912,-2088.72137054
1781792100,2026-06-18 14:15:00,63705.4,64115.7,63650.0,63735.3,23.26513308,7.52769997,15.73743311,-8.20973314,-2096.93110368
1781793000,2026-06-18 14:30:00,63735.4,63982.6,63697.8,63791.6,24.95691317,5.6616786,19.29523457,-13.63355597,-2110.56465965
1781793900,2026-06-18 14:45:00,63792.6,63915.8,63500.2,63753.3,62.48234956,9.49153737,52.99081219,-43.49927482,-2154.06393447
1781794800,2026-06-18 15:00:00,63741.2,63741.2,63500.0,63500.1,47.00251627,17.81473608,29.18778019,-11.37304411,-2165.43697858
1781795700,2026-06-18 15:15:00,63500.0,63517.4,63138.4,63150.1,148.17086343,46.37254318,101.79832025,-55.42577707,-2220.86275565
1781796600,2026-06-18 15:30:00,63164.1,63294.2,62610.5,62703.8,202.05764421,35.74445919,166.31318502,-130.56872583,-2351.43148148
1781797500,2026-06-18 15:45:00,62703.9,62799.9,62228.8,62297.9,53.56255143,23.43942097,30.12313046,-6.68370949,-2358.11519097
1781798400,2026-06-18 16:00:00,62296.5,62635.7,62274.8,62559.1,53.90756557,46.37396424,7.53360133,38.84036291,-2319.27482806
1781799300,2026-06-18 16:15:00,62559.2,62673.3,62442.8,62521.6,69.4769743,49.51469149,19.96228281,29.55240868,-2289.72241938
1781800200,2026-06-18 16:30:00,62525.9,62673.3,62440.9,62642.8,29.45857709,21.15561908,8.30295801,12.85266107,-2276.86975831
1781801100,2026-06-18 16:45:00,62642.6,62725.7,62560.5,62610.5,10.7035477,6.64993001,4.05361769,2.59631232,-2274.27344599
1781802000,2026-06-18 17:00:00,62616.8,62620.4,62335.9,62425.8,69.71535783,8.4041629,61.31119493,-52.90703203,-2327.18047802
1781802900,2026-06-18 17:15:00,62424.2,62522.0,62187.0,62497.4,50.59326784,29.39743928,21.19582856,8.20161072,-2318.9788673
1781803800,2026-06-18 17:30:00,62499.0,62643.2,62440.9,62583.6,15.15267636,11.54404977,3.60862659,7.93542318,-2311.04344412
1781804700,2026-06-18 17:45:00,62574.0,62676.5,62440.9,62534.0,81.2114483,69.91957749,11.29187081,58.62770668,-2252.41573744
1781805600,2026-06-18 18:00:00,62534.0,62640.9,62506.4,62624.7,15.60438154,5.40052707,10.20385447,-4.8033274,-2257.21906484
1781806500,2026-06-18 18:15:00,62624.5,62882.5,62535.4,62776.7,42.55499666,21.48467152,21.07032514,0.41434638,-2256.80471846
1781807400,2026-06-18 18:30:00,62775.7,62775.7,62602.8,62695.2,35.12471619,23.52349732,11.60121887,11.92227845,-2244.88244001
1781808300,2026-06-18 18:45:00,62702.3,62782.3,62545.5,62627.7,35.26568731,28.77467675,6.49101056,22.28366619,-2222.59877382
1781809200,2026-06-18 19:00:00,62626.8,62647.9,62554.0,62604.1,13.58836087,5.6168491,7.97151177,-2.35466267,-2224.95343649
1781810100,2026-06-18 19:15:00,62600.7,62736.1,62555.9,62698.4,22.0267367,8.5512442,13.4754925,-4.9242483,-2229.87768479
1781811000,2026-06-18 19:30:00,62700.0,62908.4,62700.0,62891.1,16.99842849,13.85067013,3.14775836,10.70291177,-2219.17477302
1781811900,2026-06-18 19:45:00,62885.5,62931.7,62829.4,62866.4,22.11608816,11.6462612,10.46982696,1.17643424,-2217.99833878
1781812800,2026-06-18 20:00:00,62876.0,63148.1,62876.0,63098.5,57.40042724,49.21243779,8.18798945,41.02444834,-2176.97389044
1781813700,2026-06-18 20:15:00,63093.3,63190.9,63035.0,63048.7,15.38615105,14.07462858,1.31152247,12.76310611,-2164.21078433
1781814600,2026-06-18 20:30:00,63048.4,63110.0,63002.7,63066.1,7.5343971,6.02204313,1.51235397,4.50968916,-2159.70109517
1781815500,2026-06-18 20:45:00,63066.1,63066.1,62984.4,63016.3,7.51740071,1.91093414,5.60646657,-3.69553243,-2163.3966276
1781816400,2026-06-18 21:00:00,63016.0,63055.2,62841.0,62846.3,31.64237075,4.12816698,27.51420377,-23.38603679,-2186.78266439
1781817300,2026-06-18 21:15:00,62850.9,62981.1,62798.6,62892.4,13.74007531,5.43027948,8.30979583,-2.87951635,-2189.66218074
1781818200,2026-06-18 21:30:00,62892.4,62919.7,62815.7,62865.4,2.87877331,0.99620504,1.88256827,-0.88636323,-2190.54854397
1781819100,2026-06-18 21:45:00,62855.5,62934.6,62814.2,62904.7,7.06166958,4.17024449,2.89142509,1.2788194,-2189.26972457
1781820000,2026-06-18 22:00:00,62904.7,62917.7,62842.1,62859.8,3.66017982,1.08753067,2.57264915,-1.48511848,-2190.75484305
1781820900,2026-06-18 22:15:00,62859.9,62859.9,62721.0,62766.8,7.80211621,1.91683058,5.88528563,-3.96845505,-2194.7232981
1781821800,2026-06-18 22:30:00,62766.8,62786.1,62688.3,62746.2,53.34479848,0.77031951,52.57447897,-51.80415946,-2246.52745756
1781822700,2026-06-18 22:45:00,62746.2,62813.7,62715.1,62813.7,16.27092593,14.17511226,2.09581367,12.07929859,-2234.44815897
1781823600,2026-06-18 23:00:00,62813.7,62844.9,62694.6,62697.2,39.85325606,3.30899574,36.54426032,-33.23526458,-2267.68342355
1781824500,2026-06-18 23:15:00,62697.2,62802.9,62697.1,62802.9,6.05854839,4.24602051,1.81252788,2.43349263,-2265.24993092
1781825400,2026-06-18 23:30:00,62807.9,62872.1,62807.9,62844.9,8.6933716,6.94202971,1.75134189,5.19068782,-2260.0592431
1781826300,2026-06-18 23:45:00,62844.8,62917.7,62800.0,62885.6,13.61842577,12.83192487,0.7865009,12.04542397,-2248.01381913
1781827200,2026-06-19 00:00:00,62885.7,62903.7,62785.0,62790.6,6.55455988,2.15437976,4.40018012,-2.24580036,-2250.25961949
1781828100,2026-06-19 00:15:00,62790.5,62921.2,62785.1,62879.6,3.99020116,2.89264971,1.09755145,1.79509826,-2248.46452123
1781829000,2026-06-19 00:30:00,62897.0,62990.6,62897.0,62990.6,14.59240034,13.88136152,0.71103882,13.1703227,-2235.29419853
1781829900,2026-06-19 00:45:00,62990.8,63016.6,62913.6,62946.9,7.93756944,5.76472039,2.17284905,3.59187134,-2231.70232719
1781830800,2026-06-19 01:00:00,62946.9,63018.6,62846.0,62902.0,8.97296145,1.93813243,7.03482902,-5.09669659,-2236.79902378
1781831700,2026-06-19 01:15:00,62902.0,63033.4,62859.6,62859.6,4.86272793,2.22835174,2.63437619,-0.40602445,-2237.20504823
1781832600,2026-06-19 01:30:00,62859.7,62889.3,62796.0,62850.9,5.23106427,2.41791468,2.81314959,-0.39523491,-2237.60028314
1781833500,2026-06-19 01:45:00,62850.9,62961.3,62850.9,62952.3,3.87073258,2.01367816,1.85705442,0.15662374,-2237.4436594
1781834400,2026-06-19 02:00:00,62956.5,63040.5,62939.7,62960.0,14.13194947,12.88802245,1.24392702,11.64409543,-2225.79956397
1781835300,2026-06-19 02:15:00,62960.0,62994.5,62878.7,62884.9,5.3445303,1.77941762,3.56511268,-1.78569506,-2227.58525903
1781836200,2026-06-19 02:30:00,62884.9,62952.5,62852.4,62876.9,2.509599,0.78604611,1.72355289,-0.93750678,-2228.52276581
1781837100,2026-06-19 02:45:00,62877.0,62944.2,62840.9,62944.2,3.99224634,2.14159206,1.85065428,0.29093778,-2228.23182803
1781838000,2026-06-19 03:00:00,62944.2,62963.4,62657.8,62668.0,17.20052649,0.60128771,16.59923878,-15.99795107,-2244.2297791
1781838900,2026-06-19 03:15:00,62670.0,62778.6,62335.7,62774.7,98.46600929,13.81109094,84.65491835,-70.84382741,-2315.07360651
1781839800,2026-06-19 03:30:00,62771.0,62771.0,62554.2,62615.0,6.57452919,5.06021036,1.51431883,3.54589153,-2311.52771498
1781840700,2026-06-19 03:45:00,62615.0,62740.9,62572.9,62695.3,65.17904079,2.27480468,62.90423611,-60.62943143,-2372.15714641
1781841600,2026-06-19 04:00:00,62695.3,62797.8,62570.1,62797.7,15.10603538,13.55742587,1.54860951,12.00881636,-2360.14833005
1781842500,2026-06-19 04:15:00,62797.7,62840.9,62656.5,62666.3,7.40485851,2.54181382,4.86304469,-2.32123087,-2362.46956092
1781843400,2026-06-19 04:30:00,62663.7,62663.8,62479.9,62547.2,3.41197597,0.95675741,2.45521856,-1.49846115,-2363.96802207
1781844300,2026-06-19 04:45:00,62547.2,62618.9,62349.9,62387.0,63.55406471,47.55009297,16.00397174,31.54612123,-2332.42190084
1781845200,2026-06-19 05:00:00,62386.6,62602.9,62386.5,62602.9,6.61628927,4.4524207,2.16386857,2.28855213,-2330.13334871
1781846100,2026-06-19 05:15:00,62602.9,62602.9,62520.2,62544.8,1.89833712,0.83757671,1.06076041,-0.2231837,-2330.35653241
1781847000,2026-06-19 05:30:00,62544.8,62605.0,62500.5,62583.8,2.86519288,1.28552714,1.57966574,-0.2941386,-2330.65067101
1781847900,2026-06-19 05:45:00,62583.8,62674.2,62583.8,62667.0,2.57877464,1.7552243,0.82355034,0.93167396,-2329.71899705
1781848800,2026-06-19 06:00:00,62667.0,62771.1,62666.9,62771.1,7.13456566,4.90979219,2.22477347,2.68501872,-2327.03397833
1781849700,2026-06-19 06:15:00,62771.1,62780.5,62700.0,62772.6,9.83523961,6.49407525,3.34116436,3.15291089,-2323.88106744
1781850600,2026-06-19 06:30:00,62772.6,62800.0,62686.2,62764.0,4.56208274,2.23928273,2.32280001,-0.08351728,-2323.96458472
1781851500,2026-06-19 06:45:00,62762.9,62846.5,62711.4,62830.7,3.35314825,2.01724704,1.33590121,0.68134583,-2323.28323889
1781852400,2026-06-19 07:00:00,62830.8,62846.5,62729.6,62729.6,1.88100444,0.24684881,1.63415563,-1.38730682,-2324.67054571
1781853300,2026-06-19 07:15:00,62727.2,62765.3,62668.1,62678.1,1.15440913,0.49066502,0.66374411,-0.17307909,-2324.8436248
1781854200,2026-06-19 07:30:00,62678.1,62770.7,62448.0,62469.9,6.79590994,3.0029974,3.79291254,-0.78991514,-2325.63353994
1781855100,2026-06-19 07:45:00,62489.9,62604.6,62455.6,62555.2,3.16152417,1.41598801,1.74553616,-0.32954815,-2325.96308809
1781856000,2026-06-19 08:00:00,62555.2,62598.0,62500.1,62597.9,8.34709382,1.58072126,6.76637256,-5.1856513,-2331.14873939
1781856900,2026-06-19 08:15:00,62598.0,62640.9,62542.9,62605.2,1.8103739,0.49435874,1.31601516,-0.82165642,-2331.97039581
1781857800,2026-06-19 08:30:00,62605.2,62699.9,62540.9,62583.7,4.47844706,1.63796316,2.8404839,-1.20252074,-2333.17291655
1781858700,2026-06-19 08:45:00,62583.7,62604.1,62521.7,62528.4,2.5770842,1.54645155,1.03063265,0.5158189,-2332.65709765
1781859600,2026-06-19 09:00:00,62534.2,62591.4,62268.5,62365.9,11.84332378,4.0888697,7.75445408,-3.66558438,-2336.32268203
1781860500,2026-06-19 09:15:00,62365.9,62406.3,62268.6,62324.0,5.23865389,1.83052753,3.40812636,-1.57759883,-2337.90028086
1781861400,2026-06-19 09:30:00,62324.0,62418.8,62324.0,62364.7,9.0414556,5.46066118,3.58079442,1.87986676,-2336.0204141
1781862300,2026-06-19 09:45:00,62364.7,62364.7,62285.7,62333.8,9.45090378,3.29259006,6.15831372,-2.86572366,-2338.88613776
1781863200,2026-06-19 10:00:00,62333.8,62484.8,62322.0,62460.9,11.64908812,10.6804804,0.96860772,9.71187268,-2329.17426508
1781864100,2026-06-19 10:15:00,62478.2,62478.2,62360.6,62437.0,8.43735038,1.29315843,7.14419195,-5.85103352,-2335.0252986
1781865000,2026-06-19 10:30:00,62437.0,62437.0,62355.0,62371.3,1.82079296,0.83218843,0.98860453,-0.1564161,-2335.1817147
1781865900,2026-06-19 10:45:00,62362.2,62530.6,62355.0,62471.5,2.01174475,1.80489638,0.20684837,1.59804801,-2333.58366669
1781866800,2026-06-19 11:00:00,62471.5,62513.4,62401.3,62403.4,2.11608445,1.0832564,1.03282805,0.05042835,-2333.53323834
1781867700,2026-06-19 11:15:00,62437.0,62626.9,62401.3,62588.8,129.25307977,127.78846821,1.46461156,126.32385665,-2207.20938169
1781868600,2026-06-19 11:30:00,62588.8,62615.2,62534.1,62606.9,7.73344637,3.93449233,3.79895404,0.13553829,-2207.0738434
1781869500,2026-06-19 11:45:00,62606.9,62616.6,62549.8,62574.0,12.02587298,3.94275845,8.08311453,-4.14035608,-2211.21419948
1781870400,2026-06-19 12:00:00,62574.0,62616.6,62540.2,62580.5,6.74087937,3.75027923,2.99060014,0.75967909,-2210.45452039
1781871300,2026-06-19 12:15:00,62564.3,62564.3,62440.9,62500.8,3.60506933,1.76649406,1.83857527,-0.07208121,-2210.5266016
1781872200,2026-06-19 12:30:00,62500.2,62519.6,62361.7,62475.0,12.01002168,4.0775819,7.93243978,-3.85485788,-2214.38145948
1781873100,2026-06-19 12:45:00,62460.6,62790.9,62236.1,62771.2,233.93120622,106.67428127,127.25692495,-20.58264368,-2234.96410316
1781874000,2026-06-19 13:00:00,62771.2,62920.0,62701.3,62742.2,95.10652319,68.24936594,26.85715725,41.39220869,-2193.57189447
1781874900,2026-06-19 13:15:00,62741.0,62750.1,62618.5,62739.3,12.08518809,3.62638215,8.45880594,-4.83242379,-2198.40431826
1781875800,2026-06-19 13:30:00,62739.3,63038.6,62707.5,63018.9,20.02237072,15.49012407,4.53224665,10.95787742,-2187.44644084
1781876700,2026-06-19 13:45:00,63018.9,63344.5,63018.9,63148.2,28.66837862,23.42895423,5.23942439,18.18952984,-2169.256911
1781877600,2026-06-19 14:00:00,63152.9,63205.9,62993.1,63030.3,12.25385886,3.88284433,8.37101453,-4.4881702,-2173.7450812
1781878500,2026-06-19 14:15:00,63033.4,63237.8,62958.1,63219.6,61.89289162,6.49468707,55.39820455,-48.90351748,-2222.64859868
1781879400,2026-06-19 14:30:00,63215.2,63345.6,63116.5,63251.1,19.15846249,17.42915297,1.72930952,15.69984345,-2206.94875523
1781880300,2026-06-19 14:45:00,63251.4,63319.5,63150.0,63150.0,10.66656589,6.46080405,4.20576184,2.25504221,-2204.69371302
1781881200,2026-06-19 15:00:00,63150.1,63190.9,63075.7,63119.5,52.24113929,1.64118699,50.5999523,-48.95876531,-2253.65247833
1781882100,2026-06-19 15:15:00,63124.5,63156.9,62970.0,62995.7,4.68894751,1.03536098,3.65358653,-2.61822555,-2256.27070388
1781883000,2026-06-19 15:30:00,62997.3,63214.7,62997.3,63181.4,7.04747738,3.01558098,4.0318964,-1.01631542,-2257.2870193
1781883900,2026-06-19 15:45:00,63187.1,63220.3,63129.2,63151.9,61.21970753,0.91830839,60.30139914,-59.38309075,-2316.67011005
1781884800,2026-06-19 16:00:00,63155.0,63327.5,63040.9,63321.4,9.85894688,7.58126682,2.27768006,5.30358676,-2311.36652329
1781885700,2026-06-19 16:15:00,63324.4,63324.5,63202.6,63265.8,19.83768776,13.34200117,6.49568659,6.84631458,-2304.52020871
1781886600,2026-06-19 16:30:00,63265.8,63314.1,63190.9,63191.0,13.50935209,8.70614241,4.80320968,3.90293273,-2300.61727598
1781887500,2026-06-19 16:45:00,63190.9,63191.0,62884.2,62915.4,25.97038765,5.39884426,20.57154339,-15.17269913,-2315.78997511
1781888400,2026-06-19 17:00:00,62915.4,62950.0,62841.0,62935.1,9.51074128,1.78217573,7.72856555,-5.94638982,-2321.73636493
1781889300,2026-06-19 17:15:00,62942.8,63043.9,62823.4,62850.4,22.77190092,2.25513079,20.51677013,-18.26163934,-2339.99800427
1781890200,2026-06-19 17:30:00,62860.2,63040.9,62860.2,63034.3,4.6823938,2.34117263,2.34122117,-4.854e-05,-2339.99805281
1781891100,2026-06-19 17:45:00,63034.3,63166.1,62986.3,63155.0,24.01025023,12.6126276,11.39762263,1.21500497,-2338.78304784
1781892000,2026-06-19 18:00:00,63155.1,63155.1,63050.6,63090.9,9.68124945,0.83062736,8.85062209,-8.01999473,-2346.80304257
1781892900,2026-06-19 18:15:00,63091.0,63091.0,63052.5,63057.3,1.86984556,1.38452489,0.48532067,0.89920422,-2345.90383835
1781893800,2026-06-19 18:30:00,63057.1,63105.0,62940.9,62994.9,29.84946111,14.24521449,15.60424662,-1.35903213,-2347.26287048
1781894700,2026-06-19 18:45:00,63001.9,63078.1,62955.9,63061.6,2.74984338,2.36109783,0.38874555,1.97235228,-2345.2905182
1781895600,2026-06-19 19:00:00,63061.6,63064.5,62952.2,62998.7,4.80493928,3.96858512,0.83635416,3.13223096,-2342.15828724
1781896500,2026-06-19 19:15:00,62998.8,63004.8,62890.9,62931.3,4.76558885,2.0938433,2.67174555,-0.57790225,-2342.73618949
1781897400,2026-06-19 19:30:00,62931.3,62963.1,62914.4,62945.9,7.70935213,6.54706954,1.16228259,5.38478695,-2337.35140254
1781898300,2026-06-19 19:45:00,62945.9,63065.8,62934.0,62973.4,5.90628565,3.90796665,1.998319,1.90964765,-2335.44175489
1781899200,2026-06-19 20:00:00,62973.3,63027.3,62961.8,63013.8,2.07475221,0.61077653,1.46397568,-0.85319915,-2336.29495404
1781900100,2026-06-19 20:15:00,63013.7,63024.4,62902.2,63019.7,6.11649981,1.02395682,5.09254299,-4.06858617,-2340.36354021
1781901000,2026-06-19 20:30:00,63020.4,63036.2,62970.2,63031.8,2.59546299,1.42848282,1.16698017,0.26150265,-2340.10203756
1781901900,2026-06-19 20:45:00,63036.2,63201.9,63031.8,63185.1,21.31849107,19.2334625,2.08502857,17.14843393,-2322.95360363
1781902800,2026-06-19 21:00:00,63186.4,63201.9,63094.2,63201.8,5.06431164,0.99508119,4.06923045,-3.07414926,-2326.02775289
1781903700,2026-06-19 21:15:00,63201.7,63201.7,63097.9,63100.3,2.47411288,1.12249343,1.35161945,-0.22912602,-2326.25687891
1781904600,2026-06-19 21:30:00,63101.1,63112.3,63040.9,63040.9,3.42148842,2.25387178,1.16761664,1.08625514,-2325.17062377
1781905500,2026-06-19 21:45:00,63040.9,63070.3,62995.7,63013.3,2.68275683,1.28733494,1.39542189,-0.10808695,-2325.27871072
1781906400,2026-06-19 22:00:00,63013.4,63053.3,62991.9,63037.5,2.88046024,1.45147433,1.42898591,0.02248842,-2325.2562223
1781907300,2026-06-19 22:15:00,63037.4,63236.0,63037.3,63204.8,12.21834052,8.19656768,4.02177284,4.17479484,-2321.08142746
1781908200,2026-06-19 22:30:00,63204.8,63255.0,63167.5,63255.0,14.78879654,12.75151353,2.03728301,10.71423052,-2310.36719694
1781909100,2026-06-19 22:45:00,63254.9,63300.5,63249.0,63250.0,22.38157797,10.58023946,11.80133851,-1.22109905,-2311.58829599
1781910000,2026-06-19 23:00:00,63250.0,63276.1,63219.8,63230.0,5.87697154,5.72405403,0.15291751,5.57113652,-2306.01715947
1781910900,2026-06-19 23:15:00,63229.9,63276.0,63222.1,63256.5,3.29523006,2.98994377,0.30528629,2.68465748,-2303.33250199
1781911800,2026-06-19 23:30:00,63257.5,63291.7,63245.8,63278.4,23.8019305,23.42063776,0.38129274,23.03934502,-2280.29315697
1781912700,2026-06-19 23:45:00,63276.0,63590.9,63242.5,63486.4,40.54474145,30.76654823,9.77819322,20.98835501,-2259.30480196
1781913600,2026-06-20 00:00:00,63486.3,63546.5,63412.0,63460.3,8.13249064,3.10641625,5.02607439,-1.91965814,-2261.2244601
1781914500,2026-06-20 00:15:00,63460.3,63579.8,63412.0,63558.0,13.11246121,12.49742954,0.61503167,11.88239787,-2249.34206223
1781915400,2026-06-20 00:30:00,63558.0,63719.6,63483.0,63560.1,58.92545552,51.35699386,7.56846166,43.7885322,-2205.55353003
1781916300,2026-06-20 00:45:00,63560.0,63560.0,63470.9,63474.4,21.48458093,2.62619494,18.85838599,-16.23219105,-2221.78572108
1781917200,2026-06-20 01:00:00,63474.4,63477.3,63376.8,63394.8,6.74151325,1.16005353,5.58145972,-4.42140619,-2226.20712727
1781918100,2026-06-20 01:15:00,63394.7,63460.9,63346.8,63460.9,4.29395122,3.83132755,0.46262367,3.36870388,-2222.83842339
1781919000,2026-06-20 01:30:00,63460.9,63560.0,63452.2,63510.7,4.33071822,3.57777536,0.75294286,2.8248325,-2220.01359089
1781919900,2026-06-20 01:45:00,63510.6,63529.8,63494.7,63512.2,7.27887599,4.64752092,2.63135507,2.01616585,-2217.99742504
1781920800,2026-06-20 02:00:00,63512.1,63512.1,63413.5,63413.5,2.21599333,0.85620892,1.35978441,-0.50357549,-2218.50100053
1781921700,2026-06-20 02:15:00,63413.6,63413.6,63350.0,63355.0,17.00725303,16.14182152,0.86543151,15.27639001,-2203.22461052
1781922600,2026-06-20 02:30:00,63355.0,63434.0,63322.7,63338.5,5.80905027,0.70501428,5.10403599,-4.39902171,-2207.62363223
1781923500,2026-06-20 02:45:00,63341.2,63367.0,63290.9,63291.0,8.30517977,0.41070791,7.89447186,-7.48376395,-2215.10739618
1781924400,2026-06-20 03:00:00,63291.0,63323.9,63280.0,63303.5,2.52063078,0.82854219,1.69208859,-0.8635464,-2215.97094258
1781925300,2026-06-20 03:15:00,63301.3,63390.9,63301.2,63380.2,2.43772458,2.14815484,0.28956974,1.8585851,-2214.11235748
1781926200,2026-06-20 03:30:00,63380.1,63453.7,63358.0,63429.8,2.81142579,1.4812532,1.33017259,0.15108061,-2213.96127687
1781927100,2026-06-20 03:45:00,63427.5,63436.2,63379.1,63410.9,1.63906974,1.3383152,0.30075454,1.03756066,-2212.92371621
1781928000,2026-06-20 04:00:00,63410.9,63435.9,63356.2,63356.3,11.67246286,6.90159227,4.77087059,2.13072168,-2210.79299453
1781928900,2026-06-20 04:15:00,63356.4,63490.9,63356.3,63490.8,3.33512006,1.0599347,2.27518536,-1.21525066,-2212.00824519
1781929800,2026-06-20 04:30:00,63490.9,63540.9,63451.4,63540.9,1.16708347,0.86774894,0.29933453,0.56841441,-2211.43983078
1781930700,2026-06-20 04:45:00,63540.8,63540.9,63490.0,63510.4,2.1229386,1.43700559,0.68593301,0.75107258,-2210.6887582
1781931600,2026-06-20 05:00:00,63512.8,63824.3,63482.4,63750.4,81.13184854,75.51034994,5.6214986,69.88885134,-2140.79990686
1781932500,2026-06-20 05:15:00,63750.4,63750.4,63577.4,63577.4,3.86463144,1.82985421,2.03477723,-0.20492302,-2141.00482988
1781933400,2026-06-20 05:30:00,63577.5,63653.2,63577.4,63586.5,1.40688011,0.29153591,1.1153442,-0.82380829,-2141.82863817
1781934300,2026-06-20 05:45:00,63586.5,63624.2,63540.9,63622.6,2.77250986,2.24668301,0.52582685,1.72085616,-2140.10778201
1781935200,2026-06-20 06:00:00,63622.6,63645.5,63588.4,63591.5,0.66534215,0.30330756,0.36203459,-0.05872703,-2140.16650904
1781936100,2026-06-20 06:15:00,63613.8,63670.2,63587.0,63638.1,1.03478032,0.32356841,0.71121191,-0.3876435,-2140.55415254
1781937000,2026-06-20 06:30:00,63638.2,63690.0,63638.1,63690.0,1.31817351,1.06554353,0.25262998,0.81291355,-2139.74123899
1781937900,2026-06-20 06:45:00,63689.9,63690.0,63664.8,63668.6,1.58342278,0.30374393,1.27967885,-0.97593492,-2140.71717391
1781938800,2026-06-20 07:00:00,63668.7,63668.7,63541.0,63603.6,3.44170496,0.52662615,2.91507881,-2.38845266,-2143.10562657
1781939700,2026-06-20 07:15:00,63606.7,63726.9,63606.6,63713.4,1.29103272,0.79109448,0.49993824,0.29115624,-2142.81447033
1781940600,2026-06-20 07:30:00,63713.5,63729.1,63662.6,63700.0,0.99430617,0.47912481,0.51518136,-0.03605655,-2142.85052688
1781941500,2026-06-20 07:45:00,63685.4,63705.7,63599.3,63599.4,0.70517369,0.39816931,0.30700438,0.09116493,-2142.75936195
1781942400,2026-06-20 08:00:00,63599.4,63599.4,63447.3,63483.8,3.36336157,1.91326117,1.4501004,0.46316077,-2142.29620118
1781943300,2026-06-20 08:15:00,63483.8,63516.7,63423.5,63423.5,1.41216263,0.51534453,0.8968181,-0.38147357,-2142.67767475
1781944200,2026-06-20 08:30:00,63423.6,63423.6,63381.9,63400.1,4.85954267,2.88629868,1.97324399,0.91305469,-2141.76462006
1781945100,2026-06-20 08:45:00,63400.0,63400.1,63340.9,63360.6,1.23268772,0.73382294,0.49886478,0.23495816,-2141.5296619
1781946000,2026-06-20 09:00:00,63360.7,63469.6,63360.1,63469.5,8.85915396,6.64602538,2.21312858,4.4328968,-2137.0967651
1781946900,2026-06-20 09:15:00,63469.6,63517.5,63445.5,63501.1,2.01796953,1.40638046,0.61158907,0.79479139,-2136.30197371
1781947800,2026-06-20 09:30:00,63501.1,63640.9,63501.1,63639.8,1.49063045,1.08871266,0.40191779,0.68679487,-2135.61517884
1781948700,2026-06-20 09:45:00,63639.8,63715.8,63580.8,63673.0,7.82944465,6.02705207,1.80239258,4.22465949,-2131.39051935
1781949600,2026-06-20 10:00:00,63673.4,63708.7,63630.6,63634.1,0.85460989,0.30844499,0.5461649,-0.23771991,-2131.62823926
1781950500,2026-06-20 10:15:00,63634.2,63653.4,63590.9,63620.0,1.72817905,1.3289428,0.39923625,0.92970655,-2130.69853271
1781951400,2026-06-20 10:30:00,63620.0,63620.0,63540.9,63541.1,5.68907306,0.3688457,5.32022736,-4.95138166,-2135.64991437
1781952300,2026-06-20 10:45:00,63541.1,63612.2,63541.1,63603.1,1.65727854,0.35548615,1.30179239,-0.94630624,-2136.59622061
1781953200,2026-06-20 11:00:00,63603.1,63647.3,63555.3,63589.6,1.57576069,1.11739766,0.45836303,0.65903463,-2135.93718598
1781954100,2026-06-20 11:15:00,63589.5,63669.8,63589.5,63637.4,3.70105306,3.37495403,0.32609903,3.048855,-2132.88833098
1781955000,2026-06-20 11:30:00,63636.2,63679.9,63630.6,63668.7,2.63201615,2.54858452,0.08343163,2.46515289,-2130.42317809
1781955900,2026-06-20 11:45:00,63668.6,63727.3,63629.6,63629.6,2.38132415,0.55881849,1.82250566,-1.26368717,-2131.68686526
1781956800,2026-06-20 12:00:00,63629.7,63720.4,63612.2,63695.9,11.56815381,10.88348461,0.6846692,10.19881541,-2121.48804985
1781957700,2026-06-20 12:15:00,63693.6,63703.1,63650.2,63671.9,6.42997632,5.7623785,0.66759782,5.09478068,-2116.39326917
1781958600,2026-06-20 12:30:00,63671.9,63671.9,63534.2,63563.8,18.82493253,2.22535059,16.59958194,-14.37423135,-2130.76750052
1781959500,2026-06-20 12:45:00,63563.7,63597.9,63500.0,63593.7,3.54752243,1.65198452,1.89553791,-0.24355339,-2131.01105391
1781960400,2026-06-20 13:00:00,63593.7,63593.7,63537.6,63539.1,10.71083583,0.39123194,10.31960389,-9.92837195,-2140.93942586
1781961300,2026-06-20 13:15:00,63539.1,63556.6,63226.9,63257.8,15.54005438,1.34797706,14.19207732,-12.84410026,-2153.78352612
1781962200,2026-06-20 13:30:00,63275.1,63404.4,63275.1,63401.4,10.83458433,2.046883,8.78770133,-6.74081833,-2160.52434445
1781963100,2026-06-20 13:45:00,63401.3,63428.3,63312.1,63348.1,3.50917672,2.14867529,1.36050143,0.78817386,-2159.73617059
1781964000,2026-06-20 14:00:00,63345.1,63356.3,63141.3,63148.4,20.43584447,4.83895505,15.59688942,-10.75793437,-2170.49410496
1781964900,2026-06-20 14:15:00,63148.5,63290.9,63148.4,63290.9,3.48692816,1.30051197,2.18641619,-0.88590422,-2171.38000918
1781965800,2026-06-20 14:30:00,63290.9,63440.9,63284.7,63440.9,43.96280637,5.05539853,38.90740784,-33.85200931,-2205.23201849
1781966700,2026-06-20 14:45:00,63438.1,64141.1,63432.8,63892.7,81.1873795,74.02334358,7.16403592,66.85930766,-2138.37271083
1781967600,2026-06-20 15:00:00,63892.7,63966.7,63790.9,63916.7,10.71211223,8.48879988,2.22331235,6.26548753,-2132.1072233
1781968500,2026-06-20 15:15:00,63933.9,64336.4,63907.4,64117.9,67.58859742,59.23752409,8.35107333,50.88645076,-2081.22077254
1781969400,2026-06-20 15:30:00,64117.9,64141.5,64012.5,64045.4,15.9949683,5.11561801,10.87935029,-5.76373228,-2086.98450482
1781970300,2026-06-20 15:45:00,64043.4,64137.9,64014.9,64074.1,3.79146016,1.94786063,1.84359953,0.1042611,-2086.88024372
1781971200,2026-06-20 16:00:00,64075.0,64103.3,63911.1,63922.8,9.71180726,1.35790924,8.35389802,-6.99598878,-2093.8762325
1781972100,2026-06-20 16:15:00,63922.7,64035.8,63909.9,63932.9,7.23724853,6.27980595,0.95744258,5.32236337,-2088.55386913
1781973000,2026-06-20 16:30:00,63933.8,63984.1,63849.8,63937.4,2.77476057,1.02358968,1.75117089,-0.72758121,-2089.28145034
1781973900,2026-06-20 16:45:00,63937.4,63982.8,63900.7,63951.9,4.62435631,3.59064296,1.03371335,2.55692961,-2086.72452073
1781974800,2026-06-20 17:00:00,63960.6,63960.6,63833.8,63882.7,1.5032134,0.81824856,0.68496484,0.13328372,-2086.59123701
1781975700,2026-06-20 17:15:00,63885.6,63920.3,63806.6,63920.3,3.72699968,0.99009249,2.73690719,-1.7468147,-2088.33805171
1781976600,2026-06-20 17:30:00,63920.4,63953.0,63690.9,63786.8,22.32870355,3.53642837,18.79227518,-15.25584681,-2103.59389852
1781977500,2026-06-20 17:45:00,63786.7,63799.8,63733.1,63781.4,2.72045823,0.79111403,1.9293442,-1.13823017,-2104.73212869
1781978400,2026-06-20 18:00:00,63771.6,63840.9,63722.8,63756.7,3.77145442,0.9485714,2.82288302,-1.87431162,-2106.60644031
1781979300,2026-06-20 18:15:00,63756.6,63797.1,63756.6,63796.4,1.20696446,0.62082951,0.58613495,0.03469456,-2106.57174575
1781980200,2026-06-20 18:30:00,63792.8,63797.1,63714.5,63731.4,6.6779952,0.55013431,6.12786089,-5.57772658,-2112.14947233
1781981100,2026-06-20 18:45:00,63742.0,63762.8,63725.5,63725.6,2.50752992,1.24579135,1.26173857,-0.01594722,-2112.16541955
1781982000,2026-06-20 19:00:00,63725.6,63840.9,63725.5,63822.1,5.04972496,2.49370757,2.55601739,-0.06230982,-2112.22772937
1781982900,2026-06-20 19:15:00,63832.3,63850.1,63784.7,63795.0,3.12579536,2.75205664,0.37373872,2.37831792,-2109.84941145
1781983800,2026-06-20 19:30:00,63795.0,63888.0,63784.6,63870.6,2.38164226,1.75201359,0.62962867,1.12238492,-2108.72702653
1781984700,2026-06-20 19:45:00,63870.7,63883.1,63849.6,63867.6,3.95363081,3.44279105,0.51083976,2.93195129,-2105.79507524
1781985600,2026-06-20 20:00:00,63867.4,63888.0,63860.1,63888.0,2.05500548,1.82922814,0.22577734,1.6034508,-2104.19162444
1781986500,2026-06-20 20:15:00,63888.0,63888.0,63844.0,63844.1,1.47875711,0.63527294,0.84348417,-0.20821123,-2104.39983567
1781987400,2026-06-20 20:30:00,63844.1,63844.1,63799.9,63801.6,4.82136042,3.41129842,1.410062,2.00123642,-2102.39859925
1781988300,2026-06-20 20:45:00,63801.6,63853.6,63801.6,63839.6,3.84839929,3.02446433,0.82393496,2.20052937,-2100.19806988
1781989200,2026-06-20 21:00:00,63839.7,63955.8,63839.6,63916.6,6.80201586,3.37481924,3.42719662,-0.05237738,-2100.25044726
1781990100,2026-06-20 21:15:00,63916.5,63916.6,63847.8,63862.7,1.37541389,0.43956387,0.93585002,-0.49628615,-2100.74673341
1781991000,2026-06-20 21:30:00,63862.8,63956.8,63853.7,63956.2,2.86838026,2.46539657,0.40298369,2.06241288,-2098.68432053
1781991900,2026-06-20 21:45:00,63956.1,64026.0,63925.9,63935.5,3.88837038,2.72828773,1.16008265,1.56820508,-2097.11611545
1781992800,2026-06-20 22:00:00,63935.5,64080.1,63914.7,64065.4,12.66432726,11.28138636,1.3829409,9.89844546,-2087.21766999
1781993700,2026-06-20 22:15:00,64065.4,64234.0,64009.1,64224.8,10.13442138,7.85505584,2.27936554,5.5756903,-2081.64197969
1781994600,2026-06-20 22:30:00,64225.7,64264.9,64165.8,64180.7,7.32189152,3.82591992,3.4959716,0.32994832,-2081.31203137
1781995500,2026-06-20 22:45:00,64204.7,64239.2,64174.2,64205.2,5.93981015,4.06764072,1.87216943,2.19547129,-2079.11656008
1781996400,2026-06-20 23:00:00,64205.2,64212.8,64177.7,64197.9,1.37808512,0.56535856,0.81272656,-0.247368,-2079.36392808
1781997300,2026-06-20 23:15:00,64197.9,64241.9,64191.3,64194.5,13.56440115,8.05961866,5.50478249,2.55483617,-2076.80909191
1781998200,2026-06-20 23:30:00,64195.6,64255.2,64177.5,64255.2,12.47979911,11.03499815,1.44480096,9.59019719,-2067.21889472
1781999100,2026-06-20 23:45:00,64255.1,64255.2,64209.1,64250.1,9.00106471,1.0474382,7.95362651,-6.90618831,-2074.12508303
1782000000,2026-06-21 00:00:00,64250.1,64250.1,64164.2,64188.0,36.53122407,0.93576179,35.59546228,-34.65970049,-2108.78478352
1782000900,2026-06-21 00:15:00,64188.1,64223.1,64161.5,64191.5,0.72672344,0.34344388,0.38327956,-0.03983568,-2108.8246192
1782001800,2026-06-21 00:30:00,64195.1,64237.6,64181.5,64228.7,3.79740555,3.47063429,0.32677126,3.14386303,-2105.68075617
1782002700,2026-06-21 00:45:00,64228.6,64242.6,64185.7,64216.9,2.58193242,1.80189847,0.78003395,1.02186452,-2104.65889165
1782003600,2026-06-21 01:00:00,64216.9,64232.3,64183.0,64183.1,0.96810611,0.70891885,0.25918726,0.44973159,-2104.20916006
1782004500,2026-06-21 01:15:00,64183.1,64183.1,64159.8,64162.6,1.92221795,0.19369514,1.72852281,-1.53482767,-2105.74398773
1782005400,2026-06-21 01:30:00,64162.6,64213.4,64132.1,64177.1,1.86076434,1.00159368,0.85917066,0.14242302,-2105.60156471
1782006300,2026-06-21 01:45:00,64177.0,64240.0,64177.0,64188.3,1.4620297,0.85346183,0.60856787,0.24489396,-2105.35667075
1782007200,2026-06-21 02:00:00,64187.2,64187.2,64150.8,64180.9,1.44406378,0.61640617,0.82765761,-0.21125144,-2105.56792219
1782008100,2026-06-21 02:15:00,64180.8,64180.9,64139.8,64152.7,1.71517908,0.85289076,0.86228832,-0.00939756,-2105.57731975
1782009000,2026-06-21 02:30:00,64152.6,64187.2,64150.3,64175.6,0.99050443,0.43499039,0.55551404,-0.12052365,-2105.6978434
1782009900,2026-06-21 02:45:00,64175.6,64193.5,64174.8,64185.9,0.6522892,0.24755909,0.40473011,-0.15717102,-2105.85501442
1782010800,2026-06-21 03:00:00,64185.9,64218.0,64162.7,64216.9,1.43617478,0.82892638,0.6072484,0.22167798,-2105.63333644
1782011700,2026-06-21 03:15:00,64217.0,64400.0,64211.6,64282.5,15.53041448,14.46665771,1.06375677,13.40290094,-2092.2304355
1782012600,2026-06-21 03:30:00,64280.0,64369.2,64220.7,64369.2,6.80626235,5.87245485,0.9338075,4.93864735,-2087.29178815
1782013500,2026-06-21 03:45:00,64369.2,64369.2,64328.4,64356.7,3.48017164,0.92984742,2.55032422,-1.6204768,-2088.91226495
1782014400,2026-06-21 04:00:00,64356.7,64356.7,64311.1,64316.1,0.99267862,0.53378451,0.45889411,0.0748904,-2088.83737455
1782015300,2026-06-21 04:15:00,64316.1,64482.3,64316.0,64457.3,5.65969676,4.38349299,1.27620377,3.10728922,-2085.73008533
1782016200,2026-06-21 04:30:00,64457.3,64493.6,64406.1,64415.9,14.22242829,3.36724983,10.85517846,-7.48792863,-2093.21801396
1782017100,2026-06-21 04:45:00,64415.8,64415.9,64198.0,64199.9,2.10286913,0.35459299,1.74827614,-1.39368315,-2094.61169711
1782018000,2026-06-21 05:00:00,64200.0,64224.9,64162.1,64166.3,6.23040694,0.71838737,5.51201957,-4.7936322,-2099.40532931
1782018900,2026-06-21 05:15:00,64166.3,64214.4,64156.4,64214.4,1.32534372,0.92773168,0.39761204,0.53011964,-2098.87520967
1782019800,2026-06-21 05:30:00,64214.3,64280.5,64208.1,64233.1,1.30881986,0.238142,1.07067786,-0.83253586,-2099.70774553
1782020700,2026-06-21 05:45:00,64230.0,64230.1,64159.6,64172.7,1.9216495,0.65935895,1.26229055,-0.6029316,-2100.31067713
1782021600,2026-06-21 06:00:00,64172.7,64172.7,64118.3,64118.3,3.05277978,0.44305909,2.60972069,-2.1666616,-2102.47733873
1782022500,2026-06-21 06:15:00,64118.4,64202.2,64118.3,64202.2,3.02070624,2.68164302,0.33906322,2.3425798,-2100.13475893
1782023400,2026-06-21 06:30:00,64202.3,64240.9,64175.9,64240.8,1.48052964,0.46148703,1.01904261,-0.55755558,-2100.69231451
1782024300,2026-06-21 06:45:00,64233.6,64233.7,64214.8,64214.9,0.3407334,0.22982484,0.11090856,0.11891628,-2100.57339823
1782025200,2026-06-21 07:00:00,64214.9,64214.9,64167.7,64173.8,1.15802611,0.51404695,0.64397916,-0.12993221,-2100.70333044
1782026100,2026-06-21 07:15:00,64173.7,64179.0,64103.1,64103.1,3.87166583,0.63996658,3.23169925,-2.59173267,-2103.29506311
1782027000,2026-06-21 07:30:00,64103.2,64163.8,64103.1,64157.2,5.2983087,3.77335011,1.52495859,2.24839152,-2101.04667159
1782027900,2026-06-21 07:45:00,64157.1,64170.6,64106.0,64120.3,1.27137932,0.3096131,0.96176622,-0.65215312,-2101.69882471
1782028800,2026-06-21 08:00:00,64120.3,64136.9,64049.3,64057.4,2.14499867,0.38984576,1.75515291,-1.36530715,-2103.06413186
1782029700,2026-06-21 08:15:00,64057.3,64057.3,63931.9,63974.0,59.99631378,0.73651827,59.25979551,-58.52327724,-2161.5874091
1782030600,2026-06-21 08:30:00,63974.0,63974.0,63840.9,63881.0,3.68529043,1.75247169,1.93281874,-0.18034705,-2161.76775615
1782031500,2026-06-21 08:45:00,63885.3,63924.5,63856.3,63924.5,12.19034221,2.96873334,9.22160887,-6.25287553,-2168.02063168
1782032400,2026-06-21 09:00:00,63924.5,63937.8,63886.3,63907.4,6.12560323,0.46035265,5.66525058,-5.20489793,-2173.22552961
1782033300,2026-06-21 09:15:00,63907.4,64006.4,63898.5,63977.2,2.79670844,1.62065339,1.17605505,0.44459834,-2172.78093127
1782034200,2026-06-21 09:30:00,63977.3,64140.9,63977.2,64052.1,6.40886011,1.73992865,4.66893146,-2.92900281,-2175.70993408
1782035100,2026-06-21 09:45:00,64052.1,64140.9,64032.8,64136.6,3.25438473,2.52533638,0.72904835,1.79628803,-2173.91364605
1782036000,2026-06-21 10:00:00,64131.1,64190.9,64130.0,64190.8,5.86414588,4.69648742,1.16765846,3.52882896,-2170.38481709
1782036900,2026-06-21 10:15:00,64190.9,64307.9,64169.6,64229.0,7.16107109,5.67559503,1.48547606,4.19011897,-2166.19469812
1782037800,2026-06-21 10:30:00,64228.3,64307.4,64215.8,64276.0,6.19879078,3.0265649,3.17222588,-0.14566098,-2166.3403591
1782038700,2026-06-21 10:45:00,64276.0,64329.0,64258.7,64280.6,7.66845363,1.51587412,6.15257951,-4.63670539,-2170.97706449
1782039600,2026-06-21 11:00:00,64280.7,64376.0,64264.3,64344.0,8.73488994,5.90094906,2.83394088,3.06700818,-2167.91005631
1782040500,2026-06-21 11:15:00,64343.9,64343.9,64060.1,64307.9,8.69049295,5.6868492,3.00364375,2.68320545,-2165.22685086
1782041400,2026-06-21 11:30:00,64307.9,64307.9,64157.0,64207.3,11.85029557,0.25233224,11.59796333,-11.34563109,-2176.57248195
1782042300,2026-06-21 11:45:00,64207.2,64207.3,64047.9,64070.3,1.47438656,0.37078901,1.10359755,-0.73280854,-2177.30529049
1782043200,2026-06-21 12:00:00,64086.5,64157.7,64000.0,64008.9,3.21774378,1.28483059,1.93291319,-0.6480826,-2177.95337309
1782044100,2026-06-21 12:15:00,64008.8,64029.6,63926.5,63941.9,4.13509234,0.61848108,3.51661126,-2.89813018,-2180.85150327
1782045000,2026-06-21 12:30:00,63940.1,64008.8,63900.0,63990.3,1.90764569,1.0077201,0.89992559,0.10779451,-2180.74370876
1782045900,2026-06-21 12:45:00,63990.2,64140.9,63980.6,64117.5,2.12052927,1.8845151,0.23601417,1.64850093,-2179.09520783
1782046800,2026-06-21 13:00:00,64117.4,64117.4,64044.4,64044.4,0.97816679,0.34216992,0.63599687,-0.29382695,-2179.38903478
1782047700,2026-06-21 13:15:00,64044.5,64092.0,64044.4,64090.6,9.94279664,0.79894989,9.14384675,-8.34489686,-2187.73393164
1782048600,2026-06-21 13:30:00,64090.8,64090.8,63954.7,63974.9,1.82903551,0.31555346,1.51348205,-1.19792859,-2188.93186023
1782049500,2026-06-21 13:45:00,63974.8,64063.2,63974.8,64063.2,0.52279635,0.30923241,0.21356394,0.09566847,-2188.83619176
1782050400,2026-06-21 14:00:00,64063.2,64064.9,63989.2,63994.6,2.12860354,0.47673237,1.65187117,-1.1751388,-2190.01133056
1782051300,2026-06-21 14:15:00,63994.7,64017.2,63946.3,63967.4,3.74648757,1.35218412,2.39430345,-1.04211933,-2191.05344989
1782052200,2026-06-21 14:30:00,63967.4,64000.0,63940.9,63973.1,3.12844469,1.9234637,1.20498099,0.71848271,-2190.33496718
1782053100,2026-06-21 14:45:00,63973.1,64064.9,63954.4,64050.7,8.90194227,7.46017869,1.44176358,6.01841511,-2184.31655207
1782054000,2026-06-21 15:00:00,64050.7,64200.0,64030.0,64127.5,14.85570707,13.15624157,1.6994655,11.45677607,-2172.859776
1782054900,2026-06-21 15:15:00,64127.5,64194.1,64106.5,64194.1,1.11778643,0.36221438,0.75557205,-0.39335767,-2173.25313367
1782055800,2026-06-21 15:30:00,64194.1,64261.2,64116.6,64216.9,11.1133698,9.5510087,1.5623611,7.9886476,-2165.26448607
1782056700,2026-06-21 15:45:00,64216.8,64237.7,64150.0,64150.1,1.92378416,1.48198933,0.44179483,1.0401945,-2164.22429157
1782057600,2026-06-21 16:00:00,64150.0,64172.3,64041.0,64060.5,2.12254917,1.15445267,0.9680965,0.18635617,-2164.0379354
1782058500,2026-06-21 16:15:00,64068.1,64161.9,64043.9,64097.6,0.97013734,0.40485424,0.5652831,-0.16042886,-2164.19836426
1782059400,2026-06-21 16:30:00,64097.6,64110.0,63969.2,64030.4,4.30502928,0.83138125,3.47364803,-2.64226678,-2166.84063104
1782060300,2026-06-21 16:45:00,64030.3,64120.3,64027.0,64059.0,2.87354776,2.03029801,0.84324975,1.18704826,-2165.65358278
1782061200,2026-06-21 17:00:00,64059.0,64140.7,64039.8,64132.4,0.59981398,0.45061933,0.14919465,0.30142468,-2165.3521581
1782062100,2026-06-21 17:15:00,64132.4,64132.4,64021.0,64024.5,1.52034444,0.75122606,0.76911838,-0.01789232,-2165.37005042
1782063000,2026-06-21 17:30:00,64024.5,64045.4,64000.0,64045.3,1.46805349,1.17758791,0.29046558,0.88712233,-2164.48292809
1782063900,2026-06-21 17:45:00,64045.3,64097.7,63952.2,64061.2,158.76404042,10.62063892,148.1434015,-137.52276258,-2302.00569067
1782064800,2026-06-21 18:00:00,64059.4,64063.4,63880.5,63924.2,6.20271468,3.53523743,2.66747725,0.86776018,-2301.13793049
1782065700,2026-06-21 18:15:00,63924.2,63971.5,63924.2,63963.4,7.99547373,4.92588713,3.0695866,1.85630053,-2299.28162996
1782066600,2026-06-21 18:30:00,63963.4,64140.9,63955.2,64098.2,9.7147653,7.60651478,2.10825052,5.49826426,-2293.7833657
1782067500,2026-06-21 18:45:00,64098.1,64131.5,64060.9,64114.3,38.18154356,35.40842326,2.7731203,32.63530296,-2261.14806274
1782068400,2026-06-21 19:00:00,64114.9,64207.7,64100.0,64146.3,19.98119972,1.08862307,18.89257665,-17.80395358,-2278.95201632
1782069300,2026-06-21 19:15:00,64146.3,64158.8,64111.4,64139.2,0.68729417,0.35840421,0.32888996,0.02951425,-2278.92250207
1782070200,2026-06-21 19:30:00,64139.3,64162.6,64105.0,64133.7,2.13954581,0.60443869,1.53510712,-0.93066843,-2279.8531705
1782071100,2026-06-21 19:45:00,64133.6,64148.5,64105.4,64136.6,14.1558986,1.19931451,12.95658409,-11.75726958,-2291.61044008
1782072000,2026-06-21 20:00:00,64136.6,64187.4,64054.7,64089.6,4.76744467,1.5011235,3.26632117,-1.76519767,-2293.37563775
1782072900,2026-06-21 20:15:00,64089.7,64089.7,63981.4,64031.9,9.43605523,4.54119732,4.89485791,-0.35366059,-2293.72929834
1782073800,2026-06-21 20:30:00,64031.9,64053.6,63890.9,63897.4,1.79847595,0.53154032,1.26693563,-0.73539531,-2294.46469365
1782074700,2026-06-21 20:45:00,63897.3,63897.3,63617.1,63758.1,30.43132215,11.64461105,18.7867111,-7.14210005,-2301.6067937
1782075600,2026-06-21 21:00:00,63758.1,63800.1,63458.8,63542.2,19.63137507,2.47127175,17.16010332,-14.68883157,-2316.29562527
1782076500,2026-06-21 21:15:00,63542.1,63690.9,63440.9,63618.7,9.97488555,3.86459109,6.11029446,-2.24570337,-2318.54132864
1782077400,2026-06-21 21:30:00,63614.9,63872.8,63614.1,63798.5,16.55609804,15.74004496,0.81605308,14.92399188,-2303.61733676
1782078300,2026-06-21 21:45:00,63798.4,63854.9,63701.7,63729.4,9.19438968,4.35807971,4.83630997,-0.47823026,-2304.09556702
1782079200,2026-06-21 22:00:00,63729.7,63770.0,63506.6,63552.0,11.34180201,2.53029884,8.81150317,-6.28120433,-2310.37677135
1782080100,2026-06-21 22:15:00,63556.6,63690.9,63556.6,63647.5,18.14652296,15.61109073,2.53543223,13.0756585,-2297.30111285
1782081000,2026-06-21 22:30:00,63648.4,63648.4,63506.6,63597.3,2.30751199,1.01772577,1.28978622,-0.27206045,-2297.5731733
1782081900,2026-06-21 22:45:00,63594.4,63868.1,63580.1,63725.1,151.53758233,150.30620069,1.23138164,149.07481905,-2148.49835425
1782082800,2026-06-21 23:00:00,63725.1,63725.1,63551.8,63636.3,81.08012095,75.82534314,5.25477781,70.57056533,-2077.92778892
1782083700,2026-06-21 23:15:00,63636.2,63716.8,63565.1,63565.1,36.45953259,32.28928228,4.17025031,28.11903197,-2049.80875695
1782084600,2026-06-21 23:30:00,63565.8,63579.6,63240.9,63241.0,46.65479712,5.36441725,41.29037987,-35.92596262,-2085.73471957
1782085500,2026-06-21 23:45:00,63242.0,63312.5,63214.0,63234.0,6.19525969,2.80993267,3.38532702,-0.57539435,-2086.31011392
1782086400,2026-06-22 00:00:00,63234.0,63519.5,63234.0,63441.2,11.70351259,4.86887579,6.8346368,-1.96576101,-2088.27587493
1782087300,2026-06-22 00:15:00,63441.1,63666.2,63419.1,63640.8,5.15865057,4.13434001,1.02431056,3.11002945,-2085.16584548
1782088200,2026-06-22 00:30:00,63640.8,64000.0,63631.4,63852.1,15.86023054,12.54179971,3.31843083,9.22336888,-2075.9424766
1782089100,2026-06-22 00:45:00,63849.9,63920.0,63671.3,63822.6,7.71780378,5.95117375,1.76663003,4.18454372,-2071.75793288
1782090000,2026-06-22 01:00:00,63822.6,63932.6,63785.3,63798.0,148.82867437,147.1508558,1.67781857,145.47303723,-1926.28489565
1782090900,2026-06-22 01:15:00,63798.0,64704.1,63798.0,64581.9,153.51742362,145.32427547,8.19314815,137.13112732,-1789.15376833
1782091800,2026-06-22 01:30:00,64578.8,64623.3,64303.4,64441.9,12.1493849,6.97524525,5.17413965,1.8011056,-1787.35266273
1782092700,2026-06-22 01:45:00,64441.8,64614.4,64408.9,64540.0,22.68775468,14.48889754,8.19885714,6.2900404,-1781.06262233
1782093600,2026-06-22 02:00:00,64535.1,64574.7,64431.7,64499.9,5.08981657,1.50539929,3.58441728,-2.07901799,-1783.14164032
1782094500,2026-06-22 02:15:00,64480.0,64558.6,64439.6,64474.4,21.03433495,15.28697485,5.7473601,9.53961475,-1773.60202557
1782095400,2026-06-22 02:30:00,64474.4,64499.9,64390.9,64426.0,12.43310924,0.45453301,11.97857623,-11.52404322,-1785.12606879
1782096300,2026-06-22 02:45:00,64426.0,64426.0,64173.4,64173.4,6.41418248,0.80325621,5.61092627,-4.80767006,-1789.93373885
1782097200,2026-06-22 03:00:00,64182.1,64182.1,63840.9,63987.3,11.48938179,2.22803227,9.26134952,-7.03331725,-1796.9670561
1782098100,2026-06-22 03:15:00,63987.4,64357.4,63987.4,64202.0,11.12112611,9.57194099,1.54918512,8.02275587,-1788.94430023
1782099000,2026-06-22 03:30:00,64202.0,64340.9,64090.9,64090.9,3.06829677,1.25492253,1.81337424,-0.55845171,-1789.50275194
1782099900,2026-06-22 03:45:00,64090.9,64126.9,63857.5,63895.2,15.67736966,0.33510166,15.342268,-15.00716634,-1804.50991828
1782100800,2026-06-22 04:00:00,63895.2,63939.2,63796.2,63901.4,5.01707991,1.10421115,3.91286876,-2.80865761,-1807.31857589
1782101700,2026-06-22 04:15:00,63901.4,63940.9,63829.3,63897.0,2.14837019,0.72175393,1.42661626,-0.70486233,-1808.02343822
1782102600,2026-06-22 04:30:00,63897.0,63983.6,63880.4,63880.4,3.92683045,2.37179669,1.55503376,0.81676293,-1807.20667529
1782103500,2026-06-22 04:45:00,63880.4,64022.0,63880.4,64022.0,1.96809905,1.53608716,0.43201189,1.10407527,-1806.10260002
1782104400,2026-06-22 05:00:00,64022.0,64203.2,64009.4,64203.2,6.26034363,4.21992939,2.04041424,2.17951515,-1803.92308487
1782105300,2026-06-22 05:15:00,64203.2,64203.2,64130.6,64166.0,9.87230489,4.40277257,5.46953232,-1.06675975,-1804.98984462
1782106200,2026-06-22 05:30:00,64162.8,64240.9,64102.7,64200.0,14.95079706,10.56362739,4.38716967,6.17645772,-1798.8133869
1782107100,2026-06-22 05:45:00,64200.0,64200.0,64118.5,64158.4,9.18305519,8.23426359,0.9487916,7.28547199,-1791.52791491
1782108000,2026-06-22 06:00:00,64158.4,64238.2,64090.9,64150.2,2.58570472,0.966405,1.61929972,-0.65289472,-1792.18080963
1782108900,2026-06-22 06:15:00,64150.2,64159.8,64013.9,64046.0,3.45456607,1.1969896,2.25757647,-1.06058687,-1793.2413965
1782109800,2026-06-22 06:30:00,64046.0,64065.3,63927.2,63957.4,2.50897144,1.34292319,1.16604825,0.17687494,-1793.06452156
1782110700,2026-06-22 06:45:00,63940.5,63955.4,63890.9,63922.6,2.95136476,0.7174479,2.23391686,-1.51646896,-1794.58099052
1782111600,2026-06-22 07:00:00,63922.7,64168.2,63891.0,64143.1,4.72423741,2.64743148,2.07680593,0.57062555,-1794.01036497
1782112500,2026-06-22 07:15:00,64143.1,64225.6,64129.0,64178.1,4.26530085,2.47756166,1.78773919,0.68982247,-1793.3205425
1782113400,2026-06-22 07:30:00,64178.1,64290.9,64173.8,64183.8,8.55594264,3.95586412,4.60007852,-0.6442144,-1793.9647569
1782114300,2026-06-22 07:45:00,64183.8,64185.1,64090.9,64120.0,2.31811669,0.73861429,1.5795024,-0.84088811,-1794.80564501
1782115200,2026-06-22 08:00:00,64120.0,64218.4,64040.9,64218.4,1.55772915,1.13694213,0.42078702,0.71615511,-1794.0894899
1782116100,2026-06-22 08:15:00,64234.2,64268.7,64122.6,64122.6,1.99243366,1.00479747,0.98763619,0.01716128,-1794.07232862
1782117000,2026-06-22 08:30:00,64122.6,64176.0,63981.9,64176.0,7.48692191,4.77642319,2.71049872,2.06592447,-1792.00640415
1782117900,2026-06-22 08:45:00,64182.7,64201.8,64040.9,64089.8,2.62387027,0.3380084,2.28586187,-1.94785347,-1793.95425762
1782118800,2026-06-22 09:00:00,64089.8,64184.2,64073.1,64111.1,22.83888193,21.17899388,1.65988805,19.51910583,-1774.43515179
1782119700,2026-06-22 09:15:00,64111.2,64114.9,64033.4,64036.4,2.42126026,0.39925083,2.02200943,-1.6227586,-1776.05791039
1782120600,2026-06-22 09:30:00,64036.5,64103.2,63990.9,64048.2,2.29966978,0.23822059,2.06144919,-1.8232286,-1777.88113899
1782121500,2026-06-22 09:45:00,64048.2,64069.1,64025.2,64064.1,0.26811194,0.16045331,0.10765863,0.05279468,-1777.82834431
1782122400,2026-06-22 10:00:00,64066.1,64191.4,64066.0,64153.2,3.53397576,1.51469654,2.01927922,-0.50458268,-1778.33292699
1782123300,2026-06-22 10:15:00,64153.1,64168.2,64091.0,64112.2,1.04636946,0.15786734,0.88850212,-0.73063478,-1779.06356177
1782124200,2026-06-22 10:30:00,64112.3,64126.9,64025.4,64025.5,0.92453976,0.16592507,0.75861469,-0.59268962,-1779.65625139
1782125100,2026-06-22 10:45:00,64025.4,64089.1,64025.4,64049.9,15.39933004,6.5154565,8.88387354,-2.36841704,-1782.02466843
1782126000,2026-06-22 11:00:00,64050.0,64311.2,64034.8,64244.2,52.0039022,50.49484958,1.50905262,48.98579696,-1733.03887147
1782126900,2026-06-22 11:15:00,64244.1,64380.7,64164.6,64300.3,8.82766988,6.87097053,1.95669935,4.91427118,-1728.12460029
1782127800,2026-06-22 11:30:00,64299.5,64682.6,64299.4,64554.2,37.11925205,25.11960726,11.99964479,13.11996247,-1715.00463782
1782128700,2026-06-22 11:45:00,64552.8,64698.2,64503.1,64590.8,20.07216009,14.76359904,5.30856105,9.45503799,-1705.54959983
1782129600,2026-06-22 12:00:00,64590.9,64827.2,64527.5,64699.7,61.62374366,53.98710573,7.63663793,46.3504678,-1659.19913203
1782130500,2026-06-22 12:15:00,64697.0,64920.7,64632.9,64878.8,22.38299602,16.15559967,6.22739635,9.92820332,-1649.27092871
1782131400,2026-06-22 12:30:00,64888.4,65105.1,64779.4,64992.2,37.39726784,32.71160252,4.68566532,28.0259372,-1621.24499151
1782132300,2026-06-22 12:45:00,64992.2,65294.9,64924.5,65100.1,222.71917872,207.55684694,15.16233178,192.39451516,-1428.85047635
1782133200,2026-06-22 13:00:00,65100.1,65129.8,64972.2,65070.0,31.4963585,19.80639931,11.68995919,8.11644012,-1420.73403623
1782134100,2026-06-22 13:15:00,65069.9,65089.9,64872.6,64925.7,13.90763066,4.90955261,8.99807805,-4.08852544,-1424.82256167
1782135000,2026-06-22 13:30:00,64925.8,65377.1,64919.4,65338.1,58.64129844,24.41641322,34.22488522,-9.808472,-1434.63103367
1782135900,2026-06-22 13:45:00,65336.9,65517.5,65313.6,65502.0,31.99862167,18.73086908,13.26775259,5.46311649,-1429.16791718
1782136800,2026-06-22 14:00:00,65503.6,65542.1,65208.9,65230.7,20.50438063,7.72107717,12.78330346,-5.06222629,-1434.23014347
1782137700,2026-06-22 14:15:00,65230.7,65230.7,64896.1,64896.1,25.16630469,12.54910827,12.61719642,-0.06808815,-1434.29823162
1782138600,2026-06-22 14:30:00,64896.2,64990.9,64795.9,64861.9,44.70602048,11.87386917,32.83215131,-20.95828214,-1455.25651376
1782139500,2026-06-22 14:45:00,64853.1,64985.2,64776.0,64909.5,19.53756255,7.00066475,12.5368978,-5.53623305,-1460.79274681
1782140400,2026-06-22 15:00:00,64909.5,65062.6,64847.6,65012.8,43.61568241,18.46957237,25.14611004,-6.67653767,-1467.46928448
1782141300,2026-06-22 15:15:00,65012.8,65035.3,64869.1,64972.6,13.14649944,5.17520706,7.97129238,-2.79608532,-1470.2653698
1782142200,2026-06-22 15:30:00,64972.6,65041.0,64951.0,65000.0,23.27283591,16.25159579,7.02124012,9.23035567,-1461.03501413
1782143100,2026-06-22 15:45:00,65000.0,65008.9,64695.3,64762.4,22.28239618,2.78536557,19.49703061,-16.71166504,-1477.74667917
1782144000,2026-06-22 16:00:00,64768.0,64784.4,64581.2,64651.3,59.55901084,5.27881162,54.28019922,-49.0013876,-1526.74806677
1782144900,2026-06-22 16:15:00,64651.3,64713.1,64574.0,64611.4,16.262882,6.95020066,9.31268134,-2.36248068,-1529.11054745
1782145800,2026-06-22 16:30:00,64611.5,64611.5,64478.0,64507.8,28.74867139,3.40977368,25.33889771,-21.92912403,-1551.03967148
1782146700,2026-06-22 16:45:00,64507.7,64708.2,64441.8,64658.6,14.36924855,11.95787036,2.41137819,9.54649217,-1541.49317931
1782147600,2026-06-22 17:00:00,64658.6,64714.9,64562.1,64597.5,77.93296883,74.12306366,3.80990517,70.31315849,-1471.18002082
1782148500,2026-06-22 17:15:00,64605.5,64626.4,64457.0,64471.9,5.59355547,3.67843379,1.91512168,1.76331211,-1469.41670871
1782149400,2026-06-22 17:30:00,64471.8,64471.8,64326.6,64360.9,9.48517675,3.30953998,6.17563677,-2.86609679,-1472.2828055
1782150300,2026-06-22 17:45:00,64358.5,64582.0,64358.5,64539.9,17.19593543,15.13873426,2.05720117,13.08153309,-1459.20127241
1782151200,2026-06-22 18:00:00,64542.5,64645.7,64541.5,64601.1,25.3741415,8.44198306,16.93215844,-8.49017538,-1467.69144779
1782152100,2026-06-22 18:15:00,64599.8,64646.6,64502.9,64521.4,24.37600326,9.05730298,15.31870028,-6.2613973,-1473.95284509
1782153000,2026-06-22 18:30:00,64521.5,64551.9,64441.0,64441.0,11.60638668,4.94184105,6.66454563,-1.72270458,-1475.67554967
1782153900,2026-06-22 18:45:00,64443.7,64444.3,64255.0,64266.5,29.94830368,8.3734758,21.57482788,-13.20135208,-1488.87690175
1782154800,2026-06-22 19:00:00,64266.5,64342.6,64250.0,64341.0,13.03540896,12.14063942,0.89476954,11.24586988,-1477.63103187
1782155700,2026-06-22 19:15:00,64342.3,64362.3,64234.3,64274.0,56.3793266,38.74768897,17.63163763,21.11605134,-1456.51498053
1782156600,2026-06-22 19:30:00,64285.6,64375.2,64282.1,64332.6,28.91431046,25.76751241,3.14679805,22.62071436,-1433.89426617
1782157500,2026-06-22 19:45:00,64332.6,64433.1,64215.0,64426.9,15.07405445,5.12812252,9.94593193,-4.81780941,-1438.71207558
1782158400,2026-06-22 20:00:00,64415.5,64590.9,64408.7,64461.3,36.50615076,34.47930397,2.02684679,32.45245718,-1406.2596184
1782159300,2026-06-22 20:15:00,64459.4,64475.6,64291.0,64325.7,18.3662489,7.82645831,10.53979059,-2.71333228,-1408.97295068
1782160200,2026-06-22 20:30:00,64325.8,64433.1,64325.8,64427.5,4.42269609,3.70759684,0.71509925,2.99249759,-1405.98045309
1782161100,2026-06-22 20:45:00,64413.6,64413.6,64336.6,64364.9,9.97774534,3.24732549,6.73041985,-3.48309436,-1409.46354745
1782162000,2026-06-22 21:00:00,64360.1,64410.2,64278.6,64332.5,14.26004801,6.83284373,7.42720428,-0.59436055,-1410.057908
1782162900,2026-06-22 21:15:00,64332.5,64332.5,64190.9,64237.1,8.64063435,0.97457652,7.66605783,-6.69148131,-1416.74938931
1782163800,2026-06-22 21:30:00,64237.1,64250.9,64085.9,64115.2,7.31947736,3.13516766,4.1843097,-1.04914204,-1417.79853135
1782164700,2026-06-22 21:45:00,64115.1,64240.9,64115.1,64240.9,3.91115573,2.86096746,1.05018827,1.81077919,-1415.98775216
1782165600,2026-06-22 22:00:00,64240.8,64318.3,64208.0,64240.1,2.87641765,2.54598115,0.3304365,2.21554465,-1413.77220751
1782166500,2026-06-22 22:15:00,64240.0,64240.1,63858.4,63949.1,37.81146211,2.58147503,35.22998708,-32.64851205,-1446.42071956
1782167400,2026-06-22 22:30:00,63955.9,64053.9,63742.6,63765.3,30.49514102,12.15113288,18.34400814,-6.19287526,-1452.61359482
1782168300,2026-06-22 22:45:00,63765.2,63920.8,63765.2,63891.8,11.30975574,6.0083734,5.30138234,0.70699106,-1451.90660376
1782169200,2026-06-22 23:00:00,63897.4,63940.9,63850.0,63890.0,30.17378426,7.90543547,22.26834879,-14.36291332,-1466.26951708
1782170100,2026-06-22 23:15:00,63890.0,63987.4,63826.9,63967.9,19.19046902,1.84050254,17.34996648,-15.50946394,-1481.77898102
1782171000,2026-06-22 23:30:00,63967.8,63967.8,63892.8,63916.7,4.38459341,4.01070634,0.37388707,3.63681927,-1478.14216175
1782171900,2026-06-22 23:45:00,63916.6,63976.2,63887.2,63953.6,7.70312176,6.65083293,1.05228883,5.5985441,-1472.54361765
1782172800,2026-06-23 00:00:00,63953.6,63953.6,63825.9,63889.5,6.15915337,1.75860867,4.4005447,-2.64193603,-1475.18555368
1782173700,2026-06-23 00:15:00,63889.5,63925.5,63756.3,63791.6,12.90485494,8.02946422,4.87539072,3.1540735,-1472.03148018
1782174600,2026-06-23 00:30:00,63788.5,64040.9,63788.5,64040.8,58.51515486,54.61022621,3.90492865,50.70529756,-1421.32618262
1782175500,2026-06-23 00:45:00,64040.8,64075.4,63980.9,64075.3,3.87408476,1.93246699,1.94161777,-0.00915078,-1421.3353334
1782176400,2026-06-23 01:00:00,64075.3,64200.0,64068.4,64160.9,7.80896176,6.2561308,1.55283096,4.70329984,-1416.63203356
1782177300,2026-06-23 01:15:00,64160.9,64200.0,64090.9,64122.2,4.6593673,0.45259361,4.20677369,-3.75418008,-1420.38621364
1782178200,2026-06-23 01:30:00,64137.8,64168.5,63940.9,63977.7,5.21648672,2.27630942,2.9401773,-0.66386788,-1421.05008152
1782179100,2026-06-23 01:45:00,63979.4,64090.9,63842.8,64090.8,6.76633363,4.08622067,2.68011296,1.40610771,-1419.64397381
1782180000,2026-06-23 02:00:00,64090.9,64117.4,63978.1,64041.8,1.73966353,0.98770651,0.75195702,0.23574949,-1419.40822432
1782180900,2026-06-23 02:15:00,64046.8,64140.9,64046.8,64096.6,2.49653554,1.09807684,1.3984587,-0.30038186,-1419.70860618
1782181800,2026-06-23 02:30:00,64096.6,64150.0,64096.5,64137.6,9.58563368,8.72455572,0.86107796,7.86347776,-1411.84512842
1782182700,2026-06-23 02:45:00,64137.5,64187.8,64098.4,64130.2,6.85818024,2.94687691,3.91130333,-0.96442642,-1412.80955484
1782183600,2026-06-23 03:00:00,64130.2,64130.2,63890.9,63945.0,5.72804674,0.57424899,5.15379775,-4.57954876,-1417.3891036
1782184500,2026-06-23 03:15:00,63944.9,64020.2,63944.9,64020.2,5.51982893,4.01361603,1.5062129,2.50740313,-1414.88170047
1782185400,2026-06-23 03:30:00,64020.1,64020.2,63905.4,63911.6,12.75740396,2.62393495,10.13346901,-7.50953406,-1422.39123453
1782186300,2026-06-23 03:45:00,63911.5,63999.6,63911.5,63989.0,1.48315674,0.43320726,1.04994948,-0.61674222,-1423.00797675
1782187200,2026-06-23 04:00:00,63989.0,64018.7,63945.5,63979.4,1.58986229,0.5495475,1.04031479,-0.49076729,-1423.49874404
1782188100,2026-06-23 04:15:00,63979.5,63979.5,63850.0,63897.4,4.13324474,1.59886248,2.53438226,-0.93551978,-1424.43426382
1782189000,2026-06-23 04:30:00,63897.3,63902.6,63735.3,63738.3,8.53082617,1.14043907,7.3903871,-6.24994803,-1430.68421185
1782189900,2026-06-23 04:45:00,63737.4,63779.5,63544.3,63556.0,12.73890673,2.26293774,10.47596899,-8.21303125,-1438.8972431
1782190800,2026-06-23 05:00:00,63556.0,63655.6,63544.9,63547.6,7.30286222,2.54189354,4.76096868,-2.21907514,-1441.11631824
1782191700,2026-06-23 05:15:00,63547.5,63601.2,63280.4,63389.9,86.12942153,6.66029885,79.46912268,-72.80882383,-1513.92514207
1782192600,2026-06-23 05:30:00,63409.9,63444.7,63324.4,63382.3,6.11869165,2.71889025,3.3998014,-0.68091115,-1514.60605322
1782193500,2026-06-23 05:45:00,63382.3,63386.8,63301.1,63312.1,11.13601273,2.56565766,8.57035507,-6.00469741,-1520.61075063
1782194400,2026-06-23 06:00:00,63324.0,63325.1,63054.0,63124.8,24.47105373,1.9590972,22.51195653,-20.55285933,-1541.16360996
1782195300,2026-06-23 06:15:00,63124.9,63202.0,62510.0,62692.2,91.62813697,27.75136178,63.87677519,-36.12541341,-1577.28902337
1782196200,2026-06-23 06:30:00,62692.2,62919.1,62623.6,62879.9,16.32529333,8.17917724,8.14611609,0.03306115,-1577.25596222
1782197100,2026-06-23 06:45:00,62879.8,62967.2,62844.2,62867.3,7.01830845,5.02041712,1.99789133,3.02252579,-1574.23343643
1782198000,2026-06-23 07:00:00,62864.3,62974.8,62825.5,62952.0,18.48837307,14.31951283,4.16886024,10.15065259,-1564.08278384
1782198900,2026-06-23 07:15:00,62952.0,63005.0,62915.7,62939.2,11.15458287,7.62762711,3.52695576,4.10067135,-1559.98211249
1782199800,2026-06-23 07:30:00,62923.9,62955.6,62801.1,62808.9,12.79892473,2.02336898,10.77555575,-8.75218677,-1568.73429926
1782200700,2026-06-23 07:45:00,62808.8,62896.4,62799.7,62799.7,19.84966226,6.53586306,13.3137992,-6.77793614,-1575.5122354
1782201600,2026-06-23 08:00:00,62799.8,62857.8,62572.5,62579.5,26.98201246,4.38512769,22.59688477,-18.21175708,-1593.72399248
1782202500,2026-06-23 08:15:00,62579.5,62599.1,61881.1,61993.2,157.35457407,24.81461468,132.53995939,-107.72534471,-1701.44933719
1782203400,2026-06-23 08:30:00,61973.9,62361.3,61973.9,62331.7,51.85909635,39.18638943,12.67270692,26.51368251,-1674.93565468
1782204300,2026-06-23 08:45:00,62321.4,62393.2,62246.6,62303.3,9.85432457,5.34976014,4.50456443,0.84519571,-1674.09045897
1782205200,2026-06-23 09:00:00,62303.3,62395.5,62285.3,62363.1,6.08155311,4.59790127,1.48365184,3.11424943,-1670.97620954
1782206100,2026-06-23 09:15:00,62363.0,62440.3,62363.0,62440.2,13.76319915,11.57569218,2.18750697,9.38818521,-1661.58802433
1782207000,2026-06-23 09:30:00,62440.2,62440.2,62280.0,62300.6,16.88838315,2.58139351,14.30698964,-11.72559613,-1673.31362046
1782207900,2026-06-23 09:45:00,62300.5,62333.5,62288.9,62301.5,128.04144046,3.35876813,124.68267233,-121.3239042,-1794.63752466
1782208800,2026-06-23 10:00:00,62306.7,62501.6,62306.6,62379.0,79.61122815,67.33344756,12.27778059,55.05566697,-1739.58185769
1782209700,2026-06-23 10:15:00,62379.1,62379.1,62259.2,62292.4,15.92835497,9.14465147,6.7837035,2.36094797,-1737.22090972
1782210600,2026-06-23 10:30:00,62293.5,62304.3,62170.9,62182.2,33.07850857,4.87972735,28.19878122,-23.31905387,-1760.53996359
1782211500,2026-06-23 10:45:00,62182.1,62268.1,62175.3,62240.2,66.09536317,10.82862882,55.26673435,-44.43810553,-1804.97806912
1782212400,2026-06-23 11:00:00,62240.2,62317.8,62238.9,62309.8,16.40223089,9.55172551,6.85050538,2.70122013,-1802.27684899
1782213300,2026-06-23 11:15:00,62309.9,62502.3,62309.8,62476.6,93.19184477,70.23959845,22.95224632,47.28735213,-1754.98949686
1782214200,2026-06-23 11:30:00,62476.5,62551.0,62466.4,62491.2,33.31046841,27.96885268,5.34161573,22.62723695,-1732.36225991
1782215100,2026-06-23 11:45:00,62491.6,62532.0,62351.1,62438.1,16.32510518,2.79094702,13.53415816,-10.74321114,-1743.10547105
1782216000,2026-06-23 12:00:00,62438.1,62479.1,62329.1,62360.6,42.24913929,6.13559831,36.11354098,-29.97794267,-1773.08341372
1782216900,2026-06-23 12:15:00,62358.4,62366.0,62278.6,62324.6,18.90995248,9.11463152,9.79532096,-0.68068944,-1773.76410316
1782217800,2026-06-23 12:30:00,62327.0,62401.3,62238.4,62266.7,15.96763893,2.3755682,13.59207073,-11.21650253,-1784.98060569
1782218700,2026-06-23 12:45:00,62266.6,62273.3,62142.1,62191.9,18.88300426,6.74923392,12.13377034,-5.38453642,-1790.36514211
1782219600,2026-06-23 13:00:00,62191.9,62222.2,62000.1,62110.6,44.9029836,9.48373639,35.41924721,-25.93551082,-1816.30065293
1782220500,2026-06-23 13:15:00,62110.1,62110.1,61956.2,61965.8,35.7552097,6.42456804,29.33064166,-22.90607362,-1839.20672655
1782221400,2026-06-23 13:30:00,61980.9,62362.9,61885.0,62328.6,40.30063141,21.6550172,18.64561421,3.00940299,-1836.19732356
1782222300,2026-06-23 13:45:00,62322.0,62464.2,62207.1,62403.8,18.1917261,7.66756667,10.52415943,-2.85659276,-1839.05391632
1782223200,2026-06-23 14:00:00,62404.0,62650.7,62366.9,62650.7,23.22001858,12.20777752,11.01224106,1.19553646,-1837.85837986
1782224100,2026-06-23 14:15:00,62653.8,62768.1,62399.6,62496.8,202.19290237,33.9270381,168.26586427,-134.33882617,-1972.19720603
1782225000,2026-06-23 14:30:00,62503.3,62680.8,62399.7,62434.8,11.42379223,3.60835929,7.81543294,-4.20707365,-1976.40427968
1782225900,2026-06-23 14:45:00,62443.7,62516.6,62356.4,62412.2,40.46170677,8.61675659,31.84495018,-23.22819359,-1999.63247327
1782226800,2026-06-23 15:00:00,62415.5,62437.4,62246.2,62294.1,23.96512993,3.60497716,20.36015277,-16.75517561,-2016.38764888
1782227700,2026-06-23 15:15:00,62310.4,62310.5,62131.0,62200.1,22.9210771,6.21453826,16.70653884,-10.49200058,-2026.87964946
1782228600,2026-06-23 15:30:00,62200.1,62396.0,62200.1,62236.3,13.06821219,9.44431492,3.62389727,5.82041765,-2021.05923181
1782229500,2026-06-23 15:45:00,62229.9,62393.7,62136.3,62393.7,12.76923924,8.90812877,3.86111047,5.0470183,-2016.01221351
1782230400,2026-06-23 16:00:00,62396.0,62740.0,62350.6,62719.6,47.08029075,28.78825701,18.29203374,10.49622327,-2005.51599024
1782231300,2026-06-23 16:15:00,62709.0,62711.2,62490.7,62504.2,22.06208028,3.04704865,19.01503163,-15.96798298,-2021.48397322
1782232200,2026-06-23 16:30:00,62504.3,62568.8,62496.1,62553.7,7.39235148,3.45197605,3.94037543,-0.48839938,-2021.9723726
1782233100,2026-06-23 16:45:00,62542.1,62561.1,62419.2,62487.7,13.21736376,6.35121678,6.86614698,-0.5149302,-2022.4873028
1782234000,2026-06-23 17:00:00,62487.6,62487.6,62340.1,62358.4,31.13657537,3.24412016,27.89245521,-24.64833505,-2047.13563785
1782234900,2026-06-23 17:15:00,62357.8,62592.8,62357.8,62573.9,60.34730651,56.65162671,3.6956798,52.95594691,-1994.17969094
1782235800,2026-06-23 17:30:00,62574.0,62607.0,62426.7,62453.7,11.26371218,2.22953095,9.03418123,-6.80465028,-2000.98434122
1782236700,2026-06-23 17:45:00,62453.7,62475.6,62262.6,62278.2,11.64036056,3.33641317,8.30394739,-4.96753422,-2005.95187544
1782237600,2026-06-23 18:00:00,62281.9,62374.0,62208.7,62310.1,5.09222965,3.10447612,1.98775353,1.11672259,-2004.83515285
1782238500,2026-06-23 18:15:00,62310.0,62330.1,62246.3,62276.9,12.70872782,3.30390089,9.40482693,-6.10092604,-2010.93607889
1782239400,2026-06-23 18:30:00,62275.2,62275.2,62054.2,62072.8,12.91633048,2.16778858,10.7485419,-8.58075332,-2019.51683221
1782240300,2026-06-23 18:45:00,62072.8,62184.4,62037.4,62166.6,20.35071565,14.89857525,5.4521404,9.44643485,-2010.07039736
1782241200,2026-06-23 19:00:00,62162.2,62342.3,62131.0,62292.5,90.47775049,23.43339524,67.04435525,-43.61096001,-2053.68135737
1782242100,2026-06-23 19:15:00,62289.8,62348.4,62178.2,62348.4,9.6898619,5.63239091,4.05747099,1.57491992,-2052.10643745
1782243000,2026-06-23 19:30:00,62348.4,62390.1,62231.9,62231.9,52.81053871,51.43932563,1.37121308,50.06811255,-2002.0383249
1782243900,2026-06-23 19:45:00,62231.8,62342.8,62198.1,62320.2,7.2668314,2.89626894,4.37056246,-1.47429352,-2003.51261842
1782244800,2026-06-23 20:00:00,62320.2,62451.4,62314.5,62356.7,9.00203269,3.31312041,5.68891228,-2.37579187,-2005.88841029
1782245700,2026-06-23 20:15:00,62367.9,62430.6,62333.4,62411.3,7.77106341,1.77584862,5.99521479,-4.21936617,-2010.10777646
1782246600,2026-06-23 20:30:00,62411.4,62415.8,62377.7,62408.2,12.47161624,2.77333155,9.69828469,-6.92495314,-2017.0327296
1782247500,2026-06-23 20:45:00,62401.4,62402.1,62307.7,62389.3,10.40204513,8.13402375,2.26802138,5.86600237,-2011.16672723
1782248400,2026-06-23 21:00:00,62390.4,62506.3,62390.4,62438.0,33.1740397,28.0228658,5.1511739,22.8716919,-1988.29503533
1782249300,2026-06-23 21:15:00,62439.5,62499.9,62395.6,62495.0,2.17274097,1.70300712,0.46973385,1.23327327,-1987.06176206
1782250200,2026-06-23 21:30:00,62495.0,62545.5,62468.7,62545.5,13.6034479,7.75314252,5.85030538,1.90283714,-1985.15892492
1782251100,2026-06-23 21:45:00,62545.5,62584.5,62505.7,62524.8,2.42752099,1.51892425,0.90859674,0.61032751,-1984.54859741
1782252000,2026-06-23 22:00:00,62525.5,62680.8,62523.7,62665.5,34.16588065,21.28149218,12.88438847,8.39710371,-1976.1514937
1782252900,2026-06-23 22:15:00,62668.0,62695.8,62500.1,62541.1,15.10219295,2.72891932,12.37327363,-9.64435431,-1985.79584801
1782253800,2026-06-23 22:30:00,62541.2,62551.8,62453.5,62483.9,7.73604263,1.0903116,6.64573103,-5.55541943,-1991.35126744
1782254700,2026-06-23 22:45:00,62483.4,62543.5,62452.2,62514.4,6.8365702,0.98833505,5.84823515,-4.8599001,-1996.21116754
1782255600,2026-06-23 23:00:00,62513.8,62541.3,62438.5,62450.5,16.40121709,0.98157773,15.41963936,-14.43806163,-2010.64922917
1782256500,2026-06-23 23:15:00,62450.4,62609.4,62450.4,62592.2,3.09647211,2.59300658,0.50346553,2.08954105,-2008.55968812
1782257400,2026-06-23 23:30:00,62592.2,62600.1,62517.0,62542.7,21.81173617,0.97240673,20.83932944,-19.86692271,-2028.42661083
1782258300,2026-06-23 23:45:00,62542.8,62700.0,62542.8,62650.3,71.93552326,70.39144982,1.54407344,68.84737638,-1959.57923445
1782259200,2026-06-24 00:00:00,62650.3,62816.3,62650.2,62786.1,72.14226568,66.60404691,5.53821877,61.06582814,-1898.51340631
1782260100,2026-06-24 00:15:00,62802.7,62843.6,62739.4,62771.4,8.9639353,2.46996218,6.49397312,-4.02401094,-1902.53741725
1782261000,2026-06-24 00:30:00,62771.2,62921.9,62720.1,62875.2,23.50403537,20.27834429,3.22569108,17.05265321,-1885.48476404
1782261900,2026-06-24 00:45:00,62875.2,62929.5,62838.0,62928.0,18.68656145,16.54506025,2.1415012,14.40355905,-1871.08120499
1782262800,2026-06-24 01:00:00,62928.4,62933.4,62788.3,62896.6,3.1558064,0.87370405,2.28210235,-1.4083983,-1872.48960329
1782263700,2026-06-24 01:15:00,62896.6,62896.6,62712.0,62823.2,5.93812876,2.73677832,3.20135044,-0.46457212,-1872.95417541
1782264600,2026-06-24 01:30:00,62823.2,63040.0,62823.2,62863.0,16.67107507,11.35521549,5.31585958,6.03935591,-1866.9148195
1782265500,2026-06-24 01:45:00,62863.0,62945.4,62856.6,62856.6,4.08548007,2.87761655,1.20786352,1.66975303,-1865.24506647
1782266400,2026-06-24 02:00:00,62856.5,62928.8,62740.7,62802.3,3.81414146,2.43187165,1.38226981,1.04960184,-1864.19546463
1782267300,2026-06-24 02:15:00,62802.3,62802.3,62613.2,62691.1,3.55071301,1.02431364,2.52639937,-1.50208573,-1865.69755036
1782268200,2026-06-24 02:30:00,62691.1,62711.4,62553.0,62642.4,16.36442722,2.59172437,13.77270285,-11.18097848,-1876.87852884
1782269100,2026-06-24 02:45:00,62642.5,62697.3,62545.0,62560.8,3.15144161,1.26414399,1.88729762,-0.62315363,-1877.50168247
1782270000,2026-06-24 03:00:00,62560.8,62600.3,62492.6,62523.7,9.43992147,0.64195947,8.797962,-8.15600253,-1885.657685
1782270900,2026-06-24 03:15:00,62523.6,62592.1,62390.6,62592.1,5.64647871,3.94893569,1.69754302,2.25139267,-1883.40629233
1782271800,2026-06-24 03:30:00,62592.2,62734.3,62592.2,62730.1,3.30972382,2.7693238,0.54040002,2.22892378,-1881.17736855
1782272700,2026-06-24 03:45:00,62730.1,62732.3,62659.1,62659.1,1.78325601,0.88030962,0.90294639,-0.02263677,-1881.20000532
1782273600,2026-06-24 04:00:00,62659.2,62674.0,62562.2,62584.2,22.5129268,20.37448469,2.13844211,18.23604258,-1862.96396274
1782274500,2026-06-24 04:15:00,62584.2,62613.0,62445.8,62522.6,1.34537266,0.86922023,0.47615243,0.3930678,-1862.57089494
1782275400,2026-06-24 04:30:00,62522.6,62665.5,62516.4,62586.9,2.85493228,2.11463598,0.7402963,1.37433968,-1861.19655526
1782276300,2026-06-24 04:45:00,62586.9,62704.1,62586.9,62672.5,8.65910166,3.84149102,4.81761064,-0.97611962,-1862.17267488
1782277200,2026-06-24 05:00:00,62678.4,62750.0,62632.5,62700.7,2.38302523,1.82375078,0.55927445,1.26447633,-1860.90819855
1782278100,2026-06-24 05:15:00,62700.7,62803.5,62699.8,62796.4,10.18883903,5.3763957,4.81244333,0.56395237,-1860.34424618
1782279000,2026-06-24 05:30:00,62796.4,62982.3,62785.0,62853.0,2.75754572,2.0166589,0.74088682,1.27577208,-1859.0684741
1782279900,2026-06-24 05:45:00,62852.5,62863.2,62785.0,62807.2,1.06106368,0.25228376,0.80877992,-0.55649616,-1859.62497026
1782280800,2026-06-24 06:00:00,62807.3,62807.3,62689.1,62750.0,2.42783653,0.36965732,2.05817921,-1.68852189,-1861.31349215
1782281700,2026-06-24 06:15:00,62750.1,62834.1,62703.2,62760.1,2.22949033,0.63101547,1.59847486,-0.96745939,-1862.28095154
1782282600,2026-06-24 06:30:00,62760.1,62788.0,62715.5,62715.5,1.46272724,0.70061144,0.7621158,-0.06150436,-1862.3424559
1782283500,2026-06-24 06:45:00,62710.8,62710.8,62650.0,62701.7,0.66229198,0.29821435,0.36407763,-0.06586328,-1862.40831918
1782284400,2026-06-24 07:00:00,62698.4,62757.9,62610.4,62743.5,4.49900826,1.9287455,2.57026276,-0.64151726,-1863.04983644
1782285300,2026-06-24 07:15:00,62742.3,62742.3,62598.1,62598.1,1.73181211,0.40240234,1.32940977,-0.92700743,-1863.97684387
1782286200,2026-06-24 07:30:00,62598.2,62648.5,62563.5,62612.9,3.11389925,1.84441668,1.26948257,0.57493411,-1863.40190976
1782287100,2026-06-24 07:45:00,62612.9,62650.0,62538.1,62559.6,12.24704327,2.18514574,10.06189753,-7.87675179,-1871.27866155
1782288000,2026-06-24 08:00:00,62559.6,62599.9,62524.8,62569.0,2.54148641,1.21350248,1.32798393,-0.11448145,-1871.393143
1782288900,2026-06-24 08:15:00,62564.2,62629.9,62564.1,62614.9,3.71814757,2.58974922,1.12839835,1.46135087,-1869.93179213
1782289800,2026-06-24 08:30:00,62615.0,62704.6,62588.9,62691.7,1.55464684,0.53214808,1.02249876,-0.49035068,-1870.42214281
1782290700,2026-06-24 08:45:00,62700.4,62719.1,62671.4,62719.0,1.33319357,0.73101951,0.60217406,0.12884545,-1870.29329736
1782291600,2026-06-24 09:00:00,62719.1,62719.1,62590.7,62695.9,3.85896925,2.20554346,1.65342579,0.55211767,-1869.74117969
1782292500,2026-06-24 09:15:00,62695.9,62696.0,62609.5,62612.6,1.95643261,0.3517261,1.60470651,-1.25298041,-1870.9941601
1782293400,2026-06-24 09:30:00,62612.5,62615.7,62569.9,62587.0,4.83796009,3.60091273,1.23704736,2.36386537,-1868.63029473
1782294300,2026-06-24 09:45:00,62587.1,62633.9,62569.9,62617.5,2.01934781,1.44626882,0.57307899,0.87318983,-1867.7571049
1782295200,2026-06-24 10:00:00,62611.0,62611.0,62485.6,62523.2,1.37141525,0.43490932,0.93650593,-0.50159661,-1868.25870151
1782296100,2026-06-24 10:15:00,62527.6,62548.4,62417.6,62454.8,13.80963762,1.73606136,12.07357626,-10.3375149,-1878.59621641
1782297000,2026-06-24 10:30:00,62454.9,62552.0,62441.1,62532.5,14.06064064,9.47573725,4.58490339,4.89083386,-1873.70538255
1782297900,2026-06-24 10:45:00,62532.5,62532.5,62336.0,62376.0,24.05151354,0.94036495,23.11114859,-22.17078364,-1895.87616619
1782298800,2026-06-24 11:00:00,62371.0,62389.9,62250.0,62296.5,6.64718436,2.02812602,4.61905834,-2.59093232,-1898.46709851
1782299700,2026-06-24 11:15:00,62296.5,62324.9,62246.1,62294.7,1.47763282,0.92603353,0.55159929,0.37443424,-1898.09266427
1782300600,2026-06-24 11:30:00,62298.2,62668.0,62298.2,62667.7,12.82803087,11.96745621,0.86057466,11.10688155,-1886.98578272
1782301500,2026-06-24 11:45:00,62665.3,63138.7,62642.4,62839.0,39.04605497,29.28976822,9.75628675,19.53348147,-1867.45230125
1782302400,2026-06-24 12:00:00,62830.7,63091.9,62733.5,62765.4,83.84385271,76.73409238,7.10976033,69.62433205,-1797.8279692
1782303300,2026-06-24 12:15:00,62765.0,62800.0,62688.3,62748.1,12.01379074,1.44827266,10.56551808,-9.11724542,-1806.94521462
1782304200,2026-06-24 12:30:00,62748.2,62809.5,62700.0,62767.5,6.402624,1.91646556,4.48615844,-2.56969288,-1809.5149075
1782305100,2026-06-24 12:45:00,62767.6,62770.6,62505.3,62529.1,6.29706829,0.77487864,5.52218965,-4.74731101,-1814.26221851
1782306000,2026-06-24 13:00:00,62531.3,62549.4,61925.7,61965.7,91.80131702,62.15428678,29.64703024,32.50725654,-1781.75496197
1782306900,2026-06-24 13:15:00,61967.4,62137.6,61600.0,61780.2,213.41105272,81.17677946,132.23427326,-51.0574938,-1832.81245577
1782307800,2026-06-24 13:30:00,61775.5,62062.5,61333.6,61400.0,177.13820739,36.57011569,140.5680917,-103.99797601,-1936.81043178
1782308700,2026-06-24 13:45:00,61400.0,61556.7,61182.3,61241.4,215.8358114,101.76985489,114.06595651,-12.29610162,-1949.1065334
1782309600,2026-06-24 14:00:00,61244.0,61365.0,61039.1,61127.7,123.62783267,47.48416569,76.14366698,-28.65950129,-1977.76603469
1782310500,2026-06-24 14:15:00,61141.5,61222.0,60809.1,61130.0,174.8108385,46.54426677,128.26657173,-81.72230496,-2059.48833965
1782311400,2026-06-24 14:30:00,61129.9,61314.3,60975.0,61081.2,163.04969541,93.98792766,69.06176775,24.92615991,-2034.56217974
1782312300,2026-06-24 14:45:00,61081.2,61160.8,60879.5,61019.0,33.41851921,14.07098971,19.3475295,-5.27653979,-2039.83871953
1782313200,2026-06-24 15:00:00,61019.0,61040.7,60775.4,60805.7,54.05882351,29.83950691,24.2193166,5.62019031,-2034.21852922
1782314100,2026-06-24 15:15:00,60805.7,61050.4,60750.0,60782.1,38.37981841,16.01060328,22.36921513,-6.35861185,-2040.57714107
1782315000,2026-06-24 15:30:00,60775.8,60775.8,60486.3,60489.4,146.00536999,20.43503686,125.57033313,-105.13529627,-2145.71243734
1782315900,2026-06-24 15:45:00,60492.0,60492.0,60179.0,60179.1,171.12606837,30.10135239,141.02471598,-110.92336359,-2256.63580093
1782316800,2026-06-24 16:00:00,60179.1,60481.0,60134.2,60456.7,48.1084829,20.40764203,27.70084087,-7.29319884,-2263.92899977
1782317700,2026-06-24 16:15:00,60456.7,60573.5,60349.6,60468.2,73.65455373,37.43498289,36.21957084,1.21541205,-2262.71358772
1782318600,2026-06-24 16:30:00,60468.2,60482.2,60108.0,60180.2,31.60143623,17.0094877,14.59194853,2.41753917,-2260.29604855
1782319500,2026-06-24 16:45:00,60174.8,60174.9,59546.6,59774.1,568.8069065,152.11544326,416.69146324,-264.57601998,-2524.87206853
1782320400,2026-06-24 17:00:00,59774.2,59972.7,59665.3,59756.0,103.67213341,39.9689618,63.70317161,-23.73420981,-2548.60627834
1782321300,2026-06-24 17:15:00,59756.7,59774.5,59259.7,59615.7,104.49619837,40.41397175,64.08222662,-23.66825487,-2572.27453321
1782322200,2026-06-24 17:30:00,59615.6,59670.9,59219.8,59258.5,43.94398101,17.49202542,26.45195559,-8.95993017,-2581.23446338
1782323100,2026-06-24 17:45:00,59258.4,59402.2,59001.0,59329.8,193.41023596,54.14214731,139.26808865,-85.12594134,-2666.36040472
1782324000,2026-06-24 18:00:00,59324.9,59535.8,59248.1,59500.0,71.16652136,48.07288895,23.09363241,24.97925654,-2641.38114818
1782324900,2026-06-24 18:15:00,59500.0,59843.8,59500.0,59628.8,87.1582633,69.04925418,18.10900912,50.94024506,-2590.44090312
1782325800,2026-06-24 18:30:00,59628.8,59659.3,59402.6,59475.4,31.85049749,10.10270154,21.74779595,-11.64509441,-2602.08599753
1782326700,2026-06-24 18:45:00,59477.0,59570.1,59336.1,59511.9,57.66764364,35.2905443,22.37709934,12.91344496,-2589.17255257
1782327600,2026-06-24 19:00:00,59523.8,59637.3,59444.5,59613.7,16.51674096,9.28415726,7.2325837,2.05157356,-2587.12097901
1782328500,2026-06-24 19:15:00,59593.1,59749.8,59514.2,59746.0,37.27102107,32.50004987,4.7709712,27.72907867,-2559.39190034
1782329400,2026-06-24 19:30:00,59750.0,59820.0,59650.0,59697.5,47.3619903,30.27477899,17.08721131,13.18756768,-2546.20433266
1782330300,2026-06-24 19:45:00,59700.0,59898.3,59684.6,59868.8,17.93370339,11.49807967,6.43562372,5.06245595,-2541.14187671
1782331200,2026-06-24 20:00:00,59881.5,60750.0,59763.2,60586.5,211.49368366,173.96536307,37.52832059,136.43704248,-2404.70483423
1782332100,2026-06-24 20:15:00,60593.7,60750.3,60502.9,60684.7,68.57447612,31.16979819,37.40467793,-6.23487974,-2410.93971397
1782333000,2026-06-24 20:30:00,60691.2,60817.2,60610.4,60808.1,33.71931185,18.31831727,15.40099458,2.91732269,-2408.02239128
1782333900,2026-06-24 20:45:00,60808.4,61100.0,60781.9,60873.0,156.64901464,97.20467161,59.44434303,37.76032858,-2370.2620627
1782334800,2026-06-24 21:00:00,60882.0,60929.9,60588.0,60650.0,22.83914593,5.04869009,17.79045584,-12.74176575,-2383.00382845
1782335700,2026-06-24 21:15:00,60650.0,60820.2,60610.8,60750.0,39.20450503,28.94335039,10.26115464,18.68219575,-2364.3216327
1782336600,2026-06-24 21:30:00,60750.0,61025.7,60726.0,60994.2,50.44870409,46.17380817,4.27489592,41.89891225,-2322.42272045
1782337500,2026-06-24 21:45:00,60993.9,61050.8,60920.8,61013.5,11.08786279,9.13038162,1.95748117,7.17290045,-2315.24982
1782338400,2026-06-24 22:00:00,61013.6,61157.0,60905.5,60905.5,45.21845807,10.09257759,35.12588048,-25.03330289,-2340.28312289
1782339300,2026-06-24 22:15:00,60912.7,60923.1,60787.2,60794.9,30.95497912,7.65752065,23.29745847,-15.63993782,-2355.92306071
1782340200,2026-06-24 22:30:00,60796.6,60850.0,60720.1,60827.5,31.97953929,1.95709534,30.02244395,-28.06534861,-2383.98840932
1782341100,2026-06-24 22:45:00,60827.5,60827.5,60724.9,60781.3,3.58072051,1.0973299,2.48339061,-1.38606071,-2385.37447003
1782342000,2026-06-24 23:00:00,60781.3,60850.0,60738.4,60783.6,4.19860565,2.52431086,1.67429479,0.85001607,-2384.52445396
1782342900,2026-06-24 23:15:00,60796.6,60933.6,60760.1,60888.1,32.99871005,1.278872,31.71983805,-30.44096605,-2414.96542001
1782343800,2026-06-24 23:30:00,60888.2,60950.0,60864.1,60933.5,6.16733958,3.79866443,2.36867515,1.42998928,-2413.53543073
1782344700,2026-06-24 23:45:00,60933.5,61005.3,60848.8,60980.8,15.50744942,11.50848836,3.99896106,7.5095273,-2406.02590343
1782345600,2026-06-25 00:00:00,60984.3,61060.9,60937.5,60991.8,14.05097256,3.86776067,10.18321189,-6.31545122,-2412.34135465
1782346500,2026-06-25 00:15:00,60991.9,61000.1,60824.2,60824.2,63.8109841,2.37978543,61.43119867,-59.05141324,-2471.39276789
1782347400,2026-06-25 00:30:00,60824.3,60888.0,60760.0,60760.1,5.795847,3.83144901,1.96439799,1.86705102,-2469.52571687
1782348300,2026-06-25 00:45:00,60760.0,60816.6,60653.5,60725.8,15.11173318,12.20685712,2.90487606,9.30198106,-2460.22373581
1782349200,2026-06-25 01:00:00,60725.9,60781.3,60646.3,60662.4,19.55548397,12.17686586,7.37861811,4.79824775,-2455.42548806
1782350100,2026-06-25 01:15:00,60667.4,60833.2,60645.0,60763.3,15.90856229,4.34675885,11.56180344,-7.21504459,-2462.64053265
1782351000,2026-06-25 01:30:00,60763.3,60806.6,60711.3,60726.4,7.52726829,3.81667251,3.71059578,0.10607673,-2462.53445592
1782351900,2026-06-25 01:45:00,60728.3,60896.2,60710.9,60831.5,10.0103856,8.54855457,1.46183103,7.08672354,-2455.44773238
1782352800,2026-06-25 02:00:00,60831.4,60859.1,60628.3,60688.9,26.00141747,1.82073352,24.18068395,-22.35995043,-2477.80768281
1782353700,2026-06-25 02:15:00,60687.3,60835.4,60655.7,60835.4,2.63094959,1.99897856,0.63197103,1.36700753,-2476.44067528
1782354600,2026-06-25 02:30:00,60835.3,60835.3,60660.4,60662.5,7.69172599,3.63000375,4.06172224,-0.43171849,-2476.87239377
1782355500,2026-06-25 02:45:00,60662.5,60730.3,60589.3,60701.7,10.25513477,4.8123846,5.44275017,-0.63036557,-2477.50275934
1782356400,2026-06-25 03:00:00,60701.8,60771.2,60627.1,60664.2,5.50376336,1.02622225,4.47754111,-3.45131886,-2480.9540782
1782357300,2026-06-25 03:15:00,60664.1,60745.2,60600.1,60732.6,4.31138234,2.00251436,2.30886798,-0.30635362,-2481.26043182
1782358200,2026-06-25 03:30:00,60708.8,60749.6,60658.6,60659.5,3.43310161,1.47827934,1.95482227,-0.47654293,-2481.73697475
1782359100,2026-06-25 03:45:00,60659.5,60799.2,60659.4,60795.1,3.18260231,1.83637605,1.34622626,0.49014979,-2481.24682496
1782360000,2026-06-25 04:00:00,60795.1,60800.0,60715.5,60723.4,9.01354525,0.63302046,8.38052479,-7.74750433,-2488.99432929
1782360900,2026-06-25 04:15:00,60726.2,60819.5,60690.8,60805.6,13.99700474,6.87040367,7.12660107,-0.2561974,-2489.25052669
1782361800,2026-06-25 04:30:00,60805.5,60860.9,60723.0,60860.9,2.62633164,1.20904961,1.41728203,-0.20823242,-2489.45875911
1782362700,2026-06-25 04:45:00,60860.9,61333.1,60860.8,61263.2,112.70610101,108.4812628,4.22483821,104.25642459,-2385.20233452
1782363600,2026-06-25 05:00:00,61263.2,61610.1,61189.2,61538.7,155.66174931,139.47234389,16.18940542,123.28293847,-2261.91939605
1782364500,2026-06-25 05:15:00,61538.7,61700.0,61393.2,61506.6,14.37740702,13.07928656,1.29812046,11.7811661,-2250.13822995
1782365400,2026-06-25 05:30:00,61506.6,61559.9,61445.4,61457.7,62.38241441,15.92203633,46.46037808,-30.53834175,-2280.6765717
1782366300,2026-06-25 05:45:00,61445.3,61578.9,61408.3,61518.5,9.44362578,3.96328848,5.4803373,-1.51704882,-2282.19362052
1782367200,2026-06-25 06:00:00,61518.5,61684.9,61509.0,61646.7,20.86705117,20.30491274,0.56213843,19.74277431,-2262.45084621
1782368100,2026-06-25 06:15:00,61631.5,61698.0,61553.9,61580.1,9.16804264,6.24189723,2.92614541,3.31575182,-2259.13509439
1782369000,2026-06-25 06:30:00,61580.1,61649.0,61562.8,61643.5,2.8621544,1.96653967,0.89561473,1.07092494,-2258.06416945
1782369900,2026-06-25 06:45:00,61649.6,61757.3,61625.8,61625.9,7.08060134,3.24733165,3.83326969,-0.58593804,-2258.65010749
1782370800,2026-06-25 07:00:00,61625.9,61711.2,61565.7,61665.2,24.18413297,6.78778538,17.39634759,-10.60856221,-2269.2586697
1782371700,2026-06-25 07:15:00,61665.1,61799.4,61665.0,61713.7,13.422804,3.68241014,9.74039386,-6.05798372,-2275.31665342
1782372600,2026-06-25 07:30:00,61713.6,61858.8,61712.5,61824.9,8.87550043,6.13299657,2.74250386,3.39049271,-2271.92616071
1782373500,2026-06-25 07:45:00,61823.0,61832.9,61712.4,61817.5,9.18442545,7.52074483,1.66368062,5.85706421,-2266.0690965
1782374400,2026-06-25 08:00:00,61818.8,61822.0,61664.7,61707.0,8.80883301,1.05851081,7.7503222,-6.69181139,-2272.76090789
1782375300,2026-06-25 08:15:00,61707.0,61707.0,61623.6,61683.6,5.59028892,3.60627609,1.98401283,1.62226326,-2271.13864463
1782376200,2026-06-25 08:30:00,61689.4,61689.4,61625.0,61665.4,6.19702399,0.73087944,5.46614455,-4.73526511,-2275.87390974
1782377100,2026-06-25 08:45:00,61663.3,61698.0,61599.9,61600.0,19.57467978,12.41687403,7.15780575,5.25906828,-2270.61484146
1782378000,2026-06-25 09:00:00,61600.0,61695.7,61599.9,61664.3,11.46806108,10.12133165,1.34672943,8.77460222,-2261.84023924
1782378900,2026-06-25 09:15:00,61662.8,61667.2,61515.8,61611.7,2.9907689,0.59227765,2.39849125,-1.8062136,-2263.64645284
1782379800,2026-06-25 09:30:00,61604.4,61679.8,61600.0,61658.4,4.6133489,4.15006459,0.46328431,3.68678028,-2259.95967256
1782380700,2026-06-25 09:45:00,61658.4,61674.4,61605.8,61651.7,11.45680677,0.5710177,10.88578907,-10.31477137,-2270.27444393
1782381600,2026-06-25 10:00:00,61650.1,61656.3,61560.2,61590.0,5.77758008,2.2783147,3.49926538,-1.22095068,-2271.49539461
1782382500,2026-06-25 10:15:00,61590.0,61656.5,61487.4,61492.6,16.82104606,5.26597164,11.55507442,-6.28910278,-2277.78449739
1782383400,2026-06-25 10:30:00,61492.5,61492.6,61296.2,61312.6,20.27004815,1.01385525,19.2561929,-18.24233765,-2296.02683504
1782384300,2026-06-25 10:45:00,61312.7,61312.7,61176.0,61186.0,22.82955331,9.38093325,13.44862006,-4.06768681,-2300.09452185
1782385200,2026-06-25 11:00:00,61181.6,61281.4,60991.7,61277.0,22.6280656,11.14623854,11.48182706,-0.33558852,-2300.43011037
1782386100,2026-06-25 11:15:00,61269.1,61328.9,61162.8,61162.8,9.11376705,7.03458336,2.07918369,4.95539967,-2295.4747107
1782387000,2026-06-25 11:30:00,61162.9,61285.9,61161.2,61230.5,26.98485126,23.79850354,3.18634772,20.61215582,-2274.86255488
1782387900,2026-06-25 11:45:00,61230.5,61230.5,61058.6,61190.8,13.64922915,4.24526965,9.4039595,-5.15868985,-2280.02124473
1782388800,2026-06-25 12:00:00,61190.9,61280.4,61074.3,61112.0,30.99149106,8.51366659,22.47782447,-13.96415788,-2293.98540261
1782389700,2026-06-25 12:15:00,61112.0,61165.3,60985.5,61011.6,13.18663254,4.12936277,9.05726977,-4.927907,-2298.91330961
1782390600,2026-06-25 12:30:00,61014.8,61632.1,61014.8,61283.4,43.16330342,26.88815489,16.27514853,10.61300636,-2288.30030325
1782391500,2026-06-25 12:45:00,61286.2,61314.5,61064.1,61146.6,7.94459745,2.1018062,5.84279125,-3.74098505,-2292.0412883
1782392400,2026-06-25 13:00:00,61146.6,61254.8,61082.7,61225.0,19.72418286,8.45159758,11.27258528,-2.8209877,-2294.862276
1782393300,2026-06-25 13:15:00,61220.7,61255.5,61096.6,61144.8,6.03155214,3.63588818,2.39566396,1.24022422,-2293.62205178
1782394200,2026-06-25 13:30:00,61143.7,61219.1,60000.0,60000.0,171.58960787,40.96469716,130.62491071,-89.66021355,-2383.28226533
1782395100,2026-06-25 13:45:00,60000.0,60134.3,58033.0,58218.9,621.80094886,175.54315224,446.25779662,-270.71464438,-2653.99690971
1782396000,2026-06-25 14:00:00,58224.5,59664.8,58224.5,59150.2,377.98922335,216.07622343,161.91299992,54.16322351,-2599.8336862
1782396900,2026-06-25 14:15:00,59173.5,59455.8,58666.6,59248.8,164.77882522,58.79339573,105.98542949,-47.19203376,-2647.02571996
1782397800,2026-06-25 14:30:00,59248.7,60410.2,59100.1,59398.6,282.79919665,173.36947153,109.42972512,63.93974641,-2583.08597355
1782398700,2026-06-25 14:45:00,59398.5,59678.9,59272.1,59384.3,98.74447777,57.66245588,41.08202189,16.58043399,-2566.50553956
1782399600,2026-06-25 15:00:00,59386.0,59386.0,58965.0,58966.3,89.91637977,26.95026352,62.96611625,-36.01585273,-2602.52139229
1782400500,2026-06-25 15:15:00,58966.3,59279.2,58786.0,59155.8,57.6966755,22.88677553,34.80989997,-11.92312444,-2614.44451673
1782401400,2026-06-25 15:30:00,59155.9,59448.0,58995.3,59115.5,38.51872446,24.27063673,14.24808773,10.022549,-2604.42196773
1782402300,2026-06-25 15:45:00,59115.5,59581.5,59085.5,59469.4,36.78442728,21.2436111,15.54081618,5.70279492,-2598.71917281
1782403200,2026-06-25 16:00:00,59470.2,59974.2,59381.6,59670.5,108.40528453,97.19237617,11.21290836,85.97946781,-2512.739705
1782404100,2026-06-25 16:15:00,59674.0,59753.6,59586.6,59663.0,45.0365057,32.93612938,12.10037632,20.83575306,-2491.90395194
1782405000,2026-06-25 16:30:00,59663.0,59663.0,59158.4,59181.8,116.19874043,72.06115165,44.13758878,27.92356287,-2463.98038907
1782405900,2026-06-25 16:45:00,59181.9,59284.6,59084.9,59224.7,17.9124953,4.65851233,13.25398297,-8.59547064,-2472.57585971
1782406800,2026-06-25 17:00:00,59223.4,59348.8,59033.3,59304.2,210.59005294,43.91097989,166.67907305,-122.76809316,-2595.34395287
1782407700,2026-06-25 17:15:00,59307.5,59503.7,59252.3,59472.5,29.22930313,20.76087805,8.46842508,12.29245297,-2583.0514999
1782408600,2026-06-25 17:30:00,59482.8,59628.7,59413.9,59449.2,14.94015985,9.09778527,5.84237458,3.25541069,-2579.79608921
1782409500,2026-06-25 17:45:00,59447.7,59589.4,59372.8,59589.4,11.53985633,4.02049063,7.5193657,-3.49887507,-2583.29496428
1782410400,2026-06-25 18:00:00,59589.4,59685.3,59318.7,59318.7,17.51943498,9.33796909,8.18146589,1.1565032,-2582.13846108
1782411300,2026-06-25 18:15:00,59319.7,59640.9,59314.9,59628.1,30.5542207,20.48364169,10.07057901,10.41306268,-2571.7253984
1782412200,2026-06-25 18:30:00,59628.1,59628.1,59314.9,59340.1,14.4900027,4.2822337,10.207769,-5.9255353,-2577.6509337
1782413100,2026-06-25 18:45:00,59340.0,59507.7,59279.2,59407.3,11.01518764,5.91456168,5.10062596,0.81393572,-2576.83699798
1782414000,2026-06-25 19:00:00,59413.2,59428.9,59144.2,59159.1,33.26284864,9.42608486,23.83676378,-14.41067892,-2591.2476769
1782414900,2026-06-25 19:15:00,59158.5,59252.8,59081.9,59235.8,15.4735789,4.92628797,10.54729093,-5.62100296,-2596.86867986
1782415800,2026-06-25 19:30:00,59241.8,59338.3,59191.4,59211.2,13.18652326,3.71895157,9.46757169,-5.74862012,-2602.61729998
1782416700,2026-06-25 19:45:00,59211.2,59265.4,59102.1,59199.1,11.99035221,3.82244412,8.16790809,-4.34546397,-2606.96276395
1782417600,2026-06-25 20:00:00,59238.8,59645.2,59229.4,59478.0,70.51762508,56.79186927,13.72575581,43.06611346,-2563.89665049
1782418500,2026-06-25 20:15:00,59480.9,59624.1,59470.1,59538.2,9.03400859,2.54669389,6.4873147,-3.94062081,-2567.8372713
1782419400,2026-06-25 20:30:00,59521.5,59550.0,59324.5,59422.5,28.39115474,4.36877488,24.02237986,-19.65360498,-2587.49087628
1782420300,2026-06-25 20:45:00,59422.4,59422.5,59250.0,59363.8,9.39363984,4.59077559,4.80286425,-0.21208866,-2587.70296494
1782421200,2026-06-25 21:00:00,59362.1,59517.0,59362.1,59516.9,18.56985739,16.63596143,1.93389596,14.70206547,-2573.00089947
1782422100,2026-06-25 21:15:00,59517.0,59617.4,59457.2,59617.3,24.05415611,16.51200365,7.54215246,8.96985119,-2564.03104828
1782423000,2026-06-25 21:30:00,59618.8,59890.9,59618.6,59866.4,33.35460179,27.66634523,5.68825656,21.97808867,-2542.05295961
1782423900,2026-06-25 21:45:00,59866.5,60142.1,59803.4,60119.6,56.30888206,52.6920941,3.61678796,49.07530614,-2492.97765347
1782424800,2026-06-25 22:00:00,60116.9,60116.9,59787.7,59814.9,20.50403751,4.18377614,16.32026137,-12.13648523,-2505.1141387
1782425700,2026-06-25 22:15:00,59805.6,59916.0,59720.0,59720.1,76.1418059,42.72681827,33.41498763,9.31183064,-2495.80230806
1782426600,2026-06-25 22:30:00,59720.1,59787.8,59659.0,59707.2,9.79085322,7.6491186,2.14173462,5.50738398,-2490.29492408
1782427500,2026-06-25 22:45:00,59707.2,59827.8,59653.4,59757.5,13.64024266,6.11908318,7.52115948,-1.4020763,-2491.69700038
1782428400,2026-06-25 23:00:00,59757.9,59874.3,59711.9,59858.7,5.45863386,5.08262812,0.37600574,4.70662238,-2486.990378
1782429300,2026-06-25 23:15:00,59858.7,60081.2,59838.0,60004.6,6.51872437,4.10547977,2.4132446,1.69223517,-2485.29814283
1782430200,2026-06-25 23:30:00,60009.0,60091.0,59876.7,59902.4,15.13933463,3.76867393,11.3706607,-7.60198677,-2492.9001296
1782431100,2026-06-25 23:45:00,59902.3,59902.3,59664.6,59707.1,13.580762,7.44855853,6.13220347,1.31635506,-2491.58377454
1782432000,2026-06-26 00:00:00,59721.1,59808.5,59677.2,59790.8,15.78382263,6.78210194,9.00172069,-2.21961875,-2493.80339329
1782432900,2026-06-26 00:15:00,59790.9,59791.1,59615.4,59674.9,3.94207989,1.98081497,1.96126492,0.01955005,-2493.78384324
1782433800,2026-06-26 00:30:00,59675.0,59785.9,59632.8,59703.4,5.89381538,3.70280308,2.1910123,1.51179078,-2492.27205246
1782434700,2026-06-26 00:45:00,59695.3,59720.9,59557.2,59589.5,7.95382533,3.10593457,4.84789076,-1.74195619,-2494.01400865
1782435600,2026-06-26 01:00:00,59589.5,59690.5,59371.8,59496.1,30.09137061,2.49992211,27.5914485,-25.09152639,-2519.10553504
1782436500,2026-06-26 01:15:00,59496.2,59563.0,59191.8,59212.5,56.1646232,1.11869193,55.04593127,-53.92723934,-2573.03277438
1782437400,2026-06-26 01:30:00,59212.6,59283.7,59150.0,59231.4,31.57689757,23.14723778,8.42965979,14.71757799,-2558.31519639
1782438300,2026-06-26 01:45:00,59228.1,59343.7,59196.6,59328.9,18.10409948,7.1735876,10.93051188,-3.75692428,-2562.07212067
1782439200,2026-06-26 02:00:00,59329.4,59367.4,58585.1,58596.5,75.31974805,10.55143518,64.76831287,-54.21687769,-2616.28899836
1782440100,2026-06-26 02:15:00,58596.5,58797.5,58280.5,58796.5,64.57418703,25.83957915,38.73460788,-12.89502873,-2629.18402709
1782441000,2026-06-26 02:30:00,58795.3,58917.5,58615.4,58716.3,37.49682081,6.4950074,31.00181341,-24.50680601,-2653.6908331
1782441900,2026-06-26 02:45:00,58716.4,58738.1,58336.1,58465.4,240.37348778,40.63871532,199.73477246,-159.09605714,-2812.78689024
1782442800,2026-06-26 03:00:00,58477.0,58869.3,58265.0,58799.4,53.49511483,23.34069403,30.1544208,-6.81372677,-2819.60061701
1782443700,2026-06-26 03:15:00,58804.5,59077.4,58695.9,59007.6,42.54828719,25.2698791,17.27840809,7.99147101,-2811.609146
1782444600,2026-06-26 03:30:00,59007.5,59438.4,58928.0,59407.5,39.92588036,20.80806113,19.11781923,1.6902419,-2809.9189041
1782445500,2026-06-26 03:45:00,59404.7,60043.2,59396.1,59948.4,90.84920925,81.19033068,9.65887857,71.53145211,-2738.38745199
1782446400,2026-06-26 04:00:00,59950.1,59977.2,59758.3,59821.5,33.51108651,21.51172813,11.99935838,9.51236975,-2728.87508224
1782447300,2026-06-26 04:15:00,59821.4,60122.9,59801.6,59897.2,62.25939629,12.43320305,49.82619324,-37.39299019,-2766.26807243
1782448200,2026-06-26 04:30:00,59898.8,59927.7,59791.6,59879.8,7.97367555,4.60965999,3.36401556,1.24564443,-2765.022428
1782449100,2026-06-26 04:45:00,59882.2,59882.2,59758.1,59825.4,1.97062372,0.94394289,1.02668083,-0.08273794,-2765.10516594
1782450000,2026-06-26 05:00:00,59831.2,59880.7,59747.6,59880.7,14.82900456,6.46225919,8.36674537,-1.90448618,-2767.00965212
1782450900,2026-06-26 05:15:00,59880.7,59950.0,59650.2,59869.9,31.78058385,3.76914255,28.0114413,-24.24229875,-2791.25195087
1782451800,2026-06-26 05:30:00,59869.9,59950.0,59772.9,59798.4,11.61713075,9.36449179,2.25263896,7.11185283,-2784.14009804
1782452700,2026-06-26 05:45:00,59798.2,59888.8,59685.5,59862.6,14.14069828,3.30550731,10.83519097,-7.52968366,-2791.6697817
1782453600,2026-06-26 06:00:00,59862.7,59862.7,59628.7,59630.1,4.00229326,1.72963959,2.27265367,-0.54301408,-2792.21279578
1782454500,2026-06-26 06:15:00,59630.1,59994.8,59630.1,59934.4,8.312256,7.36556942,0.94668658,6.41888284,-2785.79391294
1782455400,2026-06-26 06:30:00,59936.2,60322.2,59869.2,60319.3,105.06791726,102.96786025,2.10005701,100.86780324,-2684.9261097
1782456300,2026-06-26 06:45:00,60296.0,60348.6,60155.1,60235.0,18.68467538,14.70503835,3.97963703,10.72540132,-2674.20070838
1782457200,2026-06-26 07:00:00,60235.0,60428.3,60206.0,60428.0,63.58669967,19.27030203,44.31639764,-25.04609561,-2699.24680399
1782458100,2026-06-26 07:15:00,60409.4,60600.0,60386.6,60499.1,22.78098962,19.19679646,3.58419316,15.6126033,-2683.63420069
1782459000,2026-06-26 07:30:00,60499.2,60666.0,60474.9,60514.6,30.1821591,22.77097773,7.41118137,15.35979636,-2668.27440433
1782459900,2026-06-26 07:45:00,60500.9,60525.6,60425.5,60456.8,10.50281381,3.01578342,7.48703039,-4.47124697,-2672.7456513
1782460800,2026-06-26 08:00:00,60456.9,60474.0,60155.1,60182.9,36.56409652,1.28342738,35.28066914,-33.99724176,-2706.74289306
1782461700,2026-06-26 08:15:00,60182.9,60273.7,60100.7,60218.9,42.38682472,6.08999786,36.29682686,-30.206829,-2736.94972206
1782462600,2026-06-26 08:30:00,60219.7,60245.0,60081.2,60114.9,12.31706635,9.63433499,2.68273136,6.95160363,-2729.99811843
1782463500,2026-06-26 08:45:00,60115.0,60188.8,60068.6,60146.6,38.47472529,12.03811104,26.43661425,-14.39850321,-2744.39662164
1782464400,2026-06-26 09:00:00,60154.1,60162.0,60000.0,60078.8,11.80484605,3.51577771,8.28906834,-4.77329063,-2749.16991227
1782465300,2026-06-26 09:15:00,60078.8,60085.7,60000.0,60037.8,7.66856003,3.83416856,3.83439147,-0.00022291,-2749.17013518
1782466200,2026-06-26 09:30:00,60037.9,60037.9,59865.3,59912.3,11.51964625,1.53407138,9.98557487,-8.45150349,-2757.62163867
1782467100,2026-06-26 09:45:00,59912.2,59915.3,59501.2,59645.1,14.49336854,2.36085195,12.13251659,-9.77166464,-2767.39330331
1782468000,2026-06-26 10:00:00,59645.1,59723.9,59578.5,59664.1,18.8449442,15.11064953,3.73429467,11.37635486,-2756.01694845
1782468900,2026-06-26 10:15:00,59664.1,59762.1,59631.1,59635.6,8.34133655,6.26402669,2.07730986,4.18671683,-2751.83023162
1782469800,2026-06-26 10:30:00,59642.6,59730.3,59378.9,59464.1,23.32249028,15.59547678,7.7270135,7.86846328,-2743.96176834
1782470700,2026-06-26 10:45:00,59464.3,59475.3,59163.0,59219.1,13.87985771,2.5329298,11.34692791,-8.81399811,-2752.77576645
1782471600,2026-06-26 11:00:00,59219.2,59482.0,59174.4,59395.1,6.48474268,3.1784038,3.30633888,-0.12793508,-2752.90370153
1782472500,2026-06-26 11:15:00,59395.2,59416.0,59297.0,59331.3,2.5850643,1.26764271,1.31742159,-0.04977888,-2752.95348041
1782473400,2026-06-26 11:30:00,59331.3,59450.0,59320.0,59361.6,3.64389383,2.00627575,1.63761808,0.36865767,-2752.58482274
1782474300,2026-06-26 11:45:00,59379.2,59379.2,59218.0,59332.1,31.66272664,2.35093537,29.31179127,-26.9608559,-2779.54567864
1782475200,2026-06-26 12:00:00,59332.1,59420.0,59271.2,59368.7,22.54369018,5.07713772,17.46655246,-12.38941474,-2791.93509338
1782476100,2026-06-26 12:15:00,59374.5,59635.9,59352.0,59635.9,26.25811323,17.43643527,8.82167796,8.61475731,-2783.32033607
1782477000,2026-06-26 12:30:00,59635.9,59901.2,58901.0,59059.5,33.18319252,14.36979789,18.81339463,-4.44359674,-2787.76393281
1782477900,2026-06-26 12:45:00,59055.4,59485.6,59000.1,59103.5,40.20445502,21.00451448,19.19994054,1.80457394,-2785.95935887
1782478800,2026-06-26 13:00:00,59103.5,59181.7,58875.1,59000.8,31.38326038,15.26043704,16.12282334,-0.8623863,-2786.82174517
1782479700,2026-06-26 13:15:00,59027.5,59075.8,58406.4,58817.4,64.27645073,20.77246887,43.50398186,-22.73151299,-2809.55325816
1782480600,2026-06-26 13:30:00,58820.0,59410.2,58751.3,59394.4,174.30468126,116.09404621,58.21063505,57.88341116,-2751.669847
1782481500,2026-06-26 13:45:00,59388.1,60083.7,59249.3,60083.7,82.73825305,53.20064158,29.53761147,23.66303011,-2728.00681689
1782482400,2026-06-26 14:00:00,60083.7,60183.0,59736.4,59900.5,59.21122559,36.45221183,22.75901376,13.69319807,-2714.31361882
1782483300,2026-06-26 14:15:00,59900.6,60138.9,59736.4,59978.9,76.68750039,54.16517261,22.52232778,31.64284483,-2682.67077399
1782484200,2026-06-26 14:30:00,59974.0,59974.0,59476.0,59508.9,147.35042768,21.71505818,125.6353695,-103.92031132,-2786.59108531
1782485100,2026-06-26 14:45:00,59513.1,59809.1,59303.3,59502.9,147.228134,59.44397255,87.78416145,-28.3401889,-2814.93127421
1782486000,2026-06-26 15:00:00,59502.9,59982.2,59502.9,59759.5,31.51159712,11.58151669,19.93008043,-8.34856374,-2823.27983795
1782486900,2026-06-26 15:15:00,59746.3,60297.7,59712.7,60094.3,145.94449789,80.65853072,65.28596717,15.37256355,-2807.9072744
1782487800,2026-06-26 15:30:00,60101.8,60417.9,60041.4,60343.1,73.99375782,23.59627839,50.39747943,-26.80120104,-2834.70847544
1782488700,2026-06-26 15:45:00,60342.9,60350.3,60052.4,60245.5,89.43424376,21.58411628,67.85012748,-46.2660112,-2880.97448664
1782489600,2026-06-26 16:00:00,60241.2,60470.2,60074.0,60087.2,25.38797412,7.85003081,17.53794331,-9.6879125,-2890.66239914
1782490500,2026-06-26 16:15:00,60089.5,60189.4,59881.7,59946.6,65.55789361,6.01667243,59.54122118,-53.52454875,-2944.18694789
1782491400,2026-06-26 16:30:00,59946.7,60291.0,59946.7,59970.7,28.75846511,7.40156092,21.35690419,-13.95534327,-2958.14229116
1782492300,2026-06-26 16:45:00,59969.1,60091.3,59930.1,59958.0,27.58527693,4.08640106,23.49887587,-19.41247481,-2977.55476597
1782493200,2026-06-26 17:00:00,59947.5,60194.5,59930.0,60125.6,10.69896757,9.32052578,1.37844179,7.94208399,-2969.61268198
1782494100,2026-06-26 17:15:00,60129.2,60152.1,59963.5,60088.7,8.68030928,5.34552946,3.33477982,2.01074964,-2967.60193234
1782495000,2026-06-26 17:30:00,60089.2,60120.2,59870.1,59979.2,11.48210855,6.91827824,4.56383031,2.35444793,-2965.24748441
1782495900,2026-06-26 17:45:00,59976.5,60000.0,59839.2,59933.3,14.37889925,3.83853226,10.54036699,-6.70183473,-2971.94931914
1782496800,2026-06-26 18:00:00,59934.5,60062.2,59934.4,59990.9,6.05066939,4.74818379,1.3024856,3.44569819,-2968.50362095
1782497700,2026-06-26 18:15:00,60002.1,60009.0,59705.1,59743.4,7.85594713,3.38862235,4.46732478,-1.07870243,-2969.58232338
1782498600,2026-06-26 18:30:00,59746.4,59790.2,59651.9,59690.0,6.58268819,3.73776382,2.84492437,0.89283945,-2968.68948393
1782499500,2026-06-26 18:45:00,59689.9,59689.9,59493.1,59577.2,39.37572966,6.19834008,33.17738958,-26.9790495,-2995.66853343
1782500400,2026-06-26 19:00:00,59576.5,59991.0,59536.2,59928.1,17.422767,14.05642095,3.36634605,10.6900749,-2984.97845853
1782501300,2026-06-26 19:15:00,59934.0,59934.0,59790.8,59839.7,9.72963546,7.6666765,2.06295896,5.60371754,-2979.37474099
1782502200,2026-06-26 19:30:00,59839.7,59994.3,59791.8,59791.8,9.42376184,7.88747143,1.53629041,6.35118102,-2973.02355997
1782503100,2026-06-26 19:45:00,59791.8,59832.9,59664.8,59664.8,45.92945964,6.59892352,39.33053612,-32.7316126,-3005.75517257
1782504000,2026-06-26 20:00:00,59664.9,59891.0,59587.0,59627.9,44.25678648,13.37631774,30.88046874,-17.504151,-3023.25932357
1782504900,2026-06-26 20:15:00,59627.9,59724.8,59601.6,59685.0,28.23640817,7.99204431,20.24436386,-12.25231955,-3035.51164312
1782505800,2026-06-26 20:30:00,59685.0,59685.0,59495.4,59558.3,34.69335366,6.79957917,27.89377449,-21.09419532,-3056.60583844
1782506700,2026-06-26 20:45:00,59559.5,59707.1,59543.6,59627.3,8.5888671,5.40244678,3.18642032,2.21602646,-3054.38981198
1782507600,2026-06-26 21:00:00,59627.4,59665.5,59592.1,59661.8,12.16922145,4.84757502,7.32164643,-2.47407141,-3056.86388339
1782508500,2026-06-26 21:15:00,59661.8,59793.8,59591.2,59788.8,12.14151732,8.06811558,4.07340174,3.99471384,-3052.86916955
1782509400,2026-06-26 21:30:00,59788.7,59958.6,59765.2,59907.4,20.04543372,9.83798812,10.2074456,-0.36945748,-3053.23862703
1782510300,2026-06-26 21:45:00,59938.9,59955.4,59830.4,59830.5,8.11685807,5.85246528,2.26439279,3.58807249,-3049.65055454
1782511200,2026-06-26 22:00:00,59834.9,59853.9,59670.0,59825.9,7.04056044,4.39060382,2.64995662,1.7406472,-3047.90990734
1782512100,2026-06-26 22:15:00,59825.9,59888.3,59808.9,59808.9,7.36586457,3.52313303,3.84273154,-0.31959851,-3048.22950585
1782513000,2026-06-26 22:30:00,59800.1,59885.5,59783.3,59882.4,108.18556081,106.00630177,2.17925904,103.82704273,-2944.40246312
1782513900,2026-06-26 22:45:00,59882.4,59991.0,59842.2,59966.3,25.95425797,24.86291472,1.09134325,23.77157147,-2920.63089165
1782514800,2026-06-26 23:00:00,59958.3,60018.3,59945.0,59991.6,13.33527696,8.74088721,4.59438975,4.14649746,-2916.48439419
1782515700,2026-06-26 23:15:00,59998.3,59998.7,59903.3,59903.3,9.07774907,5.91666533,3.16108374,2.75558159,-2913.7288126
1782516600,2026-06-26 23:30:00,59903.2,60001.1,59859.9,59996.2,4.05069908,2.84019388,1.2105052,1.62968868,-2912.09912392
1782517500,2026-06-26 23:45:00,59996.2,60023.6,59968.6,60009.2,3.25094072,2.6964604,0.55448032,2.14198008,-2909.95714384
1782518400,2026-06-27 00:00:00,60013.1,60095.6,59988.0,60024.7,4.98101039,4.08608264,0.89492775,3.19115489,-2906.76598895
1782519300,2026-06-27 00:15:00,60024.7,60028.6,59941.0,59960.8,2.77209364,1.70689435,1.06519929,0.64169506,-2906.12429389
1782520200,2026-06-27 00:30:00,59960.8,59960.8,59800.1,59877.5,11.95765331,10.65539397,1.30225934,9.35313463,-2896.77115926
1782521100,2026-06-27 00:45:00,59877.5,59990.2,59867.7,59973.4,1.93705391,0.97586181,0.9611921,0.01466971,-2896.75648955
1782522000,2026-06-27 01:00:00,59977.0,59981.6,59878.1,59878.1,3.82628953,2.69180969,1.13447984,1.55732985,-2895.1991597
1782522900,2026-06-27 01:15:00,59878.1,59910.2,59858.5,59904.6,8.65351641,1.66478781,6.9887286,-5.32394079,-2900.52310049
1782523800,2026-06-27 01:30:00,59910.7,59911.9,59839.5,59877.4,4.39026465,1.61725313,2.77301152,-1.15575839,-2901.67885888
1782524700,2026-06-27 01:45:00,59877.4,59901.8,59853.4,59859.8,1.94011017,0.52995671,1.41015346,-0.88019675,-2902.55905563
1782525600,2026-06-27 02:00:00,59859.8,60026.3,59845.0,60026.3,5.85381366,4.39672913,1.45708453,2.9396446,-2899.61941103
1782526500,2026-06-27 02:15:00,60026.2,60255.0,59995.9,60211.0,49.60589026,43.58422721,6.02166305,37.56256416,-2862.05684687
1782527400,2026-06-27 02:30:00,60210.9,60238.9,60100.1,60206.6,8.20058057,4.42817192,3.77240865,0.65576327,-2861.4010836
1782528300,2026-06-27 02:45:00,60206.6,60260.4,60174.1,60203.7,6.27238793,4.76077272,1.51161521,3.24915751,-2858.15192609
1782529200,2026-06-27 03:00:00,60203.7,60318.3,60077.8,60077.8,4.55056899,3.18639696,1.36417203,1.82222493,-2856.32970116
1782530100,2026-06-27 03:15:00,60079.4,60241.3,60079.3,60215.5,15.12612065,13.24114156,1.88497909,11.35616247,-2844.97353869
1782531000,2026-06-27 03:30:00,60212.3,60283.3,60197.3,60240.0,64.09918591,20.95478244,43.14440347,-22.18962103,-2867.16315972
1782531900,2026-06-27 03:45:00,60240.0,60263.8,60179.5,60231.1,61.07431073,2.12019201,58.95411872,-56.83392671,-2923.99708643
1782532800,2026-06-27 04:00:00,60227.4,60360.0,60219.7,60315.2,13.75778188,9.81017248,3.9476094,5.86256308,-2918.13452335
1782533700,2026-06-27 04:15:00,60315.7,60384.8,60295.4,60301.3,5.46267612,3.01414272,2.4485334,0.56560932,-2917.56891403
1782534600,2026-06-27 04:30:00,60301.2,60345.5,60277.7,60281.3,3.47314652,0.7084399,2.76470662,-2.05626672,-2919.62518075
1782535500,2026-06-27 04:45:00,60281.6,60281.6,60135.3,60135.4,3.28749625,1.7007387,1.58675755,0.11398115,-2919.5111996
1782536400,2026-06-27 05:00:00,60135.5,60220.0,60120.0,60220.0,4.78573686,3.13593086,1.649806,1.48612486,-2918.02507474
1782537300,2026-06-27 05:15:00,60220.0,60220.0,60071.7,60071.8,2.74221061,2.35310029,0.38911032,1.96398997,-2916.06108477
1782538200,2026-06-27 05:30:00,60071.7,60146.6,60050.8,60133.6,2.5997609,0.55712121,2.04263969,-1.48551848,-2917.54660325
1782539100,2026-06-27 05:45:00,60140.0,60181.4,60130.4,60156.9,2.23198336,1.12054646,1.1114369,0.00910956,-2917.53749369
1782540000,2026-06-27 06:00:00,60156.9,60156.9,60025.8,60052.0,2.69396231,0.33934808,2.35461423,-2.01526615,-2919.55275984
1782540900,2026-06-27 06:15:00,60052.0,60142.5,60040.5,60117.1,3.17994535,0.37746899,2.80247636,-2.42500737,-2921.97776721
1782541800,2026-06-27 06:30:00,60117.2,60336.7,60117.1,60317.4,5.24899761,4.62472031,0.6242773,4.00044301,-2917.9773242
1782542700,2026-06-27 06:45:00,60317.4,60391.2,60253.6,60278.9,3.22503868,2.96498931,0.26004937,2.70493994,-2915.27238426
1782543600,2026-06-27 07:00:00,60278.9,60300.0,60207.8,60228.0,1.27637669,0.81079098,0.46558571,0.34520527,-2914.92717899
1782544500,2026-06-27 07:15:00,60228.8,60346.9,60228.8,60340.8,2.38300694,1.63771502,0.74529192,0.8924231,-2914.03475589
1782545400,2026-06-27 07:30:00,60340.8,60369.5,60306.7,60357.8,2.16026477,0.99409066,1.16617411,-0.17208345,-2914.20683934
1782546300,2026-06-27 07:45:00,60349.5,60471.8,60349.5,60447.6,22.4642367,18.08137464,4.38286206,13.69851258,-2900.50832676
1782547200,2026-06-27 08:00:00,60447.6,60458.3,60352.3,60385.7,2.42554493,0.37216115,2.05338378,-1.68122263,-2902.18954939
1782548100,2026-06-27 08:15:00,60385.6,60422.5,60353.1,60359.2,2.20225903,1.78138339,0.42087564,1.36050775,-2900.82904164
1782549000,2026-06-27 08:30:00,60359.1,60359.1,60275.6,60281.5,1.97388119,0.23333524,1.74054595,-1.50721071,-2902.33625235
1782549900,2026-06-27 08:45:00,60281.5,60429.5,60281.5,60358.7,2.62459604,2.14538805,0.47920799,1.66618006,-2900.67007229
1782550800,2026-06-27 09:00:00,60358.7,60402.6,60253.5,60274.3,2.04562791,0.46150005,1.58412786,-1.12262781,-2901.7927001
1782551700,2026-06-27 09:15:00,60274.3,60280.4,60204.0,60274.1,6.22629231,2.61611122,3.61018109,-0.99406987,-2902.78676997
1782552600,2026-06-27 09:30:00,60274.1,60340.0,60270.3,60298.7,5.26001126,0.30995564,4.95005562,-4.64009998,-2907.42686995
1782553500,2026-06-27 09:45:00,60300.3,60339.6,60295.0,60331.3,1.27911422,0.69372178,0.58539244,0.10832934,-2907.31854061
1782554400,2026-06-27 10:00:00,60331.3,60377.0,60309.9,60373.6,0.9666406,0.6354252,0.3312154,0.3042098,-2907.01433081
1782555300,2026-06-27 10:15:00,60373.7,60388.2,60358.2,60358.2,1.11889146,0.51639978,0.60249168,-0.0860919,-2907.10042271
