timestamp,datetime,open,high,low,close,buy_vol,sell_vol,delta,cvd
1779963000,2026-05-28 10:10:00,73456.4,73456.4,73437.4,73445.2,0.075202,0.042935,0.032267,0.032267
1779963300,2026-05-28 10:15:00,73445.3,73453.1,73320.0,73331.8,0.143683,0.339711,-0.196027,-0.163760
1779963600,2026-05-28 10:20:00,73335.2,73335.3,73240.8,73240.8,0.450076,1.281881,-0.831805,-0.995565
1779963900,2026-05-28 10:25:00,73240.8,73290.0,73237.0,73289.9,2.113592,0.392653,1.720939,0.725374
1779964200,2026-05-28 10:30:00,73289.9,73290.0,73285.1,73290.0,0.724890,0.407446,0.317444,1.042818
1779964500,2026-05-28 10:35:00,73289.9,73339.6,73289.9,73334.9,0.403747,1.168184,-0.764437,0.278381
1779964800,2026-05-28 10:40:00,73334.9,73382.2,73334.8,73382.0,1.219713,0.154365,1.065348,1.343729
1779965100,2026-05-28 10:45:00,73382.0,73454.7,73382.0,73399.1,0.131696,0.488601,-0.356905,0.986823
1779965400,2026-05-28 10:50:00,73386.3,73386.4,73254.4,73300.0,0.108725,3.014222,-2.905498,-1.918674
1779965700,2026-05-28 10:55:00,73300.0,73334.2,73286.2,73286.2,0.599064,2.518825,-1.919760,-3.838435
1779966000,2026-05-28 11:00:00,73286.1,73336.5,73250.1,73279.9,0.719528,10.961371,-10.241844,-14.080278
1779966300,2026-05-28 11:05:00,73275.1,73298.0,73220.1,73260.9,0.327137,2.302626,-1.975489,-16.055767
1779966600,2026-05-28 11:10:00,73260.9,73309.1,73249.0,73309.1,2.271142,0.112344,2.158798,-13.896969
1779966900,2026-05-28 11:15:00,73313.0,73330.1,73274.1,73330.1,9.543983,1.563137,7.980846,-5.916123
1779967200,2026-05-28 11:20:00,73326.8,73326.8,73287.8,73292.4,0.143742,0.564241,-0.420499,-6.336622
1779967500,2026-05-28 11:25:00,73292.4,73292.5,73229.0,73235.5,0.387245,0.505932,-0.118687,-6.455308
1779967800,2026-05-28 11:30:00,73235.6,73256.8,73199.0,73239.9,0.255102,0.322406,-0.067304,-6.522613
1779968100,2026-05-28 11:35:00,73240.0,73280.3,73240.0,73263.7,1.684788,1.138606,0.546182,-5.976431
1779968400,2026-05-28 11:40:00,73263.7,73349.2,73263.6,73349.2,0.295661,4.427478,-4.131817,-10.108248
1779968700,2026-05-28 11:45:00,73349.3,73357.1,73310.6,73339.3,0.238209,0.321814,-0.083605,-10.191852
1779969000,2026-05-28 11:50:00,73339.4,73403.7,73304.4,73403.6,0.327666,0.523573,-0.195907,-10.387760
1779969300,2026-05-28 11:55:00,73403.7,73409.8,73363.4,73378.5,1.187223,10.856475,-9.669252,-20.057011
1779969600,2026-05-28 12:00:00,73378.6,73391.0,73302.8,73353.4,0.259789,2.595900,-2.336111,-22.393122
1779969900,2026-05-28 12:05:00,73353.4,73370.0,73328.1,73362.7,1.719738,0.146465,1.573272,-20.819849
1779970200,2026-05-28 12:10:00,73360.0,73360.0,73281.6,73289.3,0.297075,0.354923,-0.057848,-20.877697
1779970500,2026-05-28 12:15:00,73289.3,73289.3,73215.4,73239.4,0.290438,2.593526,-2.303088,-23.180785
1779970800,2026-05-28 12:20:00,73241.2,73242.0,73142.3,73142.6,0.466468,3.852897,-3.386429,-26.567214
1779971100,2026-05-28 12:25:00,73144.4,73250.0,73144.4,73249.9,11.234963,3.569931,7.665032,-18.902182
1779971400,2026-05-28 12:30:00,73250.0,73382.4,73249.9,73343.5,20.983474,0.217226,20.766247,1.864065
1779971700,2026-05-28 12:35:00,73343.5,73365.4,73233.7,73350.0,0.697430,0.583957,0.113473,1.977538
1779972000,2026-05-28 12:40:00,73350.0,73396.0,73350.0,73369.2,10.339579,1.997189,8.342391,10.319928
1779972300,2026-05-28 12:45:00,73369.1,73449.9,73351.2,73416.6,1.450181,0.701979,0.748202,11.068130
1779972600,2026-05-28 12:50:00,73416.6,73439.0,73378.0,73404.3,1.475173,0.299674,1.175499,12.243629
1779972900,2026-05-28 12:55:00,73404.2,73413.2,73388.1,73397.8,0.511656,0.235223,0.276433,12.520063
1779973200,2026-05-28 13:00:00,73397.8,73449.9,73328.1,73370.8,0.918065,0.892345,0.025720,12.545783
1779973500,2026-05-28 13:05:00,73370.8,73370.8,73251.0,73251.1,0.441409,11.041661,-10.600252,1.945531
1779973800,2026-05-28 13:10:00,73251.1,73251.1,73210.7,73224.2,0.272663,0.803866,-0.531203,1.414328
1779974100,2026-05-28 13:15:00,73224.2,73224.2,73104.2,73125.8,1.458498,7.491151,-6.032652,-4.618324
1779974400,2026-05-28 13:20:00,73123.9,73123.9,73025.3,73055.4,0.236848,2.424193,-2.187346,-6.805670
1779974700,2026-05-28 13:25:00,73055.3,73072.5,72855.6,73032.4,3.628866,27.523469,-23.894602,-30.700272
1779975000,2026-05-28 13:30:00,73034.3,73034.3,72788.3,72833.5,0.909651,31.098772,-30.189121,-60.889394
1779975300,2026-05-28 13:35:00,72833.5,72833.5,72700.0,72781.4,1.755061,19.434457,-17.679396,-78.568789
1779975600,2026-05-28 13:40:00,72781.4,72801.4,72650.0,72659.3,7.804285,23.717901,-15.913616,-94.482405
1779975900,2026-05-28 13:45:00,72659.4,72816.3,72659.4,72779.3,4.830220,5.232896,-0.402676,-94.885081
1779976200,2026-05-28 13:50:00,72775.3,72945.8,72740.9,72850.0,7.254539,5.572530,1.682009,-93.203072
1779976500,2026-05-28 13:55:00,72849.9,72930.6,72803.6,72930.6,28.258287,2.460577,25.797710,-67.405362
1779976800,2026-05-28 14:00:00,72896.0,72909.8,72665.2,72763.2,1.684407,4.669884,-2.985478,-70.390839
1779977100,2026-05-28 14:05:00,72763.1,72763.2,72470.0,72720.9,8.384993,29.550223,-21.165230,-91.556070
1779977400,2026-05-28 14:10:00,72720.9,73197.2,72484.4,73191.9,17.484691,7.322955,10.161736,-81.394334
1779977700,2026-05-28 14:15:00,73194.6,73420.7,73128.8,73365.2,18.515994,3.587921,14.928073,-66.466262
1779978000,2026-05-28 14:20:00,73365.1,73365.1,72867.8,72916.4,4.287781,5.424065,-1.136284,-67.602546
1779978300,2026-05-28 14:25:00,72916.3,72992.3,72768.3,72832.7,5.813841,3.505916,2.307925,-65.294621
1779978600,2026-05-28 14:30:00,72832.7,72915.0,72783.3,72811.7,6.847013,0.723518,6.123495,-59.171125
1779978900,2026-05-28 14:35:00,72811.7,72834.7,72737.1,72777.3,1.006609,3.358888,-2.352280,-61.523405
1779979200,2026-05-28 14:40:00,72777.3,72886.2,72675.7,72724.9,2.598047,1.413347,1.184700,-60.338705
1779979500,2026-05-28 14:45:00,72723.6,72753.1,72579.9,72658.3,2.311655,3.872927,-1.561272,-61.899977
1779979800,2026-05-28 14:50:00,72658.3,72868.6,72658.3,72819.0,0.956821,0.671100,0.285721,-61.614256
1779980100,2026-05-28 14:55:00,72819.1,72909.2,72819.1,72896.0,6.937695,2.503106,4.434589,-57.179667
1779980400,2026-05-28 15:00:00,72895.1,72928.3,72843.5,72882.9,1.226059,4.894265,-3.668206,-60.847873
1779980700,2026-05-28 15:05:00,72883.0,73024.0,72821.2,72859.3,22.716468,11.559097,11.157371,-49.690501
1779981000,2026-05-28 15:10:00,72859.2,72895.4,72735.5,72735.6,4.925816,4.007101,0.918715,-48.771787
1779981300,2026-05-28 15:15:00,72735.6,72753.8,72622.1,72630.2,3.286932,8.375906,-5.088974,-53.860761
1779981600,2026-05-28 15:20:00,72631.4,72764.2,72571.0,72730.2,4.583530,1.879884,2.703646,-51.157115
1779981900,2026-05-28 15:25:00,72730.4,72825.4,72730.0,72825.4,1.809687,0.184964,1.624723,-49.532393
1779982200,2026-05-28 15:30:00,72825.4,72852.1,72705.0,72719.0,2.465173,4.161190,-1.696017,-51.228409
1779982500,2026-05-28 15:35:00,72721.0,72818.0,72720.9,72742.1,0.341871,2.471349,-2.129477,-53.357887
1779982800,2026-05-28 15:40:00,72744.4,72867.8,72742.1,72859.7,1.223012,1.188086,0.034927,-53.322960
1779983100,2026-05-28 15:45:00,72871.8,72925.6,72772.1,72772.1,1.438534,3.557622,-2.119088,-55.442048
1779983400,2026-05-28 15:50:00,72772.1,72838.0,72772.0,72772.1,1.365283,0.531570,0.833713,-54.608335
1779983700,2026-05-28 15:55:00,72772.1,72830.3,72772.0,72806.3,1.268822,18.199103,-16.930281,-71.538616
1779984000,2026-05-28 16:00:00,72806.3,72806.3,72680.9,72680.9,0.516728,18.326455,-17.809727,-89.348343
1779984300,2026-05-28 16:05:00,72666.1,72755.4,72605.9,72750.0,0.981048,1.061834,-0.080786,-89.429129
1779984600,2026-05-28 16:10:00,72750.0,73016.5,72749.9,72978.4,19.399912,2.966000,16.433912,-72.995217
1779984900,2026-05-28 16:15:00,72978.4,73016.5,72932.3,73004.8,41.459154,7.765531,33.693623,-39.301594
1779985200,2026-05-28 16:20:00,72999.6,73163.8,72999.6,73137.8,9.053704,0.679925,8.373778,-30.927815
1779985500,2026-05-28 16:25:00,73137.8,73150.2,73027.7,73027.7,0.828937,1.706243,-0.877305,-31.805120
1779985800,2026-05-28 16:30:00,73027.7,73098.1,73010.4,73088.7,17.774349,10.339707,7.434642,-24.370478
1779986100,2026-05-28 16:35:00,73093.2,73115.2,73045.5,73100.8,16.432967,7.918125,8.514842,-15.855636
1779986400,2026-05-28 16:40:00,73100.8,73217.0,73077.5,73206.7,34.676918,5.268886,29.408031,13.552395
1779986700,2026-05-28 16:45:00,73206.7,73279.8,73150.0,73173.3,29.015445,23.696691,5.318753,18.871149
1779987000,2026-05-28 16:50:00,73173.2,73267.4,73161.5,73265.0,0.569083,0.394265,0.174818,19.045967
1779987300,2026-05-28 16:55:00,73265.0,73300.0,73264.9,73299.9,3.597498,0.337513,3.259985,22.305952
1779987600,2026-05-28 17:00:00,73300.0,73333.6,73206.1,73218.3,3.350589,5.875960,-2.525371,19.780581
1779987900,2026-05-28 17:05:00,73218.3,73355.7,73206.0,73355.7,18.224892,2.032792,16.192100,35.972681
1779988200,2026-05-28 17:10:00,73355.7,73400.0,73310.1,73366.2,38.697250,67.950281,-29.253031,6.719650
1779988500,2026-05-28 17:15:00,73368.7,73372.9,73271.1,73348.9,1.114989,10.518137,-9.403148,-2.683498
1779988800,2026-05-28 17:20:00,73349.0,73350.0,73285.1,73289.8,0.785981,3.358927,-2.572945,-5.256444
1779989100,2026-05-28 17:25:00,73285.1,73294.1,73202.5,73238.8,0.594564,2.245126,-1.650562,-6.907006
1779989400,2026-05-28 17:30:00,73236.5,73350.0,73223.8,73350.0,11.885798,1.061228,10.824570,3.917564
1779989700,2026-05-28 17:35:00,73349.9,73400.0,73337.1,73400.0,24.421062,1.268251,23.152811,27.070376
1779990000,2026-05-28 17:40:00,73400.0,73413.1,73367.9,73368.0,1.661277,1.382237,0.279040,27.349416
1779990300,2026-05-28 17:45:00,73367.9,73621.9,73360.3,73534.2,12.107056,3.517218,8.589837,35.939253
1779990600,2026-05-28 17:50:00,73531.9,73532.0,73416.8,73421.0,0.518733,0.333251,0.185482,36.124735
1779990900,2026-05-28 17:55:00,73419.7,73475.6,73379.2,73441.1,5.904202,0.556315,5.347887,41.472622
1779991200,2026-05-28 18:00:00,73441.2,73500.0,73411.5,73497.5,4.153637,0.342526,3.811111,45.283733
1779991500,2026-05-28 18:05:00,73494.8,73625.9,73476.6,73574.0,9.261202,3.528681,5.732521,51.016254
1779991800,2026-05-28 18:10:00,73574.0,73578.1,73508.3,73526.7,0.285249,1.379968,-1.094719,49.921535
1779992100,2026-05-28 18:15:00,73526.7,73628.8,73500.0,73500.1,23.815320,1.589115,22.226205,72.147739
1779992400,2026-05-28 18:20:00,73500.1,73570.1,73496.0,73527.4,8.617569,2.199868,6.417702,78.565441
1779992700,2026-05-28 18:25:00,73527.4,73540.6,73472.7,73478.5,1.514255,0.951185,0.563070,79.128512
1779993000,2026-05-28 18:30:00,73480.4,73578.1,73468.6,73556.8,2.474311,0.489194,1.985117,81.113629
1779993300,2026-05-28 18:35:00,73554.0,73554.0,73478.6,73487.3,2.108482,1.284206,0.824276,81.937904
1779993600,2026-05-28 18:40:00,73487.3,73500.0,73456.8,73483.6,1.346466,15.475148,-14.128682,67.809222
1779993900,2026-05-28 18:45:00,73483.7,73524.0,73469.0,73500.1,1.741329,0.268058,1.473271,69.282493
1779994200,2026-05-28 18:50:00,73500.1,73570.3,73500.0,73552.3,3.025537,0.471403,2.554134,71.836626
1779994500,2026-05-28 18:55:00,73552.2,73600.0,73526.4,73527.3,3.026760,1.199261,1.827499,73.664126
1779994800,2026-05-28 19:00:00,73527.4,73529.1,73411.5,73424.2,0.260944,7.431298,-7.170355,66.493771
1779995100,2026-05-28 19:05:00,73424.9,73471.7,73386.7,73386.7,6.362290,1.193574,5.168716,71.662487
1779995400,2026-05-28 19:10:00,73386.6,73386.7,73336.7,73364.9,0.240398,3.753680,-3.513283,68.149205
1779995700,2026-05-28 19:15:00,73364.9,73377.9,73290.8,73368.3,0.282614,2.892837,-2.610224,65.538981
1779996000,2026-05-28 19:20:00,73368.3,73400.6,73368.3,73399.9,0.396949,0.291481,0.105467,65.644448
1779996300,2026-05-28 19:25:00,73399.9,73433.8,73385.4,73433.7,0.848689,7.263859,-6.415170,59.229278
1779996600,2026-05-28 19:30:00,73434.2,73474.8,73358.5,73358.6,2.315951,0.192545,2.123406,61.352684
1779996900,2026-05-28 19:35:00,73358.6,73358.6,73316.6,73319.1,0.597834,0.106980,0.490855,61.843539
1779997200,2026-05-28 19:40:00,73319.1,73336.6,73312.0,73320.7,0.270699,0.290524,-0.019825,61.823714
1779997500,2026-05-28 19:45:00,73320.6,73380.2,73320.6,73378.8,0.634094,0.351658,0.282436,62.106150
1779997800,2026-05-28 19:50:00,73378.8,73408.0,73285.0,73355.4,3.893922,4.381630,-0.487708,61.618443
1779998100,2026-05-28 19:55:00,73357.9,73381.2,73276.9,73300.7,0.672308,0.230228,0.442081,62.060523
1779998400,2026-05-28 20:00:00,73300.8,73324.2,73238.6,73251.2,0.801973,0.637628,0.164345,62.224868
1779998700,2026-05-28 20:05:00,73252.5,73252.5,73140.8,73195.9,1.633002,2.169627,-0.536625,61.688243
1779999000,2026-05-28 20:10:00,73210.2,73423.4,73200.6,73343.2,13.892965,2.130434,11.762531,73.450774
1779999300,2026-05-28 20:15:00,73338.0,73468.2,73327.8,73457.2,0.314160,0.382568,-0.068408,73.382366
1779999600,2026-05-28 20:20:00,73457.2,73523.1,73457.2,73490.5,0.700621,0.134391,0.566230,73.948596
1779999900,2026-05-28 20:25:00,73489.8,73561.3,73489.8,73542.6,1.985165,1.789782,0.195383,74.143979
1780000200,2026-05-28 20:30:00,73542.6,73568.7,73523.6,73523.7,1.378181,5.560251,-4.182070,69.961909
1780000500,2026-05-28 20:35:00,73523.6,73580.3,73523.6,73559.7,1.167469,0.220133,0.947335,70.909245
1780000800,2026-05-28 20:40:00,73559.6,73600.0,73558.2,73593.2,3.162950,1.061479,2.101470,73.010715
1780001100,2026-05-28 20:45:00,73593.3,73600.0,73526.9,73575.0,7.895534,4.368138,3.527396,76.538111
1780001400,2026-05-28 20:50:00,73573.0,73586.9,73547.3,73558.9,1.881156,8.974602,-7.093446,69.444666
1780001700,2026-05-28 20:55:00,73555.2,73555.2,73466.5,73475.8,1.322664,0.782022,0.540643,69.985308
1780002000,2026-05-28 21:00:00,73475.5,73516.5,73458.7,73466.5,6.606289,0.091027,6.515262,76.500570
1780002300,2026-05-28 21:05:00,73464.7,73549.2,73450.0,73537.3,0.449903,1.889406,-1.439503,75.061068
1780002600,2026-05-28 21:10:00,73537.4,73600.0,73531.0,73595.3,0.336365,1.363259,-1.026894,74.034174
1780002900,2026-05-28 21:15:00,73595.4,73623.5,73577.6,73577.6,7.128914,0.544056,6.584858,80.619031
1780003200,2026-05-28 21:20:00,73577.6,73634.6,73577.6,73634.6,1.705632,0.175761,1.529871,82.148902
1780003500,2026-05-28 21:25:00,73634.6,73634.6,73603.0,73603.1,1.425756,0.525294,0.900462,83.049365
1780003800,2026-05-28 21:30:00,73603.1,73679.3,73580.5,73633.4,80.735262,0.860594,79.874668,162.924033
1780004100,2026-05-28 21:35:00,73633.3,73729.6,73626.6,73692.2,1.638784,3.845011,-2.206227,160.717806
1780004400,2026-05-28 21:40:00,73692.3,73809.3,73692.3,73805.1,7.095423,0.375738,6.719686,167.437491
1780004700,2026-05-28 21:45:00,73805.0,73808.4,73725.5,73725.6,4.198749,1.184215,3.014534,170.452025
1780005000,2026-05-28 21:50:00,73727.3,73782.9,73698.4,73737.3,1.296866,0.873434,0.423432,170.875457
1780005300,2026-05-28 21:55:00,73737.3,73759.6,73727.8,73727.8,0.148183,0.045529,0.102654,170.978111
1780005600,2026-05-28 22:00:00,73719.4,73827.0,73645.2,73664.0,11.401135,5.913904,5.487232,176.465343
1780005900,2026-05-28 22:05:00,73664.0,73664.0,73611.3,73649.9,0.461672,0.208173,0.253500,176.718843
1780006200,2026-05-28 22:10:00,73649.8,73649.8,73598.8,73605.9,1.028773,0.379378,0.649395,177.368238
1780006500,2026-05-28 22:15:00,73605.9,73612.6,73581.3,73581.3,1.812599,0.063103,1.749496,179.117735
1780006800,2026-05-28 22:20:00,73574.3,73598.4,73557.8,73594.7,1.664000,0.127573,1.536427,180.654162
1780007100,2026-05-28 22:25:00,73594.6,73594.6,73501.5,73508.4,1.913123,6.196386,-4.283263,176.370898
1780007400,2026-05-28 22:30:00,73506.8,73506.8,73454.2,73466.9,2.157591,0.929446,1.228144,177.599043
1780007700,2026-05-28 22:35:00,73466.9,73474.8,73454.3,73454.4,2.246699,0.303837,1.942862,179.541904
1780008000,2026-05-28 22:40:00,73454.4,73454.4,73397.0,73404.5,2.140908,1.621170,0.519738,180.061643
1780008300,2026-05-28 22:45:00,73396.5,73471.4,73396.5,73467.6,2.437483,0.274181,2.163302,182.224945
1780008600,2026-05-28 22:50:00,73459.7,73489.4,73401.5,73412.5,2.905339,0.044359,2.860979,185.085924
1780008900,2026-05-28 22:55:00,73413.7,73416.4,73352.5,73366.9,1.815649,1.319499,0.496150,185.582074
1780009200,2026-05-28 23:00:00,73367.6,73467.6,73367.6,73441.2,11.697048,0.103095,11.593953,197.176027
1780009500,2026-05-28 23:05:00,73443.9,73475.6,73443.9,73471.1,3.284259,0.244135,3.040124,200.216151
1780009800,2026-05-28 23:10:00,73471.0,73497.5,73450.2,73497.5,3.598430,0.126054,3.472377,203.688528
1780010100,2026-05-28 23:15:00,73496.2,73500.0,73482.3,73499.9,0.998852,0.107828,0.891023,204.579551
1780010400,2026-05-28 23:20:00,73499.9,73500.0,73467.5,73488.6,2.380313,0.754677,1.625636,206.205188
1780010700,2026-05-28 23:25:00,73488.6,73592.8,73488.6,73575.3,1.310122,0.045659,1.264464,207.469652
1780011000,2026-05-28 23:30:00,73582.8,73621.3,73567.8,73576.7,3.323802,0.100683,3.223118,210.692770
1780011300,2026-05-28 23:35:00,73576.6,73576.7,73504.3,73504.4,2.135750,0.203657,1.932093,212.624863
1780011600,2026-05-28 23:40:00,73504.3,73505.6,73451.4,73505.4,0.123866,11.507506,-11.383640,201.241223
1780011900,2026-05-28 23:45:00,73505.4,73505.4,73436.6,73448.3,0.164592,0.053908,0.110684,201.351907
1780012200,2026-05-28 23:50:00,73448.3,73473.2,73448.2,73473.2,0.136047,0.927006,-0.790959,200.560948
1780012500,2026-05-28 23:55:00,73473.2,73543.9,73473.1,73515.7,0.083029,1.924483,-1.841454,198.719493
1780012800,2026-05-29 00:00:00,73516.5,73652.3,73516.5,73559.7,2.957221,0.667295,2.289925,201.009419
1780013100,2026-05-29 00:05:00,73559.6,73598.5,73535.9,73598.5,0.321616,0.071083,0.250533,201.259952
1780013400,2026-05-29 00:10:00,73598.6,73689.5,73598.6,73648.1,2.750964,3.935147,-1.184183,200.075769
1780013700,2026-05-29 00:15:00,73648.0,73743.7,73581.2,73666.8,5.191332,2.411086,2.780246,202.856015
1780014000,2026-05-29 00:20:00,73674.1,73746.8,73659.7,73736.7,0.362978,0.141378,0.221600,203.077615
1780014300,2026-05-29 00:25:00,73733.7,73743.8,73664.1,73674.5,0.192626,1.134685,-0.942059,202.135556
1780014600,2026-05-29 00:30:00,73674.4,73699.9,73653.3,73655.4,0.364109,0.250041,0.114068,202.249624
1780014900,2026-05-29 00:35:00,73655.5,73733.0,73655.5,73733.0,5.357681,0.196417,5.161264,207.410888
1780015200,2026-05-29 00:40:00,73732.9,73747.9,73683.4,73747.9,2.111509,10.339423,-8.227914,199.182974
1780015500,2026-05-29 00:45:00,73743.8,73743.8,73648.8,73648.8,0.602184,1.374921,-0.772737,198.410237
1780015800,2026-05-29 00:50:00,73648.8,73688.1,73613.9,73613.9,0.251060,0.207426,0.043634,198.453871
1780016100,2026-05-29 00:55:00,73613.9,73622.2,73579.9,73611.2,0.311317,0.120679,0.190638,198.644509
1780016400,2026-05-29 01:00:00,73614.8,73702.0,73614.8,73666.9,0.199798,1.189128,-0.989330,197.655179
1780016700,2026-05-29 01:05:00,73666.9,73747.9,73666.9,73747.9,0.844141,0.118063,0.726079,198.381258
1780017000,2026-05-29 01:10:00,73747.8,73747.9,73649.8,73673.8,0.784255,0.086301,0.697954,199.079212
1780017300,2026-05-29 01:15:00,73673.8,73692.8,73600.4,73600.4,5.747262,1.878271,3.868991,202.948203
1780017600,2026-05-29 01:20:00,73600.9,73600.9,73510.0,73512.7,1.145063,0.291033,0.854030,203.802232
1780017900,2026-05-29 01:25:00,73512.7,73534.9,73471.6,73498.6,0.418816,0.429756,-0.010939,203.791293
1780018200,2026-05-29 01:30:00,73498.6,73498.6,73427.9,73479.6,1.760345,1.475029,0.285316,204.076609
1780018500,2026-05-29 01:35:00,73479.5,73479.5,73381.9,73402.2,0.568756,0.158244,0.410512,204.487121
1780018800,2026-05-29 01:40:00,73402.1,73427.4,73396.4,73420.9,1.179876,0.055637,1.124239,205.611360
1780019100,2026-05-29 01:45:00,73421.0,73471.4,73367.3,73367.3,3.880053,0.211800,3.668252,209.279612
1780019400,2026-05-29 01:50:00,73367.3,73475.6,73360.9,73475.6,0.275661,0.130492,0.145169,209.424781
1780019700,2026-05-29 01:55:00,73475.6,73516.0,73462.1,73483.9,2.075090,4.580251,-2.505161,206.919620
1780020000,2026-05-29 02:00:00,73483.9,73524.5,73440.3,73502.1,0.153810,2.029032,-1.875222,205.044398
1780020300,2026-05-29 02:05:00,73497.3,73514.2,73451.7,73514.2,0.851313,0.040188,0.811125,205.855523
1780020600,2026-05-29 02:10:00,73514.1,73533.2,73488.8,73522.5,0.123563,0.125587,-0.002024,205.853499
1780020900,2026-05-29 02:15:00,73522.4,73537.3,73476.8,73536.7,0.208883,0.628462,-0.419579,205.433920
1780021200,2026-05-29 02:20:00,73536.7,73536.7,73374.8,73379.1,0.096215,0.840566,-0.744351,204.689569
1780021500,2026-05-29 02:25:00,73376.0,73386.2,73271.7,73283.2,0.279446,8.688657,-8.409211,196.280358
1780021800,2026-05-29 02:30:00,73275.7,73367.9,73270.0,73365.3,0.366145,5.236394,-4.870249,191.410109
1780022100,2026-05-29 02:35:00,73365.2,73382.4,73331.4,73344.6,0.120034,0.208640,-0.088606,191.321503
1780022400,2026-05-29 02:40:00,73344.5,73350.0,73222.3,73231.5,0.170506,2.887809,-2.717303,188.604201
1780022700,2026-05-29 02:45:00,73232.7,73294.5,73232.7,73261.1,2.276973,5.464768,-3.187795,185.416405
1780023000,2026-05-29 02:50:00,73257.2,73257.2,73141.9,73141.9,0.154602,0.771883,-0.617281,184.799124
1780023300,2026-05-29 02:55:00,73141.8,73165.8,73072.9,73101.7,1.447114,1.362632,0.084482,184.883607
1780023600,2026-05-29 03:00:00,73101.8,73181.5,73101.8,73179.1,0.433170,0.203545,0.229625,185.113232
1780023900,2026-05-29 03:05:00,73179.1,73339.9,73179.0,73339.8,0.308129,0.011200,0.296929,185.410161
1780024200,2026-05-29 03:10:00,73339.7,73339.7,73317.0,73334.6,0.061556,0.159997,-0.098441,185.311720
1780024500,2026-05-29 03:15:00,73334.6,73334.6,73273.5,73302.5,0.035878,0.122689,-0.086812,185.224908
1780024800,2026-05-29 03:20:00,73307.1,73319.8,73290.9,73299.8,0.071420,0.793257,-0.721837,184.503071
1780025100,2026-05-29 03:25:00,73299.8,73299.8,73281.3,73281.5,0.078906,0.030123,0.048783,184.551855
1780025400,2026-05-29 03:30:00,73281.5,73337.5,73254.7,73323.5,1.174969,1.167135,0.007834,184.559688
1780025700,2026-05-29 03:35:00,73323.6,73323.6,73212.0,73215.2,0.133652,1.501330,-1.367678,183.192010
1780026000,2026-05-29 03:40:00,73215.2,73257.1,73215.1,73257.1,0.065151,1.035657,-0.970506,182.221504
1780026300,2026-05-29 03:45:00,73257.0,73257.1,73234.6,73234.6,0.060323,0.053300,0.007023,182.228527
1780026600,2026-05-29 03:50:00,73237.2,73237.2,73159.4,73198.5,0.099921,0.232669,-0.132748,182.095779
1780026900,2026-05-29 03:55:00,73198.5,73226.3,73180.7,73186.3,0.069214,0.051983,0.017230,182.113009
1780027200,2026-05-29 04:00:00,73186.4,73250.0,73186.3,73250.0,0.173035,0.307308,-0.134273,181.978736
1780027500,2026-05-29 04:05:00,73250.0,73250.0,73134.2,73134.2,0.462761,0.109814,0.352947,182.331683
1780027800,2026-05-29 04:10:00,73134.2,73148.7,73100.8,73127.5,0.083194,0.181011,-0.097817,182.233866
1780028100,2026-05-29 04:15:00,73127.5,73145.0,73127.5,73144.1,0.118774,0.278493,-0.159719,182.074147
1780028400,2026-05-29 04:20:00,73144.9,73211.1,73144.0,73197.5,2.063002,0.182277,1.880725,183.954872
1780028700,2026-05-29 04:25:00,73197.4,73250.0,73197.4,73250.0,0.189015,1.090193,-0.901177,183.053695
1780029000,2026-05-29 04:30:00,73249.9,73290.9,73244.0,73283.9,0.405791,0.648692,-0.242902,182.810793
1780029300,2026-05-29 04:35:00,73283.9,73333.3,73283.8,73303.4,0.212927,0.060530,0.152397,182.963190
1780029600,2026-05-29 04:40:00,73303.4,73317.4,73279.7,73315.6,0.075117,0.041362,0.033754,182.996944
1780029900,2026-05-29 04:45:00,73315.6,73334.5,73310.7,73333.6,0.245621,0.084494,0.161127,183.158072
1780030200,2026-05-29 04:50:00,73333.6,73333.6,73293.5,73331.1,9.293159,5.506222,3.786936,186.945008
1780030500,2026-05-29 04:55:00,73331.1,73402.0,73326.8,73400.1,4.607058,0.048728,4.558330,191.503338
1780030800,2026-05-29 05:00:00,73400.1,73472.1,73400.0,73468.8,0.600354,0.193655,0.406699,191.910037
1780031100,2026-05-29 05:05:00,73467.8,73498.4,73442.8,73496.6,0.089828,1.224113,-1.134285,190.775752
1780031400,2026-05-29 05:10:00,73496.6,73517.6,73496.5,73496.6,0.060471,0.134342,-0.073871,190.701881
1780031700,2026-05-29 05:15:00,73496.6,73502.8,73473.3,73488.6,0.220369,1.224405,-1.004036,189.697846
1780032000,2026-05-29 05:20:00,73488.5,73488.5,73438.8,73445.2,0.088033,0.452978,-0.364946,189.332900
1780032300,2026-05-29 05:25:00,73445.2,73464.2,73445.1,73464.1,0.914052,0.001243,0.912809,190.245709
1780032600,2026-05-29 05:30:00,73464.2,73464.2,73395.7,73400.3,0.051981,5.755196,-5.703215,184.542494
1780032900,2026-05-29 05:35:00,73399.6,73400.3,73385.9,73395.4,0.795588,0.076715,0.718873,185.261367
1780033200,2026-05-29 05:40:00,73395.3,73412.6,73391.4,73404.9,0.730255,0.521125,0.209130,185.470497
1780033500,2026-05-29 05:45:00,73404.9,73564.9,73395.4,73564.9,2.430789,0.076365,2.354424,187.824921
1780033800,2026-05-29 05:50:00,73564.9,73579.4,73527.0,73560.0,1.790845,0.923145,0.867700,188.692621
1780034100,2026-05-29 05:55:00,73560.0,73600.0,73542.3,73594.6,1.691039,1.304968,0.386071,189.078692
1780034400,2026-05-29 06:00:00,73594.7,73599.0,73561.8,73581.8,0.106980,0.157881,-0.050901,189.027791
1780034700,2026-05-29 06:05:00,73581.3,73581.3,73529.2,73541.1,0.111448,0.913386,-0.801938,188.225854
1780035000,2026-05-29 06:10:00,73541.0,73592.0,73535.8,73586.7,0.418593,0.080019,0.338575,188.564428
1780035300,2026-05-29 06:15:00,73586.7,73658.9,73586.7,73658.9,4.537699,0.251931,4.285768,192.850196
1780035600,2026-05-29 06:20:00,73658.8,73800.0,73658.8,73732.3,6.236555,0.749855,5.486701,198.336897
1780035900,2026-05-29 06:25:00,73732.4,73732.4,73664.3,73664.4,1.038068,0.557640,0.480428,198.817325
1780036200,2026-05-29 06:30:00,73664.4,73667.8,73608.7,73608.7,5.676779,0.400451,5.276329,204.093654
1780036500,2026-05-29 06:35:00,73608.7,73608.7,73563.5,73583.6,0.445974,0.284118,0.161855,204.255509
1780036800,2026-05-29 06:40:00,73582.6,73595.0,73582.0,73591.9,0.166564,0.009715,0.156849,204.412358
1780037100,2026-05-29 06:45:00,73591.8,73651.3,73591.8,73637.1,0.994375,0.229250,0.765125,205.177483
1780037400,2026-05-29 06:50:00,73636.5,73688.6,73636.4,73684.0,0.549554,0.409875,0.139679,205.317163
1780037700,2026-05-29 06:55:00,73677.3,73688.6,73667.6,73684.9,2.027106,0.296248,1.730858,207.048021
1780038000,2026-05-29 07:00:00,73681.1,73681.1,73652.1,73660.3,0.332681,15.575792,-15.243110,191.804911
1780038300,2026-05-29 07:05:00,73660.2,73678.7,73649.6,73663.1,0.459909,5.865673,-5.405764,186.399147
1780038600,2026-05-29 07:10:00,73663.0,73724.2,73663.0,73713.9,8.574697,0.204835,8.369863,194.769009
1780038900,2026-05-29 07:15:00,73713.9,73713.9,73684.0,73706.5,0.135647,0.142164,-0.006516,194.762493
1780039200,2026-05-29 07:20:00,73706.5,73717.3,73690.1,73690.1,0.082245,0.102449,-0.020204,194.742289
1780039500,2026-05-29 07:25:00,73691.8,73691.8,73644.1,73663.7,0.044260,0.034933,0.009327,194.751616
1780039800,2026-05-29 07:30:00,73660.9,73660.9,73450.0,73450.1,0.539856,5.165959,-4.626103,190.125513
1780040100,2026-05-29 07:35:00,73450.0,73450.0,73375.6,73395.4,0.621262,1.052031,-0.430769,189.694744
1780040400,2026-05-29 07:40:00,73395.4,73395.4,73319.6,73319.6,0.077051,7.340561,-7.263510,182.431235
1780040700,2026-05-29 07:45:00,73319.6,73319.6,73300.0,73307.7,0.261030,0.541059,-0.280029,182.151205
1780041000,2026-05-29 07:50:00,73307.7,73327.4,73282.4,73282.4,0.225779,9.225798,-9.000019,173.151186
1780041300,2026-05-29 07:55:00,73288.3,73422.3,73288.3,73422.3,1.263797,0.158440,1.105357,174.256543
1780041600,2026-05-29 08:00:00,73419.7,73601.0,73419.7,73568.7,2.728749,0.141616,2.587132,176.843676
1780041900,2026-05-29 08:05:00,73568.7,73624.0,73535.3,73604.0,1.027305,0.025010,1.002296,177.845971
1780042200,2026-05-29 08:10:00,73603.8,73607.1,73572.4,73594.9,10.423325,0.018567,10.404758,188.250729
1780042500,2026-05-29 08:15:00,73605.0,73627.7,73591.3,73594.1,0.074025,5.513392,-5.439366,182.811363
1780042800,2026-05-29 08:20:00,73598.4,73707.3,73598.4,73685.5,0.203311,1.415837,-1.212527,181.598836
1780043100,2026-05-29 08:25:00,73685.5,73722.9,73680.7,73680.8,0.203631,0.266030,-0.062399,181.536437
1780043400,2026-05-29 08:30:00,73680.8,73701.0,73613.4,73699.6,10.678693,0.109786,10.568907,192.105344
1780043700,2026-05-29 08:35:00,73699.6,73720.0,73692.3,73706.0,1.136132,0.147844,0.988289,193.093633
1780044000,2026-05-29 08:40:00,73701.8,73719.8,73653.5,73715.0,14.193123,0.038472,14.154652,207.248285
1780044300,2026-05-29 08:45:00,73711.1,73712.6,73618.4,73618.6,0.078383,0.216566,-0.138183,207.110102
1780044600,2026-05-29 08:50:00,73621.4,73631.0,73586.1,73595.8,0.146832,0.105501,0.041331,207.151433
1780044900,2026-05-29 08:55:00,73595.9,73595.9,73535.3,73542.4,0.172604,0.469205,-0.296600,206.854833
1780045200,2026-05-29 09:00:00,73544.1,73591.8,73544.0,73553.8,0.105742,17.157977,-17.052235,189.802598
1780045500,2026-05-29 09:05:00,73554.0,73627.5,73554.0,73627.5,0.272933,0.059657,0.213277,190.015874
1780045800,2026-05-29 09:10:00,73642.3,73761.8,73642.3,73709.8,7.454236,0.034857,7.419379,197.435253
1780046100,2026-05-29 09:15:00,73707.0,73735.0,73707.0,73735.0,0.715511,0.032809,0.682702,198.117955
1780046400,2026-05-29 09:20:00,73735.0,73773.7,73735.0,73773.7,6.435119,0.042085,6.393034,204.510989
1780046700,2026-05-29 09:25:00,73768.4,73782.8,73748.2,73782.2,3.303363,0.050996,3.252368,207.763357
1780047000,2026-05-29 09:30:00,73782.1,73782.2,73734.6,73744.5,0.140926,0.491163,-0.350237,207.413120
1780047300,2026-05-29 09:35:00,73744.5,73751.0,73711.2,73751.0,7.326482,0.034403,7.292079,214.705199
1780047600,2026-05-29 09:40:00,73748.2,73755.0,73724.0,73731.8,1.253955,0.030738,1.223217,215.928415
1780047900,2026-05-29 09:45:00,73731.9,73731.9,73666.9,73666.9,0.056854,0.057488,-0.000635,215.927781
1780048200,2026-05-29 09:50:00,73666.9,73666.9,73640.7,73640.7,0.025937,0.124784,-0.098847,215.828934
1780048500,2026-05-29 09:55:00,73640.7,73642.0,73627.1,73641.8,0.115529,0.067863,0.047667,215.876600
1780048800,2026-05-29 10:00:00,73640.8,73640.8,73593.4,73593.4,1.582582,4.217370,-2.634788,213.241812
1780049100,2026-05-29 10:05:00,73593.4,73616.9,73562.5,73562.5,2.370184,10.680969,-8.310786,204.931027
1780049400,2026-05-29 10:10:00,73568.7,73616.9,73568.7,73615.5,1.091895,0.090746,1.001149,205.932175
1780049700,2026-05-29 10:15:00,73615.4,73615.5,73547.7,73559.6,4.202665,0.731449,3.471216,209.403391
1780050000,2026-05-29 10:20:00,73563.1,73589.8,73536.3,73558.0,9.198657,19.840452,-10.641795,198.761596
1780050300,2026-05-29 10:25:00,73554.5,73558.0,73508.2,73529.3,5.672262,1.675291,3.996971,202.758567
1780050600,2026-05-29 10:30:00,73529.2,73529.3,73500.0,73522.8,4.210203,1.897184,2.313019,205.071586
1780050900,2026-05-29 10:35:00,73522.7,73627.2,73522.7,73611.5,0.235503,0.965814,-0.730311,204.341275
1780051200,2026-05-29 10:40:00,73611.4,73611.4,73510.0,73510.0,0.049450,8.051069,-8.001619,196.339655
1780051500,2026-05-29 10:45:00,73511.1,73525.7,73500.0,73524.3,0.150631,0.029192,0.121439,196.461095
1780051800,2026-05-29 10:50:00,73524.4,73549.0,73524.4,73544.5,0.140607,0.207000,-0.066393,196.394702
1780052100,2026-05-29 10:55:00,73544.5,73587.5,73528.2,73528.2,2.202343,8.232271,-6.029928,190.364774
1780052400,2026-05-29 11:00:00,73528.2,73535.5,73500.0,73534.8,2.206660,0.185282,2.021379,192.386153
1780052700,2026-05-29 11:05:00,73534.8,73559.6,73520.0,73521.6,0.789011,6.041845,-5.252834,187.133318
1780053000,2026-05-29 11:10:00,73521.6,73582.9,73521.6,73552.4,1.181746,0.074388,1.107358,188.240677
1780053300,2026-05-29 11:15:00,73552.4,73559.4,73552.3,73554.9,1.684573,0.116335,1.568237,189.808914
1780053600,2026-05-29 11:20:00,73554.9,73587.6,73545.9,73579.5,7.283138,0.461213,6.821925,196.630839
1780053900,2026-05-29 11:25:00,73582.3,73582.3,73468.7,73468.7,0.115316,15.272811,-15.157494,181.473344
1780054200,2026-05-29 11:30:00,73468.7,73496.2,73419.3,73496.2,6.132526,0.603399,5.529127,187.002471
1780054500,2026-05-29 11:35:00,73486.3,73493.2,73392.6,73397.6,1.311106,10.653909,-9.342803,177.659669
1780054800,2026-05-29 11:40:00,73397.7,73421.0,73376.5,73376.5,0.140670,9.702027,-9.561358,168.098311
1780055100,2026-05-29 11:45:00,73382.5,73415.2,73357.9,73357.9,1.090519,0.820832,0.269687,168.367998
1780055400,2026-05-29 11:50:00,73358.0,73360.8,73235.3,73318.7,3.403362,2.383747,1.019615,169.387614
1780055700,2026-05-29 11:55:00,73318.7,73364.0,73318.7,73364.0,0.255610,0.754120,-0.498510,168.889104
1780056000,2026-05-29 12:00:00,73364.0,73364.4,73306.1,73316.1,0.684353,0.857084,-0.172731,168.716372
1780056300,2026-05-29 12:05:00,73316.0,73316.0,73261.0,73267.9,0.656802,0.630816,0.025986,168.742359
1780056600,2026-05-29 12:10:00,73267.9,73267.9,73233.0,73259.6,0.616618,0.260837,0.355781,169.098139
1780056900,2026-05-29 12:15:00,73259.6,73298.7,73218.4,73294.1,0.880287,5.521128,-4.640842,164.457298
1780057200,2026-05-29 12:20:00,73294.1,73294.1,73230.0,73230.1,1.398277,17.871986,-16.473709,147.983589
1780057500,2026-05-29 12:25:00,73230.1,73230.1,73200.1,73225.8,1.158420,0.878550,0.279870,148.263458
1780057800,2026-05-29 12:30:00,73223.4,73224.2,73139.4,73177.1,0.306777,25.317470,-25.010692,123.252766
1780058100,2026-05-29 12:35:00,73177.2,73205.4,73150.0,73150.5,0.329241,3.825349,-3.496107,119.756659
1780058400,2026-05-29 12:40:00,73150.0,73171.0,73139.3,73171.0,0.204372,6.820954,-6.616582,113.140077
1780058700,2026-05-29 12:45:00,73171.0,73184.1,73082.1,73132.0,0.297974,18.913988,-18.616015,94.524062
1780059000,2026-05-29 12:50:00,73132.0,73273.6,73132.0,73214.4,0.422072,11.054448,-10.632376,83.891686
1780059300,2026-05-29 12:55:00,73214.4,73227.8,73174.1,73190.0,0.256866,6.032017,-5.775151,78.116535
1780059600,2026-05-29 13:00:00,73190.0,73190.0,73100.1,73136.0,0.427979,2.035477,-1.607498,76.509037
1780059900,2026-05-29 13:05:00,73136.0,73143.1,73061.4,73100.0,2.146508,1.231210,0.915298,77.424335
1780060200,2026-05-29 13:10:00,73099.9,73099.9,72990.3,73020.6,0.427628,4.711689,-4.284061,73.140274
1780060500,2026-05-29 13:15:00,73022.0,73022.1,72994.8,73015.1,0.443215,0.650964,-0.207750,72.932524
1780060800,2026-05-29 13:20:00,73015.0,73015.1,72920.2,72920.3,5.619311,2.077421,3.541890,76.474414
1780061100,2026-05-29 13:25:00,72920.2,72976.5,72859.0,72948.3,2.680232,2.752598,-0.072366,76.402048
1780061400,2026-05-29 13:30:00,72948.3,72948.3,72787.6,72804.8,4.093327,10.432604,-6.339276,70.062771
1780061700,2026-05-29 13:35:00,72814.4,73179.9,72805.4,73100.1,7.584903,3.556985,4.027918,74.090689
1780062000,2026-05-29 13:40:00,73101.7,73154.3,72993.0,73154.3,1.795495,1.033626,0.761869,74.852558
1780062300,2026-05-29 13:45:00,73154.2,73227.1,73099.9,73110.0,7.922281,0.674960,7.247321,82.099879
1780062600,2026-05-29 13:50:00,73109.9,73110.0,72945.3,73003.5,1.672695,1.942690,-0.269994,81.829885
1780062900,2026-05-29 13:55:00,73003.5,73116.5,73003.5,73031.6,1.201278,1.739602,-0.538324,81.291561
1780063200,2026-05-29 14:00:00,73030.3,73088.9,72995.8,73054.5,2.737927,0.224943,2.512984,83.804544
1780063500,2026-05-29 14:05:00,73054.4,73054.5,72784.3,72845.6,0.864807,0.652681,0.212127,84.016671
1780063800,2026-05-29 14:10:00,72843.4,72921.2,72805.4,72903.3,5.200282,0.911878,4.288404,88.305075
1780064100,2026-05-29 14:15:00,72903.3,72967.7,72645.6,72692.3,4.318548,3.228308,1.090240,89.395315
1780064400,2026-05-29 14:20:00,72679.9,72744.8,72579.9,72579.9,1.329406,7.558706,-6.229300,83.166016
1780064700,2026-05-29 14:25:00,72579.8,72645.9,72362.8,72615.6,5.416726,23.085163,-17.668438,65.497578
1780065000,2026-05-29 14:30:00,72613.2,72756.4,72523.9,72717.9,11.393102,89.054933,-77.661831,-12.164253
1780065300,2026-05-29 14:35:00,72717.8,72763.5,72581.7,72584.1,5.236168,1.668946,3.567222,-8.597031
1780065600,2026-05-29 14:40:00,72584.1,72637.8,72455.0,72525.0,3.004163,11.369875,-8.365711,-16.962743
1780065900,2026-05-29 14:45:00,72525.0,72680.0,72501.8,72652.1,1.901955,1.195127,0.706828,-16.255915
1780066200,2026-05-29 14:50:00,72637.0,72999.9,72637.0,72810.1,17.647582,8.667046,8.980536,-7.275379
1780066500,2026-05-29 14:55:00,72811.6,73051.6,72796.3,72981.5,8.636708,2.011655,6.625053,-0.650326
1780066800,2026-05-29 15:00:00,72984.8,73172.9,72891.1,73172.9,4.005238,1.476339,2.528899,1.878573
1780067100,2026-05-29 15:05:00,73172.8,73554.1,73172.8,73539.5,47.341940,4.071341,43.270599,45.149172
1780067400,2026-05-29 15:10:00,73533.1,73650.0,73519.0,73583.7,36.493434,1.332085,35.161349,80.310521
1780067700,2026-05-29 15:15:00,73579.7,73625.0,73431.7,73527.3,2.294402,4.771065,-2.476663,77.833858
1780068000,2026-05-29 15:20:00,73523.1,73523.1,73431.7,73466.0,5.145206,3.977667,1.167539,79.001397
1780068300,2026-05-29 15:25:00,73466.0,73627.4,73379.0,73567.7,5.768490,13.209650,-7.441160,71.560237
1780068600,2026-05-29 15:30:00,73551.7,73981.1,73551.7,73946.7,26.636756,2.571889,24.064867,95.625104
1780068900,2026-05-29 15:35:00,73946.8,74071.5,73875.0,73999.9,7.192869,7.787106,-0.594237,95.030867
1780069200,2026-05-29 15:40:00,73999.9,74070.4,73622.7,73712.3,13.436330,7.711665,5.724666,100.755533
1780069500,2026-05-29 15:45:00,73711.0,73744.1,73626.4,73729.0,2.629671,3.214314,-0.584643,100.170890
1780069800,2026-05-29 15:50:00,73753.5,73753.5,73596.6,73657.5,2.296115,2.649861,-0.353746,99.817144
1780070100,2026-05-29 15:55:00,73659.1,73733.5,73642.3,73696.4,0.761341,0.260262,0.501079,100.318222
1780070400,2026-05-29 16:00:00,73696.5,73768.8,73690.0,73768.8,6.460948,0.597699,5.863249,106.181471
1780070700,2026-05-29 16:05:00,73765.2,73818.8,73714.7,73795.1,0.681550,5.009561,-4.328011,101.853460
1780071000,2026-05-29 16:10:00,73795.0,73911.7,73795.0,73856.7,8.318199,5.623794,2.694405,104.547866
1780071300,2026-05-29 16:15:00,73856.8,73870.9,73636.9,73655.5,1.031527,17.475183,-16.443657,88.104209
1780071600,2026-05-29 16:20:00,73655.4,73680.3,73528.3,73534.1,11.574990,4.240939,7.334051,95.438260
1780071900,2026-05-29 16:25:00,73535.4,73565.0,73456.7,73549.6,1.136092,6.345379,-5.209286,90.228974
1780072200,2026-05-29 16:30:00,73549.6,73971.6,73537.8,73955.6,26.473910,3.666651,22.807259,113.036233
1780072500,2026-05-29 16:35:00,73945.5,73979.9,73822.4,73880.9,1.972428,0.667733,1.304695,114.340928
1780072800,2026-05-29 16:40:00,73877.0,73986.6,73877.0,73940.0,6.415303,0.458328,5.956975,120.297903
1780073100,2026-05-29 16:45:00,73940.0,73940.0,73878.9,73939.0,2.053593,0.239095,1.814498,122.112400
1780073400,2026-05-29 16:50:00,73938.8,73940.0,73810.9,73939.9,1.929182,1.416896,0.512287,122.624687
1780073700,2026-05-29 16:55:00,73936.2,73987.6,73847.1,73941.5,12.377448,5.823992,6.553455,129.178143
1780074000,2026-05-29 17:00:00,73941.5,74022.2,73846.1,73849.8,9.450253,6.950772,2.499481,131.677624
1780074300,2026-05-29 17:05:00,73849.8,74038.3,73830.1,74023.3,1.712512,0.504380,1.208132,132.885756
1780074600,2026-05-29 17:10:00,74016.9,74185.0,74016.9,74150.2,13.521938,4.660619,8.861320,141.747076
1780074900,2026-05-29 17:15:00,74150.1,74200.0,74055.7,74110.2,28.820604,25.473623,3.346981,145.094057
1780075200,2026-05-29 17:20:00,74110.1,74200.0,74098.5,74183.2,20.125363,5.261939,14.863423,159.957480
1780075500,2026-05-29 17:25:00,74183.2,74183.2,74070.8,74121.9,1.136725,1.795793,-0.659068,159.298413
1780075800,2026-05-29 17:30:00,74121.9,74200.0,74121.8,74186.7,1.597906,0.449493,1.148413,160.446825
1780076100,2026-05-29 17:35:00,74172.3,74200.0,74109.9,74199.8,2.922582,6.431842,-3.509260,156.937565
1780076400,2026-05-29 17:40:00,74199.8,74200.0,74100.7,74108.6,0.497798,2.999356,-2.501558,154.436008
1780076700,2026-05-29 17:45:00,74103.8,74103.8,73930.9,73933.0,0.265122,11.033205,-10.768083,143.667925
1780077000,2026-05-29 17:50:00,73937.4,73966.2,73867.2,73877.1,4.026008,11.171032,-7.145024,136.522901
1780077300,2026-05-29 17:55:00,73877.1,73900.0,73812.5,73866.9,0.721745,3.837554,-3.115809,133.407092
1780077600,2026-05-29 18:00:00,73867.0,73919.4,73838.0,73900.8,0.863114,2.894126,-2.031012,131.376080
1780077900,2026-05-29 18:05:00,73900.8,73948.7,73837.8,73930.1,0.321421,0.203507,0.117914,131.493994
1780078200,2026-05-29 18:10:00,73930.2,73953.1,73900.9,73932.3,0.895714,3.109700,-2.213986,129.280008
1780078500,2026-05-29 18:15:00,73932.4,73932.4,73778.2,73795.4,0.496681,2.632910,-2.136229,127.143779
1780078800,2026-05-29 18:20:00,73795.3,73824.4,73720.8,73745.1,0.454925,2.531867,-2.076942,125.066836
1780079100,2026-05-29 18:25:00,73745.2,73785.4,73636.9,73683.9,0.459171,5.869091,-5.409919,119.656917
1780079400,2026-05-29 18:30:00,73683.9,73731.9,73677.7,73712.0,0.470893,1.462753,-0.991861,118.665056
1780079700,2026-05-29 18:35:00,73712.0,73740.1,73671.6,73734.5,1.936330,0.404158,1.532172,120.197228
1780080000,2026-05-29 18:40:00,73734.5,73745.2,73673.7,73686.2,0.636746,0.198324,0.438422,120.635650
1780080300,2026-05-29 18:45:00,73686.2,73686.2,73470.0,73470.0,1.366173,1.937283,-0.571109,120.064541
1780080600,2026-05-29 18:50:00,73465.5,73490.1,73099.1,73241.6,6.035058,21.220882,-15.185823,104.878717
1780080900,2026-05-29 18:55:00,73241.5,73297.3,73192.7,73272.5,0.486291,0.783356,-0.297064,104.581653
1780081200,2026-05-29 19:00:00,73272.6,73352.0,73203.7,73350.4,3.454816,1.759737,1.695079,106.276732
1780081500,2026-05-29 19:05:00,73350.3,73385.4,73343.8,73365.5,0.428290,0.489665,-0.061375,106.215357
1780081800,2026-05-29 19:10:00,73365.4,73365.7,73321.0,73325.0,0.396877,10.463257,-10.066380,96.148978
1780082100,2026-05-29 19:15:00,73325.0,73350.2,73139.6,73194.1,0.487364,12.683691,-12.196327,83.952651
1780082400,2026-05-29 19:20:00,73194.1,73247.4,73171.8,73219.0,13.209852,6.564551,6.645301,90.597952
1780082700,2026-05-29 19:25:00,73220.8,73261.2,73202.6,73231.8,0.423320,7.166207,-6.742887,83.855064
1780083000,2026-05-29 19:30:00,73232.0,73455.6,73232.0,73447.4,0.810975,0.135633,0.675342,84.530407
1780083300,2026-05-29 19:35:00,73447.5,73614.6,73447.5,73600.7,1.589197,14.918015,-13.328818,71.201588
1780083600,2026-05-29 19:40:00,73600.7,73625.0,73552.5,73583.0,0.485475,0.872854,-0.387379,70.814209
1780083900,2026-05-29 19:45:00,73583.0,73599.8,73530.8,73556.2,0.703218,1.407423,-0.704205,70.110004
1780084200,2026-05-29 19:50:00,73562.5,73570.7,73486.3,73486.3,0.743455,1.329719,-0.586264,69.523740
1780084500,2026-05-29 19:55:00,73486.3,73509.0,73410.7,73418.0,0.568204,0.336205,0.231998,69.755738
1780084800,2026-05-29 20:00:00,73413.5,73483.5,73413.5,73456.7,1.181955,0.468148,0.713807,70.469545
1780085100,2026-05-29 20:05:00,73460.0,73561.1,73456.7,73530.5,0.856718,0.329623,0.527095,70.996640
1780085400,2026-05-29 20:10:00,73528.7,73570.0,73517.6,73549.9,2.317258,0.263588,2.053670,73.050311
1780085700,2026-05-29 20:15:00,73549.9,73566.9,73489.0,73550.6,0.273014,0.298645,-0.025631,73.024680
1780086000,2026-05-29 20:20:00,73550.6,73632.4,73550.6,73632.4,1.201956,0.310508,0.891447,73.916127
1780086300,2026-05-29 20:25:00,73632.4,73641.2,73595.1,73605.2,4.684424,0.790815,3.893609,77.809737
1780086600,2026-05-29 20:30:00,73605.2,73658.8,73605.2,73628.0,0.348477,0.196947,0.151530,77.961267
1780086900,2026-05-29 20:35:00,73628.0,73639.2,73597.7,73603.9,0.437315,0.221447,0.215868,78.177135
1780087200,2026-05-29 20:40:00,73603.9,73606.3,73603.8,73604.7,0.837970,0.069631,0.768339,78.945473
1780087500,2026-05-29 20:45:00,73604.6,73652.7,73604.6,73621.9,0.187149,0.131751,0.055398,79.000871
1780087800,2026-05-29 20:50:00,73621.9,73641.0,73553.6,73565.8,1.456552,1.678411,-0.221859,78.779013
1780088100,2026-05-29 20:55:00,73565.8,73584.4,73519.2,73582.6,0.304622,2.766571,-2.461949,76.317064
1780088400,2026-05-29 21:00:00,73582.6,73594.3,73550.0,73588.6,0.860482,0.322363,0.538119,76.855183
1780088700,2026-05-29 21:05:00,73588.7,73658.9,73588.6,73620.1,4.308398,0.028463,4.279935,81.135118
1780089000,2026-05-29 21:10:00,73620.1,73729.6,73620.0,73707.8,1.680384,0.037730,1.642654,82.777772
1780089300,2026-05-29 21:15:00,73707.8,73707.8,73620.1,73622.6,1.143813,0.053095,1.090717,83.868489
1780089600,2026-05-29 21:20:00,73622.6,73622.6,73465.3,73523.7,0.650910,5.128044,-4.477134,79.391356
1780089900,2026-05-29 21:25:00,73523.6,73524.4,73444.7,73444.7,5.530949,1.103914,4.427035,83.818391
1780090200,2026-05-29 21:30:00,73437.1,73492.4,73386.9,73467.6,3.931976,0.093331,3.838645,87.657036
1780090500,2026-05-29 21:35:00,73449.8,73501.6,73421.2,73501.6,0.286278,1.857909,-1.571630,86.085406
1780090800,2026-05-29 21:40:00,73501.7,73507.8,73487.0,73500.0,0.385293,0.056357,0.328937,86.414342
1780091100,2026-05-29 21:45:00,73500.0,73521.5,73393.9,73393.9,0.565886,0.936437,-0.370551,86.043791
1780091400,2026-05-29 21:50:00,73392.9,73393.0,73318.4,73326.1,6.263540,4.515626,1.747914,87.791705
1780091700,2026-05-29 21:55:00,73326.1,73349.8,73318.5,73318.5,1.141261,0.070446,1.070815,88.862520
1780092000,2026-05-29 22:00:00,73318.5,73375.7,73318.5,73326.9,0.679828,0.185707,0.494121,89.356641
1780092300,2026-05-29 22:05:00,73322.1,73324.5,73279.8,73302.5,1.930105,1.032115,0.897990,90.254631
1780092600,2026-05-29 22:10:00,73302.5,73339.7,73291.0,73307.8,1.831286,0.347309,1.483977,91.738607
1780092900,2026-05-29 22:15:00,73305.0,73397.2,73305.0,73397.2,0.454363,1.204270,-0.749907,90.988700
1780093200,2026-05-29 22:20:00,73397.2,73474.0,73397.2,73424.6,2.480682,0.094791,2.385891,93.374591
1780093500,2026-05-29 22:25:00,73424.6,73431.5,73421.5,73421.5,0.141959,0.054309,0.087651,93.462242
1780093800,2026-05-29 22:30:00,73421.6,73454.2,73421.6,73424.0,0.789637,0.328263,0.461375,93.923617
1780094100,2026-05-29 22:35:00,73423.9,73423.9,73346.6,73380.0,0.626613,2.305511,-1.678898,92.244719
1780094400,2026-05-29 22:40:00,73358.0,73387.2,73352.8,73365.7,0.159430,0.037281,0.122149,92.366868
1780094700,2026-05-29 22:45:00,73365.7,73426.9,73356.4,73398.7,0.329662,1.508845,-1.179183,91.187685
1780095000,2026-05-29 22:50:00,73373.5,73379.1,73315.1,73328.7,0.462212,0.222545,0.239667,91.427352
1780095300,2026-05-29 22:55:00,73328.7,73407.6,73328.7,73391.6,0.506664,0.278864,0.227800,91.655152
1780095600,2026-05-29 23:00:00,73391.6,73391.6,73326.5,73367.5,0.298577,0.091552,0.207025,91.862177
1780095900,2026-05-29 23:05:00,73374.7,73411.9,73358.8,73358.8,0.292460,0.191683,0.100777,91.962954
1780096200,2026-05-29 23:10:00,73358.8,73368.4,73308.7,73311.9,0.397756,0.802736,-0.404980,91.557974
1780096500,2026-05-29 23:15:00,73312.0,73369.6,73308.7,73334.8,4.503880,0.118023,4.385858,95.943831
1780096800,2026-05-29 23:20:00,73334.8,73350.1,73232.9,73272.6,0.963755,1.902091,-0.938336,95.005495
1780097100,2026-05-29 23:25:00,73272.5,73311.1,73272.5,73288.5,0.848284,0.105928,0.742355,95.747850
1780097400,2026-05-29 23:30:00,73290.0,73308.5,73264.5,73275.8,0.315541,0.314394,0.001147,95.748998
1780097700,2026-05-29 23:35:00,73273.2,73273.5,73227.4,73264.6,0.324932,0.238875,0.086057,95.835055
1780098000,2026-05-29 23:40:00,73264.7,73325.5,73264.6,73325.4,2.821092,1.398595,1.422497,97.257551
1780098300,2026-05-29 23:45:00,73325.5,73336.3,73309.0,73329.4,1.855973,0.388785,1.467188,98.724739
1780098600,2026-05-29 23:50:00,73329.3,73383.9,73329.3,73376.2,0.471382,0.601890,-0.130508,98.594231
1780098900,2026-05-29 23:55:00,73376.1,73387.9,73366.7,73370.7,0.761083,0.221115,0.539968,99.134199
1780099200,2026-05-30 00:00:00,73370.7,73406.2,73314.8,73345.8,0.359626,12.783465,-12.423839,86.710360
1780099500,2026-05-30 00:05:00,73345.9,73428.3,73335.9,73424.7,1.785973,0.104728,1.681244,88.391605
1780099800,2026-05-30 00:10:00,73424.7,73424.7,73393.5,73395.6,0.219830,0.042242,0.177588,88.569193
1780100100,2026-05-30 00:15:00,73395.6,73429.0,73388.1,73390.2,0.683464,1.498946,-0.815483,87.753710
1780100400,2026-05-30 00:20:00,73390.1,73429.0,73387.6,73387.7,0.163607,1.341368,-1.177762,86.575949
1780100700,2026-05-30 00:25:00,73385.5,73405.0,73371.7,73371.7,0.508605,0.139065,0.369540,86.945488
1780101000,2026-05-30 00:30:00,73371.8,73371.8,73312.9,73320.8,2.794841,0.526073,2.268767,89.214256
1780101300,2026-05-30 00:35:00,73320.9,73414.0,73320.9,73410.0,0.302655,0.096148,0.206507,89.420762
1780101600,2026-05-30 00:40:00,73409.9,73410.0,73399.4,73409.9,0.531436,0.143584,0.387852,89.808614
1780101900,2026-05-30 00:45:00,73410.0,73432.0,73406.4,73411.0,0.376166,0.115519,0.260648,90.069262
1780102200,2026-05-30 00:50:00,73411.1,73478.9,73411.1,73419.3,1.196192,0.142227,1.053964,91.123226
1780102500,2026-05-30 00:55:00,73419.4,73458.1,73409.7,73409.7,1.486323,0.765941,0.720382,91.843608
1780102800,2026-05-30 01:00:00,73400.8,73441.2,73368.4,73435.4,2.217250,2.653280,-0.436030,91.407578
1780103100,2026-05-30 01:05:00,73432.8,73482.9,73414.7,73479.5,0.479265,1.673731,-1.194466,90.213112
1780103400,2026-05-30 01:10:00,73472.7,73494.4,73470.2,73483.4,0.443783,0.032675,0.411108,90.624220
1780103700,2026-05-30 01:15:00,73483.4,73504.9,73452.3,73503.1,0.473789,0.420779,0.053010,90.677231
1780104000,2026-05-30 01:20:00,73508.6,73535.0,73471.5,73535.0,0.070621,0.034341,0.036281,90.713511
1780104300,2026-05-30 01:25:00,73534.0,73558.4,73534.0,73549.4,4.414549,0.065650,4.348900,95.062411
1780104600,2026-05-30 01:30:00,73549.4,73564.0,73517.5,73545.9,0.255070,0.250427,0.004642,95.067053
1780104900,2026-05-30 01:35:00,73545.8,73571.0,73537.2,73556.1,7.847942,0.067312,7.780630,102.847684
1780105200,2026-05-30 01:40:00,73541.3,73541.4,73497.7,73507.1,0.128707,0.166421,-0.037714,102.809970
1780105500,2026-05-30 01:45:00,73507.2,73541.0,73507.2,73539.9,0.075408,0.157781,-0.082374,102.727596
1780105800,2026-05-30 01:50:00,73539.9,73539.9,73498.7,73537.3,0.136338,0.066846,0.069492,102.797088
1780106100,2026-05-30 01:55:00,73538.0,73569.5,73537.9,73562.9,0.131174,0.085617,0.045556,102.842644
1780106400,2026-05-30 02:00:00,73563.0,73615.1,73563.0,73602.1,0.405102,0.089259,0.315842,103.158487
1780106700,2026-05-30 02:05:00,73602.2,73602.2,73584.1,73588.0,0.385886,0.037278,0.348608,103.507094
1780107000,2026-05-30 02:10:00,73588.0,73593.6,73569.0,73571.8,0.226478,1.300480,-1.074002,102.433092
1780107300,2026-05-30 02:15:00,73571.4,73576.1,73556.7,73564.0,0.073831,3.249121,-3.175290,99.257803
1780107600,2026-05-30 02:20:00,73564.0,73564.0,73518.2,73518.3,0.531331,0.192592,0.338739,99.596541
1780107900,2026-05-30 02:25:00,73518.3,73520.0,73510.8,73520.0,0.868337,0.291150,0.577187,100.173728
1780108200,2026-05-30 02:30:00,73520.0,73620.0,73519.9,73604.3,3.727277,0.246679,3.480599,103.654327
1780108500,2026-05-30 02:35:00,73604.1,73604.1,73598.5,73600.6,0.551018,6.091339,-5.540320,98.114007
1780108800,2026-05-30 02:40:00,73598.6,73604.1,73598.5,73604.1,0.350209,0.057576,0.292633,98.406639
1780109100,2026-05-30 02:45:00,73607.6,73618.9,73589.1,73593.2,0.178135,9.098727,-8.920592,89.486047
1780109400,2026-05-30 02:50:00,73593.4,73684.1,73593.4,73684.1,10.202625,0.097155,10.105470,99.591516
1780109700,2026-05-30 02:55:00,73678.9,73693.9,73658.2,73689.7,5.051642,0.106244,4.945399,104.536915
1780110000,2026-05-30 03:00:00,73689.7,73703.5,73646.5,73696.5,8.134940,0.474351,7.660589,112.197505
1780110300,2026-05-30 03:05:00,73695.4,73701.3,73660.2,73701.3,12.290567,0.279049,12.011517,124.209022
1780110600,2026-05-30 03:10:00,73694.4,73694.4,73664.9,73665.0,0.191298,0.040709,0.150589,124.359611
1780110900,2026-05-30 03:15:00,73665.0,73665.0,73632.2,73640.1,0.067280,0.896218,-0.828938,123.530673
1780111200,2026-05-30 03:20:00,73640.2,73658.7,73604.7,73604.7,6.167069,4.324624,1.842445,125.373118
1780111500,2026-05-30 03:25:00,73604.6,73604.7,73564.0,73575.0,10.057664,0.150236,9.907428,135.280545
1780111800,2026-05-30 03:30:00,73575.1,73575.1,73515.1,73523.3,1.011483,0.060458,0.951025,136.231570
1780112100,2026-05-30 03:35:00,73523.2,73523.2,73515.6,73515.7,0.747233,0.023993,0.723239,136.954809
1780112400,2026-05-30 03:40:00,73515.7,73515.7,73449.1,73449.1,0.574529,0.926663,-0.352134,136.602675
1780112700,2026-05-30 03:45:00,73449.0,73481.9,73436.4,73481.9,0.011320,1.435953,-1.424633,135.178041
1780113000,2026-05-30 03:50:00,73481.8,73481.9,73462.8,73462.9,0.034305,0.108158,-0.073853,135.104188
1780113300,2026-05-30 03:55:00,73462.8,73462.8,73425.2,73430.2,0.049895,0.500205,-0.450310,134.653879
1780113600,2026-05-30 04:00:00,73429.3,73482.7,73402.4,73402.4,0.051096,3.252411,-3.201315,131.452564
1780113900,2026-05-30 04:05:00,73402.4,73402.5,73280.0,73280.0,0.083423,1.892370,-1.808947,129.643616
1780114200,2026-05-30 04:10:00,73275.1,73393.4,73275.0,73393.4,0.329885,0.109601,0.220284,129.863900
1780114500,2026-05-30 04:15:00,73393.2,73393.2,73308.7,73321.9,0.325610,0.031550,0.294060,130.157960
1780114800,2026-05-30 04:20:00,73321.8,73333.5,73306.9,73319.4,0.098772,0.106284,-0.007511,130.150448
1780115100,2026-05-30 04:25:00,73318.6,73322.3,73212.9,73268.7,0.055008,1.943456,-1.888448,128.262000
1780115400,2026-05-30 04:30:00,73268.6,73268.6,73131.1,73152.6,0.165065,3.507180,-3.342115,124.919886
1780115700,2026-05-30 04:35:00,73154.9,73201.5,73131.0,73185.8,0.083141,0.082869,0.000273,124.920158
1780116000,2026-05-30 04:40:00,73182.9,73218.7,73162.3,73218.7,0.156559,0.085386,0.071173,124.991331
1780116300,2026-05-30 04:45:00,73218.9,73279.8,73203.6,73278.6,0.050164,0.168026,-0.117862,124.873469
1780116600,2026-05-30 04:50:00,73278.5,73298.2,73255.2,73255.2,0.044968,16.286019,-16.241050,108.632419
1780116900,2026-05-30 04:55:00,73255.2,73307.7,73247.4,73298.8,0.045441,0.067634,-0.022193,108.610226
1780117200,2026-05-30 05:00:00,73299.1,73320.4,73248.2,73320.4,8.868363,0.158769,8.709594,117.319820
1780117500,2026-05-30 05:05:00,73323.2,73530.6,73322.9,73414.7,10.750059,3.350148,7.399911,124.719731
1780117800,2026-05-30 05:10:00,73414.7,73425.1,73387.7,73409.8,10.083177,0.053167,10.030010,134.749741
1780118100,2026-05-30 05:15:00,73410.0,73449.6,73404.5,73437.3,0.190899,0.494396,-0.303497,134.446244
1780118400,2026-05-30 05:20:00,73437.4,73450.1,73426.0,73426.0,0.033395,5.079772,-5.046377,129.399867
1780118700,2026-05-30 05:25:00,73426.0,73449.5,73408.2,73408.2,1.053319,7.053606,-6.000287,123.399581
1780119000,2026-05-30 05:30:00,73414.6,73454.9,73414.6,73440.5,0.108884,0.193540,-0.084656,123.314924
1780119300,2026-05-30 05:35:00,73442.7,73477.7,73442.6,73476.5,0.435377,1.047948,-0.612571,122.702353
1780119600,2026-05-30 05:40:00,73476.4,73478.0,73476.4,73478.0,3.606664,0.499388,3.107276,125.809629
1780119900,2026-05-30 05:45:00,73477.9,73538.2,73477.9,73515.8,8.174218,0.059332,8.114886,133.924516
1780120200,2026-05-30 05:50:00,73515.8,73525.7,73495.5,73508.7,0.092307,0.187455,-0.095148,133.829368
1780120500,2026-05-30 05:55:00,73508.8,73526.9,73500.3,73514.2,4.075935,0.052541,4.023395,137.852763
1780120800,2026-05-30 06:00:00,73506.1,73520.0,73494.0,73498.7,0.066993,1.330257,-1.263263,136.589500
1780121100,2026-05-30 06:05:00,73498.8,73498.9,73425.5,73433.3,0.034469,0.683589,-0.649120,135.940380
1780121400,2026-05-30 06:10:00,73436.5,73452.8,73430.4,73446.8,0.089983,0.233726,-0.143742,135.796638
1780121700,2026-05-30 06:15:00,73446.7,73461.7,73441.0,73461.7,3.056785,1.512288,1.544496,137.341134
1780122000,2026-05-30 06:20:00,73461.7,73519.9,73461.6,73514.4,0.045299,0.311707,-0.266408,137.074726
1780122300,2026-05-30 06:25:00,73514.4,73514.5,73485.1,73510.1,0.218399,0.315025,-0.096626,136.978100
1780122600,2026-05-30 06:30:00,73510.2,73555.0,73510.2,73555.0,0.537307,0.310575,0.226732,137.204832
1780122900,2026-05-30 06:35:00,73554.9,73605.8,73554.9,73557.5,1.469680,1.719744,-0.250064,136.954768
1780123200,2026-05-30 06:40:00,73557.6,73560.0,73534.2,73546.4,0.202990,0.189685,0.013304,136.968072
1780123500,2026-05-30 06:45:00,73546.4,73567.4,73509.0,73510.9,0.202586,0.227064,-0.024478,136.943594
1780123800,2026-05-30 06:50:00,73509.4,73511.1,73475.8,73491.4,0.055777,0.069186,-0.013410,136.930185
1780124100,2026-05-30 06:55:00,73491.4,73512.0,73475.1,73489.6,0.213080,0.060503,0.152577,137.082762
1780124400,2026-05-30 07:00:00,73489.6,73499.7,73442.8,73442.8,0.148059,0.234684,-0.086624,136.996137
1780124700,2026-05-30 07:05:00,73439.5,73446.2,73432.8,73440.8,0.609666,0.256226,0.353440,137.349577
1780125000,2026-05-30 07:10:00,73440.9,73463.8,73436.9,73449.5,0.274632,0.150188,0.124443,137.474021
1780125300,2026-05-30 07:15:00,73449.4,73466.9,73438.0,73438.0,0.213750,0.267292,-0.053543,137.420478
1780125600,2026-05-30 07:20:00,73438.1,73453.7,73429.1,73452.4,0.282781,0.112396,0.170385,137.590863
1780125900,2026-05-30 07:25:00,73452.4,73478.6,73452.4,73472.5,0.151102,0.229525,-0.078423,137.512440
1780126200,2026-05-30 07:30:00,73472.5,73480.5,73463.4,73463.6,0.151062,0.144021,0.007042,137.519482
1780126500,2026-05-30 07:35:00,73463.6,73463.6,73395.0,73395.0,0.092938,0.453757,-0.360818,137.158663
1780126800,2026-05-30 07:40:00,73396.9,73408.1,73391.0,73408.1,0.086789,0.574437,-0.487648,136.671015
1780127100,2026-05-30 07:45:00,73408.0,73439.5,73383.2,73439.5,0.082078,0.033132,0.048946,136.719961
1780127400,2026-05-30 07:50:00,73439.5,73444.0,73428.4,73432.8,0.243992,0.287163,-0.043171,136.676790
1780127700,2026-05-30 07:55:00,73432.7,73443.2,73424.5,73443.1,0.037301,0.039717,-0.002416,136.674375
1780128000,2026-05-30 08:00:00,73443.2,73449.7,73437.8,73437.9,0.205517,0.369393,-0.163876,136.510498
1780128300,2026-05-30 08:05:00,73437.9,73447.0,73437.8,73441.1,0.058610,0.035859,0.022751,136.533250
1780128600,2026-05-30 08:10:00,73441.3,73447.0,73438.2,73447.0,0.129755,0.179938,-0.050183,136.483067
1780128900,2026-05-30 08:15:00,73447.0,73447.0,73405.3,73410.0,0.101357,2.039409,-1.938052,134.545015
1780129200,2026-05-30 08:20:00,73407.0,73453.0,73405.2,73453.0,0.415294,3.406013,-2.990719,131.554296
1780129500,2026-05-30 08:25:00,73453.0,73468.1,73437.5,73437.5,5.035385,18.009311,-12.973926,118.580370
1780129800,2026-05-30 08:30:00,73443.0,73450.5,73438.8,73438.8,0.245390,0.115685,0.129705,118.710075
1780130100,2026-05-30 08:35:00,73435.9,73435.9,73423.3,73423.3,0.236935,0.236982,-0.000047,118.710028
1780130400,2026-05-30 08:40:00,73423.2,73423.3,73416.5,73416.6,0.054761,0.012250,0.042511,118.752539
1780130700,2026-05-30 08:45:00,73416.5,73423.0,73405.2,73423.0,0.163810,0.150723,0.013087,118.765627
1780131000,2026-05-30 08:50:00,73422.9,73431.5,73422.9,73431.5,0.291991,0.022336,0.269654,119.035281
1780131300,2026-05-30 08:55:00,73411.2,73422.7,73398.8,73422.7,0.063192,0.044661,0.018531,119.053812
1780131600,2026-05-30 09:00:00,73422.7,73434.2,73402.4,73434.2,0.622602,0.721961,-0.099360,118.954453
1780131900,2026-05-30 09:05:00,73434.1,73437.0,73406.0,73437.0,0.095225,0.049157,0.046068,119.000520
1780132200,2026-05-30 09:10:00,73437.0,73448.1,73436.9,73448.1,0.839129,0.021522,0.817606,119.818126
1780132500,2026-05-30 09:15:00,73448.1,73460.0,73447.9,73448.0,0.023112,0.044257,-0.021144,119.796982
1780132800,2026-05-30 09:20:00,73448.1,73448.1,73437.3,73445.5,0.033277,0.035315,-0.002038,119.794944
1780133100,2026-05-30 09:25:00,73445.6,73460.0,73445.5,73460.0,0.356614,0.119104,0.237510,120.032454
1780133400,2026-05-30 09:30:00,73460.0,73460.0,73446.1,73459.9,0.051913,0.034563,0.017349,120.049803
1780133700,2026-05-30 09:35:00,73460.0,73475.0,73458.3,73459.0,0.076234,0.108263,-0.032029,120.017774
1780134000,2026-05-30 09:40:00,73459.0,73459.1,73449.5,73456.7,0.161376,0.520952,-0.359576,119.658198
1780134300,2026-05-30 09:45:00,73461.0,73467.0,73460.9,73462.9,0.022434,0.060036,-0.037602,119.620596
1780134600,2026-05-30 09:50:00,73463.0,73515.3,73462.9,73507.0,0.156648,0.049424,0.107224,119.727819
1780134900,2026-05-30 09:55:00,73507.0,73507.0,73487.1,73506.2,0.038827,0.540239,-0.501412,119.226408
1780135200,2026-05-30 10:00:00,73506.3,73527.0,73484.3,73512.3,0.121561,0.108607,0.012954,119.239361
1780135500,2026-05-30 10:05:00,73512.3,73538.0,73502.1,73534.4,0.173690,0.045736,0.127954,119.367315
1780135800,2026-05-30 10:10:00,73537.2,73551.3,73532.7,73533.0,0.026854,0.038501,-0.011646,119.355669
1780136100,2026-05-30 10:15:00,73533.0,73578.2,73532.9,73552.0,0.074315,0.073654,0.000661,119.356330
1780136400,2026-05-30 10:20:00,73552.0,73554.3,73535.1,73548.0,0.045244,0.156592,-0.111348,119.244982
1780136700,2026-05-30 10:25:00,73566.6,73573.9,73518.1,73546.8,0.381251,0.020810,0.360441,119.605424
1780137000,2026-05-30 10:30:00,73534.8,73535.4,73527.2,73535.3,0.074963,0.249844,-0.174881,119.430543
1780137300,2026-05-30 10:35:00,73535.3,73548.5,73523.0,73527.7,0.374666,0.080853,0.293813,119.724356
1780137600,2026-05-30 10:40:00,73520.9,73547.4,73520.9,73534.9,0.092195,0.033244,0.058951,119.783307
1780137900,2026-05-30 10:45:00,73539.0,73558.4,73539.0,73550.8,0.412064,0.021516,0.390549,120.173855
1780138200,2026-05-30 10:50:00,73547.6,73560.2,73539.9,73539.9,0.107387,0.188963,-0.081577,120.092279
1780138500,2026-05-30 10:55:00,73543.0,73545.5,73509.9,73545.5,0.059900,0.125436,-0.065536,120.026742
1780138800,2026-05-30 11:00:00,73550.8,73551.3,73534.6,73541.8,0.141360,0.027200,0.114160,120.140902
1780139100,2026-05-30 11:05:00,73541.9,73541.9,73520.5,73520.6,0.024331,0.009180,0.015151,120.156053
1780139400,2026-05-30 11:10:00,73520.6,73520.6,73516.5,73518.3,0.160089,0.038477,0.121612,120.277665
1780139700,2026-05-30 11:15:00,73516.5,73516.6,73475.1,73476.4,0.036416,0.752142,-0.715726,119.561939
1780140000,2026-05-30 11:20:00,73476.3,73486.7,73456.5,73486.7,0.888251,0.133682,0.754569,120.316508
1780140300,2026-05-30 11:25:00,73492.6,73500.0,73479.9,73479.9,0.115991,0.149934,-0.033943,120.282565
1780140600,2026-05-30 11:30:00,73480.0,73491.2,73480.0,73486.7,0.097100,0.249874,-0.152774,120.129790
1780140900,2026-05-30 11:35:00,73486.6,73513.9,73486.6,73513.8,0.327517,0.319400,0.008117,120.137907
1780141200,2026-05-30 11:40:00,73513.8,73523.1,73513.8,73523.1,0.064282,0.083841,-0.019559,120.118348
1780141500,2026-05-30 11:45:00,73522.9,73522.9,73497.8,73499.5,0.040702,0.189058,-0.148356,119.969992
1780141800,2026-05-30 11:50:00,73499.5,73502.8,73477.4,73502.8,0.100648,0.279817,-0.179169,119.790823
1780142100,2026-05-30 11:55:00,73504.6,73504.6,73487.5,73494.5,0.046148,0.147158,-0.101010,119.689814
1780142400,2026-05-30 12:00:00,73494.6,73513.4,73491.8,73494.5,0.214771,0.090337,0.124434,119.814248
1780142700,2026-05-30 12:05:00,73494.5,73504.8,73492.5,73493.7,0.802755,0.304566,0.498189,120.312437
1780143000,2026-05-30 12:10:00,73493.7,73493.7,73486.0,73486.8,0.064403,0.027921,0.036482,120.348919
1780143300,2026-05-30 12:15:00,73486.9,73537.2,73486.9,73534.6,0.550735,0.057520,0.493215,120.842135
1780143600,2026-05-30 12:20:00,73534.7,73565.6,73531.5,73535.2,0.089046,10.549197,-10.460151,110.381983
1780143900,2026-05-30 12:25:00,73536.4,73562.5,73536.3,73543.5,0.268562,0.018847,0.249715,110.631699
1780144200,2026-05-30 12:30:00,73543.5,73598.3,73543.4,73583.4,6.592426,0.210451,6.381974,117.013673
1780144500,2026-05-30 12:35:00,73575.7,73575.7,73558.8,73558.9,0.089272,0.093460,-0.004188,117.009485
1780144800,2026-05-30 12:40:00,73558.9,73575.0,73558.8,73574.9,1.242407,0.700542,0.541865,117.551349
1780145100,2026-05-30 12:45:00,73575.0,73576.2,73551.2,73575.8,0.437252,0.387488,0.049765,117.601114
1780145400,2026-05-30 12:50:00,73576.2,73576.2,73550.0,73550.1,0.187608,0.133845,0.053764,117.654878
1780145700,2026-05-30 12:55:00,73550.1,73592.8,73550.0,73592.8,0.707984,0.109234,0.598750,118.253628
1780146000,2026-05-30 13:00:00,73588.1,73626.5,73587.4,73622.4,1.282053,0.054145,1.227908,119.481536
1780146300,2026-05-30 13:05:00,73622.5,73658.9,73622.4,73657.4,0.522056,0.031641,0.490415,119.971950
1780146600,2026-05-30 13:10:00,73658.8,73676.5,73644.2,73644.2,0.601697,0.037814,0.563883,120.535833
1780146900,2026-05-30 13:15:00,73644.3,73651.9,73622.4,73651.9,0.873952,0.147789,0.726163,121.261996
1780147200,2026-05-30 13:20:00,73653.4,73712.0,73653.3,73682.9,1.957313,0.551994,1.405319,122.667316
1780147500,2026-05-30 13:25:00,73682.1,73684.4,73665.0,73665.1,0.234348,0.315824,-0.081476,122.585839
1780147800,2026-05-30 13:30:00,73665.1,73670.9,73587.8,73589.9,0.300914,4.100369,-3.799455,118.786385
1780148100,2026-05-30 13:35:00,73589.9,73589.9,73589.8,73589.8,0.064381,0.014761,0.049620,118.836005
1780148400,2026-05-30 13:40:00,73589.8,73649.6,73589.8,73644.3,0.383643,0.041519,0.342124,119.178128
1780148700,2026-05-30 13:45:00,73644.2,73670.9,73644.2,73650.9,0.167517,0.195125,-0.027607,119.150521
1780149000,2026-05-30 13:50:00,73651.0,73712.0,73650.9,73712.0,0.790139,0.288517,0.501621,119.652143
1780149300,2026-05-30 13:55:00,73712.0,73729.5,73708.6,73723.3,0.972878,0.356602,0.616276,120.268419
1780149600,2026-05-30 14:00:00,73723.4,73800.5,73705.2,73800.5,1.038204,0.354879,0.683325,120.951744
1780149900,2026-05-30 14:05:00,73800.4,73835.9,73791.5,73835.9,0.579891,0.581240,-0.001349,120.950395
1780150200,2026-05-30 14:10:00,73835.9,73897.8,73827.0,73827.0,2.252977,5.508938,-3.255961,117.694434
1780150500,2026-05-30 14:15:00,73827.0,73893.5,73791.5,73893.4,0.673603,1.094841,-0.421238,117.273196
1780150800,2026-05-30 14:20:00,73893.4,73893.4,73845.7,73859.5,0.482866,0.652219,-0.169353,117.103843
1780151100,2026-05-30 14:25:00,73859.4,73943.8,73845.4,73919.9,0.265936,0.382225,-0.116289,116.987554
1780151400,2026-05-30 14:30:00,73922.0,73968.8,73892.3,73932.5,0.384294,0.203028,0.181266,117.168820
1780151700,2026-05-30 14:35:00,73939.9,73945.4,73910.4,73937.2,1.531686,3.245239,-1.713553,115.455268
1780152000,2026-05-30 14:40:00,73942.4,73968.6,73891.9,73892.6,2.306178,0.070238,2.235939,117.691207
1780152300,2026-05-30 14:45:00,73892.6,73925.6,73824.1,73886.2,0.344415,0.205544,0.138871,117.830078
1780152600,2026-05-30 14:50:00,73886.3,73886.3,73822.0,73824.7,0.153458,0.839854,-0.686396,117.143682
1780152900,2026-05-30 14:55:00,73824.9,73828.1,73821.0,73823.7,0.457388,0.375446,0.081942,117.225624
1780153200,2026-05-30 15:00:00,73823.7,73849.3,73791.5,73797.1,0.236240,0.206612,0.029628,117.255252
1780153500,2026-05-30 15:05:00,73797.0,73797.1,73742.5,73791.2,0.528918,22.001972,-21.473054,95.782198
1780153800,2026-05-30 15:10:00,73791.2,73916.2,73791.2,73916.2,3.134616,2.252619,0.881996,96.664194
1780154100,2026-05-30 15:15:00,73916.1,73927.6,73820.7,73824.2,0.102209,1.243522,-1.141313,95.522881
1780154400,2026-05-30 15:20:00,73824.2,73824.2,73751.4,73772.6,0.210340,0.623953,-0.413613,95.109268
1780154700,2026-05-30 15:25:00,73772.5,73845.6,73772.5,73833.1,1.681535,0.090258,1.591277,96.700545
1780155000,2026-05-30 15:30:00,73833.2,73838.7,73765.2,73811.0,1.150599,0.259679,0.890920,97.591465
1780155300,2026-05-30 15:35:00,73811.0,73811.0,73779.5,73779.5,0.080468,0.040188,0.040280,97.631744
1780155600,2026-05-30 15:40:00,73777.1,73777.2,73743.4,73759.8,0.561218,0.105849,0.455368,98.087113
1780155900,2026-05-30 15:45:00,73759.6,73802.1,73759.5,73797.6,0.169490,10.797992,-10.628502,87.458611
1780156200,2026-05-30 15:50:00,73798.3,73857.1,73778.6,73839.1,1.270098,0.180193,1.089905,88.548516
1780156500,2026-05-30 15:55:00,73839.1,73848.7,73791.4,73811.4,0.404860,1.053123,-0.648263,87.900253
1780156800,2026-05-30 16:00:00,73811.4,73811.4,73770.0,73785.2,0.201335,0.103223,0.098112,87.998365
1780157100,2026-05-30 16:05:00,73785.2,73814.2,73785.2,73810.2,0.328497,0.708443,-0.379946,87.618419
1780157400,2026-05-30 16:10:00,73810.2,73840.3,73810.1,73840.0,0.334793,0.022438,0.312355,87.930774
1780157700,2026-05-30 16:15:00,73839.9,73858.5,73808.7,73808.7,0.377803,0.050989,0.326814,88.257588
1780158000,2026-05-30 16:20:00,73808.8,73842.2,73808.7,73808.7,0.124261,0.143379,-0.019118,88.238470
1780158300,2026-05-30 16:25:00,73808.8,73808.8,73791.4,73798.7,0.130324,0.875023,-0.744698,87.493772
1780158600,2026-05-30 16:30:00,73798.7,73854.1,73798.6,73838.7,0.377516,1.787846,-1.410330,86.083442
1780158900,2026-05-30 16:35:00,73838.7,73868.2,73830.6,73856.2,0.249934,0.136390,0.113544,86.196986
1780159200,2026-05-30 16:40:00,73856.3,73869.1,73835.4,73845.5,0.141655,2.858873,-2.717218,83.479768
1780159500,2026-05-30 16:45:00,73845.6,73866.7,73798.6,73817.8,0.120530,0.136768,-0.016239,83.463529
1780159800,2026-05-30 16:50:00,73817.8,73822.8,73812.3,73820.8,0.102711,0.051919,0.050793,83.514322
1780160100,2026-05-30 16:55:00,73820.7,73824.6,73820.7,73824.6,0.142895,0.417084,-0.274189,83.240133
1780160400,2026-05-30 17:00:00,73824.6,73835.1,73803.2,73820.8,0.212258,0.955055,-0.742797,82.497336
1780160700,2026-05-30 17:05:00,73824.2,73825.8,73769.2,73780.1,0.091779,0.190511,-0.098731,82.398604
1780161000,2026-05-30 17:10:00,73780.1,73791.4,73772.3,73791.4,0.906798,0.097143,0.809655,83.208260
1780161300,2026-05-30 17:15:00,73795.0,73832.9,73794.9,73804.3,2.906220,0.141266,2.764954,85.973214
1780161600,2026-05-30 17:20:00,73804.3,73902.1,73804.3,73883.4,12.258889,0.104909,12.153980,98.127193
1780161900,2026-05-30 17:25:00,73883.4,73892.7,73832.8,73832.8,0.194770,0.085528,0.109242,98.236436
1780162200,2026-05-30 17:30:00,73832.7,73832.7,73705.0,73755.5,0.269842,1.074166,-0.804324,97.432111
1780162500,2026-05-30 17:35:00,73755.4,73813.6,73750.0,73813.6,0.278664,0.269560,0.009104,97.441215
1780162800,2026-05-30 17:40:00,73813.6,73838.3,73813.5,73837.9,0.099986,0.030627,0.069358,97.510574
1780163100,2026-05-30 17:45:00,73837.9,73902.1,73837.9,73902.1,0.236694,0.059296,0.177397,97.687971
1780163400,2026-05-30 17:50:00,73902.1,73902.6,73881.1,73898.2,0.702011,0.118207,0.583804,98.271775
1780163700,2026-05-30 17:55:00,73898.1,73912.4,73896.3,73910.4,0.539767,0.080947,0.458820,98.730595
1780164000,2026-05-30 18:00:00,73912.8,73923.4,73904.4,73904.4,0.927118,0.115014,0.812104,99.542699
1780164300,2026-05-30 18:05:00,73904.3,73913.8,73904.3,73911.9,0.207435,1.051645,-0.844210,98.698489
1780164600,2026-05-30 18:10:00,73911.8,73914.8,73903.1,73908.0,0.365949,0.568649,-0.202701,98.495788
1780164900,2026-05-30 18:15:00,73908.0,73959.0,73907.9,73940.7,26.302772,0.082600,26.220172,124.715960
1780165200,2026-05-30 18:20:00,73940.7,73986.7,73930.7,73930.7,1.192573,0.490843,0.701730,125.417691
1780165500,2026-05-30 18:25:00,73930.6,73930.6,73851.0,73855.0,10.403134,5.782967,4.620168,130.037858
1780165800,2026-05-30 18:30:00,73855.1,73929.5,73855.0,73927.5,0.096959,0.802848,-0.705889,129.331969
1780166100,2026-05-30 18:35:00,73927.5,73928.0,73909.6,73928.0,0.477005,0.191168,0.285837,129.617807
1780166400,2026-05-30 18:40:00,73928.0,73975.0,73927.9,73975.0,0.307562,0.493019,-0.185457,129.432350
1780166700,2026-05-30 18:45:00,73976.8,74004.4,73928.3,73931.0,4.612422,0.327259,4.285163,133.717513
1780167000,2026-05-30 18:50:00,73929.5,73929.5,73887.6,73905.2,0.226817,3.268358,-3.041541,130.675972
1780167300,2026-05-30 18:55:00,73907.4,73950.0,73907.4,73934.6,0.313558,0.298340,0.015218,130.691190
1780167600,2026-05-30 19:00:00,73934.6,73934.6,73909.0,73930.0,0.387671,0.670801,-0.283130,130.408060
1780167900,2026-05-30 19:05:00,73929.9,73930.0,73898.2,73903.9,0.245053,0.604319,-0.359266,130.048794
1780168200,2026-05-30 19:10:00,73903.8,73923.6,73895.0,73923.6,0.183093,0.237152,-0.054059,129.994736
1780168500,2026-05-30 19:15:00,73929.9,73964.9,73929.9,73943.8,0.187805,1.021216,-0.833411,129.161324
1780168800,2026-05-30 19:20:00,73942.3,73943.7,73900.1,73901.8,0.220478,0.126034,0.094444,129.255768
1780169100,2026-05-30 19:25:00,73902.9,73914.4,73880.4,73883.7,0.157405,0.090208,0.067197,129.322965
1780169400,2026-05-30 19:30:00,73883.7,73903.6,73860.9,73881.7,13.255728,0.820441,12.435287,141.758252
1780169700,2026-05-30 19:35:00,73881.7,73931.7,73869.6,73931.7,0.296825,10.523649,-10.226824,131.531428
1780170000,2026-05-30 19:40:00,73931.6,73931.7,73887.3,73892.4,1.386122,2.579709,-1.193588,130.337841
1780170300,2026-05-30 19:45:00,73913.6,73962.2,73913.6,73947.6,0.254821,0.053007,0.201814,130.539654
1780170600,2026-05-30 19:50:00,73944.1,73951.3,73914.8,73930.0,0.685608,0.065314,0.620294,131.159949
1780170900,2026-05-30 19:55:00,73930.0,73930.0,73901.0,73901.1,0.105547,0.444767,-0.339220,130.820728
1780171200,2026-05-30 20:00:00,73901.1,73907.4,73828.2,73828.2,0.102702,1.388445,-1.285743,129.534985
1780171500,2026-05-30 20:05:00,73825.3,73880.7,73825.3,73880.3,0.247424,0.082580,0.164843,129.699829
1780171800,2026-05-30 20:10:00,73880.4,73880.4,73848.4,73848.6,0.152132,0.555273,-0.403140,129.296688
1780172100,2026-05-30 20:15:00,73848.6,73864.7,73847.0,73864.2,0.417706,0.361507,0.056199,129.352887
1780172400,2026-05-30 20:20:00,73864.3,73864.3,73858.1,73858.7,0.124351,0.183489,-0.059138,129.293749
1780172700,2026-05-30 20:25:00,73858.7,73859.4,73858.6,73858.7,0.098791,0.045788,0.053003,129.346752
1780173000,2026-05-30 20:30:00,73858.7,73858.7,73828.0,73842.9,3.920178,0.113750,3.806428,133.153181
1780173300,2026-05-30 20:35:00,73843.0,73864.5,73820.7,73830.4,0.168102,3.672049,-3.503947,129.649233
1780173600,2026-05-30 20:40:00,73830.3,73830.3,73821.0,73825.5,0.105589,0.928491,-0.822902,128.826331
1780173900,2026-05-30 20:45:00,73825.5,73828.3,73819.0,73828.3,0.149037,0.019071,0.129967,128.956298
1780174200,2026-05-30 20:50:00,73828.3,73871.1,73813.2,73856.7,1.947336,0.055574,1.891762,130.848060
1780174500,2026-05-30 20:55:00,73856.7,73857.5,73856.6,73857.5,0.194189,0.001978,0.192211,131.040271
1780174800,2026-05-30 21:00:00,73858.3,73873.0,73858.3,73872.9,0.232350,0.038344,0.194006,131.234277
1780175100,2026-05-30 21:05:00,73872.9,73875.2,73847.1,73870.2,5.542799,6.054016,-0.511217,130.723059
1780175400,2026-05-30 21:10:00,73870.2,73871.6,73859.4,73864.8,0.212044,0.019753,0.192291,130.915351
1780175700,2026-05-30 21:15:00,73874.3,73883.9,73873.8,73879.5,0.071916,0.360854,-0.288938,130.626412
1780176000,2026-05-30 21:20:00,73879.4,73885.1,73871.3,73876.5,0.662862,0.269151,0.393711,131.020123
1780176300,2026-05-30 21:25:00,73877.3,73905.1,73874.1,73894.3,7.291065,0.023672,7.267392,138.287515
1780176600,2026-05-30 21:30:00,73890.8,73890.8,73890.7,73890.7,0.108891,0.019097,0.089794,138.377309
1780176900,2026-05-30 21:35:00,73890.7,73890.8,73856.6,73876.8,0.211603,2.326736,-2.115133,136.262176
1780177200,2026-05-30 21:40:00,73876.8,73950.6,73876.7,73903.9,0.366929,0.066365,0.300563,136.562740
1780177500,2026-05-30 21:45:00,73893.2,73910.1,73832.5,73845.5,0.220894,0.320497,-0.099603,136.463137
1780177800,2026-05-30 21:50:00,73850.6,73864.3,73825.1,73864.3,0.160133,0.015320,0.144814,136.607950
1780178100,2026-05-30 21:55:00,73864.3,73868.7,73846.1,73853.0,0.147323,0.404894,-0.257570,136.350380
1780178400,2026-05-30 22:00:00,73868.9,73868.9,73757.9,73777.6,0.319357,2.462483,-2.143126,134.207254
1780178700,2026-05-30 22:05:00,73777.5,73791.3,73700.0,73791.3,0.485474,7.222883,-6.737408,127.469845
1780179000,2026-05-30 22:10:00,73791.3,73791.3,73780.9,73787.7,0.551482,0.024556,0.526926,127.996772
1780179300,2026-05-30 22:15:00,73788.5,73821.5,73775.6,73775.9,0.497742,1.780852,-1.283110,126.713662
1780179600,2026-05-30 22:20:00,73775.9,73789.2,73745.3,73766.1,0.184314,2.135654,-1.951341,124.762321
1780179900,2026-05-30 22:25:00,73766.2,73788.5,73762.0,73788.5,0.116769,0.031351,0.085419,124.847740
1780180200,2026-05-30 22:30:00,73792.4,73792.4,73781.6,73781.7,0.100272,0.060393,0.039879,124.887619
1780180500,2026-05-30 22:35:00,73781.7,73781.7,73721.8,73729.7,0.025832,0.151752,-0.125920,124.761698
1780180800,2026-05-30 22:40:00,73729.6,73729.6,73700.0,73705.2,2.341685,0.089444,2.252241,127.013939
1780181100,2026-05-30 22:45:00,73705.2,73750.0,73700.1,73750.0,0.218159,0.014900,0.203258,127.217197
1780181400,2026-05-30 22:50:00,73750.0,73750.0,73746.7,73749.9,0.342684,0.019989,0.322694,127.539892
1780181700,2026-05-30 22:55:00,73750.0,73781.6,73746.2,73780.0,0.243176,0.040213,0.202963,127.742854
1780182000,2026-05-30 23:00:00,73780.0,73881.8,73768.3,73879.8,0.642810,0.135365,0.507445,128.250300
1780182300,2026-05-30 23:05:00,73880.0,73880.0,73816.6,73816.6,0.149825,0.090638,0.059187,128.309487
1780182600,2026-05-30 23:10:00,73816.6,73816.6,73737.5,73741.2,0.059723,0.188592,-0.128869,128.180618
1780182900,2026-05-30 23:15:00,73741.2,73777.2,73738.7,73777.1,0.217085,0.732407,-0.515322,127.665296
1780183200,2026-05-30 23:20:00,73777.2,73777.2,73713.5,73739.7,0.223643,1.117164,-0.893521,126.771775
1780183500,2026-05-30 23:25:00,73739.6,73768.5,73730.1,73740.2,0.147353,1.234489,-1.087135,125.684639
1780183800,2026-05-30 23:30:00,73741.9,73741.9,73700.8,73703.8,0.226997,5.763373,-5.536376,120.148263
1780184100,2026-05-30 23:35:00,73703.8,73703.8,73686.9,73687.0,0.121397,0.147287,-0.025890,120.122373
1780184400,2026-05-30 23:40:00,73686.9,73704.0,73686.9,73691.1,0.132066,0.030577,0.101490,120.223862
1780184700,2026-05-30 23:45:00,73691.2,73738.4,73691.2,73738.4,0.229827,0.038831,0.190996,120.414858
1780185000,2026-05-30 23:50:00,73735.0,73750.2,73731.4,73749.8,0.108402,0.008600,0.099802,120.514661
1780185300,2026-05-30 23:55:00,73751.9,73756.5,73742.0,73753.7,0.201995,0.044002,0.157993,120.672654
1780185600,2026-05-31 00:00:00,73778.8,73818.3,73757.7,73767.9,0.704167,0.071007,0.633160,121.305814
1780185900,2026-05-31 00:05:00,73767.9,73783.2,73751.6,73778.1,0.167602,0.010052,0.157550,121.463364
1780186200,2026-05-31 00:10:00,73778.0,73817.9,73778.0,73787.8,0.141146,0.020197,0.120948,121.584312
1780186500,2026-05-31 00:15:00,73787.8,73803.1,73775.3,73789.4,0.306820,0.084177,0.222643,121.806955
1780186800,2026-05-31 00:20:00,73789.5,73867.3,73789.5,73867.3,0.378301,0.294620,0.083681,121.890636
1780187100,2026-05-31 00:25:00,73867.1,73915.8,73858.5,73863.2,0.425392,0.064021,0.361371,122.252006
1780187400,2026-05-31 00:30:00,73863.2,73915.8,73840.2,73905.0,0.181821,0.868823,-0.687002,121.565005
1780187700,2026-05-31 00:35:00,73905.0,73906.3,73845.5,73845.6,0.034275,0.034595,-0.000319,121.564686
1780188000,2026-05-31 00:40:00,73845.5,73845.6,73840.1,73843.4,0.068465,0.109020,-0.040555,121.524130
1780188300,2026-05-31 00:45:00,73841.8,73864.6,73806.7,73816.2,0.101623,1.177320,-1.075697,120.448433
1780188600,2026-05-31 00:50:00,73818.8,73917.5,73818.8,73917.5,0.198115,0.221820,-0.023704,120.424729
1780188900,2026-05-31 00:55:00,73915.4,73926.6,73905.6,73919.7,0.173616,0.029667,0.143949,120.568678
1780189200,2026-05-31 01:00:00,73919.8,74000.0,73919.7,73999.7,0.378624,0.212908,0.165716,120.734394
1780189500,2026-05-31 01:05:00,73999.8,74000.0,73968.7,73995.5,0.034176,0.963294,-0.929118,119.805276
1780189800,2026-05-31 01:10:00,73995.5,74047.0,73995.5,74003.9,3.237566,0.146386,3.091180,122.896456
1780190100,2026-05-31 01:15:00,74019.3,74083.7,74019.3,74060.8,0.435356,1.195912,-0.760556,122.135900
1780190400,2026-05-31 01:20:00,74060.9,74161.0,74060.8,74155.9,2.760516,0.539502,2.221014,124.356914
1780190700,2026-05-31 01:25:00,74155.4,74155.4,73986.8,73987.1,0.153910,3.226915,-3.073005,121.283908
1780191000,2026-05-31 01:30:00,73987.2,74096.6,73978.3,74084.1,0.433235,0.165603,0.267632,121.551540
1780191300,2026-05-31 01:35:00,74084.1,74104.1,74034.1,74034.1,10.208183,0.305769,9.902414,131.453954
1780191600,2026-05-31 01:40:00,74025.1,74025.1,73968.2,73968.2,0.066282,0.130100,-0.063818,131.390136
1780191900,2026-05-31 01:45:00,73968.1,74020.0,73937.9,73986.3,0.164300,0.205170,-0.040870,131.349266
1780192200,2026-05-31 01:50:00,73987.6,74004.9,73947.6,73953.2,0.208514,0.050378,0.158136,131.507402
1780192500,2026-05-31 01:55:00,73953.2,73955.9,73939.5,73945.5,0.209160,0.454746,-0.245586,131.261816
1780192800,2026-05-31 02:00:00,73945.6,73972.8,73945.5,73972.8,0.230769,0.431800,-0.201031,131.060785
1780193100,2026-05-31 02:05:00,73972.8,74000.7,73972.7,73995.6,0.032711,0.139498,-0.106787,130.953998
1780193400,2026-05-31 02:10:00,73995.6,74057.8,73995.5,74056.1,0.247420,0.224728,0.022692,130.976690
1780193700,2026-05-31 02:15:00,74054.4,74128.2,74054.4,74068.6,0.053764,0.283044,-0.229280,130.747410
1780194000,2026-05-31 02:20:00,74068.5,74068.5,74016.3,74034.0,0.165805,0.024941,0.140864,130.888274
1780194300,2026-05-31 02:25:00,74033.9,74033.9,73872.1,73872.2,0.056991,9.753985,-9.696994,121.191281
1780194600,2026-05-31 02:30:00,73872.2,73904.0,73779.1,73779.3,1.560823,0.389442,1.171381,122.362661
1780194900,2026-05-31 02:35:00,73779.4,73825.2,73779.4,73821.1,1.570486,0.010248,1.560238,123.922899
1780195200,2026-05-31 02:40:00,73821.1,73844.1,73811.3,73836.9,1.532049,0.046365,1.485684,125.408583
1780195500,2026-05-31 02:45:00,73836.9,73844.1,73820.9,73844.1,1.091292,0.090139,1.001153,126.409736
1780195800,2026-05-31 02:50:00,73844.0,73913.9,73844.0,73880.3,3.689137,0.208592,3.480544,129.890281
1780196100,2026-05-31 02:55:00,73880.2,73981.8,73861.0,73972.0,2.251724,0.128818,2.122905,132.013186
1780196400,2026-05-31 03:00:00,73972.1,74032.6,73972.0,73983.8,0.204276,0.487651,-0.283375,131.729811
1780196700,2026-05-31 03:05:00,73983.8,73985.9,73966.2,73979.8,0.046264,0.038240,0.008024,131.737834
1780197000,2026-05-31 03:10:00,73980.0,74039.7,73966.3,74039.7,2.125610,0.127999,1.997611,133.735445
1780197300,2026-05-31 03:15:00,74039.7,74050.0,74006.9,74047.5,1.161233,0.072821,1.088413,134.823858
1780197600,2026-05-31 03:20:00,74030.9,74050.0,74030.8,74049.9,2.808176,0.079732,2.728444,137.552302
1780197900,2026-05-31 03:25:00,74050.0,74093.9,74050.0,74085.7,2.422279,0.782757,1.639522,139.191824
1780198200,2026-05-31 03:30:00,74085.8,74092.8,74059.8,74085.8,0.161439,0.045227,0.116212,139.308036
1780198500,2026-05-31 03:35:00,74100.4,74100.4,74036.4,74036.4,0.563328,0.412349,0.150979,139.459015
1780198800,2026-05-31 03:40:00,74034.5,74052.1,74034.4,74051.9,0.125396,0.034754,0.090642,139.549657
1780199100,2026-05-31 03:45:00,74051.8,74070.6,74024.2,74065.8,0.226635,0.150921,0.075714,139.625371
1780199400,2026-05-31 03:50:00,74065.8,74065.8,74052.6,74054.9,0.424034,0.400700,0.023334,139.648705
1780199700,2026-05-31 03:55:00,74054.9,74055.0,74035.0,74037.6,0.043347,0.362911,-0.319564,139.329141
1780200000,2026-05-31 04:00:00,74037.6,74053.1,74026.9,74043.5,0.534791,0.251762,0.283029,139.612170
1780200300,2026-05-31 04:05:00,74043.5,74054.9,74026.8,74026.8,0.035206,0.131516,-0.096310,139.515861
1780200600,2026-05-31 04:10:00,74026.9,74026.9,74008.2,74017.9,0.072907,0.058410,0.014497,139.530358
1780200900,2026-05-31 04:15:00,74018.0,74030.1,73995.3,74030.1,0.046790,2.966551,-2.919761,136.610597
1780201200,2026-05-31 04:20:00,74030.2,74109.3,74030.1,74077.4,1.321179,0.084908,1.236271,137.846868
1780201500,2026-05-31 04:25:00,74077.3,74093.8,74072.3,74077.8,0.126490,0.126560,-0.000070,137.846798
1780201800,2026-05-31 04:30:00,74075.8,74075.8,74030.5,74041.1,0.199559,0.243803,-0.044244,137.802554
1780202100,2026-05-31 04:35:00,74041.2,74104.1,74041.2,74072.6,0.931880,0.126880,0.804999,138.607553
1780202400,2026-05-31 04:40:00,74072.7,74090.9,74038.7,74090.9,0.624507,0.151963,0.472544,139.080097
1780202700,2026-05-31 04:45:00,74086.7,74087.2,74049.4,74085.6,0.268481,0.033679,0.234802,139.314899
1780203000,2026-05-31 04:50:00,74090.3,74107.7,74075.8,74075.8,0.393194,0.029595,0.363599,139.678498
1780203300,2026-05-31 04:55:00,74075.8,74102.8,74075.8,74082.0,0.043987,0.082318,-0.038331,139.640167
1780203600,2026-05-31 05:00:00,74079.8,74087.4,74061.8,74061.8,0.102078,0.248874,-0.146795,139.493372
1780203900,2026-05-31 05:05:00,74061.9,74087.4,74061.9,74087.4,0.074890,0.177672,-0.102782,139.390590
1780204200,2026-05-31 05:10:00,74087.4,74093.0,74072.1,74072.1,0.018704,0.104361,-0.085657,139.304933
1780204500,2026-05-31 05:15:00,74072.1,74085.0,74064.7,74067.3,0.074301,0.024875,0.049425,139.354358
1780204800,2026-05-31 05:20:00,74067.3,74073.5,74065.2,74067.2,0.028184,0.141314,-0.113130,139.241228
1780205100,2026-05-31 05:25:00,74067.2,74074.6,74027.0,74074.6,0.124479,0.232509,-0.108030,139.133199
1780205400,2026-05-31 05:30:00,74071.7,74071.7,74029.4,74035.4,0.110283,1.354378,-1.244095,137.889104
1780205700,2026-05-31 05:35:00,74035.3,74072.4,74005.2,74006.6,0.075037,0.042382,0.032655,137.921759
1780206000,2026-05-31 05:40:00,74006.5,74006.6,73970.7,73993.4,0.054798,0.290095,-0.235297,137.686462
1780206300,2026-05-31 05:45:00,73993.3,73993.4,73970.8,73985.6,0.106740,0.027593,0.079147,137.765609
1780206600,2026-05-31 05:50:00,73985.5,73989.1,73965.1,73965.1,0.035123,0.056249,-0.021126,137.744483
1780206900,2026-05-31 05:55:00,73965.1,73965.1,73952.0,73952.8,0.023735,0.034907,-0.011172,137.733310
1780207200,2026-05-31 06:00:00,73952.1,73952.1,73890.2,73892.2,0.312932,0.108377,0.204555,137.937865
1780207500,2026-05-31 06:05:00,73892.2,73892.2,73883.0,73883.2,0.578940,0.013903,0.565037,138.502903
1780207800,2026-05-31 06:10:00,73883.2,73909.4,73883.1,73890.1,1.945032,0.017885,1.927148,140.430050
1780208100,2026-05-31 06:15:00,73890.0,73915.9,73883.1,73915.9,0.225364,0.035334,0.190030,140.620080
1780208400,2026-05-31 06:20:00,73915.8,73915.9,73915.8,73915.8,0.032664,0.141696,-0.109032,140.511048
1780208700,2026-05-31 06:25:00,73915.9,73928.4,73906.7,73922.5,0.038321,0.008419,0.029902,140.540949
1780209000,2026-05-31 06:30:00,73919.7,73990.9,73919.6,73968.6,0.085677,0.155402,-0.069724,140.471225
1780209300,2026-05-31 06:35:00,73968.6,73968.6,73947.2,73965.1,0.091160,0.057036,0.034123,140.505348
1780209600,2026-05-31 06:40:00,73964.3,73964.3,73957.0,73958.1,0.075446,0.084338,-0.008893,140.496456
1780209900,2026-05-31 06:45:00,73958.1,73958.1,73951.5,73951.5,0.023543,0.031711,-0.008167,140.488288
1780210200,2026-05-31 06:50:00,73951.6,73962.1,73942.4,73942.4,0.078562,0.080226,-0.001664,140.486624
1780210500,2026-05-31 06:55:00,73942.2,73949.4,73942.2,73946.6,0.117547,0.038455,0.079092,140.565716
1780210800,2026-05-31 07:00:00,73946.6,73946.6,73880.6,73880.7,0.185738,0.332455,-0.146718,140.418999
1780211100,2026-05-31 07:05:00,73880.7,73896.5,73880.7,73890.0,0.150358,1.627885,-1.477527,138.941472
1780211400,2026-05-31 07:10:00,73896.4,73907.6,73857.9,73857.9,0.103193,0.278138,-0.174946,138.766526
1780211700,2026-05-31 07:15:00,73858.1,73859.0,73834.6,73836.2,0.081782,0.868623,-0.786842,137.979685
1780212000,2026-05-31 07:20:00,73838.5,73838.5,73780.5,73781.7,0.058488,0.141923,-0.083435,137.896250
1780212300,2026-05-31 07:25:00,73781.8,73800.5,73781.7,73787.2,0.160257,1.131429,-0.971172,136.925078
1780212600,2026-05-31 07:30:00,73785.7,73785.7,73734.5,73734.5,0.056230,1.791048,-1.734818,135.190260
1780212900,2026-05-31 07:35:00,73734.6,73793.5,73734.5,73757.6,0.236338,0.380613,-0.144275,135.045985
1780213200,2026-05-31 07:40:00,73751.3,73774.4,73737.7,73750.2,0.146040,0.258751,-0.112711,134.933275
1780213500,2026-05-31 07:45:00,73750.2,73787.2,73750.1,73761.0,0.234945,0.155501,0.079444,135.012719
1780213800,2026-05-31 07:50:00,73761.0,73792.3,73761.0,73792.3,0.138741,0.019829,0.118912,135.131631
1780214100,2026-05-31 07:55:00,73787.5,73787.6,73767.5,73767.6,0.289878,0.385631,-0.095753,135.035877
1780214400,2026-05-31 08:00:00,73767.6,73840.0,73764.9,73839.3,0.131463,0.237959,-0.106496,134.929381
1780214700,2026-05-31 08:05:00,73839.2,73861.0,73775.6,73775.6,1.221949,0.279654,0.942296,135.871677
1780215000,2026-05-31 08:10:00,73775.0,73799.2,73757.3,73797.9,0.287017,0.445774,-0.158756,135.712921
1780215300,2026-05-31 08:15:00,73800.2,73839.2,73800.2,73834.5,0.139536,0.008322,0.131214,135.844135
1780215600,2026-05-31 08:20:00,73834.5,73872.4,73828.6,73864.3,0.249620,0.144897,0.104724,135.948859
1780215900,2026-05-31 08:25:00,73864.4,73871.8,73845.5,73862.2,0.137121,0.631509,-0.494388,135.454470
1780216200,2026-05-31 08:30:00,73862.2,73862.2,73807.3,73812.0,0.579923,0.414568,0.165355,135.619826
1780216500,2026-05-31 08:35:00,73805.7,73805.8,73778.8,73779.2,0.107652,0.083313,0.024340,135.644165
1780216800,2026-05-31 08:40:00,73780.0,73780.0,73759.0,73775.0,0.102030,6.054685,-5.952656,129.691510
1780217100,2026-05-31 08:45:00,73775.0,73775.0,73727.0,73743.1,0.097708,6.165468,-6.067761,123.623749
1780217400,2026-05-31 08:50:00,73743.0,73790.0,73741.4,73790.0,0.178555,0.006124,0.172431,123.796180
1780217700,2026-05-31 08:55:00,73789.6,73855.7,73789.6,73833.0,0.096963,0.018903,0.078060,123.874240
1780218000,2026-05-31 09:00:00,73833.1,73833.1,73761.3,73765.0,0.112494,0.071191,0.041303,123.915543
1780218300,2026-05-31 09:05:00,73764.2,73796.8,73764.1,73791.3,0.158191,0.006337,0.151854,124.067397
1780218600,2026-05-31 09:10:00,73791.3,73791.3,73791.0,73791.0,0.047250,0.014156,0.033094,124.100491
1780218900,2026-05-31 09:15:00,73781.9,73860.4,73777.2,73855.6,0.177682,0.067627,0.110055,124.210545
1780219200,2026-05-31 09:20:00,73855.6,73855.6,73831.5,73838.9,0.365412,0.973355,-0.607943,123.602603
1780219500,2026-05-31 09:25:00,73838.6,73847.8,73829.2,73847.8,0.054324,0.008480,0.045844,123.648447
1780219800,2026-05-31 09:30:00,73847.7,73862.2,73847.7,73860.1,0.235217,0.040191,0.195026,123.843473
1780220100,2026-05-31 09:35:00,73860.1,73862.2,73838.5,73862.2,0.074907,0.051160,0.023747,123.867220
1780220400,2026-05-31 09:40:00,73862.1,73915.8,73857.0,73857.3,0.186929,0.071674,0.115255,123.982475
1780220700,2026-05-31 09:45:00,73857.3,73882.5,73848.5,73881.0,0.110440,0.043640,0.066800,124.049275
1780221000,2026-05-31 09:50:00,73881.0,73881.0,73777.1,73788.2,0.048280,0.089237,-0.040957,124.008318
1780221300,2026-05-31 09:55:00,73788.3,73788.3,73712.1,73736.6,0.081127,0.773279,-0.692152,123.316165
1780221600,2026-05-31 10:00:00,73736.6,73739.8,73712.0,73737.7,0.194874,0.045078,0.149797,123.465962
1780221900,2026-05-31 10:05:00,73737.7,73748.6,73732.3,73745.3,0.153500,0.021355,0.132146,123.598108
1780222200,2026-05-31 10:10:00,73745.4,73757.0,73732.6,73749.9,0.088460,0.037652,0.050808,123.648916
1780222500,2026-05-31 10:15:00,73747.1,73747.1,73712.0,73712.1,0.005122,0.015768,-0.010646,123.638270
1780222800,2026-05-31 10:20:00,73712.1,73712.1,73617.8,73649.0,0.241397,12.767721,-12.526324,111.111946
1780223100,2026-05-31 10:25:00,73649.0,73690.4,73648.9,73690.4,0.281263,0.010733,0.270530,111.382476
1780223400,2026-05-31 10:30:00,73690.4,73710.0,73690.3,73709.9,0.244841,0.082435,0.162406,111.544882
1780223700,2026-05-31 10:35:00,73709.9,73710.0,73698.3,73709.9,0.488217,0.030674,0.457543,112.002425
1780224000,2026-05-31 10:40:00,73710.0,73710.0,73698.0,73698.1,0.075312,0.016692,0.058620,112.061045
1780224300,2026-05-31 10:45:00,73709.9,73710.0,73691.3,73710.0,0.099088,0.007686,0.091403,112.152447
1780224600,2026-05-31 10:50:00,73710.0,73755.3,73709.9,73737.9,6.020577,0.002500,6.018077,118.170524
1780224900,2026-05-31 10:55:00,73737.9,73783.1,73737.9,73783.1,0.189976,0.712631,-0.522655,117.647870
1780225200,2026-05-31 11:00:00,73783.1,73826.6,73783.0,73795.1,0.262448,0.865221,-0.602774,117.045096
1780225500,2026-05-31 11:05:00,73795.1,73804.6,73795.1,73801.7,0.072635,0.015877,0.056758,117.101854
1780225800,2026-05-31 11:10:00,73801.7,73801.7,73782.0,73789.3,0.117447,0.045301,0.072146,117.174000
1780226100,2026-05-31 11:15:00,73789.3,73789.4,73775.5,73781.4,0.036825,0.724943,-0.688117,116.485882
1780226400,2026-05-31 11:20:00,73781.4,73789.4,73780.6,73789.4,0.093565,0.241442,-0.147877,116.338006
1780226700,2026-05-31 11:25:00,73789.4,73854.4,73789.3,73847.1,0.234890,1.492591,-1.257701,115.080305
1780227000,2026-05-31 11:30:00,73847.1,73847.1,73798.3,73802.3,0.157324,0.133332,0.023992,115.104296
1780227300,2026-05-31 11:35:00,73802.2,73849.4,73798.4,73834.9,0.067830,0.059940,0.007890,115.112186
1780227600,2026-05-31 11:40:00,73834.9,73835.0,73823.6,73823.6,0.071061,0.023247,0.047813,115.160000
1780227900,2026-05-31 11:45:00,73823.7,73827.7,73809.0,73809.0,0.117145,0.412049,-0.294904,114.865096
1780228200,2026-05-31 11:50:00,73809.1,73817.7,73793.5,73817.7,0.091130,0.076436,0.014694,114.879790
1780228500,2026-05-31 11:55:00,73817.8,73855.6,73806.4,73838.3,0.154932,0.305524,-0.150592,114.729198
1780228800,2026-05-31 12:00:00,73838.4,73865.1,73769.7,73771.0,0.121958,0.046360,0.075598,114.804796
1780229100,2026-05-31 12:05:00,73769.7,73794.0,73769.6,73793.9,0.988231,0.109447,0.878784,115.683580
1780229400,2026-05-31 12:10:00,73793.9,73794.0,73793.9,73793.9,1.032094,0.161908,0.870186,116.553765
1780229700,2026-05-31 12:15:00,73794.0,73869.8,73794.0,73868.3,1.334365,0.133359,1.201006,117.754772
1780230000,2026-05-31 12:20:00,73868.2,73868.2,73811.0,73811.5,0.093419,0.060578,0.032841,117.787613
1780230300,2026-05-31 12:25:00,73811.5,73811.5,73811.4,73811.4,0.032855,0.003825,0.029029,117.816642
1780230600,2026-05-31 12:30:00,73811.5,73820.5,73801.5,73801.5,0.113814,0.106746,0.007068,117.823710
1780230900,2026-05-31 12:35:00,73800.0,73836.6,73800.0,73826.5,1.824578,1.821758,0.002820,117.826530
1780231200,2026-05-31 12:40:00,73826.4,73867.3,73819.0,73867.3,0.096861,0.041097,0.055765,117.882295
1780231500,2026-05-31 12:45:00,73867.3,73867.3,73835.4,73838.2,0.034906,3.121706,-3.086799,114.795495
1780231800,2026-05-31 12:50:00,73838.2,73858.2,73776.9,73781.9,0.115138,5.095577,-4.980439,109.815057
1780232100,2026-05-31 12:55:00,73781.9,73811.0,73781.8,73807.2,0.082831,0.638697,-0.555866,109.259191
1780232400,2026-05-31 13:00:00,73807.2,73807.2,73779.3,73779.3,0.054940,0.280582,-0.225642,109.033549
1780232700,2026-05-31 13:05:00,73777.7,73807.1,73767.0,73807.1,0.134574,0.089327,0.045247,109.078796
1780233000,2026-05-31 13:10:00,73807.1,73843.5,73807.1,73834.7,0.397146,0.206029,0.191116,109.269912
1780233300,2026-05-31 13:15:00,73832.2,73852.7,73818.5,73852.7,0.054837,0.083959,-0.029121,109.240791
1780233600,2026-05-31 13:20:00,73852.7,73901.1,73852.7,73868.6,0.200330,0.035766,0.164563,109.405354
1780233900,2026-05-31 13:25:00,73871.6,73871.6,73842.4,73850.6,0.072937,0.037708,0.035229,109.440583
1780234200,2026-05-31 13:30:00,73845.9,73864.7,73841.4,73841.4,0.849098,0.868480,-0.019381,109.421202
1780234500,2026-05-31 13:35:00,73836.8,73861.1,73774.8,73786.4,0.104234,0.343561,-0.239328,109.181874
1780234800,2026-05-31 13:40:00,73786.3,73788.7,73768.3,73781.5,0.193693,0.038153,0.155539,109.337413
1780235100,2026-05-31 13:45:00,73781.4,73781.5,73760.9,73760.9,0.185468,0.449635,-0.264167,109.073247
1780235400,2026-05-31 13:50:00,73760.1,73761.1,73713.1,73759.2,0.188234,0.291915,-0.103682,108.969565
1780235700,2026-05-31 13:55:00,73759.2,73759.3,73750.5,73750.7,0.192409,0.015921,0.176487,109.146052
1780236000,2026-05-31 14:00:00,73750.7,73750.7,73658.6,73689.7,1.291013,0.671164,0.619849,109.765902
1780236300,2026-05-31 14:05:00,73689.6,73748.0,73680.2,73739.6,0.166315,0.635397,-0.469082,109.296820
1780236600,2026-05-31 14:10:00,73739.6,73739.6,73589.8,73598.4,0.175047,3.889508,-3.714461,105.582359
1780236900,2026-05-31 14:15:00,73616.5,73680.9,73405.6,73474.9,2.822289,7.587299,-4.765010,100.817349
1780237200,2026-05-31 14:20:00,73479.1,73544.1,73450.0,73465.7,6.914008,2.732745,4.181263,104.998611
1780237500,2026-05-31 14:25:00,73465.7,73506.8,73458.9,73483.8,0.331998,1.131798,-0.799800,104.198812
1780237800,2026-05-31 14:30:00,73483.9,73565.5,73477.0,73562.1,0.078433,1.024839,-0.946406,103.252406
1780238100,2026-05-31 14:35:00,73562.2,73639.1,73558.2,73574.8,3.801454,8.663543,-4.862088,98.390317
1780238400,2026-05-31 14:40:00,73574.7,73574.7,73488.6,73511.6,0.751521,2.157534,-1.406013,96.984304
1780238700,2026-05-31 14:45:00,73511.6,73585.6,73511.6,73546.5,0.040135,0.185640,-0.145505,96.838799
1780239000,2026-05-31 14:50:00,73546.5,73590.1,73546.5,73583.6,0.718194,0.183355,0.534839,97.373637
1780239300,2026-05-31 14:55:00,73582.7,73582.7,73484.0,73484.1,0.086493,0.163485,-0.076993,97.296645
1780239600,2026-05-31 15:00:00,73484.1,73521.8,73484.1,73517.2,0.213440,0.413503,-0.200062,97.096582
1780239900,2026-05-31 15:05:00,73517.2,73563.7,73517.1,73546.6,0.162876,0.181169,-0.018293,97.078289
1780240200,2026-05-31 15:10:00,73547.7,73555.0,73535.7,73554.9,0.298710,0.219557,0.079153,97.157442
1780240500,2026-05-31 15:15:00,73555.0,73587.7,73548.6,73583.5,1.109948,2.676217,-1.566270,95.591173
1780240800,2026-05-31 15:20:00,73583.5,73630.0,73580.2,73629.9,0.422587,0.584041,-0.161454,95.429719
1780241100,2026-05-31 15:25:00,73629.9,73660.0,73624.5,73644.6,4.270514,0.050623,4.219891,99.649610
1780241400,2026-05-31 15:30:00,73636.4,73636.4,73612.4,73629.5,0.155847,0.063888,0.091959,99.741569
1780241700,2026-05-31 15:35:00,73629.5,73629.5,73609.3,73609.4,0.069582,0.124721,-0.055139,99.686430
1780242000,2026-05-31 15:40:00,73609.3,73609.4,73502.8,73532.0,0.071845,3.430827,-3.358981,96.327449
1780242300,2026-05-31 15:45:00,73531.3,73575.6,73530.0,73532.8,0.257540,7.171755,-6.914215,89.413234
1780242600,2026-05-31 15:50:00,73532.9,73554.6,73532.0,73554.6,0.148790,0.064631,0.084159,89.497393
1780242900,2026-05-31 15:55:00,73554.6,73554.6,73538.5,73545.1,1.922589,0.144943,1.777646,91.275039
1780243200,2026-05-31 16:00:00,73545.1,73580.0,73538.8,73580.0,1.756640,0.036992,1.719647,92.994686
1780243500,2026-05-31 16:05:00,73580.0,73617.8,73579.9,73594.4,0.504793,1.893252,-1.388459,91.606228
1780243800,2026-05-31 16:10:00,73596.6,73596.6,73510.0,73510.0,0.115718,1.094615,-0.978897,90.627331
1780244100,2026-05-31 16:15:00,73510.1,73523.4,73502.1,73505.9,0.190543,0.587371,-0.396828,90.230502
1780244400,2026-05-31 16:20:00,73504.6,73522.8,73450.0,73468.2,0.132445,0.318925,-0.186480,90.044022
1780244700,2026-05-31 16:25:00,73468.1,73513.4,73420.8,73513.4,6.170492,0.075534,6.094959,96.138981
1780245000,2026-05-31 16:30:00,73513.4,73513.4,73316.5,73344.8,0.324584,3.830379,-3.505794,92.633186
1780245300,2026-05-31 16:35:00,73344.8,73430.1,73272.9,73430.0,1.317504,15.014240,-13.696736,78.936450
1780245600,2026-05-31 16:40:00,73430.0,73430.0,73389.1,73401.2,0.848139,0.019145,0.828994,79.765444
1780245900,2026-05-31 16:45:00,73401.2,73401.2,73340.6,73342.0,0.114446,1.166114,-1.051668,78.713776
1780246200,2026-05-31 16:50:00,73342.0,73415.5,73341.9,73415.5,1.016342,0.339090,0.677252,79.391028
1780246500,2026-05-31 16:55:00,73415.5,73432.2,73412.1,73425.9,0.440271,0.136308,0.303963,79.694991
1780246800,2026-05-31 17:00:00,73425.9,73454.0,73392.4,73392.4,0.201416,1.526235,-1.324820,78.370171
1780247100,2026-05-31 17:05:00,73392.5,73430.3,73389.1,73412.7,0.273390,0.127400,0.145989,78.516161
1780247400,2026-05-31 17:10:00,73412.6,73419.0,73361.8,73419.0,0.191439,0.225405,-0.033966,78.482195
1780247700,2026-05-31 17:15:00,73418.9,73440.0,73418.9,73428.8,0.127417,0.126053,0.001364,78.483558
1780248000,2026-05-31 17:20:00,73428.7,73438.9,73428.7,73438.9,9.664036,0.055368,9.608668,88.092226
1780248300,2026-05-31 17:25:00,73438.8,73487.0,73438.8,73485.9,0.416002,10.028935,-9.612933,78.479293
1780248600,2026-05-31 17:30:00,73485.9,73560.4,73485.9,73546.5,1.239002,0.089735,1.149267,79.628559
1780248900,2026-05-31 17:35:00,73546.5,73594.0,73546.4,73594.0,0.122973,0.109530,0.013443,79.642003
1780249200,2026-05-31 17:40:00,73594.0,73598.3,73576.2,73598.3,1.960257,2.559789,-0.599531,79.042472
1780249500,2026-05-31 17:45:00,73600.0,73631.3,73584.4,73584.4,1.141451,6.075808,-4.934357,74.108115
1780249800,2026-05-31 17:50:00,73584.4,73584.4,73578.1,73578.1,0.139092,0.084023,0.055069,74.163184
1780250100,2026-05-31 17:55:00,73578.2,73593.6,73578.1,73587.6,0.162983,0.296609,-0.133626,74.029558
1780250400,2026-05-31 18:00:00,73587.6,73587.6,73505.0,73535.6,0.083936,0.990857,-0.906921,73.122637
1780250700,2026-05-31 18:05:00,73535.6,73550.1,73531.8,73531.8,0.217245,0.701747,-0.484502,72.638135
1780251000,2026-05-31 18:10:00,73531.8,73574.6,73531.7,73539.4,1.724071,0.225673,1.498399,74.136534
1780251300,2026-05-31 18:15:00,73538.8,73538.8,73497.6,73537.9,0.382654,0.498966,-0.116312,74.020222
1780251600,2026-05-31 18:20:00,73538.6,73538.6,73515.2,73529.4,0.132444,0.223283,-0.090840,73.929382
1780251900,2026-05-31 18:25:00,73529.4,73578.6,73529.4,73534.6,0.307777,0.504652,-0.196876,73.732507
1780252200,2026-05-31 18:30:00,73534.4,73609.4,73531.7,73546.6,1.315011,0.079421,1.235591,74.968097
1780252500,2026-05-31 18:35:00,73547.4,73562.4,73547.4,73550.4,0.637804,0.091422,0.546382,75.514479
1780252800,2026-05-31 18:40:00,73550.4,73570.9,73514.7,73520.4,0.186991,0.564892,-0.377901,75.136578
1780253100,2026-05-31 18:45:00,73520.4,73520.4,73500.8,73504.3,0.092607,0.079664,0.012943,75.149520
1780253400,2026-05-31 18:50:00,73504.3,73505.1,73459.7,73505.0,1.034839,0.225359,0.809480,75.959001
1780253700,2026-05-31 18:55:00,73505.0,73520.0,73503.1,73506.1,0.135239,0.059402,0.075836,76.034837
1780254000,2026-05-31 19:00:00,73503.2,73549.9,73503.1,73503.1,0.152810,0.073839,0.078971,76.113809
1780254300,2026-05-31 19:05:00,73503.2,73506.8,73484.8,73486.3,0.101161,0.100074,0.001087,76.114896
1780254600,2026-05-31 19:10:00,73486.3,73497.2,73477.4,73482.0,0.095998,0.563433,-0.467435,75.647460
1780254900,2026-05-31 19:15:00,73481.9,73511.0,73481.9,73509.7,0.089554,0.052400,0.037154,75.684614
1780255200,2026-05-31 19:20:00,73506.5,73512.6,73412.5,73412.5,0.151146,0.337807,-0.186661,75.497953
1780255500,2026-05-31 19:25:00,73412.5,73423.2,73367.1,73423.2,0.372273,5.073659,-4.701386,70.796567
1780255800,2026-05-31 19:30:00,73422.1,73441.2,73347.4,73366.7,0.137941,0.276584,-0.138642,70.657925
1780256100,2026-05-31 19:35:00,73366.7,73423.8,73366.7,73423.8,0.234413,0.044583,0.189830,70.847755
1780256400,2026-05-31 19:40:00,73423.7,73424.0,73420.0,73420.1,0.094201,0.158085,-0.063884,70.783871
1780256700,2026-05-31 19:45:00,73420.0,73427.6,73404.6,73421.1,0.106367,0.260404,-0.154037,70.629834
1780257000,2026-05-31 19:50:00,73424.2,73446.6,73424.1,73445.3,0.113713,0.596176,-0.482463,70.147371
1780257300,2026-05-31 19:55:00,73445.4,73471.9,73436.9,73451.2,0.080448,0.043327,0.037122,70.184492
1780257600,2026-05-31 20:00:00,73451.1,73544.7,73451.1,73515.2,0.297949,0.057592,0.240357,70.424849
1780257900,2026-05-31 20:05:00,73515.2,73596.5,73491.8,73586.9,4.082817,0.058266,4.024551,74.449400
1780258200,2026-05-31 20:10:00,73586.8,73586.8,73530.7,73569.0,0.863033,0.191979,0.671054,75.120454
1780258500,2026-05-31 20:15:00,73569.0,73615.7,73557.2,73598.4,0.078389,0.046311,0.032078,75.152532
1780258800,2026-05-31 20:20:00,73596.9,73638.8,73581.6,73581.6,0.127214,0.298308,-0.171094,74.981438
1780259100,2026-05-31 20:25:00,73581.6,73598.9,73581.5,73585.0,0.169837,0.010956,0.158881,75.140319
1780259400,2026-05-31 20:30:00,73585.1,73611.4,73572.2,73572.2,0.346128,0.210334,0.135794,75.276113
1780259700,2026-05-31 20:35:00,73572.2,73598.3,73563.2,73569.5,0.177979,0.079937,0.098041,75.374154
1780260000,2026-05-31 20:40:00,73568.6,73583.8,73566.7,73583.8,0.044417,0.077078,-0.032661,75.341493
1780260300,2026-05-31 20:45:00,73584.2,73602.0,73581.2,73598.7,0.126835,0.112878,0.013957,75.355450
1780260600,2026-05-31 20:50:00,73598.8,73620.0,73598.7,73620.0,0.065170,0.122333,-0.057162,75.298288
1780260900,2026-05-31 20:55:00,73620.0,73650.0,73619.9,73628.6,0.499577,0.194122,0.305455,75.603743
1780261200,2026-05-31 21:00:00,73628.7,73636.6,73598.7,73624.2,7.532967,4.982444,2.550523,78.154266
1780261500,2026-05-31 21:05:00,73625.8,73677.3,73609.0,73618.7,2.883913,2.921310,-0.037397,78.116869
1780261800,2026-05-31 21:10:00,73618.7,73618.7,73573.7,73573.9,0.360747,1.523554,-1.162807,76.954062
1780262100,2026-05-31 21:15:00,73573.9,73629.1,73567.6,73567.6,0.531746,0.412885,0.118860,77.072923
1780262400,2026-05-31 21:20:00,73567.7,73578.3,73559.2,73578.2,0.137979,0.396941,-0.258962,76.813960
1780262700,2026-05-31 21:25:00,73578.3,73578.3,73530.1,73537.1,0.028968,0.150688,-0.121720,76.692240
1780263000,2026-05-31 21:30:00,73537.2,73554.0,73516.6,73554.0,0.227686,1.278134,-1.050449,75.641791
1780263300,2026-05-31 21:35:00,73554.7,73598.4,73554.7,73567.6,0.508307,0.208563,0.299744,75.941535
1780263600,2026-05-31 21:40:00,73567.5,73625.5,73559.1,73622.7,0.179739,0.240451,-0.060712,75.880823
1780263900,2026-05-31 21:45:00,73622.7,73799.9,73622.7,73741.5,3.694925,0.269411,3.425514,79.306337
1780264200,2026-05-31 21:50:00,73734.2,73773.1,73693.5,73743.4,0.504733,0.161783,0.342949,79.649287
1780264500,2026-05-31 21:55:00,73743.4,73787.6,73740.4,73785.0,2.196777,0.389476,1.807301,81.456587
1780264800,2026-05-31 22:00:00,73785.0,73844.6,73578.3,73606.6,1.716761,1.215523,0.501239,81.957826
1780265100,2026-05-31 22:05:00,73608.4,73705.9,73608.4,73705.9,0.202762,0.090150,0.112612,82.070438
1780265400,2026-05-31 22:10:00,73708.8,73785.0,73708.8,73785.0,2.353664,0.282483,2.071181,84.141620
1780265700,2026-05-31 22:15:00,73785.0,73887.9,73769.0,73788.6,8.868981,0.082111,8.786869,92.928489
1780266000,2026-05-31 22:20:00,73788.7,73788.7,73706.5,73771.1,5.268040,5.052170,0.215871,93.144360
1780266300,2026-05-31 22:25:00,73751.2,73872.9,73751.2,73778.2,0.285125,0.125106,0.160019,93.304378
1780266600,2026-05-31 22:30:00,73778.2,73883.0,73760.5,73866.4,3.712915,0.089911,3.623004,96.927382
1780266900,2026-05-31 22:35:00,73866.4,73882.9,73775.4,73786.5,2.590183,0.054785,2.535398,99.462781
1780267200,2026-05-31 22:40:00,73784.1,73813.9,73774.7,73793.7,0.411426,0.500756,-0.089329,99.373451
1780267500,2026-05-31 22:45:00,73793.6,73861.0,73793.6,73823.2,1.472198,1.209436,0.262762,99.636213
1780267800,2026-05-31 22:50:00,73823.2,73848.5,73803.7,73845.0,0.110522,0.199849,-0.089327,99.546886
1780268100,2026-05-31 22:55:00,73844.3,73888.0,73820.0,73837.7,0.953350,1.029590,-0.076240,99.470646
1780268400,2026-05-31 23:00:00,73837.7,74070.0,73837.6,73960.1,3.911321,0.541199,3.370122,102.840768
1780268700,2026-05-31 23:05:00,73960.1,73960.1,73848.0,73869.5,0.109638,1.508600,-1.398961,101.441806
1780269000,2026-05-31 23:10:00,73869.5,73895.7,73833.0,73833.1,0.283119,1.332318,-1.049199,100.392607
1780269300,2026-05-31 23:15:00,73833.0,73851.7,73800.8,73820.5,0.420994,0.219906,0.201088,100.593695
1780269600,2026-05-31 23:20:00,73820.4,73820.4,73688.4,73711.8,1.773333,1.135975,0.637357,101.231052
1780269900,2026-05-31 23:25:00,73711.8,73722.1,73707.2,73722.1,0.055100,0.014508,0.040592,101.271644
1780270200,2026-05-31 23:30:00,73722.1,73722.1,73506.3,73598.4,0.410973,1.567015,-1.156042,100.115603
1780270500,2026-05-31 23:35:00,73598.5,73598.5,73363.6,73447.2,4.358989,2.590109,1.768879,101.884482
1780270800,2026-05-31 23:40:00,73456.1,73481.8,73415.2,73480.5,0.176501,4.436288,-4.259788,97.624694
1780271100,2026-05-31 23:45:00,73480.1,73573.7,73475.2,73564.7,2.164828,0.255497,1.909330,99.534025
1780271400,2026-05-31 23:50:00,73564.8,73601.0,73563.4,73573.4,0.954103,0.054965,0.899138,100.433163
1780271700,2026-05-31 23:55:00,73571.0,73610.9,73544.2,73570.0,0.162492,0.438646,-0.276153,100.157009
1780272000,2026-06-01 00:00:00,73569.9,73773.4,73550.1,73755.6,0.772884,0.085006,0.687878,100.844888
1780272300,2026-06-01 00:05:00,73755.6,73770.5,73623.0,73652.8,0.118879,1.627954,-1.509074,99.335813
1780272600,2026-06-01 00:10:00,73652.7,73693.0,73611.4,73693.0,2.106700,0.186675,1.920026,101.255839
1780272900,2026-06-01 00:15:00,73693.9,73745.2,73623.8,73623.8,0.080539,1.147632,-1.067094,100.188745
1780273200,2026-06-01 00:20:00,73623.7,73709.6,73609.8,73697.5,0.157533,2.299857,-2.142324,98.046421
1780273500,2026-06-01 00:25:00,73697.5,73844.7,73697.5,73844.7,2.362244,1.845849,0.516395,98.562816
1780273800,2026-06-01 00:30:00,73844.8,73960.0,73727.3,73794.1,1.000141,1.657818,-0.657677,97.905139
1780274100,2026-06-01 00:35:00,73807.9,73827.2,73777.9,73790.2,0.137091,5.331944,-5.194853,92.710286
1780274400,2026-06-01 00:40:00,73788.5,73865.0,73756.6,73831.9,0.909169,1.463404,-0.554234,92.156051
1780274700,2026-06-01 00:45:00,73831.7,73910.0,73831.7,73851.4,0.231341,0.208300,0.023041,92.179092
1780275000,2026-06-01 00:50:00,73851.5,73895.3,73789.3,73818.0,2.999423,0.116836,2.882588,95.061680
1780275300,2026-06-01 00:55:00,73818.0,73822.7,73777.8,73777.8,0.538667,1.498029,-0.959362,94.102318
1780275600,2026-06-01 01:00:00,73777.8,73802.7,73633.0,73633.0,0.271687,0.512422,-0.240735,93.861583
1780275900,2026-06-01 01:05:00,73633.0,73633.1,73465.3,73491.5,8.216250,3.674756,4.541494,98.403077
1780276200,2026-06-01 01:10:00,73496.8,73522.6,73473.2,73473.2,1.179685,4.065116,-2.885431,95.517646
1780276500,2026-06-01 01:15:00,73470.0,73525.4,73470.0,73497.9,0.114479,0.834163,-0.719684,94.797962
1780276800,2026-06-01 01:20:00,73498.3,73545.8,73498.3,73510.0,0.144567,3.224642,-3.080075,91.717887
1780277100,2026-06-01 01:25:00,73501.0,73546.9,73489.2,73498.4,0.107205,0.060089,0.047116,91.765004
1780277400,2026-06-01 01:30:00,73498.4,73516.7,73482.2,73497.7,0.103517,0.584753,-0.481236,91.283767
1780277700,2026-06-01 01:35:00,73497.8,73530.6,73497.8,73500.8,0.157968,0.202745,-0.044777,91.238990
1780278000,2026-06-01 01:40:00,73500.7,73530.6,73352.3,73393.5,0.178004,7.784321,-7.606317,83.632674
1780278300,2026-06-01 01:45:00,73393.5,73452.7,73341.5,73452.7,0.272193,0.431331,-0.159138,83.473536
1780278600,2026-06-01 01:50:00,73462.9,73462.9,73244.7,73261.3,1.112583,3.467017,-2.354434,81.119102
1780278900,2026-06-01 01:55:00,73261.3,73266.8,73173.0,73193.4,0.297545,1.893180,-1.595635,79.523466
1780279200,2026-06-01 02:00:00,73194.6,73295.6,73155.0,73270.4,7.272986,18.478600,-11.205614,68.317852
1780279500,2026-06-01 02:05:00,73261.1,73443.2,73261.1,73417.7,0.259797,2.932033,-2.672236,65.645616
1780279800,2026-06-01 02:10:00,73419.9,73434.3,73405.5,73434.3,3.003859,0.028856,2.975003,68.620619
1780280100,2026-06-01 02:15:00,73434.2,73434.2,73342.9,73360.0,4.716134,0.354946,4.361188,72.981808
1780280400,2026-06-01 02:20:00,73359.9,73434.3,73356.0,73389.3,0.255823,0.222479,0.033344,73.015151
1780280700,2026-06-01 02:25:00,73389.3,73430.9,73385.6,73422.8,0.511062,0.091191,0.419871,73.435023
1780281000,2026-06-01 02:30:00,73422.7,73422.8,73368.4,73387.8,0.072474,0.929753,-0.857279,72.577744
1780281300,2026-06-01 02:35:00,73387.9,73456.2,73376.9,73456.2,2.110438,0.064713,2.045725,74.623469
1780281600,2026-06-01 02:40:00,73456.2,73765.7,73442.1,73667.2,3.386653,2.729680,0.656973,75.280442
1780281900,2026-06-01 02:45:00,73667.2,73759.0,73627.7,73696.9,0.121710,1.721303,-1.599593,73.680850
1780282200,2026-06-01 02:50:00,73696.8,73717.9,73663.0,73682.0,0.117582,0.115060,0.002522,73.683372
1780282500,2026-06-01 02:55:00,73681.9,73713.5,73643.4,73681.8,0.632384,0.877518,-0.245133,73.438239
1780282800,2026-06-01 03:00:00,73680.4,73889.1,73680.4,73868.7,4.079969,0.762541,3.317428,76.755667
1780283100,2026-06-01 03:05:00,73868.7,73888.2,73807.9,73883.2,0.160736,0.794370,-0.633634,76.122033
1780283400,2026-06-01 03:10:00,73883.1,73883.1,73769.8,73780.8,0.056078,0.366479,-0.310401,75.811632
1780283700,2026-06-01 03:15:00,73780.9,73847.0,73700.8,73817.4,0.596259,0.509477,0.086782,75.898414
1780284000,2026-06-01 03:20:00,73817.5,73877.6,73803.8,73833.6,0.117655,0.870283,-0.752628,75.145786
1780284300,2026-06-01 03:25:00,73833.6,73846.1,73783.0,73815.7,0.722175,1.089848,-0.367673,74.778113
1780284600,2026-06-01 03:30:00,73815.4,73873.5,73815.3,73843.9,0.072690,0.470528,-0.397838,74.380275
1780284900,2026-06-01 03:35:00,73844.0,73871.2,73785.0,73785.0,0.466056,0.190044,0.276011,74.656286
1780285200,2026-06-01 03:40:00,73785.4,73802.0,73697.7,73753.2,0.070628,0.211635,-0.141007,74.515279
1780285500,2026-06-01 03:45:00,73750.5,73799.9,73741.3,73775.4,0.142241,0.230241,-0.087999,74.427280
1780285800,2026-06-01 03:50:00,73775.4,73800.0,73655.0,73655.1,0.086182,0.298068,-0.211886,74.215394
1780286100,2026-06-01 03:55:00,73655.0,73673.1,73640.8,73673.1,0.061670,0.123668,-0.061999,74.153395
1780286400,2026-06-01 04:00:00,73673.0,73745.9,73670.1,73670.1,0.180522,0.239008,-0.058486,74.094909
1780286700,2026-06-01 04:05:00,73678.2,73678.2,73571.6,73573.6,0.065621,0.368932,-0.303311,73.791598
1780287000,2026-06-01 04:10:00,73573.5,73573.5,73491.4,73502.5,0.047341,0.053055,-0.005714,73.785884
1780287300,2026-06-01 04:15:00,73504.5,73509.9,73409.2,73409.2,0.498538,1.541014,-1.042475,72.743409
1780287600,2026-06-01 04:20:00,73409.2,73409.2,73315.0,73336.2,0.209380,0.312224,-0.102843,72.640565
1780287900,2026-06-01 04:25:00,73336.2,73351.9,73306.2,73306.2,0.118262,0.492626,-0.374364,72.266202
1780288200,2026-06-01 04:30:00,73306.4,73370.9,73306.4,73356.1,5.475707,0.068197,5.407510,77.673712
1780288500,2026-06-01 04:35:00,73356.0,73381.8,73333.9,73349.9,0.106108,0.179269,-0.073161,77.600551
1780288800,2026-06-01 04:40:00,73349.9,73390.6,73349.8,73387.1,0.135019,0.135922,-0.000903,77.599648
1780289100,2026-06-01 04:45:00,73387.2,73387.2,73260.5,73307.1,0.152787,4.091869,-3.939082,73.660566
1780289400,2026-06-01 04:50:00,73307.2,73424.7,73307.2,73422.3,0.403488,0.175456,0.228031,73.888598
1780289700,2026-06-01 04:55:00,73420.3,73491.4,73403.0,73429.8,0.278703,0.099456,0.179247,74.067844
1780290000,2026-06-01 05:00:00,73429.8,73429.8,73361.4,73398.5,0.871794,0.207580,0.664213,74.732058
1780290300,2026-06-01 05:05:00,73398.5,73425.4,73378.6,73388.6,0.976895,0.269355,0.707539,75.439597
1780290600,2026-06-01 05:10:00,73388.7,73434.3,73366.4,73430.3,0.244274,0.079359,0.164914,75.604511
1780290900,2026-06-01 05:15:00,73430.3,73430.3,73363.0,73363.9,0.449209,0.140845,0.308364,75.912875
1780291200,2026-06-01 05:20:00,73363.8,73420.2,73353.5,73353.5,16.679426,0.245686,16.433740,92.346615
1780291500,2026-06-01 05:25:00,73353.5,73353.5,73260.5,73260.5,0.655338,0.257677,0.397661,92.744276
1780291800,2026-06-01 05:30:00,73260.6,73320.9,73260.5,73294.3,0.087739,0.364848,-0.277109,92.467167
1780292100,2026-06-01 05:35:00,73295.6,73295.7,73218.4,73289.3,0.111304,1.266264,-1.154960,91.312207
1780292400,2026-06-01 05:40:00,73289.3,73312.1,73289.3,73312.1,0.078896,0.115057,-0.036162,91.276045
1780292700,2026-06-01 05:45:00,73312.1,73365.3,73304.4,73318.5,0.070285,0.988306,-0.918022,90.358024
1780293000,2026-06-01 05:50:00,73318.5,73345.1,73295.6,73295.6,0.195725,0.274666,-0.078941,90.279082
1780293300,2026-06-01 05:55:00,73295.7,73310.4,73235.4,73256.2,0.190160,0.191959,-0.001798,90.277284
1780293600,2026-06-01 06:00:00,73256.6,73270.0,73200.1,73218.4,0.192321,0.253356,-0.061035,90.216249
1780293900,2026-06-01 06:05:00,73218.4,73218.4,73155.0,73157.0,0.857369,1.377592,-0.520223,89.696026
1780294200,2026-06-01 06:10:00,73156.9,73205.0,73155.0,73193.6,3.940077,0.646077,3.294000,92.990025
1780294500,2026-06-01 06:15:00,73193.7,73205.0,73178.4,73178.4,0.632311,1.373145,-0.740834,92.249191
1780294800,2026-06-01 06:20:00,73178.4,73178.4,73060.3,73124.3,1.375602,5.109513,-3.733911,88.515281
1780295100,2026-06-01 06:25:00,73124.2,73124.2,73075.6,73088.3,0.509813,1.675097,-1.165285,87.349996
1780295400,2026-06-01 06:30:00,73088.3,73123.9,73051.6,73096.1,1.738726,0.124998,1.613728,88.963724
1780295700,2026-06-01 06:35:00,73093.4,73093.5,73016.6,73022.7,6.305249,0.785128,5.520121,94.483845
1780296000,2026-06-01 06:40:00,73030.0,73030.0,72900.0,72915.4,3.415654,6.986321,-3.570667,90.913178
1780296300,2026-06-01 06:45:00,72917.8,73084.3,72867.8,73073.0,1.877901,7.812457,-5.934556,84.978622
1780296600,2026-06-01 06:50:00,73073.1,73112.4,73047.0,73047.0,0.245687,0.357838,-0.112151,84.866471
1780296900,2026-06-01 06:55:00,73045.2,73045.2,72977.6,73041.7,1.588628,1.078737,0.509891,85.376362
1780297200,2026-06-01 07:00:00,73042.0,73042.0,72941.6,73010.3,2.482303,0.868024,1.614279,86.990641
1780297500,2026-06-01 07:05:00,73013.7,73099.9,73013.7,73097.9,0.092004,0.177425,-0.085421,86.905220
1780297800,2026-06-01 07:10:00,73100.0,73100.0,73002.4,73010.3,4.055350,0.830019,3.225331,90.130551
1780298100,2026-06-01 07:15:00,73010.7,73040.9,72919.2,73029.3,3.362414,0.180056,3.182358,93.312909
1780298400,2026-06-01 07:20:00,73035.9,73037.7,72850.0,72889.2,0.172945,1.088081,-0.915137,92.397772
1780298700,2026-06-01 07:25:00,72889.2,72933.1,72882.6,72902.9,0.231757,0.787289,-0.555531,91.842241
1780299000,2026-06-01 07:30:00,72903.0,72903.0,72800.0,72809.6,0.319099,16.427619,-16.108520,75.733721
1780299300,2026-06-01 07:35:00,72808.7,72849.0,72787.3,72849.0,5.992515,7.760512,-1.767997,73.965724
1780299600,2026-06-01 07:40:00,72848.9,72883.0,72839.9,72851.4,1.079385,0.094791,0.984594,74.950319
1780299900,2026-06-01 07:45:00,72851.4,72851.4,72613.7,72656.1,0.565560,14.744208,-14.178647,60.771671
1780300200,2026-06-01 07:50:00,72655.5,72771.2,72655.5,72736.6,1.320832,0.550004,0.770827,61.542499
1780300500,2026-06-01 07:55:00,72736.3,72769.5,72697.8,72719.8,0.142119,1.326773,-1.184653,60.357845
1780300800,2026-06-01 08:00:00,72719.8,72764.5,72699.0,72743.9,11.289755,1.197682,10.092073,70.449919
1780301100,2026-06-01 08:05:00,72740.0,72759.5,72698.9,72711.1,0.071709,0.514085,-0.442376,70.007542
1780301400,2026-06-01 08:10:00,72710.9,72766.1,72710.9,72731.8,0.075901,0.468543,-0.392642,69.614900
1780301700,2026-06-01 08:15:00,72731.8,72735.9,72650.9,72703.7,0.150218,0.492455,-0.342237,69.272663
1780302000,2026-06-01 08:20:00,72719.4,72759.6,72719.4,72741.9,0.123109,13.925305,-13.802196,55.470467
1780302300,2026-06-01 08:25:00,72736.1,72749.4,72548.2,72626.0,1.275993,4.716579,-3.440587,52.029880
1780302600,2026-06-01 08:30:00,72626.0,72743.4,72523.5,72721.8,0.741424,8.202986,-7.461562,44.568318
1780302900,2026-06-01 08:35:00,72721.8,72766.4,72721.8,72759.3,0.077012,0.264315,-0.187303,44.381015
1780303200,2026-06-01 08:40:00,72759.3,72759.4,72571.5,72652.3,0.619782,3.762162,-3.142380,41.238636
1780303500,2026-06-01 08:45:00,72652.3,72737.4,72652.3,72725.2,0.114274,0.794186,-0.679912,40.558723
1780303800,2026-06-01 08:50:00,72725.3,72725.3,72703.2,72714.9,0.106828,0.619678,-0.512849,40.045874
1780304100,2026-06-01 08:55:00,72715.3,72835.3,72715.3,72799.8,3.936817,0.266226,3.670591,43.716465
1780304400,2026-06-01 09:00:00,72799.9,72888.0,72799.9,72864.3,0.863545,0.275864,0.587681,44.304146
1780304700,2026-06-01 09:05:00,72864.8,72917.0,72864.7,72912.3,1.836677,0.326181,1.510496,45.814643
1780305000,2026-06-01 09:10:00,72912.4,72917.9,72871.6,72871.6,0.179447,0.635872,-0.456425,45.358217
1780305300,2026-06-01 09:15:00,72871.7,72896.7,72849.4,72892.7,0.191314,0.494206,-0.302891,45.055326
1780305600,2026-06-01 09:20:00,72894.0,72945.4,72894.0,72908.0,3.022019,6.363749,-3.341730,41.713596
1780305900,2026-06-01 09:25:00,72908.0,72999.9,72904.4,72911.5,2.903931,1.612151,1.291781,43.005377
1780306200,2026-06-01 09:30:00,72911.5,72953.1,72878.4,72889.8,0.259489,1.080144,-0.820654,42.184723
1780306500,2026-06-01 09:35:00,72890.0,72892.7,72839.2,72892.7,2.154335,0.623476,1.530858,43.715581
1780306800,2026-06-01 09:40:00,72887.0,72903.1,72821.0,72842.3,16.073292,19.399387,-3.326096,40.389485
1780307100,2026-06-01 09:45:00,72844.9,72903.0,72844.9,72879.0,0.195803,0.228393,-0.032590,40.356895
1780307400,2026-06-01 09:50:00,72876.4,72891.1,72732.7,72784.1,2.611797,27.459205,-24.847408,15.509488
1780307700,2026-06-01 09:55:00,72782.7,72805.9,72763.2,72789.6,0.140045,0.950250,-0.810205,14.699283
1780308000,2026-06-01 10:00:00,72789.7,72817.3,72692.3,72697.1,5.097183,1.425935,3.671249,18.370531
1780308300,2026-06-01 10:05:00,72697.0,72781.1,72693.4,72745.3,2.514694,0.376547,2.138147,20.508679
1780308600,2026-06-01 10:10:00,72742.7,72757.5,72690.9,72704.0,0.235807,0.199826,0.035980,20.544659
1780308900,2026-06-01 10:15:00,72704.0,72706.7,72641.8,72644.3,0.331496,6.856934,-6.525438,14.019221
1780309200,2026-06-01 10:20:00,72644.3,72706.7,72581.3,72612.5,0.922292,2.832879,-1.910587,12.108634
1780309500,2026-06-01 10:25:00,72609.5,72639.6,72580.0,72609.6,0.204387,0.453480,-0.249093,11.859541
1780309800,2026-06-01 10:30:00,72609.6,72699.0,72553.6,72553.6,0.911348,2.395133,-1.483785,10.375756
1780310100,2026-06-01 10:35:00,72553.7,72584.8,72508.6,72557.5,0.975878,1.555200,-0.579322,9.796434
1780310400,2026-06-01 10:40:00,72558.3,72618.6,72555.9,72596.5,0.988448,0.752699,0.235750,10.032184
1780310700,2026-06-01 10:45:00,72602.2,72680.4,72602.2,72656.4,1.825439,6.480378,-4.654940,5.377244
1780311000,2026-06-01 10:50:00,72657.4,72692.9,72645.0,72681.5,0.519077,0.285818,0.233259,5.610503
1780311300,2026-06-01 10:55:00,72681.5,72696.9,72641.1,72659.2,0.315828,0.823287,-0.507459,5.103044
1780311600,2026-06-01 11:00:00,72659.2,72673.8,72617.1,72617.1,0.313527,0.698512,-0.384986,4.718058
1780311900,2026-06-01 11:05:00,72618.6,72668.4,72587.0,72663.9,1.348751,1.952022,-0.603270,4.114788
1780312200,2026-06-01 11:10:00,72663.9,72666.8,72591.6,72592.2,0.281097,10.243355,-9.962257,-5.847469
1780312500,2026-06-01 11:15:00,72592.9,72638.0,72582.3,72638.0,1.410864,0.339828,1.071036,-4.776433
1780312800,2026-06-01 11:20:00,72640.3,72649.9,72576.8,72597.6,0.726142,0.206253,0.519889,-4.256545
1780313100,2026-06-01 11:25:00,72597.7,72602.3,72561.4,72578.3,0.473728,0.951817,-0.478090,-4.734634
1780313400,2026-06-01 11:30:00,72580.2,72580.2,72500.0,72553.4,0.624308,12.087389,-11.463081,-16.197716
1780313700,2026-06-01 11:35:00,72553.4,72593.0,72553.4,72572.3,1.543653,0.389694,1.153959,-15.043756
1780314000,2026-06-01 11:40:00,72573.3,72644.1,72573.3,72620.0,0.185770,0.460476,-0.274706,-15.318462
1780314300,2026-06-01 11:45:00,72620.0,72683.5,72620.0,72620.0,0.886101,1.858022,-0.971921,-16.290384
1780314600,2026-06-01 11:50:00,72620.0,72628.4,72583.2,72584.8,0.375853,0.307455,0.068398,-16.221986
1780314900,2026-06-01 11:55:00,72584.7,72594.4,72200.0,72384.3,13.774193,65.211673,-51.437480,-67.659465
1780315200,2026-06-01 12:00:00,72391.6,72529.3,72113.1,72233.1,1.296727,26.299131,-25.002404,-92.661869
1780315500,2026-06-01 12:05:00,72233.1,72300.0,72000.0,72035.1,6.144652,30.296569,-24.151917,-116.813787
1780315800,2026-06-01 12:10:00,72035.0,72094.7,71844.0,71970.0,4.439554,37.004675,-32.565121,-149.378908
1780316100,2026-06-01 12:15:00,71970.0,72046.4,71936.1,72009.3,8.567253,8.692241,-0.124988,-149.503896
1780316400,2026-06-01 12:20:00,72009.3,72206.1,72009.3,72115.6,1.402686,1.706210,-0.303524,-149.807420
1780316700,2026-06-01 12:25:00,72123.1,72167.2,72092.7,72140.7,0.873691,4.700977,-3.827286,-153.634707
1780317000,2026-06-01 12:30:00,72140.6,72158.8,72093.7,72112.8,0.852190,29.927177,-29.074988,-182.709694
1780317300,2026-06-01 12:35:00,72127.5,72238.5,72111.8,72224.0,1.570195,1.678192,-0.107997,-182.817691
1780317600,2026-06-01 12:40:00,72223.7,72223.7,72115.3,72182.2,2.161223,0.813832,1.347391,-181.470301
1780317900,2026-06-01 12:45:00,72180.7,72185.1,72025.5,72081.1,7.211798,2.972159,4.239639,-177.230662
1780318200,2026-06-01 12:50:00,72081.0,72124.9,72031.6,72031.9,0.763184,2.649517,-1.886333,-179.116995
1780318500,2026-06-01 12:55:00,72031.9,72136.6,72031.9,72130.0,4.172173,1.414791,2.757382,-176.359613
1780318800,2026-06-01 13:00:00,72127.3,72143.2,71933.2,71947.6,0.960300,8.808575,-7.848275,-184.207888
1780319100,2026-06-01 13:05:00,71947.6,71947.6,71915.0,71915.1,2.815632,6.744699,-3.929067,-188.136954
1780319400,2026-06-01 13:10:00,71915.1,71915.1,71666.0,71753.2,7.292827,35.162130,-27.869302,-216.006256
1780319700,2026-06-01 13:15:00,71753.1,71934.6,71753.1,71844.3,15.977181,5.071707,10.905474,-205.100782
1780320000,2026-06-01 13:20:00,71845.9,71916.9,71683.9,71707.2,0.759515,7.029397,-6.269882,-211.370664
1780320300,2026-06-01 13:25:00,71712.4,71762.2,71662.5,71728.4,1.240819,2.463134,-1.222315,-212.592979
1780320600,2026-06-01 13:30:00,71728.5,71943.2,71628.6,71855.3,25.787910,8.889600,16.898310,-195.694669
1780320900,2026-06-01 13:35:00,71850.8,71915.7,71758.5,71783.2,1.267523,6.334552,-5.067029,-200.761698
1780321200,2026-06-01 13:40:00,71779.7,71779.7,71461.9,71467.1,1.834918,29.374468,-27.539550,-228.301247
1780321500,2026-06-01 13:45:00,71500.0,71652.9,71500.0,71523.8,3.522394,8.701089,-5.178696,-233.479943
1780321800,2026-06-01 13:50:00,71523.7,71617.5,71452.4,71490.6,2.037312,19.989072,-17.951761,-251.431704
1780322100,2026-06-01 13:55:00,71486.4,71973.9,71275.0,71614.2,48.943054,28.660886,20.282168,-231.149536
1780322400,2026-06-01 14:00:00,71614.1,71774.1,71488.3,71760.4,4.543981,2.681814,1.862168,-229.287369
1780322700,2026-06-01 14:05:00,71774.4,71774.4,71501.3,71592.9,18.633036,9.867241,8.765795,-220.521574
1780323000,2026-06-01 14:10:00,71590.2,71590.2,71438.7,71565.0,7.054972,6.914734,0.140239,-220.381335
1780323300,2026-06-01 14:15:00,71565.0,71621.5,71413.6,71483.7,3.769217,14.479420,-10.710202,-231.091537
1780323600,2026-06-01 14:20:00,71473.7,71546.6,71449.1,71482.4,7.314367,2.586733,4.727634,-226.363903
1780323900,2026-06-01 14:25:00,71482.3,71540.1,71365.6,71408.7,2.198416,3.618968,-1.420552,-227.784456
1780324200,2026-06-01 14:30:00,71412.0,71462.9,71336.4,71366.2,3.718362,11.796074,-8.077712,-235.862168
1780324500,2026-06-01 14:35:00,71366.1,71453.0,71336.4,71365.0,1.044819,6.796156,-5.751337,-241.613505
1780324800,2026-06-01 14:40:00,71359.2,71412.7,71300.0,71367.0,3.420953,6.390744,-2.969792,-244.583297
1780325100,2026-06-01 14:45:00,71369.2,71480.6,71352.6,71394.5,1.203996,0.706601,0.497394,-244.085903
1780325400,2026-06-01 14:50:00,71390.5,71498.9,71285.0,71306.0,3.266997,11.660505,-8.393508,-252.479411
1780325700,2026-06-01 14:55:00,71310.4,71419.8,71291.9,71419.8,1.283291,1.833290,-0.549999,-253.029410
1780326000,2026-06-01 15:00:00,71432.3,71549.7,71432.2,71498.0,2.143970,0.532983,1.610987,-251.418423
1780326300,2026-06-01 15:05:00,71497.9,71549.9,71433.9,71460.0,0.686044,2.077900,-1.391856,-252.810279
1780326600,2026-06-01 15:10:00,71460.1,71478.7,71327.6,71406.3,4.269205,1.186067,3.083138,-249.727141
1780326900,2026-06-01 15:15:00,71406.2,71406.3,71117.1,71117.1,2.803381,26.798693,-23.995312,-273.722453
1780327200,2026-06-01 15:20:00,71134.1,71205.0,71055.2,71056.5,1.862099,9.927255,-8.065155,-281.787608
1780327500,2026-06-01 15:25:00,71058.7,71098.8,70971.0,70982.3,2.958516,35.212697,-32.254181,-314.041789
1780327800,2026-06-01 15:30:00,70982.2,71295.8,70971.0,71280.1,5.259403,16.244421,-10.985018,-325.026807
1780328100,2026-06-01 15:35:00,71280.0,71366.8,71160.1,71178.9,2.438443,23.193464,-20.755021,-345.781828
1780328400,2026-06-01 15:40:00,71178.9,71204.6,71147.4,71151.5,1.334937,5.930151,-4.595214,-350.377042
1780328700,2026-06-01 15:45:00,71156.8,71173.4,71040.0,71048.5,0.714612,3.572008,-2.857396,-353.234438
1780329000,2026-06-01 15:50:00,71048.8,71055.9,70980.0,70980.1,3.196815,2.953363,0.243452,-352.990986
1780329300,2026-06-01 15:55:00,70980.0,71010.0,70964.6,71000.0,8.733148,3.834902,4.898246,-348.092739
1780329600,2026-06-01 16:00:00,71000.0,71070.0,70995.0,71015.6,5.539445,5.085548,0.453897,-347.638843
1780329900,2026-06-01 16:05:00,71014.4,71014.4,70774.8,70774.8,6.665094,50.450822,-43.785728,-391.424570
1780330200,2026-06-01 16:10:00,70780.7,70811.4,70581.5,70800.0,22.286133,38.368738,-16.082605,-407.507175
1780330500,2026-06-01 16:15:00,70785.1,70836.8,70700.7,70800.0,4.301199,5.193647,-0.892448,-408.399623
1780330800,2026-06-01 16:20:00,70800.1,70847.0,70785.0,70815.0,0.897167,2.104144,-1.206977,-409.606599
1780331100,2026-06-01 16:25:00,70815.1,70965.0,70815.0,70965.0,3.605234,1.415241,2.189994,-407.416606
1780331400,2026-06-01 16:30:00,70965.0,71077.0,70935.0,71077.0,4.606782,2.370283,2.236499,-405.180107
1780331700,2026-06-01 16:35:00,71076.9,71145.0,71000.0,71110.9,5.511247,7.462590,-1.951343,-407.131449
1780332000,2026-06-01 16:40:00,71110.9,71235.0,71085.1,71220.0,7.135055,4.883164,2.251891,-404.879559
1780332300,2026-06-01 16:45:00,71220.0,71310.0,71220.0,71262.2,6.985553,0.836711,6.148842,-398.730717
1780332600,2026-06-01 16:50:00,71270.1,71309.9,71236.4,71302.4,2.090898,3.771755,-1.680857,-400.411574
1780332900,2026-06-01 16:55:00,71302.5,71488.9,71302.5,71455.2,21.879629,10.726029,11.153600,-389.257974
1780333200,2026-06-01 17:00:00,71455.2,71515.8,71373.0,71492.2,36.506232,1.324320,35.181912,-354.076062
1780333500,2026-06-01 17:05:00,71492.2,71500.0,71470.1,71475.1,2.609338,0.617496,1.991842,-352.084220
1780333800,2026-06-01 17:10:00,71475.1,71506.0,71475.0,71490.1,16.542238,1.164835,15.377402,-336.706818
1780334100,2026-06-01 17:15:00,71490.1,71544.0,71385.0,71430.0,16.202440,5.637313,10.565127,-326.141690
1780334400,2026-06-01 17:20:00,71429.9,71469.9,71429.9,71437.8,1.509022,0.614398,0.894623,-325.247067
1780334700,2026-06-01 17:25:00,71437.8,71637.5,71418.6,71637.5,23.251610,0.566861,22.684750,-302.562317
1780335000,2026-06-01 17:30:00,71629.7,71677.2,71436.9,71444.8,16.835212,8.073581,8.761630,-293.800687
1780335300,2026-06-01 17:35:00,71439.0,71520.0,71433.9,71484.1,0.917653,1.624537,-0.706884,-294.507571
1780335600,2026-06-01 17:40:00,71482.8,71641.4,71460.1,71614.9,18.663665,11.793861,6.869804,-287.637766
1780335900,2026-06-01 17:45:00,71614.9,71627.1,71550.9,71624.9,10.527704,10.414434,0.113270,-287.524496
1780336200,2026-06-01 17:50:00,71624.9,71679.6,71588.3,71619.2,0.786094,0.791175,-0.005081,-287.529577
1780336500,2026-06-01 17:55:00,71619.2,71650.6,71528.5,71551.4,1.874003,1.528953,0.345049,-287.184528
1780336800,2026-06-01 18:00:00,71550.1,71592.5,71503.1,71503.1,1.246035,1.311937,-0.065902,-287.250430
1780337100,2026-06-01 18:05:00,71503.2,71505.3,71449.3,71486.0,1.701067,3.248734,-1.547667,-288.798097
1780337400,2026-06-01 18:10:00,71490.0,71501.1,71370.0,71385.0,4.750641,0.739473,4.011168,-284.786930
1780337700,2026-06-01 18:15:00,71385.0,71386.0,71289.2,71305.4,1.752195,9.380804,-7.628609,-292.415539
1780338000,2026-06-01 18:20:00,71307.6,71354.9,71284.9,71325.0,0.983932,0.916587,0.067345,-292.348194
1780338300,2026-06-01 18:25:00,71325.0,71444.9,71325.0,71444.9,3.838010,1.478569,2.359442,-289.988752
1780338600,2026-06-01 18:30:00,71445.0,71580.0,71430.0,71532.7,2.382437,11.149566,-8.767129,-298.755881
1780338900,2026-06-01 18:35:00,71533.2,71565.0,71475.1,71488.3,3.835417,0.708413,3.127004,-295.628877
1780339200,2026-06-01 18:40:00,71488.3,71527.9,71430.0,71430.0,0.495819,1.959435,-1.463616,-297.092492
1780339500,2026-06-01 18:45:00,71430.0,71430.0,71325.1,71350.0,11.688828,1.685227,10.003601,-287.088891
1780339800,2026-06-01 18:50:00,71340.1,71469.6,71311.6,71460.0,0.821070,1.344201,-0.523130,-287.612022
1780340100,2026-06-01 18:55:00,71460.0,71460.0,71400.0,71415.0,0.886635,0.952518,-0.065884,-287.677905
1780340400,2026-06-01 19:00:00,71415.1,71415.1,71361.5,71371.8,0.515136,0.720546,-0.205410,-287.883316
1780340700,2026-06-01 19:05:00,71371.8,71371.8,71345.2,71355.6,1.236860,1.041245,0.195615,-287.687701
1780341000,2026-06-01 19:10:00,71355.2,71370.4,71325.1,71345.1,0.592715,1.329843,-0.737128,-288.424829
1780341300,2026-06-01 19:15:00,71345.1,71356.1,71294.5,71324.4,2.269466,3.098451,-0.828984,-289.253814
1780341600,2026-06-01 19:20:00,71325.0,71371.8,71325.0,71371.8,0.853302,0.440533,0.412769,-288.841044
1780341900,2026-06-01 19:25:00,71371.8,71519.0,71371.7,71519.0,2.019343,9.830529,-7.811186,-296.652230
1780342200,2026-06-01 19:30:00,71520.0,71578.5,71513.7,71557.5,6.326067,1.005812,5.320255,-291.331976
1780342500,2026-06-01 19:35:00,71557.4,71557.5,71475.1,71535.0,0.531405,12.491484,-11.960079,-303.292055
1780342800,2026-06-01 19:40:00,71535.0,71550.0,71446.2,71549.9,1.384119,1.227406,0.156713,-303.135342
1780343100,2026-06-01 19:45:00,71549.9,71549.9,71430.0,71430.1,2.568038,1.473785,1.094252,-302.041090
1780343400,2026-06-01 19:50:00,71430.1,71490.0,71430.1,71450.9,0.368844,0.885884,-0.517040,-302.558130
1780343700,2026-06-01 19:55:00,71448.8,71493.2,71431.8,71493.2,0.881694,1.452455,-0.570761,-303.128891
1780344000,2026-06-01 20:00:00,71495.0,71495.0,71432.5,71445.2,1.046576,0.280695,0.765881,-302.363010
1780344300,2026-06-01 20:05:00,71445.2,71460.0,71432.7,71445.2,1.458987,2.796798,-1.337811,-303.700821
1780344600,2026-06-01 20:10:00,71445.2,71488.3,71445.1,71482.8,4.351561,0.161760,4.189802,-299.511019
1780344900,2026-06-01 20:15:00,71482.8,71505.0,71437.6,71505.0,5.620381,2.630959,2.989421,-296.521598
1780345200,2026-06-01 20:20:00,71505.0,71595.0,71505.0,71524.8,1.255721,16.254918,-14.999197,-311.520795
1780345500,2026-06-01 20:25:00,71520.2,71520.2,71470.3,71505.0,1.513907,3.104686,-1.590779,-313.111574
1780345800,2026-06-01 20:30:00,71505.0,71535.0,71493.7,71534.9,0.651331,0.475681,0.175650,-312.935924
1780346100,2026-06-01 20:35:00,71526.4,71581.8,71526.4,71552.9,2.589048,1.361474,1.227574,-311.708350
1780346400,2026-06-01 20:40:00,71552.9,71552.9,71482.4,71504.9,1.562184,2.148212,-0.586028,-312.294379
1780346700,2026-06-01 20:45:00,71504.9,71519.8,71479.0,71502.3,0.433524,4.960026,-4.526503,-316.820881
1780347000,2026-06-01 20:50:00,71503.7,71503.8,71401.5,71406.9,0.261545,4.555279,-4.293734,-321.114615
1780347300,2026-06-01 20:55:00,71406.6,71406.7,71321.5,71354.5,0.888222,1.004459,-0.116237,-321.230853
1780347600,2026-06-01 21:00:00,71354.1,71365.5,71286.1,71327.3,1.414130,7.343559,-5.929429,-327.160282
1780347900,2026-06-01 21:05:00,71327.8,71343.1,71071.6,71074.2,0.654181,9.605309,-8.951128,-336.111410
1780348200,2026-06-01 21:10:00,71074.3,71134.6,71068.0,71130.0,1.310026,1.357761,-0.047735,-336.159145
1780348500,2026-06-01 21:15:00,71130.0,71130.0,71000.0,71038.2,1.136654,1.410431,-0.273777,-336.432922
1780348800,2026-06-01 21:20:00,71039.9,71135.6,71039.9,71130.0,0.891465,0.985533,-0.094068,-336.526989
1780349100,2026-06-01 21:25:00,71130.0,71144.9,71000.0,71049.0,0.580086,6.972360,-6.392274,-342.919263
1780349400,2026-06-01 21:30:00,71055.0,71074.5,71025.0,71037.1,0.937622,2.362415,-1.424793,-344.344056
1780349700,2026-06-01 21:35:00,71037.1,71039.8,71000.0,71020.0,11.907429,2.303800,9.603629,-334.740427
1780350000,2026-06-01 21:40:00,71017.7,71050.0,70850.6,70924.3,0.809877,16.459109,-15.649232,-350.389659
1780350300,2026-06-01 21:45:00,70929.4,71010.0,70892.6,70998.0,1.446694,4.525158,-3.078464,-353.468123
1780350600,2026-06-01 21:50:00,70997.9,71033.4,70942.3,70958.1,2.228348,0.652402,1.575946,-351.892177
1780350900,2026-06-01 21:55:00,70958.0,70995.8,70890.0,70950.1,0.918732,2.558927,-1.640195,-353.532372
1780351200,2026-06-01 22:00:00,70950.0,70950.1,70815.0,70816.5,0.860841,2.221469,-1.360628,-354.893000
1780351500,2026-06-01 22:05:00,70815.0,70845.0,70750.0,70813.3,1.039464,7.424646,-6.385182,-361.278182
1780351800,2026-06-01 22:10:00,70814.9,70893.6,70814.9,70877.2,1.598037,4.806327,-3.208290,-364.486472
1780352100,2026-06-01 22:15:00,70880.6,71070.0,70880.5,71069.9,1.493702,2.589648,-1.095947,-365.582419
1780352400,2026-06-01 22:20:00,71070.0,71089.5,71049.9,71055.1,39.593949,2.269792,37.324157,-328.258262
1780352700,2026-06-01 22:25:00,71055.0,71225.2,71055.0,71189.4,4.076996,37.552840,-33.475845,-361.734106
1780353000,2026-06-01 22:30:00,71189.4,71256.5,71115.0,71115.0,35.916654,31.617301,4.299353,-357.434754
1780353300,2026-06-01 22:35:00,71106.7,71130.0,70980.1,71025.1,0.509885,20.668921,-20.159035,-377.593789
1780353600,2026-06-01 22:40:00,71026.6,71070.0,70995.0,71026.8,1.738283,28.653628,-26.915346,-404.509135
1780353900,2026-06-01 22:45:00,71026.9,71270.0,71026.9,71266.1,1.661108,0.176189,1.484919,-403.024216
1780354200,2026-06-01 22:50:00,71266.1,71295.0,71250.1,71268.7,0.422635,0.395026,0.027609,-402.996607
1780354500,2026-06-01 22:55:00,71270.1,71336.4,71270.1,71310.0,0.629684,0.207396,0.422288,-402.574319
1780354800,2026-06-01 23:00:00,71310.1,71324.9,71265.0,71288.0,0.392559,0.312483,0.080076,-402.494243
1780355100,2026-06-01 23:05:00,71287.9,71295.0,71216.5,71283.1,0.487694,1.265678,-0.777984,-403.272226
1780355400,2026-06-01 23:10:00,71283.1,71335.9,71257.1,71268.2,0.363502,0.424267,-0.060765,-403.332991
1780355700,2026-06-01 23:15:00,71269.6,71376.0,71269.6,71328.1,0.699920,0.291885,0.408035,-402.924956
1780356000,2026-06-01 23:20:00,71325.2,71325.3,71257.0,71257.0,0.489263,0.695513,-0.206249,-403.131206
1780356300,2026-06-01 23:25:00,71257.1,71257.1,71150.8,71150.8,0.945880,4.220849,-3.274969,-406.406175
1780356600,2026-06-01 23:30:00,71150.4,71220.0,71130.1,71220.0,1.536753,2.299701,-0.762947,-407.169122
1780356900,2026-06-01 23:35:00,71220.0,71463.0,71220.0,71406.3,2.347176,0.376282,1.970894,-405.198228
1780357200,2026-06-01 23:40:00,71410.5,71464.9,71400.1,71407.8,0.249492,0.301836,-0.052344,-405.250572
1780357500,2026-06-01 23:45:00,71417.9,71455.0,71385.0,71453.8,0.318292,0.709315,-0.391023,-405.641595
1780357800,2026-06-01 23:50:00,71458.4,71458.4,71300.7,71348.7,8.505173,14.992694,-6.487520,-412.129115
1780358100,2026-06-01 23:55:00,71348.7,71348.7,71280.3,71317.5,1.131552,0.480944,0.650608,-411.478507
1780358400,2026-06-02 00:00:00,71315.5,71315.5,71235.0,71235.1,2.297474,13.291079,-10.993605,-422.472112
1780358700,2026-06-02 00:05:00,71235.1,71241.2,71179.4,71196.7,0.201156,0.337158,-0.136003,-422.608115
1780359000,2026-06-02 00:10:00,71196.7,71205.0,71160.0,71170.3,0.645245,0.242868,0.402377,-422.205738
1780359300,2026-06-02 00:15:00,71170.2,71190.0,71115.0,71115.1,0.446106,0.546120,-0.100014,-422.305751
1780359600,2026-06-02 00:20:00,71115.0,71132.1,71066.4,71072.4,0.307259,1.123769,-0.816510,-423.122262
1780359900,2026-06-02 00:25:00,71078.0,71123.1,71061.1,71123.1,0.927639,0.489559,0.438081,-422.684181
1780360200,2026-06-02 00:30:00,71123.2,71202.1,71106.1,71158.3,1.007233,0.845251,0.161982,-422.522199
1780360500,2026-06-02 00:35:00,71158.3,71190.0,71085.1,71085.1,0.198201,0.525769,-0.327568,-422.849767
1780360800,2026-06-02 00:40:00,71086.5,71105.8,71010.0,71076.0,0.402430,4.376161,-3.973731,-426.823497
1780361100,2026-06-02 00:45:00,71079.5,71085.0,71055.1,71083.1,0.138744,0.543412,-0.404668,-427.228166
1780361400,2026-06-02 00:50:00,71085.0,71175.0,71085.0,71175.0,0.508123,0.871474,-0.363351,-427.591516
1780361700,2026-06-02 00:55:00,71175.0,71205.0,71159.9,71177.7,0.134275,0.595100,-0.460825,-428.052341
1780362000,2026-06-02 01:00:00,71177.7,71235.0,71148.2,71158.6,0.243958,2.956125,-2.712168,-430.764509
1780362300,2026-06-02 01:05:00,71158.6,71220.0,71141.3,71141.3,0.896892,0.807075,0.089816,-430.674693
1780362600,2026-06-02 01:10:00,71141.3,71276.5,71141.3,71262.7,1.480725,1.021984,0.458741,-430.215952
1780362900,2026-06-02 01:15:00,71262.7,71272.0,71175.1,71203.9,0.749663,0.569402,0.180261,-430.035691
1780363200,2026-06-02 01:20:00,71193.6,71220.0,71163.3,71205.0,0.225522,0.973419,-0.747897,-430.783588
1780363500,2026-06-02 01:25:00,71204.9,71234.9,71107.8,71107.8,1.609070,1.465669,0.143402,-430.640186
1780363800,2026-06-02 01:30:00,71106.7,71129.2,70850.3,70875.0,0.365553,5.367829,-5.002276,-435.642462
1780364100,2026-06-02 01:35:00,70881.3,70904.9,70685.0,70767.2,1.878631,4.302616,-2.423984,-438.066446
1780364400,2026-06-02 01:40:00,70767.4,70890.0,70740.1,70860.0,12.630024,0.371128,12.258896,-425.807550
1780364700,2026-06-02 01:45:00,70860.1,70863.1,70690.0,70800.0,0.639848,0.708605,-0.068757,-425.876307
1780365000,2026-06-02 01:50:00,70800.0,70839.1,70753.1,70753.1,3.600382,0.611586,2.988796,-422.887511
1780365300,2026-06-02 01:55:00,70750.1,70768.6,70524.8,70539.4,2.097298,17.550518,-15.453220,-438.340731
1780365600,2026-06-02 02:00:00,70539.4,70620.0,70432.8,70470.4,3.883735,15.192088,-11.308354,-449.649085
1780365900,2026-06-02 02:05:00,70477.6,70500.0,70000.0,70166.4,14.145266,36.157132,-22.011866,-471.660951
1780366200,2026-06-02 02:10:00,70166.4,70225.9,70061.0,70225.9,8.310399,2.284771,6.025628,-465.635323
1780366500,2026-06-02 02:15:00,70228.4,70242.5,70065.4,70139.9,2.116864,3.184434,-1.067570,-466.702893
1780366800,2026-06-02 02:20:00,70140.0,70461.6,70139.9,70461.6,3.164627,1.755059,1.409567,-465.293326
1780367100,2026-06-02 02:25:00,70453.4,70737.7,70453.4,70710.1,4.945280,5.023052,-0.077772,-465.371098
1780367400,2026-06-02 02:30:00,70710.1,70725.0,70626.5,70679.5,0.468534,1.343123,-0.874589,-466.245686
1780367700,2026-06-02 02:35:00,70679.5,70765.2,70650.0,70650.1,1.622238,0.759786,0.862452,-465.383234
1780368000,2026-06-02 02:40:00,70650.1,70650.1,70483.0,70504.8,0.592952,1.606772,-1.013819,-466.397054
1780368300,2026-06-02 02:45:00,70503.4,70635.0,70485.0,70554.3,0.731735,2.195684,-1.463949,-467.861003
1780368600,2026-06-02 02:50:00,70554.3,70656.0,70553.0,70575.0,0.573290,1.692590,-1.119300,-468.980303
1780368900,2026-06-02 02:55:00,70575.0,70736.2,70569.0,70736.2,2.945689,0.324572,2.621117,-466.359186
1780369200,2026-06-02 03:00:00,70740.0,70840.9,70710.0,70840.9,0.771615,1.298882,-0.527266,-466.886452
1780369500,2026-06-02 03:05:00,70841.7,70918.1,70841.7,70888.9,0.737771,2.143822,-1.406051,-468.292503
1780369800,2026-06-02 03:10:00,70890.0,70918.2,70795.1,70812.2,0.205402,0.871843,-0.666441,-468.958944
1780370100,2026-06-02 03:15:00,70807.4,70901.4,70807.4,70812.7,1.918881,3.535282,-1.616402,-470.575346
1780370400,2026-06-02 03:20:00,70812.7,70860.0,70725.0,70828.1,1.358849,0.826010,0.532838,-470.042507
1780370700,2026-06-02 03:25:00,70828.1,70890.0,70828.1,70851.8,0.978732,0.494628,0.484105,-469.558403
1780371000,2026-06-02 03:30:00,70851.7,70890.0,70815.1,70845.1,0.405335,0.404678,0.000657,-469.557746
1780371300,2026-06-02 03:35:00,70845.0,70874.9,70830.1,70857.5,0.146364,0.291244,-0.144879,-469.702625
1780371600,2026-06-02 03:40:00,70855.1,70889.9,70830.2,70889.9,0.365347,5.319746,-4.954398,-474.657023
1780371900,2026-06-02 03:45:00,70889.8,70899.9,70833.1,70846.8,4.342908,6.182455,-1.839547,-476.496570
1780372200,2026-06-02 03:50:00,70847.9,70890.0,70847.8,70890.0,6.138976,6.515136,-0.376160,-476.872730
1780372500,2026-06-02 03:55:00,70890.0,70890.0,70840.0,70846.2,0.119945,0.370819,-0.250874,-477.123605
1780372800,2026-06-02 04:00:00,70846.2,70880.0,70830.1,70840.9,14.756482,0.962585,13.793897,-463.329707
1780373100,2026-06-02 04:05:00,70844.0,70860.0,70689.0,70689.0,0.620930,1.126379,-0.505448,-463.835156
1780373400,2026-06-02 04:10:00,70686.1,70687.4,70605.6,70661.8,6.506991,35.228873,-28.721882,-492.557038
1780373700,2026-06-02 04:15:00,70661.4,70784.9,70661.3,70761.5,1.786717,7.130528,-5.343811,-497.900849
1780374000,2026-06-02 04:20:00,70764.4,70800.0,70710.0,70767.2,0.251723,4.429742,-4.178019,-502.078868
1780374300,2026-06-02 04:25:00,70763.9,70902.1,70755.0,70860.1,1.253261,0.314385,0.938876,-501.139992
1780374600,2026-06-02 04:30:00,70860.1,70905.0,70815.1,70897.5,0.298372,0.612681,-0.314309,-501.454301
1780374900,2026-06-02 04:35:00,70905.0,70928.6,70888.3,70920.0,1.532213,0.116921,1.415293,-500.039009
1780375200,2026-06-02 04:40:00,70919.9,70922.6,70890.1,70908.0,0.072737,0.209905,-0.137168,-500.176177
1780375500,2026-06-02 04:45:00,70908.0,70908.0,70812.6,70812.6,0.241472,0.320027,-0.078555,-500.254732
1780375800,2026-06-02 04:50:00,70812.5,70812.5,70752.4,70784.9,1.406439,0.430843,0.975597,-499.279135
1780376100,2026-06-02 04:55:00,70785.0,70785.0,70655.4,70695.0,0.251801,1.533291,-1.281491,-500.560626
1780376400,2026-06-02 05:00:00,70695.0,70700.0,70502.5,70502.5,28.317378,0.624623,27.692754,-472.867872
1780376700,2026-06-02 05:05:00,70502.5,70585.4,70485.6,70573.7,2.951691,8.520787,-5.569097,-478.436968
1780377000,2026-06-02 05:10:00,70570.9,70700.0,70560.1,70695.9,19.327994,0.255920,19.072075,-459.364894
1780377300,2026-06-02 05:15:00,70695.9,70696.1,70607.2,70620.5,0.306643,1.186972,-0.880329,-460.245222
1780377600,2026-06-02 05:20:00,70620.6,70650.0,70614.2,70617.0,0.301892,2.759161,-2.457269,-462.702492
1780377900,2026-06-02 05:25:00,70616.9,70616.9,70477.2,70489.5,0.217009,3.246087,-3.029078,-465.731570
1780378200,2026-06-02 05:30:00,70489.5,70604.3,70425.0,70545.1,3.871417,6.434905,-2.563488,-468.295058
1780378500,2026-06-02 05:35:00,70545.1,70575.0,70476.8,70496.6,0.520543,0.353317,0.167225,-468.127832
1780378800,2026-06-02 05:40:00,70496.5,70496.5,70321.4,70410.0,1.787069,7.459364,-5.672295,-473.800127
1780379100,2026-06-02 05:45:00,70410.0,70410.0,70288.1,70330.9,0.568280,23.584069,-23.015789,-496.815916
1780379400,2026-06-02 05:50:00,70330.9,70336.0,70250.0,70270.3,0.441144,5.568473,-5.127329,-501.943246
1780379700,2026-06-02 05:55:00,70270.4,70275.0,70156.7,70158.4,13.232555,7.532720,5.699835,-496.243411
1780380000,2026-06-02 06:00:00,70156.6,70282.7,70156.1,70261.2,3.365548,0.916305,2.449243,-493.794167
1780380300,2026-06-02 06:05:00,70261.1,70333.6,70250.0,70289.9,20.934371,0.437053,20.497318,-473.296849
1780380600,2026-06-02 06:10:00,70290.0,70290.0,70127.1,70199.7,1.385748,5.413919,-4.028171,-477.325020
1780380900,2026-06-02 06:15:00,70199.7,70274.9,70197.9,70197.9,0.880580,3.459305,-2.578725,-479.903746
1780381200,2026-06-02 06:20:00,70197.7,70215.0,70147.1,70147.1,0.512574,2.026697,-1.514123,-481.417869
1780381500,2026-06-02 06:25:00,70147.1,70269.9,70127.1,70263.0,1.391687,3.773407,-2.381721,-483.799590
1780381800,2026-06-02 06:30:00,70263.0,70311.0,70215.6,70260.1,3.942973,0.603656,3.339317,-480.460272
1780382100,2026-06-02 06:35:00,70260.1,70260.1,70170.1,70210.0,3.591831,1.395093,2.196738,-478.263535
1780382400,2026-06-02 06:40:00,70210.0,70230.0,70156.4,70156.4,0.458294,1.017394,-0.559100,-478.822634
1780382700,2026-06-02 06:45:00,70155.0,70200.0,69863.9,70124.4,2.466454,23.321608,-20.855155,-499.677789
1780383000,2026-06-02 06:50:00,70124.9,70214.9,70005.0,70063.7,1.118251,1.742193,-0.623942,-500.301731
1780383300,2026-06-02 06:55:00,70063.6,70063.6,69840.0,69989.0,5.953620,84.242134,-78.288514,-578.590245
1780383600,2026-06-02 07:00:00,69989.9,70035.0,69647.8,69739.7,12.593482,40.068849,-27.475367,-606.065611
1780383900,2026-06-02 07:05:00,69739.9,69900.0,69739.9,69871.3,3.067497,1.045488,2.022008,-604.043603
1780384200,2026-06-02 07:10:00,69871.3,69966.2,69871.2,69949.3,4.331436,0.727237,3.604199,-600.439404
1780384500,2026-06-02 07:15:00,69949.4,70155.0,69949.3,70097.2,12.144504,3.482013,8.662491,-591.776913
1780384800,2026-06-02 07:20:00,70097.1,70097.2,69944.9,69944.9,1.160129,8.480919,-7.320791,-599.097704
1780385100,2026-06-02 07:25:00,69942.9,69942.9,69750.0,69807.6,0.614886,3.824388,-3.209501,-602.307205
1780385400,2026-06-02 07:30:00,69810.0,70020.5,69806.0,70011.1,1.068619,10.749854,-9.681235,-611.988440
1780385700,2026-06-02 07:35:00,70011.1,70147.0,69977.2,70099.5,5.256533,20.581128,-15.324595,-627.313035
1780386000,2026-06-02 07:40:00,70099.5,70139.8,70091.2,70104.1,10.848597,2.696184,8.152414,-619.160621
1780386300,2026-06-02 07:45:00,70104.0,70104.0,69978.7,70019.9,1.013745,3.406739,-2.392994,-621.553615
1780386600,2026-06-02 07:50:00,70020.0,70065.0,70000.0,70018.5,0.273546,1.330789,-1.057243,-622.610858
1780386900,2026-06-02 07:55:00,70018.5,70101.5,70018.5,70022.1,16.971000,0.492114,16.478886,-606.131971
1780387200,2026-06-02 08:00:00,70020.1,70065.0,69930.1,69930.1,1.704744,8.135974,-6.431230,-612.563201
1780387500,2026-06-02 08:05:00,69930.1,69975.0,69900.1,69906.0,0.362737,1.656899,-1.294162,-613.857363
1780387800,2026-06-02 08:10:00,69907.6,69979.6,69870.0,69948.3,3.187763,8.768592,-5.580829,-619.438192
1780388100,2026-06-02 08:15:00,69948.2,69948.2,69834.0,69870.1,4.608363,9.466538,-4.858175,-624.296367
1780388400,2026-06-02 08:20:00,69870.1,69900.0,69787.0,69795.0,1.120392,5.764486,-4.644094,-628.940461
1780388700,2026-06-02 08:25:00,69795.1,69976.9,69775.4,69915.0,1.320879,0.800897,0.519982,-628.420479
1780389000,2026-06-02 08:30:00,69915.0,69974.9,69903.9,69923.7,0.385206,0.526110,-0.140905,-628.561384
1780389300,2026-06-02 08:35:00,69923.6,69923.6,69800.7,69823.1,0.269677,2.183045,-1.913368,-630.474752
1780389600,2026-06-02 08:40:00,69817.7,69840.0,69758.5,69758.5,0.195889,0.699849,-0.503960,-630.978712
1780389900,2026-06-02 08:45:00,69764.7,69810.0,69705.0,69705.0,0.633381,13.482964,-12.849583,-643.828295
1780390200,2026-06-02 08:50:00,69703.4,69705.0,69685.9,69686.6,0.811005,3.164466,-2.353461,-646.181757
1780390500,2026-06-02 08:55:00,69686.5,69730.4,69605.8,69705.1,2.399668,18.352521,-15.952853,-662.134609
1780390800,2026-06-02 09:00:00,69705.1,69754.1,69500.0,69504.5,22.873086,8.646330,14.226756,-647.907853
1780391100,2026-06-02 09:05:00,69504.4,69604.5,69500.0,69537.7,1.477566,5.191150,-3.713585,-651.621438
1780391400,2026-06-02 09:10:00,69537.7,69537.8,69394.0,69461.9,1.604291,6.066556,-4.462264,-656.083702
1780391700,2026-06-02 09:15:00,69461.9,69520.3,69394.9,69508.6,3.993535,1.422799,2.570736,-653.512966
1780392000,2026-06-02 09:20:00,69508.6,69511.0,69322.5,69381.9,7.519955,15.089525,-7.569571,-661.082536
1780392300,2026-06-02 09:25:00,69381.9,69381.9,69236.5,69300.0,1.314931,5.557846,-4.242915,-665.325451
1780392600,2026-06-02 09:30:00,69299.9,69435.2,69255.1,69420.8,1.365820,1.668063,-0.302242,-665.627693
1780392900,2026-06-02 09:35:00,69420.0,69450.0,69363.6,69363.6,1.309262,1.001726,0.307537,-665.320157
1780393200,2026-06-02 09:40:00,69363.6,69405.0,69319.9,69385.1,0.448338,13.033707,-12.585369,-677.905526
1780393500,2026-06-02 09:45:00,69385.1,69416.8,69285.1,69390.1,1.950342,2.262160,-0.311818,-678.217344
1780393800,2026-06-02 09:50:00,69390.1,69402.5,69300.0,69300.0,4.730925,0.853559,3.877366,-674.339978
1780394100,2026-06-02 09:55:00,69300.1,69345.0,69300.0,69300.2,5.866324,2.729930,3.136395,-671.203584
1780394400,2026-06-02 10:00:00,69300.2,69405.0,69244.2,69405.0,1.693354,1.124662,0.568693,-670.634891
1780394700,2026-06-02 10:05:00,69405.0,69533.0,69391.0,69533.0,34.923044,1.249913,33.673131,-636.961760
1780395000,2026-06-02 10:10:00,69530.6,69645.0,69503.7,69552.6,1.991702,1.025922,0.965781,-635.995980
1780395300,2026-06-02 10:15:00,69552.6,69602.7,69542.6,69602.7,0.286885,28.288096,-28.001211,-663.997191
1780395600,2026-06-02 10:20:00,69602.7,69602.7,69420.0,69430.9,3.754589,1.499968,2.254620,-661.742570
1780395900,2026-06-02 10:25:00,69429.1,69525.0,69420.8,69525.0,1.255690,0.942765,0.312925,-661.429645
1780396200,2026-06-02 10:30:00,69524.9,69540.0,69405.1,69418.1,37.693113,8.469689,29.223424,-632.206222
1780396500,2026-06-02 10:35:00,69411.5,69434.1,69337.7,69386.1,2.710750,50.270346,-47.559596,-679.765817
1780396800,2026-06-02 10:40:00,69386.1,69400.0,69361.7,69364.6,0.247954,1.973969,-1.726015,-681.491833
1780397100,2026-06-02 10:45:00,69364.7,69400.0,69363.1,69363.2,2.711922,9.018560,-6.306638,-687.798471
1780397400,2026-06-02 10:50:00,69363.2,69550.0,69363.2,69547.9,16.281554,3.162428,13.119126,-674.679344
1780397700,2026-06-02 10:55:00,69547.9,69550.0,69532.3,69542.6,75.384917,6.736543,68.648374,-606.030971
1780398000,2026-06-02 11:00:00,69533.7,69540.0,69457.7,69476.9,0.430915,7.358069,-6.927154,-612.958125
1780398300,2026-06-02 11:05:00,69476.9,69500.6,69447.5,69495.7,0.244696,5.933703,-5.689007,-618.647131
1780398600,2026-06-02 11:10:00,69495.8,69500.6,69390.1,69449.8,0.506706,0.510932,-0.004226,-618.651357
1780398900,2026-06-02 11:15:00,69449.7,69450.0,69325.0,69349.2,0.914587,10.774996,-9.860409,-628.511766
1780399200,2026-06-02 11:20:00,69347.8,69417.4,69336.9,69412.5,2.276347,5.777341,-3.500994,-632.012760
1780399500,2026-06-02 11:25:00,69417.4,69424.2,69363.1,69390.0,0.529936,2.427247,-1.897311,-633.910071
1780399800,2026-06-02 11:30:00,69389.9,69390.0,69316.3,69317.2,13.064764,12.749059,0.315705,-633.594366
1780400100,2026-06-02 11:35:00,69345.0,69416.1,69340.3,69416.0,2.367919,1.155315,1.212604,-632.381761
1780400400,2026-06-02 11:40:00,69416.1,69426.4,69376.0,69376.0,0.389915,0.314932,0.074983,-632.306778
1780400700,2026-06-02 11:45:00,69376.1,69436.6,69376.0,69436.5,3.306237,2.695393,0.610844,-631.695934
1780401000,2026-06-02 11:50:00,69436.5,69495.0,69408.6,69483.2,4.363215,14.551837,-10.188623,-641.884556
1780401300,2026-06-02 11:55:00,69483.1,69483.1,69362.5,69362.5,1.042205,1.833197,-0.790992,-642.675548
1780401600,2026-06-02 12:00:00,69360.1,69434.9,69278.8,69390.8,2.249334,25.762781,-23.513447,-666.188995
1780401900,2026-06-02 12:05:00,69390.0,69390.0,69193.1,69367.6,2.387154,7.199726,-4.812572,-671.001568
1780402200,2026-06-02 12:10:00,69367.6,69385.4,69201.4,69239.9,2.461783,23.174976,-20.713192,-691.714760
1780402500,2026-06-02 12:15:00,69239.9,69270.0,69136.9,69147.8,31.625415,9.955590,21.669825,-670.044935
1780402800,2026-06-02 12:20:00,69147.6,69335.4,69146.3,69305.8,2.626559,2.376504,0.250055,-669.794880
1780403100,2026-06-02 12:25:00,69307.4,69307.4,69166.2,69189.1,0.585167,3.849681,-3.264515,-673.059395
1780403400,2026-06-02 12:30:00,69189.2,69189.2,69080.0,69080.1,0.804681,4.454096,-3.649414,-676.708809
1780403700,2026-06-02 12:35:00,69081.6,69090.0,69005.2,69022.5,3.797597,10.631230,-6.833633,-683.542442
1780404000,2026-06-02 12:40:00,69022.5,69150.0,69005.0,69126.4,4.599405,7.157831,-2.558427,-686.100869
1780404300,2026-06-02 12:45:00,69125.2,69133.0,69015.0,69030.0,2.363110,3.558068,-1.194958,-687.295827
1780404600,2026-06-02 12:50:00,69032.6,69032.6,69000.0,69000.1,1.261471,12.736161,-11.474690,-698.770517
1780404900,2026-06-02 12:55:00,69000.0,69005.0,68925.3,68925.4,1.895745,24.335061,-22.439316,-721.209833
1780405200,2026-06-02 13:00:00,68925.4,69081.2,68872.0,69018.9,15.644505,8.649913,6.994592,-714.215241
1780405500,2026-06-02 13:05:00,69020.1,69029.3,68899.5,68916.6,0.627828,8.039923,-7.412095,-721.627336
1780405800,2026-06-02 13:10:00,68913.9,68975.2,68814.1,68829.8,6.252033,9.437083,-3.185050,-724.812386
1780406100,2026-06-02 13:15:00,68823.3,68952.2,68800.0,68888.9,1.263622,6.626309,-5.362686,-730.175073
1780406400,2026-06-02 13:20:00,68900.0,69007.9,68900.0,68965.6,4.023273,2.683634,1.339639,-728.835434
1780406700,2026-06-02 13:25:00,68962.3,69000.0,68914.7,68932.4,2.673763,2.324201,0.349562,-728.485872
1780407000,2026-06-02 13:30:00,68932.4,68997.1,68833.9,68855.2,4.589054,14.775748,-10.186693,-738.672565
1780407300,2026-06-02 13:35:00,68864.9,68864.9,68735.5,68782.7,2.927566,115.207313,-112.279747,-850.952313
1780407600,2026-06-02 13:40:00,68792.9,68878.2,68715.1,68790.4,12.328328,20.881871,-8.553543,-859.505856
1780407900,2026-06-02 13:45:00,68790.4,68875.5,68783.0,68800.0,2.973371,6.114116,-3.140745,-862.646601
1780408200,2026-06-02 13:50:00,68800.1,68800.1,68681.3,68700.2,1.375042,11.234863,-9.859821,-872.506422
1780408500,2026-06-02 13:55:00,68700.1,68737.4,68650.0,68691.0,2.275610,3.599603,-1.323993,-873.830415
1780408800,2026-06-02 14:00:00,68691.0,68715.0,68500.0,68520.0,6.554004,13.164768,-6.610764,-880.441179
1780409100,2026-06-02 14:05:00,68519.9,68610.0,68325.9,68331.3,6.527446,18.954959,-12.427513,-892.868692
1780409400,2026-06-02 14:10:00,68325.3,68565.0,68198.1,68463.8,12.222385,28.308870,-16.086484,-908.955176
1780409700,2026-06-02 14:15:00,68463.9,68463.9,68190.0,68209.8,4.263751,15.343830,-11.080079,-920.035255
1780410000,2026-06-02 14:20:00,68210.7,68250.0,67860.0,67905.1,12.828967,97.240616,-84.411648,-1004.446904
1780410300,2026-06-02 14:25:00,67905.1,67992.9,67530.1,67758.3,37.189669,49.190242,-12.000573,-1016.447476
1780410600,2026-06-02 14:30:00,67765.1,68011.4,67753.8,67937.7,19.476891,10.902794,8.574097,-1007.873380
1780410900,2026-06-02 14:35:00,67937.6,68138.9,67920.0,67966.2,72.996371,7.442146,65.554226,-942.319154
1780411200,2026-06-02 14:40:00,67966.1,67966.1,67777.0,67892.9,3.562521,12.591941,-9.029420,-951.348574
1780411500,2026-06-02 14:45:00,67893.0,68100.0,67892.9,68100.0,43.281896,4.797050,38.484846,-912.863727
1780411800,2026-06-02 14:50:00,68100.0,68132.2,67956.4,67963.9,40.238142,20.288394,19.949748,-892.913980
1780412100,2026-06-02 14:55:00,67966.3,68003.2,67850.0,67874.9,8.183558,15.251434,-7.067877,-899.981856
1780412400,2026-06-02 15:00:00,67875.0,67890.0,67700.0,67789.5,4.798746,13.616798,-8.818051,-908.799908
1780412700,2026-06-02 15:05:00,67789.5,67942.7,67789.5,67867.3,4.382650,6.277356,-1.894706,-910.694614
1780413000,2026-06-02 15:10:00,67867.3,67867.3,67695.1,67721.9,1.634729,11.085133,-9.450404,-920.145017
1780413300,2026-06-02 15:15:00,67721.9,67721.9,67500.1,67575.1,8.266095,15.087355,-6.821260,-926.966277
1780413600,2026-06-02 15:20:00,67582.3,67661.3,67418.1,67481.3,15.890666,46.974121,-31.083455,-958.049732
1780413900,2026-06-02 15:25:00,67471.3,67485.0,67252.7,67340.0,13.716342,30.051471,-16.335129,-974.384861
1780414200,2026-06-02 15:30:00,67335.0,67378.3,67076.1,67125.0,25.029629,36.821985,-11.792356,-986.177218
1780414500,2026-06-02 15:35:00,67122.5,67161.9,66964.6,67080.4,15.336921,50.481886,-35.144965,-1021.322183
1780414800,2026-06-02 15:40:00,67073.9,67256.0,67073.9,67147.6,10.569005,11.442361,-0.873356,-1022.195538
1780415100,2026-06-02 15:45:00,67147.6,67368.0,67053.5,67053.5,13.191736,20.629829,-7.438093,-1029.633631
1780415400,2026-06-02 15:50:00,67053.6,67108.2,67006.1,67050.0,26.444488,35.532470,-9.087981,-1038.721612
1780415700,2026-06-02 15:55:00,67050.0,67200.0,67050.0,67197.7,5.256997,4.521651,0.735346,-1037.986266
1780416000,2026-06-02 16:00:00,67197.7,67335.1,67125.1,67321.6,8.096621,2.113146,5.983475,-1032.002791
1780416300,2026-06-02 16:05:00,67329.4,67485.7,67275.1,67480.1,14.141811,6.545018,7.596794,-1024.405997
1780416600,2026-06-02 16:10:00,67480.0,67854.8,67425.1,67822.7,31.874144,28.149528,3.724616,-1020.681381
1780416900,2026-06-02 16:15:00,67809.9,68001.5,67743.4,67975.8,32.006869,55.825991,-23.819121,-1044.500503
1780417200,2026-06-02 16:20:00,67975.7,67975.7,67667.8,67706.2,2.811766,36.756129,-33.944363,-1078.444865
1780417500,2026-06-02 16:25:00,67709.1,67755.0,67669.3,67743.1,12.386865,4.509275,7.877590,-1070.567275
1780417800,2026-06-02 16:30:00,67743.1,67746.5,67648.5,67672.5,3.873914,13.126082,-9.252169,-1079.819444
1780418100,2026-06-02 16:35:00,67672.5,67688.5,67424.6,67485.0,8.356241,19.598486,-11.242245,-1091.061689
1780418400,2026-06-02 16:40:00,67484.9,67575.0,67446.5,67511.0,2.844875,8.505177,-5.660301,-1096.721990
1780418700,2026-06-02 16:45:00,67511.0,67695.0,67501.5,67650.1,20.147038,4.424851,15.722187,-1080.999802
1780419000,2026-06-02 16:50:00,67650.0,67650.0,67415.1,67436.6,12.702488,12.620669,0.081819,-1080.917983
1780419300,2026-06-02 16:55:00,67436.1,67485.0,67297.7,67303.4,1.665807,9.229911,-7.564105,-1088.482088
1780419600,2026-06-02 17:00:00,67303.4,67462.0,67279.2,67410.0,2.853649,4.559973,-1.706324,-1090.188412
1780419900,2026-06-02 17:05:00,67418.1,67500.0,67300.0,67334.0,3.525160,6.300583,-2.775423,-1092.963835
1780420200,2026-06-02 17:10:00,67332.5,67420.9,67329.6,67392.3,3.683454,5.545638,-1.862184,-1094.826019
1780420500,2026-06-02 17:15:00,67389.7,67449.3,67352.9,67449.3,4.470010,2.971813,1.498197,-1093.327822
1780420800,2026-06-02 17:20:00,67450.0,67675.0,67450.0,67674.9,7.683201,3.857181,3.826019,-1089.501803
1780421100,2026-06-02 17:25:00,67675.0,67692.1,67605.0,67622.8,1.742487,4.438119,-2.695632,-1092.197435
1780421400,2026-06-02 17:30:00,67620.4,67725.0,67455.2,67502.1,2.786034,4.902824,-2.116789,-1094.314224
1780421700,2026-06-02 17:35:00,67508.1,67580.5,67498.1,67545.4,3.811393,5.525526,-1.714133,-1096.028357
1780422000,2026-06-02 17:40:00,67545.0,67545.0,67373.5,67381.6,2.568016,22.110553,-19.542538,-1115.570895
1780422300,2026-06-02 17:45:00,67382.2,67400.0,67319.2,67347.1,2.580596,11.334842,-8.754245,-1124.325140
1780422600,2026-06-02 17:50:00,67347.0,67397.6,67287.4,67338.4,3.376184,18.797021,-15.420837,-1139.745977
1780422900,2026-06-02 17:55:00,67340.0,67400.0,67305.0,67380.1,1.124510,9.326958,-8.202448,-1147.948425
1780423200,2026-06-02 18:00:00,67380.1,67470.0,67380.0,67425.0,3.379140,1.756335,1.622805,-1146.325621
1780423500,2026-06-02 18:05:00,67425.0,67514.9,67410.0,67493.1,3.299092,1.105716,2.193376,-1144.132245
1780423800,2026-06-02 18:10:00,67500.0,67545.0,67500.0,67500.1,1.957275,36.376082,-34.418808,-1178.551053
1780424100,2026-06-02 18:15:00,67500.1,67513.6,67425.0,67434.9,1.094133,36.926397,-35.832264,-1214.383317
1780424400,2026-06-02 18:20:00,67434.9,67450.2,67296.5,67298.2,0.633210,4.153223,-3.520012,-1217.903329
1780424700,2026-06-02 18:25:00,67297.1,67335.0,67178.7,67187.5,2.399489,14.986578,-12.587089,-1230.490419
1780425000,2026-06-02 18:30:00,67193.9,67257.6,67155.0,67200.0,1.445281,8.770632,-7.325351,-1237.815770
1780425300,2026-06-02 18:35:00,67200.0,67200.0,67109.8,67137.7,2.314481,2.976489,-0.662007,-1238.477777
1780425600,2026-06-02 18:40:00,67137.6,67199.9,67087.5,67197.5,9.800619,10.855565,-1.054946,-1239.532723
1780425900,2026-06-02 18:45:00,67196.6,67212.1,67108.1,67184.1,1.155642,10.565309,-9.409667,-1248.942390
1780426200,2026-06-02 18:50:00,67181.9,67184.0,67034.8,67034.8,0.826109,12.203205,-11.377097,-1260.319486
1780426500,2026-06-02 18:55:00,67034.7,67245.0,67029.5,67231.4,1.821452,1.686465,0.134986,-1260.184500
1780426800,2026-06-02 19:00:00,67234.2,67305.0,67170.0,67170.1,64.654333,1.163519,63.490814,-1196.693686
1780427100,2026-06-02 19:05:00,67170.1,67245.0,67140.0,67176.8,1.504773,8.874191,-7.369418,-1204.063104
1780427400,2026-06-02 19:10:00,67181.9,67284.1,67181.9,67245.0,3.035118,4.821409,-1.786291,-1205.849395
1780427700,2026-06-02 19:15:00,67245.0,67259.9,67069.4,67080.4,0.654129,1.846954,-1.192826,-1207.042221
1780428000,2026-06-02 19:20:00,67080.1,67142.7,67001.0,67001.1,0.823964,2.759154,-1.935190,-1208.977411
1780428300,2026-06-02 19:25:00,67001.0,67083.7,66828.1,66879.8,14.928764,66.095090,-51.166326,-1260.143737
1780428600,2026-06-02 19:30:00,66879.7,66915.0,66327.3,66485.7,21.638121,59.417674,-37.779553,-1297.923290
1780428900,2026-06-02 19:35:00,66489.0,66700.0,66488.9,66673.2,13.089563,19.736020,-6.646456,-1304.569747
1780429200,2026-06-02 19:40:00,66669.0,66855.0,66548.9,66825.1,18.079203,5.591157,12.488045,-1292.081701
1780429500,2026-06-02 19:45:00,66829.3,67053.3,66781.4,67053.3,15.290981,47.262653,-31.971672,-1324.053373
1780429800,2026-06-02 19:50:00,67043.9,67366.5,67035.0,67122.6,26.818960,35.506036,-8.687076,-1332.740449
1780430100,2026-06-02 19:55:00,67110.7,67211.5,67065.0,67209.9,7.752336,3.915729,3.836608,-1328.903842
1780430400,2026-06-02 20:00:00,67206.9,67206.9,67000.1,67189.4,5.493070,5.856831,-0.363761,-1329.267603
1780430700,2026-06-02 20:05:00,67194.3,67353.4,67194.3,67333.0,9.526722,3.267963,6.258759,-1323.008844
1780431000,2026-06-02 20:10:00,67333.1,67368.0,67260.1,67269.0,4.520830,6.808694,-2.287864,-1325.296708
1780431300,2026-06-02 20:15:00,67269.1,67290.0,67005.0,67035.8,1.908773,3.753528,-1.844755,-1327.141463
1780431600,2026-06-02 20:20:00,67040.5,67040.5,66858.2,66923.0,4.436492,6.455604,-2.019113,-1329.160576
1780431900,2026-06-02 20:25:00,66923.8,66949.8,66820.6,66850.6,4.155255,4.808396,-0.653142,-1329.813718
1780432200,2026-06-02 20:30:00,66864.1,67230.7,66850.6,67083.0,20.888489,2.968640,17.919849,-1311.893869
1780432500,2026-06-02 20:35:00,67082.9,67199.9,67082.9,67196.5,3.185665,1.863951,1.321714,-1310.572156
1780432800,2026-06-02 20:40:00,67189.2,67189.8,67110.0,67187.4,0.887823,1.216972,-0.329149,-1310.901305
1780433100,2026-06-02 20:45:00,67187.4,67399.5,67187.3,67395.5,17.663536,3.219895,14.443641,-1296.457664
1780433400,2026-06-02 20:50:00,67388.9,67590.6,67365.1,67513.0,21.131029,1.151293,19.979736,-1276.477928
1780433700,2026-06-02 20:55:00,67511.4,67545.0,67485.1,67488.2,4.302832,0.789436,3.513396,-1272.964532
1780434000,2026-06-02 21:00:00,67490.1,67589.6,67470.0,67493.6,4.424996,1.889748,2.535248,-1270.429284
1780434300,2026-06-02 21:05:00,67489.9,67695.0,67489.9,67542.8,4.308169,1.904443,2.403725,-1268.025559
1780434600,2026-06-02 21:10:00,67542.8,67590.0,67317.7,67365.0,5.751088,2.048432,3.702656,-1264.322903
1780434900,2026-06-02 21:15:00,67365.0,67587.8,67365.0,67587.8,3.248461,1.256025,1.992436,-1262.330468
1780435200,2026-06-02 21:20:00,67590.0,67716.5,67590.0,67673.0,2.968399,4.784281,-1.815883,-1264.146350
1780435500,2026-06-02 21:25:00,67672.7,67802.8,67668.9,67793.3,6.723391,4.842866,1.880525,-1262.265825
1780435800,2026-06-02 21:30:00,67794.5,67802.8,67725.1,67802.8,2.722727,11.255385,-8.532658,-1270.798483
1780436100,2026-06-02 21:35:00,67802.6,67802.8,67700.0,67723.2,2.932858,5.190586,-2.257728,-1273.056211
1780436400,2026-06-02 21:40:00,67721.8,67739.2,67608.3,67617.4,2.309045,5.023310,-2.714265,-1275.770475
1780436700,2026-06-02 21:45:00,67634.9,67635.0,67526.4,67526.4,0.558923,3.566443,-3.007519,-1278.777995
1780437000,2026-06-02 21:50:00,67516.5,67550.0,67420.4,67428.4,1.433213,5.000733,-3.567520,-1282.345515
1780437300,2026-06-02 21:55:00,67428.3,67544.9,67410.8,67467.3,2.228607,0.461196,1.767412,-1280.578103
1780437600,2026-06-02 22:00:00,67467.2,67467.2,67195.2,67275.0,1.658670,6.393046,-4.734376,-1285.312479
1780437900,2026-06-02 22:05:00,67275.0,67349.5,67215.0,67253.5,1.580173,2.921704,-1.341530,-1286.654009
1780438200,2026-06-02 22:10:00,67260.0,67275.0,67111.2,67128.4,1.018605,4.626014,-3.607409,-1290.261418
1780438500,2026-06-02 22:15:00,67130.8,67140.0,66844.6,66959.9,7.188633,12.071021,-4.882388,-1295.143806
1780438800,2026-06-02 22:20:00,66959.9,67303.4,66930.1,67268.7,3.482171,4.094161,-0.611989,-1295.755795
1780439100,2026-06-02 22:25:00,67268.6,67334.8,67200.0,67200.0,1.805631,5.417249,-3.611618,-1299.367413
1780439400,2026-06-02 22:30:00,67200.1,67203.2,66859.2,66969.5,1.112912,122.634490,-121.521578,-1420.888991
1780439700,2026-06-02 22:35:00,66966.5,67027.9,66805.2,66812.5,6.094328,13.320820,-7.226492,-1428.115483
1780440000,2026-06-02 22:40:00,66825.0,66881.1,66712.7,66852.2,6.402094,9.453876,-3.051781,-1431.167264
1780440300,2026-06-02 22:45:00,66842.5,66842.5,66512.0,66660.0,16.192602,32.087692,-15.895090,-1447.062354
1780440600,2026-06-02 22:50:00,66660.0,66720.0,66228.8,66474.4,22.232708,45.763680,-23.530971,-1470.593325
1780440900,2026-06-02 22:55:00,66480.0,66638.9,66170.0,66278.4,6.327365,27.216771,-20.889405,-1491.482730
1780441200,2026-06-02 23:00:00,66285.0,66313.4,66111.8,66250.0,6.084297,20.083265,-13.998968,-1505.481698
1780441500,2026-06-02 23:05:00,66250.0,66548.4,66199.0,66386.7,14.455907,11.021415,3.434491,-1502.047207
1780441800,2026-06-02 23:10:00,66383.4,66596.4,66375.4,66596.4,2.675901,1.527767,1.148134,-1500.899073
1780442100,2026-06-02 23:15:00,66596.3,66666.0,66435.0,66444.6,2.005694,18.293450,-16.287756,-1517.186828
1780442400,2026-06-02 23:20:00,66441.5,66570.0,66300.1,66360.2,19.777659,6.880276,12.897383,-1504.289445
1780442700,2026-06-02 23:25:00,66360.0,66375.0,66115.3,66344.5,13.073815,11.653166,1.420649,-1502.868796
1780443000,2026-06-02 23:30:00,66345.0,66524.9,66165.1,66458.0,6.016673,10.392946,-4.376273,-1507.245070
1780443300,2026-06-02 23:35:00,66451.3,66532.4,66330.1,66470.1,1.968024,1.917004,0.051020,-1507.194050
1780443600,2026-06-02 23:40:00,66470.0,66645.2,66378.6,66631.6,4.336136,2.923461,1.412674,-1505.781375
1780443900,2026-06-02 23:45:00,66631.7,66700.4,66585.1,66683.9,9.121931,2.607563,6.514367,-1499.267008
1780444200,2026-06-02 23:50:00,66681.2,66695.3,66618.3,66690.0,1.837069,2.336462,-0.499393,-1499.766401
1780444500,2026-06-02 23:55:00,66690.0,66772.4,66661.0,66669.7,1.972684,1.707135,0.265550,-1499.500851
1780444800,2026-06-03 00:00:00,66669.7,66788.5,66630.0,66665.1,3.614273,20.112038,-16.497765,-1515.998616
1780445100,2026-06-03 00:05:00,66665.1,66768.5,66569.5,66750.1,4.795197,3.198427,1.596770,-1514.401846
1780445400,2026-06-03 00:10:00,66750.0,66810.0,66677.5,66720.0,5.954750,5.575188,0.379563,-1514.022284
1780445700,2026-06-03 00:15:00,66720.1,67020.0,66720.1,66993.5,13.185723,2.099708,11.086015,-1502.936268
1780446000,2026-06-03 00:20:00,66992.0,67005.4,66761.3,66794.9,1.574712,2.564049,-0.989337,-1503.925605
1780446300,2026-06-03 00:25:00,66795.0,66860.1,66656.6,66669.4,1.438314,81.233838,-79.795524,-1583.721129
1780446600,2026-06-03 00:30:00,66669.5,66945.0,66610.6,66914.0,11.790268,2.455204,9.335064,-1574.386066
1780446900,2026-06-03 00:35:00,66915.0,67083.3,66915.0,66949.1,35.678929,9.063394,26.615535,-1547.770531
1780447200,2026-06-03 00:40:00,66949.0,66990.0,66927.5,66975.0,0.622089,7.207072,-6.584983,-1554.355514
1780447500,2026-06-03 00:45:00,66975.0,67049.9,66869.6,66890.9,1.369231,3.535850,-2.166618,-1556.522132
1780447800,2026-06-03 00:50:00,66890.9,66945.0,66870.1,66925.8,0.691306,1.778739,-1.087433,-1557.609565
1780448100,2026-06-03 00:55:00,66925.8,66938.8,66841.0,66841.4,0.338440,1.834618,-1.496178,-1559.105743
1780448400,2026-06-03 01:00:00,66841.5,66844.7,66683.0,66836.8,1.365292,14.644677,-13.279385,-1572.385128
1780448700,2026-06-03 01:05:00,66836.7,66836.7,66744.6,66746.1,0.683765,1.912155,-1.228390,-1573.613518
1780449000,2026-06-03 01:10:00,66746.2,66765.0,66588.5,66735.1,7.999403,6.004781,1.994622,-1571.618896
1780449300,2026-06-03 01:15:00,66735.1,66890.2,66735.0,66795.1,4.726814,0.751436,3.975378,-1567.643518
1780449600,2026-06-03 01:20:00,66795.0,66878.6,66780.1,66854.6,2.156609,0.231792,1.924816,-1565.718702
1780449900,2026-06-03 01:25:00,66858.8,66952.7,66858.7,66950.6,34.000595,5.705490,28.295105,-1537.423597
1780450200,2026-06-03 01:30:00,66948.5,66963.0,66800.0,66803.6,1.697313,10.489648,-8.792335,-1546.215931
1780450500,2026-06-03 01:35:00,66815.3,66835.8,66532.8,66547.7,0.446489,3.606762,-3.160273,-1549.376204
1780450800,2026-06-03 01:40:00,66545.9,66570.0,66384.8,66420.0,1.979844,1.850140,0.129704,-1549.246500
1780451100,2026-06-03 01:45:00,66419.9,66569.9,66419.9,66540.6,2.052416,45.187225,-43.134809,-1592.381309
1780451400,2026-06-03 01:50:00,66540.1,66937.3,66513.6,66900.0,2.945445,2.135579,0.809866,-1591.571443
1780451700,2026-06-03 01:55:00,66900.0,66911.2,66810.1,66840.0,0.909105,7.878041,-6.968937,-1598.540380
1780452000,2026-06-03 02:00:00,66840.0,66840.0,66642.6,66790.0,1.745593,1.755654,-0.010061,-1598.550441
1780452300,2026-06-03 02:05:00,66790.0,66825.0,66700.1,66796.8,0.860949,0.722485,0.138464,-1598.411977
1780452600,2026-06-03 02:10:00,66796.9,66798.7,66730.1,66730.1,0.281374,0.340959,-0.059585,-1598.471562
1780452900,2026-06-03 02:15:00,66728.4,66840.0,66705.0,66835.4,0.747301,1.376534,-0.629232,-1599.100794
1780453200,2026-06-03 02:20:00,66835.4,66835.4,66585.0,66597.9,0.505256,12.464579,-11.959322,-1611.060116
1780453500,2026-06-03 02:25:00,66597.9,66629.9,66570.0,66579.4,1.746510,0.621336,1.125174,-1609.934942
1780453800,2026-06-03 02:30:00,66578.9,66660.0,66532.5,66603.6,1.709208,1.535643,0.173565,-1609.761377
1780454100,2026-06-03 02:35:00,66600.3,66750.0,66585.0,66750.0,2.447744,0.496265,1.951478,-1607.809899
1780454400,2026-06-03 02:40:00,66749.9,66764.9,66660.7,66665.1,0.227741,0.873140,-0.645399,-1608.455298
1780454700,2026-06-03 02:45:00,66665.1,66700.0,66578.6,66676.2,1.619755,0.729882,0.889873,-1607.565425
1780455000,2026-06-03 02:50:00,66679.2,66720.0,66606.3,66617.2,1.104716,0.510559,0.594157,-1606.971268
1780455300,2026-06-03 02:55:00,66613.8,66613.9,66510.1,66526.0,1.651013,2.294006,-0.642993,-1607.614261
1780455600,2026-06-03 03:00:00,66525.2,66569.9,66500.0,66530.3,0.815722,0.495012,0.320710,-1607.293551
1780455900,2026-06-03 03:05:00,66530.4,66530.4,66309.8,66331.8,0.590327,7.736608,-7.146280,-1614.439832
1780456200,2026-06-03 03:10:00,66331.3,66418.8,66331.3,66418.8,2.461537,2.597065,-0.135528,-1614.575359
1780456500,2026-06-03 03:15:00,66420.0,66524.9,66301.4,66311.8,0.474648,0.655708,-0.181060,-1614.756419
1780456800,2026-06-03 03:20:00,66311.7,66375.0,66261.7,66347.8,2.188822,2.717786,-0.528964,-1615.285383
1780457100,2026-06-03 03:25:00,66347.8,66347.8,66020.0,66060.0,11.229197,31.452808,-20.223611,-1635.508995
1780457400,2026-06-03 03:30:00,66059.9,66172.8,65935.1,65954.5,4.641287,20.177671,-15.536384,-1651.045379
1780457700,2026-06-03 03:35:00,65953.4,66046.0,65912.7,65940.0,3.335703,4.879120,-1.543417,-1652.588796
1780458000,2026-06-03 03:40:00,65940.0,65999.9,65678.0,65678.1,36.737973,57.795723,-21.057750,-1673.646546
1780458300,2026-06-03 03:45:00,65678.1,65822.4,65597.1,65597.2,8.832968,11.570736,-2.737768,-1676.384314
1780458600,2026-06-03 03:50:00,65619.8,65845.6,65379.8,65845.6,24.350450,45.571755,-21.221305,-1697.605620
1780458900,2026-06-03 03:55:00,65849.4,65900.1,65719.4,65770.5,3.540276,1.470943,2.069333,-1695.536286
1780459200,2026-06-03 04:00:00,65770.5,66422.6,65754.7,66406.0,20.416142,3.735773,16.680368,-1678.855918
1780459500,2026-06-03 04:05:00,66405.6,66510.0,66246.5,66286.6,13.254644,7.912857,5.341787,-1673.514131
1780459800,2026-06-03 04:10:00,66286.8,66342.4,66233.7,66255.0,4.170204,1.862045,2.308159,-1671.205972
1780460100,2026-06-03 04:15:00,66255.1,66390.0,66255.0,66273.6,1.442408,4.297538,-2.855130,-1674.061101
1780460400,2026-06-03 04:20:00,66273.6,66373.4,66273.6,66372.7,0.606511,9.883597,-9.277085,-1683.338187
1780460700,2026-06-03 04:25:00,66374.9,66526.8,66349.2,66495.1,4.112457,1.645511,2.466946,-1680.871240
1780461000,2026-06-03 04:30:00,66495.0,66495.0,66232.8,66375.0,3.360665,2.393986,0.966680,-1679.904561
1780461300,2026-06-03 04:35:00,66375.1,66419.9,66293.1,66301.7,0.853028,1.533333,-0.680305,-1680.584866
1780461600,2026-06-03 04:40:00,66301.7,66375.0,66282.2,66353.0,2.021938,1.048724,0.973214,-1679.611651
1780461900,2026-06-03 04:45:00,66351.6,66425.5,66351.6,66374.8,1.653653,1.303987,0.349666,-1679.261986
1780462200,2026-06-03 04:50:00,66373.2,66373.2,66191.3,66225.0,0.414741,1.601191,-1.186450,-1680.448436
1780462500,2026-06-03 04:55:00,66225.0,66382.5,66224.9,66379.3,0.694922,2.689693,-1.994771,-1682.443207
1780462800,2026-06-03 05:00:00,66379.3,67100.0,66379.3,66920.4,24.913524,1.531282,23.382242,-1659.060965
1780463100,2026-06-03 05:05:00,66920.4,66974.0,66811.9,66974.0,22.971403,1.685428,21.285975,-1637.774990
1780463400,2026-06-03 05:10:00,66974.0,67150.0,66963.9,67047.0,18.986998,8.434176,10.552822,-1627.222168
1780463700,2026-06-03 05:15:00,67043.1,67169.9,67030.8,67090.9,22.180379,3.050914,19.129465,-1608.092703
1780464000,2026-06-03 05:20:00,67090.0,67105.8,66941.3,66960.0,1.743352,5.684863,-3.941511,-1612.034214
1780464300,2026-06-03 05:25:00,66960.0,66990.0,66893.8,66989.9,0.559876,3.813887,-3.254011,-1615.288225
1780464600,2026-06-03 05:30:00,66989.9,66989.9,66700.0,66842.3,1.886730,2.499976,-0.613246,-1615.901471
1780464900,2026-06-03 05:35:00,66855.0,66870.0,66750.1,66854.9,1.168605,2.494958,-1.326353,-1617.227824
1780465200,2026-06-03 05:40:00,66854.9,66960.0,66854.9,66940.6,4.998752,0.314607,4.684145,-1612.543679
1780465500,2026-06-03 05:45:00,66940.5,67007.3,66937.3,67007.3,1.158864,1.377694,-0.218831,-1612.762510
1780465800,2026-06-03 05:50:00,67008.9,67245.0,67008.9,67228.2,15.086547,2.896524,12.190024,-1600.572486
1780466100,2026-06-03 05:55:00,67223.9,67306.7,67179.6,67237.1,2.915391,2.802060,0.113331,-1600.459155
1780466400,2026-06-03 06:00:00,67235.9,67272.4,67119.7,67150.1,1.764510,2.482954,-0.718443,-1601.177598
1780466700,2026-06-03 06:05:00,67150.0,67228.9,67103.6,67116.0,3.641722,3.251325,0.390397,-1600.787201
1780467000,2026-06-03 06:10:00,67115.6,67115.7,67017.3,67061.8,1.080829,1.680121,-0.599293,-1601.386494
1780467300,2026-06-03 06:15:00,67061.9,67169.9,67061.9,67125.0,1.927481,0.519671,1.407810,-1599.978684
1780467600,2026-06-03 06:20:00,67127.3,67245.0,67127.3,67244.8,3.855769,3.865127,-0.009358,-1599.988042
1780467900,2026-06-03 06:25:00,67245.0,67257.0,67150.0,67169.9,3.126966,0.923481,2.203485,-1597.784557
1780468200,2026-06-03 06:30:00,67161.4,67349.0,67095.8,67349.0,6.607252,1.757190,4.850062,-1592.934495
1780468500,2026-06-03 06:35:00,67348.9,67420.0,67306.0,67392.1,4.755056,2.524396,2.230660,-1590.703835
1780468800,2026-06-03 06:40:00,67395.0,67417.7,67215.1,67218.1,0.606120,1.042779,-0.436659,-1591.140495
1780469100,2026-06-03 06:45:00,67219.7,67244.8,67118.4,67125.1,7.833368,2.909296,4.924072,-1586.216423
1780469400,2026-06-03 06:50:00,67125.0,67125.0,66965.1,66970.5,0.332501,8.343857,-8.011356,-1594.227778
1780469700,2026-06-03 06:55:00,66973.8,66987.4,66873.9,66877.6,0.942910,3.460187,-2.517277,-1596.745056
1780470000,2026-06-03 07:00:00,66877.6,66900.0,66786.3,66875.0,3.198452,0.789349,2.409103,-1594.335953
1780470300,2026-06-03 07:05:00,66875.0,66989.9,66875.0,66959.9,3.177279,1.786947,1.390332,-1592.945620
1780470600,2026-06-03 07:10:00,66960.0,67050.0,66960.0,67005.0,3.478087,0.106503,3.371584,-1589.574036
1780470900,2026-06-03 07:15:00,67004.9,67226.0,66945.1,67177.6,8.165477,0.529632,7.635845,-1581.938191
1780471200,2026-06-03 07:20:00,67177.7,67177.7,67095.0,67103.7,0.716380,0.415265,0.301115,-1581.637076
1780471500,2026-06-03 07:25:00,67103.6,67139.9,67080.0,67102.8,0.789409,2.464222,-1.674812,-1583.311889
1780471800,2026-06-03 07:30:00,67105.7,67155.0,67092.5,67155.0,1.077775,0.184529,0.893246,-1582.418643
1780472100,2026-06-03 07:35:00,67154.9,67178.9,67099.6,67144.9,1.903038,0.891393,1.011645,-1581.406998
1780472400,2026-06-03 07:40:00,67144.8,67144.9,66990.1,67110.0,2.119492,1.213009,0.906484,-1580.500514
1780472700,2026-06-03 07:45:00,67110.0,67204.4,67095.1,67194.5,2.458692,0.091328,2.367364,-1578.133150
1780473000,2026-06-03 07:50:00,67194.6,67225.5,67190.6,67204.8,2.389373,1.277497,1.111876,-1577.021274
1780473300,2026-06-03 07:55:00,67204.3,67204.3,67111.1,67130.6,0.461291,1.122745,-0.661454,-1577.682728
1780473600,2026-06-03 08:00:00,67129.3,67155.0,67080.3,67137.8,0.319534,3.022636,-2.703102,-1580.385830
1780473900,2026-06-03 08:05:00,67139.9,67150.0,67035.1,67060.9,0.243798,1.477388,-1.233591,-1581.619421
1780474200,2026-06-03 08:10:00,67057.2,67060.8,66974.6,66978.9,0.133657,3.258487,-3.124830,-1584.744251
1780474500,2026-06-03 08:15:00,66979.0,67049.9,66938.7,67029.1,6.403864,1.117933,5.285930,-1579.458320
1780474800,2026-06-03 08:20:00,67029.0,67029.0,66931.5,66931.5,3.403331,3.316055,0.087276,-1579.371045
1780475100,2026-06-03 08:25:00,66931.5,66974.7,66925.9,66933.5,0.218647,0.958764,-0.740117,-1580.111161
1780475400,2026-06-03 08:30:00,66933.5,67125.0,66933.5,66996.5,1.480792,1.315630,0.165162,-1579.945999
1780475700,2026-06-03 08:35:00,66999.3,67035.0,66885.1,66893.4,0.311814,1.425760,-1.113946,-1581.059946
1780476000,2026-06-03 08:40:00,66893.4,67034.9,66883.0,66998.6,0.527396,1.277590,-0.750194,-1581.810140
1780476300,2026-06-03 08:45:00,66995.3,67050.0,66919.1,67023.2,0.837642,4.330422,-3.492780,-1585.302919
1780476600,2026-06-03 08:50:00,67023.4,67065.0,66888.1,66960.0,2.846824,1.269503,1.577320,-1583.725599
1780476900,2026-06-03 08:55:00,66959.9,66959.9,66922.4,66930.1,0.405959,1.896336,-1.490377,-1585.215976
1780477200,2026-06-03 09:00:00,66930.2,66990.0,66888.1,66920.3,2.975801,0.958205,2.017596,-1583.198379
1780477500,2026-06-03 09:05:00,66921.0,67005.0,66891.1,67004.0,0.303224,0.379829,-0.076605,-1583.274984
1780477800,2026-06-03 09:10:00,66989.9,66989.9,66857.1,66870.1,1.461407,0.688272,0.773135,-1582.501849
1780478100,2026-06-03 09:15:00,66870.1,66870.1,66772.5,66772.5,1.899503,2.530600,-0.631097,-1583.132946
1780478400,2026-06-03 09:20:00,66772.5,66795.0,66735.0,66735.0,0.474064,0.443571,0.030493,-1583.102453
1780478700,2026-06-03 09:25:00,66736.6,66800.0,66716.0,66740.5,0.804814,1.185721,-0.380907,-1583.483360
1780479000,2026-06-03 09:30:00,66738.6,66750.0,66734.2,66739.6,0.809981,0.286909,0.523072,-1582.960289
1780479300,2026-06-03 09:35:00,66739.2,66745.0,66664.3,66664.3,0.731937,3.272526,-2.540588,-1585.500877
1780479600,2026-06-03 09:40:00,66664.4,66668.5,66633.9,66641.1,2.762250,3.133494,-0.371243,-1585.872120
1780479900,2026-06-03 09:45:00,66639.6,66902.4,66556.6,66902.4,36.109513,16.590948,19.518565,-1566.353555
1780480200,2026-06-03 09:50:00,66904.6,67212.1,66904.6,67036.1,6.479649,3.128212,3.351437,-1563.002118
1780480500,2026-06-03 09:55:00,67041.5,67095.0,66977.7,66977.7,0.389455,3.847309,-3.457854,-1566.459972
1780480800,2026-06-03 10:00:00,66975.9,67065.0,66969.7,67065.0,2.130827,3.375195,-1.244368,-1567.704340
1780481100,2026-06-03 10:05:00,67065.0,67374.9,67065.0,67325.1,4.008212,3.629583,0.378629,-1567.325710
1780481400,2026-06-03 10:10:00,67328.6,67355.3,67150.7,67208.7,1.062432,0.651629,0.410803,-1566.914907
1780481700,2026-06-03 10:15:00,67208.6,67229.9,67107.1,67121.8,0.923173,10.479524,-9.556351,-1576.471259
1780482000,2026-06-03 10:20:00,67127.3,67184.9,67110.1,67155.1,2.113605,0.317837,1.795768,-1574.675491
1780482300,2026-06-03 10:25:00,67155.1,67214.9,67122.0,67214.9,2.981920,0.715716,2.266203,-1572.409287
1780482600,2026-06-03 10:30:00,67215.0,67279.8,67186.1,67224.9,2.485866,6.837551,-4.351685,-1576.760972
1780482900,2026-06-03 10:35:00,67224.5,67305.0,67120.7,67245.1,30.517030,1.386959,29.130071,-1547.630901
1780483200,2026-06-03 10:40:00,67245.1,67245.1,67125.0,67139.9,0.366647,2.049152,-1.682505,-1549.313407
1780483500,2026-06-03 10:45:00,67139.9,67154.5,67100.8,67125.0,0.205509,34.251581,-34.046072,-1583.359479
1780483800,2026-06-03 10:50:00,67124.9,67134.8,67086.1,67134.8,0.257997,1.235372,-0.977375,-1584.336853
1780484100,2026-06-03 10:55:00,67134.9,67214.9,67134.9,67195.5,1.827577,3.328420,-1.500843,-1585.837697
1780484400,2026-06-03 11:00:00,67200.0,67262.4,67155.0,67164.6,0.455404,1.644875,-1.189470,-1587.027167
1780484700,2026-06-03 11:05:00,67167.8,67167.9,67133.0,67133.1,5.226286,1.180103,4.046183,-1582.980984
1780485000,2026-06-03 11:10:00,67133.1,67256.2,67133.0,67256.2,7.980371,0.125553,7.854818,-1575.126166
1780485300,2026-06-03 11:15:00,67238.6,67259.9,67196.6,67259.9,0.831631,0.816670,0.014960,-1575.111206
1780485600,2026-06-03 11:20:00,67259.9,67259.9,67230.0,67256.3,4.366813,0.058974,4.307838,-1570.803368
1780485900,2026-06-03 11:25:00,67257.6,67257.9,67230.0,67248.4,7.564546,1.693892,5.870654,-1564.932713
1780486200,2026-06-03 11:30:00,67248.4,67248.4,67095.0,67095.0,1.429758,4.732204,-3.302446,-1568.235160
1780486500,2026-06-03 11:35:00,67095.1,67110.0,67035.1,67050.1,1.201898,2.919651,-1.717753,-1569.952913
1780486800,2026-06-03 11:40:00,67050.1,67107.8,67009.7,67065.0,0.536201,4.593291,-4.057091,-1574.010003
1780487100,2026-06-03 11:45:00,67063.1,67063.1,66978.5,66994.6,0.139435,3.885933,-3.746498,-1577.756501
1780487400,2026-06-03 11:50:00,67004.9,67020.0,66973.2,66994.8,0.769593,3.205437,-2.435844,-1580.192345
1780487700,2026-06-03 11:55:00,66994.8,67000.0,66969.7,66985.0,8.147809,0.455334,7.692475,-1572.499870
1780488000,2026-06-03 12:00:00,66985.0,67000.0,66869.4,67000.0,7.268254,2.720544,4.547709,-1567.952161
1780488300,2026-06-03 12:05:00,67000.0,67000.0,66960.1,66993.1,0.250346,2.790187,-2.539842,-1570.492002
1780488600,2026-06-03 12:10:00,66993.2,67034.9,66815.0,66884.9,5.835038,2.202639,3.632399,-1566.859603
1780488900,2026-06-03 12:15:00,66885.0,66885.0,66740.4,66758.1,1.899747,4.091291,-2.191544,-1569.051147
1780489200,2026-06-03 12:20:00,66758.1,66855.0,66705.1,66800.7,0.971824,5.853412,-4.881589,-1573.932736
1780489500,2026-06-03 12:25:00,66801.0,66975.0,66801.0,66945.4,2.668645,1.726919,0.941726,-1572.991009
1780489800,2026-06-03 12:30:00,66945.1,67060.1,66917.0,67051.8,1.313057,1.446808,-0.133751,-1573.124760
1780490100,2026-06-03 12:35:00,67038.0,67038.0,66750.0,66770.5,2.316810,11.640660,-9.323849,-1582.448610
1780490400,2026-06-03 12:40:00,66770.6,66870.0,66763.1,66870.0,0.939095,0.947332,-0.008236,-1582.456846
1780490700,2026-06-03 12:45:00,66869.9,66930.0,66840.0,66929.0,0.512889,0.321732,0.191156,-1582.265689
1780491000,2026-06-03 12:50:00,66929.0,67053.3,66929.0,66990.1,2.397679,1.778483,0.619196,-1581.646494
1780491300,2026-06-03 12:55:00,66990.0,67005.0,66930.0,66985.1,0.869566,0.534692,0.334873,-1581.311620
1780491600,2026-06-03 13:00:00,66988.8,67109.8,66949.0,66949.0,2.457665,1.805398,0.652266,-1580.659354
1780491900,2026-06-03 13:05:00,66949.0,66986.9,66908.8,66969.2,0.783151,2.974833,-2.191682,-1582.851036
1780492200,2026-06-03 13:10:00,66978.5,67050.0,66974.2,67032.2,7.148409,1.376747,5.771662,-1577.079374
1780492500,2026-06-03 13:15:00,67032.1,67125.0,67020.0,67125.0,13.863706,0.799804,13.063902,-1564.015471
1780492800,2026-06-03 13:20:00,67125.0,67140.0,67018.5,67018.6,2.511890,3.548944,-1.037054,-1565.052526
1780493100,2026-06-03 13:25:00,67018.5,67018.5,66734.2,66734.2,3.407565,36.464730,-33.057165,-1598.109691
1780493400,2026-06-03 13:30:00,66738.7,67080.0,66738.7,67027.4,15.490296,7.397291,8.093005,-1590.016686
1780493700,2026-06-03 13:35:00,67020.8,67020.8,66768.6,66881.3,4.092012,5.926377,-1.834365,-1591.851050
1780494000,2026-06-03 13:40:00,66882.1,66892.0,66610.4,66655.2,1.740172,3.108260,-1.368088,-1593.219138
1780494300,2026-06-03 13:45:00,66656.3,66720.0,66533.0,66694.3,1.444303,3.632272,-2.187969,-1595.407106
1780494600,2026-06-03 13:50:00,66694.2,66918.6,66662.7,66836.7,7.298553,7.721566,-0.423013,-1595.830119
1780494900,2026-06-03 13:55:00,66837.6,66870.0,66689.0,66789.1,1.552567,6.139053,-4.586486,-1600.416606
1780495200,2026-06-03 14:00:00,66798.5,66839.8,66647.8,66675.1,1.968900,1.836204,0.132696,-1600.283910
1780495500,2026-06-03 14:05:00,66675.0,66756.5,66643.0,66665.4,5.295355,2.725651,2.569704,-1597.714205
1780495800,2026-06-03 14:10:00,66669.9,66794.9,66651.3,66779.9,6.528135,2.890804,3.637330,-1594.076875
1780496100,2026-06-03 14:15:00,66780.0,66810.0,66600.0,66600.1,10.404986,8.283312,2.121674,-1591.955201
1780496400,2026-06-03 14:20:00,66600.0,66706.2,66544.1,66607.9,3.429583,12.114480,-8.684897,-1600.640098
1780496700,2026-06-03 14:25:00,66603.5,66690.0,66570.0,66682.1,3.162112,11.521871,-8.359759,-1608.999857
1780497000,2026-06-03 14:30:00,66688.0,66750.0,66630.0,66669.7,4.335222,2.244202,2.091020,-1606.908837
1780497300,2026-06-03 14:35:00,66669.7,66893.8,66669.7,66856.1,1.990054,1.371841,0.618213,-1606.290624
1780497600,2026-06-03 14:40:00,66856.1,66856.1,66632.7,66652.8,3.681207,2.380081,1.301126,-1604.989498
1780497900,2026-06-03 14:45:00,66650.1,66765.0,66650.0,66728.3,2.285083,0.941253,1.343830,-1603.645668
1780498200,2026-06-03 14:50:00,66722.1,66825.0,66650.1,66766.9,2.065749,0.771918,1.293831,-1602.351837
1780498500,2026-06-03 14:55:00,66772.6,66778.0,66676.1,66766.3,4.325406,1.918088,2.407317,-1599.944520
1780498800,2026-06-03 15:00:00,66766.1,66780.0,66663.4,66663.4,0.601831,33.696568,-33.094737,-1633.039257
1780499100,2026-06-03 15:05:00,66663.3,66663.3,66428.9,66484.0,6.981037,12.816735,-5.835698,-1638.874955
1780499400,2026-06-03 15:10:00,66484.0,66554.9,66400.2,66425.0,1.301556,2.149251,-0.847695,-1639.722650
1780499700,2026-06-03 15:15:00,66433.4,66465.0,66250.5,66258.3,3.992305,14.416829,-10.424523,-1650.147173
1780500000,2026-06-03 15:20:00,66258.2,66336.0,66141.5,66277.9,68.804835,37.556267,31.248569,-1618.898605
1780500300,2026-06-03 15:25:00,66277.9,66544.0,66225.1,66480.0,4.809405,2.413242,2.396163,-1616.502442
1780500600,2026-06-03 15:30:00,66480.0,66566.6,66232.3,66241.7,15.260326,3.852639,11.407687,-1605.094755
1780500900,2026-06-03 15:35:00,66252.5,66345.0,66142.5,66210.1,12.207804,3.194402,9.013402,-1596.081353
1780501200,2026-06-03 15:40:00,66215.1,66269.9,66165.1,66202.1,1.373503,1.460419,-0.086916,-1596.168269
1780501500,2026-06-03 15:45:00,66195.7,66240.0,66060.1,66195.0,2.900126,11.531913,-8.631787,-1604.800056
1780501800,2026-06-03 15:50:00,66195.0,66270.0,66088.0,66090.1,2.662463,8.176885,-5.514422,-1610.314478
1780502100,2026-06-03 15:55:00,66090.2,66145.7,66000.0,66000.0,5.404737,6.822964,-1.418227,-1611.732705
1780502400,2026-06-03 16:00:00,66000.1,66075.0,65800.0,66067.9,5.385836,38.122116,-32.736281,-1644.468986
1780502700,2026-06-03 16:05:00,66067.9,66250.0,65865.0,66089.0,10.511951,3.805896,6.706056,-1637.762930
1780503000,2026-06-03 16:10:00,66081.0,66180.5,65957.1,66086.7,5.561737,12.213487,-6.651749,-1644.414679
1780503300,2026-06-03 16:15:00,66086.6,66120.0,65850.0,65954.9,0.908212,3.749433,-2.841221,-1647.255901
1780503600,2026-06-03 16:20:00,65955.0,65972.1,65555.1,65555.1,6.206460,58.014113,-51.807653,-1699.063553
1780503900,2026-06-03 16:25:00,65555.0,65700.0,65480.1,65512.7,10.033854,33.299970,-23.266116,-1722.329670
1780504200,2026-06-03 16:30:00,65518.1,65715.0,65513.7,65668.8,6.542128,8.168467,-1.626339,-1723.956009
1780504500,2026-06-03 16:35:00,65663.4,65824.2,65610.1,65813.5,4.180304,1.140140,3.040164,-1720.915845
1780504800,2026-06-03 16:40:00,65809.4,65880.0,65748.5,65843.4,6.811284,2.606846,4.204438,-1716.711407
1780505100,2026-06-03 16:45:00,65830.4,65989.0,65774.9,65812.1,8.120572,4.028830,4.091742,-1712.619665
1780505400,2026-06-03 16:50:00,65819.9,65906.4,65737.9,65859.6,3.787106,26.177394,-22.390288,-1735.009953
1780505700,2026-06-03 16:55:00,65854.4,65976.2,65853.2,65976.2,1.960407,2.377990,-0.417583,-1735.427536
1780506000,2026-06-03 17:00:00,65979.0,66028.5,65805.0,65808.1,1.720311,1.921268,-0.200956,-1735.628493
1780506300,2026-06-03 17:05:00,65815.2,65815.2,65640.1,65658.0,2.313165,39.844210,-37.531045,-1773.159538
1780506600,2026-06-03 17:10:00,65658.3,65760.0,65620.9,65620.9,2.270730,2.086962,0.183769,-1772.975770
1780506900,2026-06-03 17:15:00,65620.8,65849.9,65620.8,65835.5,7.150365,31.641282,-24.490917,-1797.466686
1780507200,2026-06-03 17:20:00,65837.9,65849.3,65700.1,65727.2,1.875400,1.092071,0.783329,-1796.683357
1780507500,2026-06-03 17:25:00,65727.1,65880.0,65727.1,65857.8,6.796540,1.759868,5.036671,-1791.646686
1780507800,2026-06-03 17:30:00,65852.2,66076.4,65760.1,66076.4,13.734588,1.042572,12.692016,-1778.954670
1780508100,2026-06-03 17:35:00,66065.0,66090.0,65987.7,66079.0,0.855692,9.165319,-8.309627,-1787.264297
1780508400,2026-06-03 17:40:00,66072.3,66088.9,66013.6,66019.8,1.853474,4.092495,-2.239021,-1789.503318
1780508700,2026-06-03 17:45:00,66019.7,66019.7,65858.1,65864.8,0.526094,10.866356,-10.340261,-1799.843579
1780509000,2026-06-03 17:50:00,65864.8,65895.0,65715.1,65790.0,1.789297,7.893746,-6.104449,-1805.948028
1780509300,2026-06-03 17:55:00,65803.3,65908.7,65766.6,65872.8,1.508656,0.359785,1.148871,-1804.799157
1780509600,2026-06-03 18:00:00,65872.2,66000.0,65872.1,65925.0,3.344504,0.725847,2.618657,-1802.180499
1780509900,2026-06-03 18:05:00,65939.9,65986.7,65896.2,65970.0,6.637549,1.228148,5.409401,-1796.771099
1780510200,2026-06-03 18:10:00,65970.0,65970.0,65775.2,65879.4,1.417957,2.745050,-1.327092,-1798.098191
1780510500,2026-06-03 18:15:00,65878.9,65878.9,65669.9,65728.0,4.169320,7.495238,-3.325919,-1801.424110
1780510800,2026-06-03 18:20:00,65728.2,65804.9,65670.1,65804.9,2.104726,2.741729,-0.637003,-1802.061114
1780511100,2026-06-03 18:25:00,65804.9,65835.0,65760.0,65805.0,0.402944,3.860519,-3.457575,-1805.518688
1780511400,2026-06-03 18:30:00,65805.0,65895.0,65775.0,65781.4,4.035385,4.116238,-0.080853,-1805.599541
1780511700,2026-06-03 18:35:00,65777.7,65880.0,65719.7,65880.0,2.625216,0.911982,1.713234,-1803.886306
1780512000,2026-06-03 18:40:00,65880.0,66000.0,65880.0,65953.7,3.205249,0.593787,2.611462,-1801.274844
1780512300,2026-06-03 18:45:00,65953.7,66059.9,65953.7,65968.9,2.723305,3.765160,-1.041855,-1802.316699
1780512600,2026-06-03 18:50:00,65967.7,66015.0,65955.1,65986.7,54.184697,1.323852,52.860845,-1749.455854
1780512900,2026-06-03 18:55:00,65983.5,66044.1,65942.1,65965.9,15.695081,0.531670,15.163411,-1734.292442
1780513200,2026-06-03 19:00:00,65964.1,65976.6,65909.0,65939.9,5.299482,5.004744,0.294738,-1733.997704
1780513500,2026-06-03 19:05:00,65940.0,65948.2,65824.5,65830.6,2.329688,1.779856,0.549833,-1733.447871
1780513800,2026-06-03 19:10:00,65836.7,65879.4,65822.0,65870.0,1.110069,0.999862,0.110207,-1733.337664
1780514100,2026-06-03 19:15:00,65870.0,65943.4,65829.7,65849.8,4.891990,2.503150,2.388840,-1730.948824
1780514400,2026-06-03 19:20:00,65857.0,65857.0,65625.0,65664.4,1.341333,6.924964,-5.583631,-1736.532456
1780514700,2026-06-03 19:25:00,65664.5,65668.4,65526.2,65565.0,1.922754,1.949730,-0.026976,-1736.559432
1780515000,2026-06-03 19:30:00,65564.9,65640.0,65541.6,65636.0,3.667582,62.972994,-59.305412,-1795.864844
1780515300,2026-06-03 19:35:00,65636.0,65737.0,65601.7,65689.0,7.645710,5.933574,1.712136,-1794.152708
1780515600,2026-06-03 19:40:00,65689.0,65729.9,65651.6,65685.1,1.234057,6.345759,-5.111702,-1799.264411
1780515900,2026-06-03 19:45:00,65685.0,65758.6,65649.1,65669.9,2.267941,4.767810,-2.499869,-1801.764279
1780516200,2026-06-03 19:50:00,65658.1,65658.1,65294.8,65294.8,5.717074,60.359709,-54.642635,-1856.406915
1780516500,2026-06-03 19:55:00,65294.8,65402.8,65187.4,65376.1,13.734550,17.101820,-3.367269,-1859.774184
1780516800,2026-06-03 20:00:00,65375.9,65376.8,65185.0,65243.2,2.234549,9.356069,-7.121520,-1866.895704
1780517100,2026-06-03 20:05:00,65243.2,65325.0,65224.0,65304.1,3.882665,3.946204,-0.063538,-1866.959242
1780517400,2026-06-03 20:10:00,65304.1,65500.0,65304.0,65496.3,2.940477,0.614720,2.325757,-1864.633485
1780517700,2026-06-03 20:15:00,65496.2,65496.2,65203.5,65255.0,2.474498,18.311386,-15.836888,-1880.470373
1780518000,2026-06-03 20:20:00,65254.9,65410.8,65254.9,65395.0,5.999850,5.291791,0.708058,-1879.762314
1780518300,2026-06-03 20:25:00,65397.7,65521.6,65397.7,65459.6,6.802741,0.632345,6.170396,-1873.591918
1780518600,2026-06-03 20:30:00,65456.8,65475.0,65325.0,65399.2,2.086676,7.081943,-4.995267,-1878.587185
1780518900,2026-06-03 20:35:00,65400.0,65400.0,65233.0,65259.7,2.662194,2.930875,-0.268681,-1878.855867
1780519200,2026-06-03 20:40:00,65259.6,65268.4,65103.1,65103.4,3.756246,31.453233,-27.696987,-1906.552854
1780519500,2026-06-03 20:45:00,65109.1,65144.8,65000.0,65014.4,9.752583,27.897490,-18.144907,-1924.697761
1780519800,2026-06-03 20:50:00,65025.0,65100.1,64974.1,64974.1,41.509398,48.405864,-6.896466,-1931.594226
1780520100,2026-06-03 20:55:00,64970.5,64970.5,64688.0,64903.1,20.379144,28.212137,-7.832993,-1939.427220
1780520400,2026-06-03 21:00:00,64903.2,65304.5,64869.0,65191.4,50.914596,23.926626,26.987970,-1912.439250
1780520700,2026-06-03 21:05:00,65192.1,65486.7,65192.1,65433.1,8.646796,7.864214,0.782582,-1911.656668
1780521000,2026-06-03 21:10:00,65436.6,65436.6,65251.9,65325.1,11.578483,8.401379,3.177104,-1908.479564
1780521300,2026-06-03 21:15:00,65325.1,65479.2,65313.8,65442.3,2.475404,2.298677,0.176727,-1908.302836
1780521600,2026-06-03 21:20:00,65442.1,65479.2,65370.0,65441.4,1.110413,8.320027,-7.209614,-1915.512450
1780521900,2026-06-03 21:25:00,65441.4,65504.0,65400.0,65446.5,12.127688,1.202943,10.924745,-1904.587705
1780522200,2026-06-03 21:30:00,65442.0,65550.0,65406.7,65505.0,2.613721,4.690115,-2.076394,-1906.664099
1780522500,2026-06-03 21:35:00,65505.1,65625.0,65314.1,65384.9,4.937703,5.938520,-1.000818,-1907.664917
1780522800,2026-06-03 21:40:00,65384.9,65479.1,65212.6,65415.0,3.858952,13.541872,-9.682920,-1917.347837
1780523100,2026-06-03 21:45:00,65415.0,65761.5,65398.4,65698.4,20.946817,7.312539,13.634278,-1903.713559
1780523400,2026-06-03 21:50:00,65685.1,65685.1,65475.0,65587.6,3.789149,0.817116,2.972033,-1900.741526
1780523700,2026-06-03 21:55:00,65587.5,65705.8,65535.1,65672.1,2.459857,0.658926,1.800931,-1898.940595
1780524000,2026-06-03 22:00:00,65684.5,65730.0,65453.7,65468.9,7.156263,2.182335,4.973928,-1893.966667
1780524300,2026-06-03 22:05:00,65473.0,65550.0,65385.1,65465.1,2.684443,6.117455,-3.433012,-1897.399679
1780524600,2026-06-03 22:10:00,65469.8,65469.8,65228.3,65241.7,1.131510,3.981230,-2.849720,-1900.249399
1780524900,2026-06-03 22:15:00,65244.6,65244.6,65031.1,65174.9,5.284804,10.509431,-5.224628,-1905.474026
1780525200,2026-06-03 22:20:00,65175.0,65190.0,64867.7,65145.0,8.255449,14.845628,-6.590180,-1912.064206
1780525500,2026-06-03 22:25:00,65144.9,65184.7,65017.7,65070.0,1.942790,5.715133,-3.772343,-1915.836549
1780525800,2026-06-03 22:30:00,65070.0,65160.0,65025.4,65126.5,2.089593,3.756007,-1.666415,-1917.502964
1780526100,2026-06-03 22:35:00,65126.4,65155.5,64861.0,64927.7,5.134590,4.065902,1.068687,-1916.434276
1780526400,2026-06-03 22:40:00,64927.6,65042.5,64921.4,64975.9,4.560243,2.842558,1.717685,-1914.716591
1780526700,2026-06-03 22:45:00,64976.0,64995.0,64721.0,64830.1,39.336559,48.570316,-9.233757,-1923.950348
1780527000,2026-06-03 22:50:00,64833.6,64931.1,64725.0,64745.8,3.257073,3.136504,0.120569,-1923.829779
1780527300,2026-06-03 22:55:00,64746.8,64932.7,64688.0,64810.1,10.040275,3.174859,6.865416,-1916.964364
1780527600,2026-06-03 23:00:00,64810.0,64883.7,64419.3,64557.5,16.013023,31.336066,-15.323044,-1932.287408
1780527900,2026-06-03 23:05:00,64560.5,64659.8,64345.9,64381.9,4.796265,44.722537,-39.926272,-1972.213680
1780528200,2026-06-03 23:10:00,64382.0,64613.3,64333.3,64512.1,13.816840,34.837391,-21.020551,-1993.234231
1780528500,2026-06-03 23:15:00,64511.4,64544.2,64311.3,64409.5,8.690384,10.879320,-2.188937,-1995.423168
1780528800,2026-06-03 23:20:00,64406.1,64467.8,64280.5,64287.5,11.874512,20.818097,-8.943585,-2004.366753
1780529100,2026-06-03 23:25:00,64298.0,64430.9,64298.0,64393.5,4.923533,4.227551,0.695981,-2003.670772
1780529400,2026-06-03 23:30:00,64410.0,64536.3,64350.0,64448.2,4.924122,16.579675,-11.655553,-2015.326325
1780529700,2026-06-03 23:35:00,64439.0,64455.0,64200.0,64215.3,8.362539,12.693000,-4.330461,-2019.656786
1780530000,2026-06-03 23:40:00,64215.3,64290.0,64164.7,64164.7,5.744188,26.386200,-20.642013,-2040.298798
1780530300,2026-06-03 23:45:00,64169.3,64250.4,64114.9,64197.0,7.489934,7.673830,-0.183896,-2040.482695
1780530600,2026-06-03 23:50:00,64195.9,64209.9,64010.9,64011.0,3.182869,40.861131,-37.678262,-2078.160957
1780530900,2026-06-03 23:55:00,64011.0,64079.9,64000.0,64035.8,7.503486,8.129990,-0.626504,-2078.787461
1780531200,2026-06-04 00:00:00,64036.1,64320.0,64036.1,64262.1,8.652078,7.865265,0.786813,-2078.000648
1780531500,2026-06-04 00:05:00,64262.1,64303.1,64080.1,64233.1,4.779589,1.184692,3.594896,-2074.405752
1780531800,2026-06-04 00:10:00,64233.0,64290.0,64155.0,64222.7,9.445296,2.540736,6.904559,-2067.501192
1780532100,2026-06-04 00:15:00,64218.9,64269.0,64111.8,64185.0,9.270989,1.737692,7.533297,-2059.967895
1780532400,2026-06-04 00:20:00,64184.9,64260.4,63884.5,63909.7,12.724496,33.207125,-20.482629,-2080.450524
1780532700,2026-06-04 00:25:00,63916.8,63945.0,63301.0,63303.0,44.424160,40.562444,3.861716,-2076.588808
1780533000,2026-06-04 00:30:00,63301.0,63699.7,63250.0,63609.3,14.230288,68.442533,-54.212245,-2130.801053
1780533300,2026-06-04 00:35:00,63614.4,63726.8,63003.6,63055.0,7.789577,49.121757,-41.332180,-2172.133234
1780533600,2026-06-04 00:40:00,63039.6,63565.5,63039.4,63504.5,55.750885,32.466234,23.284651,-2148.848583
1780533900,2026-06-04 00:45:00,63513.7,63513.7,63118.0,63166.3,1.486988,9.929385,-8.442397,-2157.290980
1780534200,2026-06-04 00:50:00,63166.3,63286.4,62920.5,63093.7,28.076845,63.474870,-35.398025,-2192.689005
1780534500,2026-06-04 00:55:00,63096.3,63275.0,63001.1,63245.0,19.308436,43.311978,-24.003542,-2216.692546
1780534800,2026-06-04 01:00:00,63244.3,63399.3,63146.6,63310.0,9.159448,20.575987,-11.416539,-2228.109086
1780535100,2026-06-04 01:05:00,63309.9,63389.5,63093.8,63226.4,10.322001,8.516766,1.805235,-2226.303851
1780535400,2026-06-04 01:10:00,63226.4,63289.6,63013.7,63025.8,19.258344,3.925761,15.332583,-2210.971268
1780535700,2026-06-04 01:15:00,63025.9,63043.9,62671.3,62803.1,15.987603,89.632432,-73.644829,-2284.616097
1780536000,2026-06-04 01:20:00,62803.1,62929.2,62522.2,62524.4,42.002135,31.477418,10.524717,-2274.091380
1780536300,2026-06-04 01:25:00,62545.9,62866.8,62542.3,62629.8,12.810278,15.615243,-2.804965,-2276.896346
1780536600,2026-06-04 01:30:00,62629.8,62863.5,62629.7,62806.1,12.500085,5.769325,6.730760,-2270.165586
1780536900,2026-06-04 01:35:00,62818.5,63091.2,62673.3,62741.7,7.631006,10.863929,-3.232923,-2273.398509
1780537200,2026-06-04 01:40:00,62726.0,62872.8,62703.9,62765.8,2.161038,7.519744,-5.358706,-2278.757216
1780537500,2026-06-04 01:45:00,62748.7,62802.7,62413.8,62452.1,21.205395,32.305825,-11.100429,-2289.857645
1780537800,2026-06-04 01:50:00,62441.4,62493.1,62157.0,62182.7,18.105676,54.581224,-36.475548,-2326.333193
1780538100,2026-06-04 01:55:00,62167.3,62250.4,62038.6,62099.9,71.040935,27.397923,43.643012,-2282.690181
1780538400,2026-06-04 02:00:00,62100.0,62151.7,61255.9,61415.8,47.804389,203.414695,-155.610306,-2438.300487
1780538700,2026-06-04 02:05:00,61415.7,62400.8,61395.5,61947.6,79.515029,74.759434,4.755595,-2433.544893
1780539000,2026-06-04 02:10:00,61969.2,62415.3,61900.0,62336.4,31.182125,116.167218,-84.985093,-2518.529985
1780539300,2026-06-04 02:15:00,62336.3,62537.2,62085.1,62445.7,16.041607,32.068841,-16.027234,-2534.557219
1780539600,2026-06-04 02:20:00,62445.7,62959.7,62445.6,62959.7,10.549604,17.273893,-6.724289,-2541.281508
1780539900,2026-06-04 02:25:00,62959.6,63021.5,62755.1,62932.5,13.616068,19.668122,-6.052054,-2547.333562
1780540200,2026-06-04 02:30:00,62939.6,63353.8,62840.8,63210.3,25.251042,15.227813,10.023229,-2537.310333
1780540500,2026-06-04 02:35:00,63210.2,63274.6,62997.8,63271.1,6.860034,6.929203,-0.069170,-2537.379503
1780540800,2026-06-04 02:40:00,63267.4,63429.8,63184.5,63338.1,67.030828,4.731268,62.299560,-2475.079943
1780541100,2026-06-04 02:45:00,63338.0,63553.4,63271.1,63460.6,42.987767,3.101666,39.886101,-2435.193842
1780541400,2026-06-04 02:50:00,63467.5,63501.6,63188.3,63217.3,8.892910,9.212185,-0.319275,-2435.513118
1780541700,2026-06-04 02:55:00,63220.0,63248.4,63103.5,63153.0,6.978846,59.845104,-52.866258,-2488.379376
1780542000,2026-06-04 03:00:00,63153.0,63691.7,63153.0,63630.1,13.943758,5.535924,8.407833,-2479.971542
1780542300,2026-06-04 03:05:00,63639.4,63943.3,63587.3,63752.5,46.291243,4.114461,42.176781,-2437.794761
1780542600,2026-06-04 03:10:00,63770.1,63954.9,63649.5,63894.9,80.473777,14.574364,65.899413,-2371.895348
1780542900,2026-06-04 03:15:00,63891.7,64104.9,63884.6,64000.0,68.152869,6.626856,61.526013,-2310.369334
1780543200,2026-06-04 03:20:00,63999.9,63999.9,63825.0,63834.6,5.127983,12.933336,-7.805353,-2318.174688
1780543500,2026-06-04 03:25:00,63837.4,63930.0,63837.4,63856.7,4.027969,2.005371,2.022598,-2316.152089
1780543800,2026-06-04 03:30:00,63852.2,64419.9,63840.1,64385.6,30.772669,14.534309,16.238360,-2299.913729
1780544100,2026-06-04 03:35:00,64385.5,64410.0,64170.1,64410.0,3.862525,3.962416,-0.099891,-2300.013621
1780544400,2026-06-04 03:40:00,64410.0,64444.0,64290.0,64317.4,7.636283,11.645116,-4.008833,-2304.022454
1780544700,2026-06-04 03:45:00,64317.3,64365.0,64260.5,64300.5,25.849254,18.381445,7.467810,-2296.554644
1780545000,2026-06-04 03:50:00,64301.5,64378.6,64266.5,64307.2,7.803195,5.108075,2.695120,-2293.859524
1780545300,2026-06-04 03:55:00,64307.3,64307.3,64200.1,64290.0,10.111869,7.589477,2.522392,-2291.337132
1780545600,2026-06-04 04:00:00,64290.0,64437.8,64271.7,64425.1,11.280998,1.804752,9.476246,-2281.860886
1780545900,2026-06-04 04:05:00,64439.9,64500.6,64275.1,64300.0,29.477831,14.647768,14.830063,-2267.030823
1780546200,2026-06-04 04:10:00,64307.3,64585.5,64307.3,64556.3,19.347208,1.091047,18.256162,-2248.774661
1780546500,2026-06-04 04:15:00,64552.1,64634.5,64440.1,64536.7,9.963038,1.752126,8.210912,-2240.563749
1780546800,2026-06-04 04:20:00,64525.6,64682.6,64525.6,64682.6,6.607141,0.355237,6.251904,-2234.311845
1780547100,2026-06-04 04:25:00,64673.3,64686.1,64535.7,64535.7,17.409772,3.807577,13.602195,-2220.709651
1780547400,2026-06-04 04:30:00,64529.2,64555.7,64215.0,64215.1,0.480527,5.213299,-4.732773,-2225.442423
1780547700,2026-06-04 04:35:00,64230.7,64395.0,64214.7,64346.9,1.433986,9.299806,-7.865820,-2233.308243
1780548000,2026-06-04 04:40:00,64329.5,64394.9,64219.2,64355.1,2.312779,4.656776,-2.343998,-2235.652241
1780548300,2026-06-04 04:45:00,64355.0,64364.9,64260.0,64292.9,1.334894,2.350965,-1.016072,-2236.668313
1780548600,2026-06-04 04:50:00,64291.5,64384.9,64290.0,64384.9,11.841991,2.432766,9.409225,-2227.259088
1780548900,2026-06-04 04:55:00,64385.0,64385.0,64275.1,64327.7,0.556812,3.354180,-2.797368,-2230.056456
1780549200,2026-06-04 05:00:00,64327.7,64327.7,63916.2,63943.3,4.843778,130.118680,-125.274902,-2355.331358
1780549500,2026-06-04 05:05:00,63953.3,63974.9,63750.4,63772.2,5.895785,3.244899,2.650886,-2352.680472
1780549800,2026-06-04 05:10:00,63765.1,63885.0,63662.3,63885.0,7.111079,15.910857,-8.799778,-2361.480250
1780550100,2026-06-04 05:15:00,63884.9,63960.0,63740.8,63765.0,3.454283,5.604692,-2.150409,-2363.630659
1780550400,2026-06-04 05:20:00,63765.0,63817.8,63605.2,63762.9,3.316313,9.663789,-6.347476,-2369.978136
1780550700,2026-06-04 05:25:00,63765.0,63842.5,63759.2,63791.3,10.716303,6.402669,4.313633,-2365.664502
1780551000,2026-06-04 05:30:00,63790.2,64233.6,63720.8,64151.4,56.900276,5.301501,51.598775,-2314.065728
1780551300,2026-06-04 05:35:00,64164.2,64274.5,64050.1,64080.0,53.742842,3.139299,50.603543,-2263.462185
1780551600,2026-06-04 05:40:00,64080.0,64241.4,64050.0,64231.0,2.505326,1.194757,1.310570,-2262.151615
1780551900,2026-06-04 05:45:00,64227.8,64227.8,64035.1,64047.2,0.981527,1.394952,-0.413425,-2262.565041
1780552200,2026-06-04 05:50:00,64042.7,64047.1,63860.4,63974.5,1.523680,95.191832,-93.668152,-2356.233193
1780552500,2026-06-04 05:55:00,63975.0,63975.0,63857.3,63898.8,2.991320,4.431130,-1.439810,-2357.673003
1780552800,2026-06-04 06:00:00,63898.3,64146.4,63825.0,64097.8,88.068319,1.489532,86.578787,-2271.094216
1780553100,2026-06-04 06:05:00,64095.7,64181.3,64035.0,64180.8,0.966160,3.783887,-2.817727,-2273.911943
1780553400,2026-06-04 06:10:00,64176.5,64199.8,64146.9,64195.0,0.809874,1.217968,-0.408094,-2274.320037
1780553700,2026-06-04 06:15:00,64194.9,64403.8,64140.0,64305.3,12.898695,0.951855,11.946840,-2262.373197
1780554000,2026-06-04 06:20:00,64305.7,64349.9,64209.7,64209.7,0.749362,1.788765,-1.039404,-2263.412601
1780554300,2026-06-04 06:25:00,64207.5,64259.9,64173.5,64200.0,3.732249,1.335495,2.396754,-2261.015846
1780554600,2026-06-04 06:30:00,64204.4,64204.4,64035.0,64091.9,1.313657,1.122759,0.190898,-2260.824948
1780554900,2026-06-04 06:35:00,64091.5,64370.9,64091.5,64304.9,1.893066,13.153259,-11.260193,-2272.085141
1780555200,2026-06-04 06:40:00,64305.0,64329.7,64233.9,64274.9,2.350456,2.435685,-0.085229,-2272.170370
1780555500,2026-06-04 06:45:00,64274.9,64274.9,64110.1,64139.9,1.072909,4.233997,-3.161088,-2275.331459
1780555800,2026-06-04 06:50:00,64126.9,64215.0,64035.1,64051.5,1.686595,0.610572,1.076023,-2274.255436
1780556100,2026-06-04 06:55:00,64036.9,64036.9,63934.1,63979.6,1.801187,4.670073,-2.868886,-2277.124322
1780556400,2026-06-04 07:00:00,63979.6,63996.0,63961.9,63961.9,0.082203,0.645276,-0.563073,-2277.687395
1780556700,2026-06-04 07:05:00,63960.0,63960.1,63351.3,63831.3,58.337723,53.435943,4.901780,-2272.785615
1780557000,2026-06-04 07:10:00,63824.8,63855.0,63629.3,63741.1,29.453007,7.437080,22.015927,-2250.769688
1780557300,2026-06-04 07:15:00,63738.0,63750.0,63429.8,63472.7,12.890603,11.723087,1.167516,-2249.602172
1780557600,2026-06-04 07:20:00,63472.8,63611.6,63444.1,63555.0,1.486030,1.058050,0.427980,-2249.174193
1780557900,2026-06-04 07:25:00,63555.0,63633.3,63519.4,63628.9,0.729378,0.829925,-0.100547,-2249.274740
1780558200,2026-06-04 07:30:00,63634.0,63854.9,63629.0,63731.0,13.430781,4.535353,8.895428,-2240.379312
1780558500,2026-06-04 07:35:00,63731.3,63865.0,63731.3,63865.0,5.879925,5.320463,0.559461,-2239.819850
1780558800,2026-06-04 07:40:00,63865.0,63972.5,63839.4,63872.2,7.647912,1.181834,6.466078,-2233.353773
1780559100,2026-06-04 07:45:00,63872.2,63884.9,63720.1,63836.5,0.397556,1.468013,-1.070458,-2234.424230
1780559400,2026-06-04 07:50:00,63836.4,63836.4,63690.1,63693.3,0.555049,0.506181,0.048867,-2234.375363
1780559700,2026-06-04 07:55:00,63708.2,63720.0,63525.1,63525.1,0.602170,3.048077,-2.445907,-2236.821270
1780560000,2026-06-04 08:00:00,63543.0,63819.2,63431.9,63810.1,3.401559,15.538396,-12.136837,-2248.958107
1780560300,2026-06-04 08:05:00,63816.8,63826.8,63400.0,63401.0,3.929035,9.191499,-5.262464,-2254.220571
1780560600,2026-06-04 08:10:00,63420.0,63549.0,63280.7,63317.5,2.201892,26.500878,-24.298986,-2278.519557
1780560900,2026-06-04 08:15:00,63306.4,63480.0,63210.8,63475.6,80.183442,2.585639,77.597803,-2200.921754
1780561200,2026-06-04 08:20:00,63477.2,63525.0,63197.0,63487.8,5.014537,4.683767,0.330770,-2200.590983
1780561500,2026-06-04 08:25:00,63495.8,63495.8,63350.0,63424.7,0.867224,1.959379,-1.092155,-2201.683139
1780561800,2026-06-04 08:30:00,63424.8,63635.1,63365.1,63447.2,3.915142,2.712400,1.202742,-2200.480397
1780562100,2026-06-04 08:35:00,63449.9,63524.9,63440.4,63486.8,0.507475,0.887977,-0.380503,-2200.860900
1780562400,2026-06-04 08:40:00,63486.8,63585.0,63328.6,63345.8,1.279640,1.355386,-0.075747,-2200.936646
1780562700,2026-06-04 08:45:00,63345.8,63435.0,63302.2,63425.9,3.186926,45.274278,-42.087352,-2243.023998
1780563000,2026-06-04 08:50:00,63434.9,63566.7,63394.9,63538.4,5.299639,0.467852,4.831786,-2238.192212
1780563300,2026-06-04 08:55:00,63538.4,63665.7,63498.3,63546.1,4.799878,0.789877,4.010001,-2234.182211
1780563600,2026-06-04 09:00:00,63546.1,63569.9,63333.0,63346.7,2.060009,10.269322,-8.209313,-2242.391523
1780563900,2026-06-04 09:05:00,63359.5,63396.0,63219.1,63301.4,2.039394,3.537574,-1.498180,-2243.889704
1780564200,2026-06-04 09:10:00,63321.1,63397.9,63133.7,63270.3,4.311566,3.737604,0.573962,-2243.315741
1780564500,2026-06-04 09:15:00,63264.0,63264.0,63020.3,63045.2,1.149929,4.543219,-3.393290,-2246.709031
1780564800,2026-06-04 09:20:00,63039.4,63102.1,62958.0,62958.1,0.772304,11.455585,-10.683281,-2257.392313
1780565100,2026-06-04 09:25:00,62958.9,62992.8,62733.5,62808.6,4.191007,11.522420,-7.331413,-2264.723726
1780565400,2026-06-04 09:30:00,62808.5,62913.3,62650.0,62902.4,6.324776,22.477812,-16.153036,-2280.876762
1780565700,2026-06-04 09:35:00,62913.4,62926.7,62717.9,62795.5,1.674309,3.679096,-2.004787,-2282.881549
1780566000,2026-06-04 09:40:00,62795.4,62851.0,62723.5,62824.8,2.792834,3.768296,-0.975463,-2283.857012
1780566300,2026-06-04 09:45:00,62823.8,63080.6,62823.8,62992.9,8.352268,8.728319,-0.376050,-2284.233062
1780566600,2026-06-04 09:50:00,62993.0,62993.6,62859.7,62985.3,7.354563,1.230838,6.123725,-2278.109337
1780566900,2026-06-04 09:55:00,62985.2,63179.1,62972.8,63179.1,2.390298,0.723899,1.666399,-2276.442938
1780567200,2026-06-04 10:00:00,63179.1,63179.4,62949.7,62974.5,15.010827,6.747500,8.263327,-2268.179612
1780567500,2026-06-04 10:05:00,62983.9,63000.7,62808.5,62838.8,1.817015,1.418710,0.398304,-2267.781307
1780567800,2026-06-04 10:10:00,62848.1,62925.0,62741.0,62801.7,5.029730,5.446053,-0.416324,-2268.197631
1780568100,2026-06-04 10:15:00,62795.1,62936.8,62680.8,62913.7,0.703743,1.785354,-1.081612,-2269.279242
1780568400,2026-06-04 10:20:00,62913.6,62913.6,62690.0,62703.0,1.373309,4.976473,-3.603164,-2272.882406
1780568700,2026-06-04 10:25:00,62716.4,62731.1,62433.1,62433.1,9.428385,10.915610,-1.487225,-2274.369631
1780569000,2026-06-04 10:30:00,62433.1,62649.3,62361.4,62639.0,7.764201,4.726661,3.037539,-2271.332092
1780569300,2026-06-04 10:35:00,62635.9,62710.5,62571.9,62695.9,1.956303,1.801883,0.154420,-2271.177672
1780569600,2026-06-04 10:40:00,62701.5,62701.5,62480.2,62635.9,4.800063,4.033799,0.766264,-2270.411408
1780569900,2026-06-04 10:45:00,62644.5,62690.6,62238.6,62344.6,19.800012,46.117306,-26.317294,-2296.728702
1780570200,2026-06-04 10:50:00,62337.0,62438.8,62250.5,62314.4,12.853280,42.622985,-29.769705,-2326.498407
1780570500,2026-06-04 10:55:00,62314.4,62437.2,62238.7,62353.0,7.442357,13.407669,-5.965312,-2332.463719
1780570800,2026-06-04 11:00:00,62352.9,62552.0,62300.2,62529.4,5.612751,1.485280,4.127472,-2328.336247
1780571100,2026-06-04 11:05:00,62529.5,62594.5,62243.2,62250.9,0.880156,3.075086,-2.194930,-2330.531177
1780571400,2026-06-04 11:10:00,62250.8,62279.9,62038.8,62201.2,6.419730,116.845159,-110.425429,-2440.956606
1780571700,2026-06-04 11:15:00,62200.8,62470.5,62154.9,62470.5,5.836147,5.584400,0.251747,-2440.704859
1780572000,2026-06-04 11:20:00,62470.4,62507.8,62345.1,62506.5,2.161704,1.732220,0.429484,-2440.275375
1780572300,2026-06-04 11:25:00,62499.3,62567.4,62438.8,62541.8,1.814753,4.006598,-2.191845,-2442.467220
1780572600,2026-06-04 11:30:00,62545.1,62755.0,62418.2,62471.1,31.094740,24.674420,6.420320,-2436.046900
1780572900,2026-06-04 11:35:00,62472.5,62517.3,62104.4,62299.5,80.296055,69.663365,10.632690,-2425.414210
1780573200,2026-06-04 11:40:00,62299.5,62319.8,62140.3,62190.5,5.993069,88.256534,-82.263465,-2507.677675
1780573500,2026-06-04 11:45:00,62190.7,62442.2,62190.4,62432.7,1.458552,4.367024,-2.908473,-2510.586148
1780573800,2026-06-04 11:50:00,62432.6,62434.6,62298.4,62345.4,1.427208,7.496845,-6.069636,-2516.655784
1780574100,2026-06-04 11:55:00,62345.3,62488.3,62339.4,62476.1,4.337711,11.239870,-6.902159,-2523.557943
1780574400,2026-06-04 12:00:00,62479.2,62634.3,62410.0,62621.1,13.246999,1.059923,12.187076,-2511.370867
1780574700,2026-06-04 12:05:00,62605.8,62605.8,62312.4,62406.6,1.664730,7.189686,-5.524957,-2516.895824
1780575000,2026-06-04 12:10:00,62406.6,62498.9,62365.7,62468.6,1.639964,2.984907,-1.344943,-2518.240767
1780575300,2026-06-04 12:15:00,62468.9,62741.0,62468.9,62614.2,15.707474,11.975891,3.731583,-2514.509184
1780575600,2026-06-04 12:20:00,62605.3,63330.4,62605.3,63246.1,10.915606,2.225962,8.689644,-2505.819540
1780575900,2026-06-04 12:25:00,63243.0,63263.4,63024.5,63231.9,7.077612,1.364119,5.713493,-2500.106047
1780576200,2026-06-04 12:30:00,63219.7,63597.5,63103.5,63429.4,30.635461,15.266721,15.368740,-2484.737307
1780576500,2026-06-04 12:35:00,63433.6,63650.9,63342.5,63609.8,8.338489,14.732257,-6.393768,-2491.131076
1780576800,2026-06-04 12:40:00,63629.2,63629.2,63500.1,63510.1,7.993452,10.664660,-2.671208,-2493.802284
1780577100,2026-06-04 12:45:00,63503.4,63850.8,63446.2,63846.4,9.647152,7.004474,2.642679,-2491.159605
1780577400,2026-06-04 12:50:00,63848.4,63915.9,63735.7,63775.4,3.262159,1.630668,1.631491,-2489.528114
1780577700,2026-06-04 12:55:00,63775.3,63791.4,63616.2,63706.9,2.026520,0.644511,1.382009,-2488.146105
1780578000,2026-06-04 13:00:00,63707.0,63788.3,63566.8,63657.4,20.148810,1.563215,18.585595,-2469.560510
1780578300,2026-06-04 13:05:00,63646.9,63722.6,63523.4,63564.6,4.427482,1.530221,2.897261,-2466.663249
1780578600,2026-06-04 13:10:00,63564.5,63656.6,63510.0,63533.8,3.753832,5.512070,-1.758238,-2468.421488
1780578900,2026-06-04 13:15:00,63533.8,63560.1,63232.2,63232.3,12.803702,29.459155,-16.655453,-2485.076940
1780579200,2026-06-04 13:20:00,63232.2,63232.3,63016.3,63105.5,93.972171,84.252117,9.720054,-2475.356887
1780579500,2026-06-04 13:25:00,63105.4,63239.5,63021.6,63182.2,6.931256,5.328084,1.603173,-2473.753714
1780579800,2026-06-04 13:30:00,63167.7,63800.0,63133.0,63659.6,126.568459,60.804209,65.764250,-2407.989464
1780580100,2026-06-04 13:35:00,63676.2,64203.3,63595.9,64115.5,18.994392,9.211924,9.782469,-2398.206995
1780580400,2026-06-04 13:40:00,64106.6,64106.6,63708.9,63720.2,4.410161,3.960126,0.450035,-2397.756959
1780580700,2026-06-04 13:45:00,63734.2,63900.6,63615.3,63776.5,4.560529,7.137329,-2.576799,-2400.333759
1780581000,2026-06-04 13:50:00,63768.6,63812.3,63630.4,63778.1,4.719219,1.515190,3.204029,-2397.129729
1780581300,2026-06-04 13:55:00,63778.1,64150.0,63739.4,64150.0,4.122830,3.706954,0.415877,-2396.713853
1780581600,2026-06-04 14:00:00,64157.0,64255.0,64012.4,64017.3,17.841139,9.898639,7.942500,-2388.771353
1780581900,2026-06-04 14:05:00,64017.4,64357.5,63947.1,64211.2,20.537999,2.092812,18.445187,-2370.326166
1780582200,2026-06-04 14:10:00,64231.9,64434.8,64216.7,64323.1,8.382872,6.996543,1.386329,-2368.939837
1780582500,2026-06-04 14:15:00,64317.7,64364.1,64116.7,64119.5,7.387278,10.758362,-3.371084,-2372.310920
1780582800,2026-06-04 14:20:00,64123.0,64152.6,64023.5,64112.8,73.615564,12.556824,61.058740,-2311.252180
1780583100,2026-06-04 14:25:00,64110.5,64112.8,64003.2,64091.3,6.221568,1.209420,5.012148,-2306.240033
1780583400,2026-06-04 14:30:00,64090.3,64090.4,63850.6,64029.7,2.284555,7.614361,-5.329806,-2311.569839
1780583700,2026-06-04 14:35:00,64029.6,64029.6,63804.2,63846.2,1.968151,1.649188,0.318963,-2311.250877
1780584000,2026-06-04 14:40:00,63842.2,63960.5,63842.1,63929.6,1.258442,75.184811,-73.926369,-2385.177246
1780584300,2026-06-04 14:45:00,63944.5,64015.5,63750.0,63843.8,4.476084,3.298187,1.177897,-2383.999349
1780584600,2026-06-04 14:50:00,63843.8,63945.4,63750.0,63779.5,2.195064,2.526213,-0.331148,-2384.330497
1780584900,2026-06-04 14:55:00,63779.5,63917.3,63751.6,63897.1,2.615452,0.678948,1.936504,-2382.393993
1780585200,2026-06-04 15:00:00,63897.2,63956.7,63783.8,63877.9,3.850387,1.559018,2.291368,-2380.102625
1780585500,2026-06-04 15:05:00,63871.9,64321.2,63871.9,64273.3,36.430866,11.947354,24.483511,-2355.619114
1780585800,2026-06-04 15:10:00,64264.2,64300.0,64154.3,64300.0,20.502337,3.982553,16.519784,-2339.099330
1780586100,2026-06-04 15:15:00,64297.6,64326.6,64023.0,64063.4,7.081415,4.774343,2.307072,-2336.792258
1780586400,2026-06-04 15:20:00,64057.8,64063.7,63750.0,63910.2,2.612948,12.243528,-9.630580,-2346.422838
1780586700,2026-06-04 15:25:00,63901.5,63995.4,63880.3,63917.8,1.703555,2.577838,-0.874283,-2347.297121
1780587000,2026-06-04 15:30:00,63917.6,63999.9,63826.5,63866.6,3.850744,1.980228,1.870516,-2345.426605
1780587300,2026-06-04 15:35:00,63870.0,63936.7,63773.9,63804.7,10.964422,8.628734,2.335689,-2343.090916
1780587600,2026-06-04 15:40:00,63805.7,63873.3,63742.6,63767.1,2.016924,4.744140,-2.727216,-2345.818133
1780587900,2026-06-04 15:45:00,63772.0,63794.2,63640.4,63685.1,2.827277,3.685375,-0.858098,-2346.676230
1780588200,2026-06-04 15:50:00,63685.1,63832.7,63674.6,63697.9,3.408643,22.975845,-19.567202,-2366.243433
1780588500,2026-06-04 15:55:00,63705.6,63922.6,63628.1,63826.7,8.277573,9.673297,-1.395724,-2367.639157
1780588800,2026-06-04 16:00:00,63826.8,63858.0,63657.1,63666.3,0.785969,0.196761,0.589208,-2367.049949
1780589100,2026-06-04 16:05:00,63666.2,63804.1,63628.1,63731.7,0.887594,2.275656,-1.388062,-2368.438011
1780589400,2026-06-04 16:10:00,63722.2,63752.1,63582.3,63599.4,0.800005,1.123723,-0.323718,-2368.761729
1780589700,2026-06-04 16:15:00,63599.3,63690.5,63596.6,63646.8,2.293012,2.425055,-0.132043,-2368.893772
1780590000,2026-06-04 16:20:00,63643.0,63738.4,63600.1,63738.4,0.965489,1.968003,-1.002514,-2369.896286
1780590300,2026-06-04 16:25:00,63738.4,63798.9,63572.4,63572.5,1.414822,5.017863,-3.603041,-2373.499327
1780590600,2026-06-04 16:30:00,63572.7,63581.9,63393.7,63395.8,21.499869,10.716011,10.783857,-2362.715469
1780590900,2026-06-04 16:35:00,63396.6,63706.8,63384.2,63670.5,5.471287,0.742264,4.729023,-2357.986447
1780591200,2026-06-04 16:40:00,63661.2,63772.7,63625.4,63698.6,1.788804,0.532317,1.256487,-2356.729960
1780591500,2026-06-04 16:45:00,63704.5,63842.2,63643.5,63700.1,5.082421,15.375244,-10.292823,-2367.022783
1780591800,2026-06-04 16:50:00,63700.1,63737.6,63589.7,63589.7,1.695161,3.143132,-1.447970,-2368.470753
1780592100,2026-06-04 16:55:00,63589.6,63590.0,63437.4,63485.7,9.346143,3.142921,6.203222,-2362.267531
1780592400,2026-06-04 17:00:00,63485.8,63485.8,63369.0,63443.0,2.777640,2.572156,0.205483,-2362.062048
1780592700,2026-06-04 17:05:00,63442.9,63480.6,63393.0,63480.5,1.530197,1.468038,0.062159,-2361.999889
1780593000,2026-06-04 17:10:00,63480.5,63645.8,63450.0,63515.6,6.042577,1.905940,4.136637,-2357.863252
1780593300,2026-06-04 17:15:00,63515.6,63515.6,63164.0,63187.9,6.672848,3.627685,3.045163,-2354.818089
1780593600,2026-06-04 17:20:00,63184.8,63280.0,63056.2,63089.9,3.169979,6.798531,-3.628552,-2358.446641
1780593900,2026-06-04 17:25:00,63103.3,63194.6,63050.4,63141.3,1.319036,19.727586,-18.408549,-2376.855190
1780594200,2026-06-04 17:30:00,63145.8,63223.4,62967.8,63000.0,1.305912,46.551317,-45.245406,-2422.100596
1780594500,2026-06-04 17:35:00,62999.9,63070.0,62929.5,62944.1,7.177084,21.104475,-13.927391,-2436.027986
1780594800,2026-06-04 17:40:00,62940.7,62963.3,62897.0,62963.3,9.507083,3.117398,6.389685,-2429.638302
1780595100,2026-06-04 17:45:00,62968.5,63045.2,62897.0,63021.6,3.153225,3.655576,-0.502352,-2430.140654
1780595400,2026-06-04 17:50:00,63021.5,63551.7,62986.5,63527.3,11.610352,1.101781,10.508570,-2419.632083
1780595700,2026-06-04 17:55:00,63518.7,63546.7,63350.5,63460.1,5.559556,3.127907,2.431649,-2417.200434
1780596000,2026-06-04 18:00:00,63460.0,63499.4,63256.5,63256.5,2.370378,1.600686,0.769693,-2416.430741
1780596300,2026-06-04 18:05:00,63277.9,63280.0,63163.9,63200.6,0.867897,1.455661,-0.587763,-2417.018504
1780596600,2026-06-04 18:10:00,63202.9,63218.3,63052.0,63078.5,1.451995,24.732585,-23.280590,-2440.299094
1780596900,2026-06-04 18:15:00,63078.6,63378.8,63058.2,63306.6,7.928885,0.712758,7.216127,-2433.082968
1780597200,2026-06-04 18:20:00,63305.3,63544.1,63268.3,63520.2,4.220984,1.622517,2.598467,-2430.484501
1780597500,2026-06-04 18:25:00,63518.1,63803.9,63445.9,63803.9,9.276843,3.495252,5.781591,-2424.702909
1780597800,2026-06-04 18:30:00,63803.8,64000.0,63657.6,63763.0,20.838580,1.805474,19.033106,-2405.669803
1780598100,2026-06-04 18:35:00,63754.2,63978.5,63737.7,63873.2,13.346415,2.921410,10.425005,-2395.244797
1780598400,2026-06-04 18:40:00,63873.3,64032.4,63826.3,63852.1,16.917053,2.459181,14.457872,-2380.786926
1780598700,2026-06-04 18:45:00,63852.0,63970.3,63769.5,63934.3,2.565486,4.283500,-1.718014,-2382.504939
1780599000,2026-06-04 18:50:00,63935.1,64005.9,63856.4,63866.9,7.618304,10.375124,-2.756820,-2385.261759
1780599300,2026-06-04 18:55:00,63867.0,63946.7,63744.7,63746.1,5.738396,7.075518,-1.337121,-2386.598881
1780599600,2026-06-04 19:00:00,63742.4,63742.4,63597.5,63621.1,3.069650,12.524989,-9.455339,-2396.054220
1780599900,2026-06-04 19:05:00,63621.0,63650.3,63544.1,63597.6,1.379375,40.068000,-38.688625,-2434.742845
1780600200,2026-06-04 19:10:00,63595.4,63803.1,63533.9,63802.6,1.371942,7.175945,-5.804004,-2440.546848
1780600500,2026-06-04 19:15:00,63796.1,63926.4,63792.1,63894.3,3.069010,1.493374,1.575637,-2438.971212
1780600800,2026-06-04 19:20:00,63888.4,63939.2,63833.0,63931.5,1.328015,21.934285,-20.606270,-2459.577481
1780601100,2026-06-04 19:25:00,63932.2,64072.0,63870.4,64038.7,3.429938,15.165578,-11.735641,-2471.313122
1780601400,2026-06-04 19:30:00,64035.7,64036.4,63807.5,63868.8,5.849044,41.580940,-35.731895,-2507.045017
1780601700,2026-06-04 19:35:00,63869.9,63870.0,63681.5,63861.7,1.769592,25.954069,-24.184476,-2531.229494
1780602000,2026-06-04 19:40:00,63861.6,63861.6,63695.5,63695.6,0.653917,1.795107,-1.141191,-2532.370684
1780602300,2026-06-04 19:45:00,63697.1,63697.1,63612.2,63645.6,2.737877,2.558513,0.179365,-2532.191320
1780602600,2026-06-04 19:50:00,63641.8,63660.0,63519.0,63564.0,12.034006,6.193992,5.840014,-2526.351306
1780602900,2026-06-04 19:55:00,63560.8,63613.5,63455.1,63547.7,1.718483,6.185925,-4.467442,-2530.818748
1780603200,2026-06-04 20:00:00,63538.5,63555.2,63310.1,63330.3,2.431951,3.819858,-1.387907,-2532.206655
1780603500,2026-06-04 20:05:00,63324.1,63336.8,63180.3,63283.3,1.945335,9.588816,-7.643481,-2539.850136
1780603800,2026-06-04 20:10:00,63283.2,63457.6,63274.0,63432.2,4.340267,0.212500,4.127767,-2535.722368
1780604100,2026-06-04 20:15:00,63434.4,63469.1,63290.2,63298.4,3.684460,12.389083,-8.704623,-2544.426991
1780604400,2026-06-04 20:20:00,63300.9,63344.2,63233.0,63257.9,1.398688,1.178522,0.220166,-2544.206825
1780604700,2026-06-04 20:25:00,63257.8,63293.3,63118.5,63249.6,14.271400,2.613282,11.658118,-2532.548707
1780605000,2026-06-04 20:30:00,63268.8,63483.6,63268.8,63481.7,1.617986,1.293839,0.324147,-2532.224560
1780605300,2026-06-04 20:35:00,63479.8,63479.8,63376.0,63437.0,0.865530,2.010642,-1.145112,-2533.369672
1780605600,2026-06-04 20:40:00,63437.0,63596.9,63432.1,63506.3,2.234023,0.776871,1.457153,-2531.912519
1780605900,2026-06-04 20:45:00,63502.1,63560.9,63359.7,63489.4,4.739025,1.854065,2.884959,-2529.027560
1780606200,2026-06-04 20:50:00,63482.3,63512.6,63432.4,63512.6,1.183078,0.298315,0.884762,-2528.142797
1780606500,2026-06-04 20:55:00,63504.1,63583.1,63482.4,63575.7,0.943626,2.205552,-1.261927,-2529.404724
1780606800,2026-06-04 21:00:00,63570.3,63700.0,63539.3,63682.8,6.711995,2.042232,4.669763,-2524.734961
1780607100,2026-06-04 21:05:00,63684.6,63786.9,63684.6,63784.2,11.333328,1.469355,9.863973,-2514.870988
1780607400,2026-06-04 21:10:00,63787.1,63797.5,63684.6,63736.3,3.686089,0.582640,3.103448,-2511.767540
1780607700,2026-06-04 21:15:00,63747.6,63757.0,63522.9,63582.2,31.120752,7.057863,24.062889,-2487.704651
1780608000,2026-06-04 21:20:00,63582.1,63625.6,63448.3,63496.0,2.614564,23.581336,-20.966772,-2508.671423
1780608300,2026-06-04 21:25:00,63495.9,63578.5,63391.3,63438.3,9.799111,25.321706,-15.522595,-2524.194018
1780608600,2026-06-04 21:30:00,63438.3,63464.9,63315.9,63375.3,0.774706,3.299824,-2.525119,-2526.719137
1780608900,2026-06-04 21:35:00,63380.5,63393.7,63221.3,63253.1,2.004931,16.650406,-14.645475,-2541.364612
1780609200,2026-06-04 21:40:00,63253.0,63437.4,63057.2,63435.9,10.199395,16.275896,-6.076500,-2547.441112
1780609500,2026-06-04 21:45:00,63437.3,63475.4,63318.1,63351.7,1.793331,0.721404,1.071927,-2546.369185
1780609800,2026-06-04 21:50:00,63360.1,63410.0,63275.6,63401.4,0.989062,1.875256,-0.886195,-2547.255380
1780610100,2026-06-04 21:55:00,63401.3,63401.3,63198.7,63233.0,21.280039,0.833332,20.446706,-2526.808674
1780610400,2026-06-04 22:00:00,63233.0,63439.2,63171.7,63248.9,1.898861,7.755903,-5.857042,-2532.665715
1780610700,2026-06-04 22:05:00,63252.8,63320.8,63150.3,63233.8,4.650468,2.262112,2.388356,-2530.277360
1780611000,2026-06-04 22:10:00,63220.1,63343.2,63161.0,63229.1,3.112102,1.642206,1.469896,-2528.807463
1780611300,2026-06-04 22:15:00,63229.8,63362.6,63229.8,63320.5,0.665768,1.172743,-0.506975,-2529.314438
1780611600,2026-06-04 22:20:00,63321.3,63379.7,63255.3,63320.3,0.620093,0.912123,-0.292030,-2529.606468
1780611900,2026-06-04 22:25:00,63322.8,63379.6,63247.2,63289.5,0.615692,1.582307,-0.966615,-2530.573083
1780612200,2026-06-04 22:30:00,63292.0,63349.9,63188.9,63188.9,2.636526,3.876443,-1.239917,-2531.813000
1780612500,2026-06-04 22:35:00,63188.9,63408.9,63175.2,63402.1,9.840039,0.970023,8.870016,-2522.942984
1780612800,2026-06-04 22:40:00,63400.8,63531.5,63393.2,63441.7,13.497104,3.187116,10.309988,-2512.632996
1780613100,2026-06-04 22:45:00,63441.8,63587.7,63392.9,63541.5,6.213066,0.862100,5.350967,-2507.282029
1780613400,2026-06-04 22:50:00,63554.3,63589.9,63484.0,63569.8,2.549266,0.695195,1.854071,-2505.427958
1780613700,2026-06-04 22:55:00,63572.0,63695.5,63560.8,63677.4,2.351465,1.709172,0.642293,-2504.785665
1780614000,2026-06-04 23:00:00,63674.1,63757.9,63606.2,63757.9,1.814491,4.657086,-2.842595,-2507.628260
1780614300,2026-06-04 23:05:00,63757.9,63773.2,63692.6,63706.1,1.565498,0.703233,0.862265,-2506.765995
1780614600,2026-06-04 23:10:00,63706.1,63706.1,63538.9,63548.1,0.454066,4.107336,-3.653270,-2510.419265
1780614900,2026-06-04 23:15:00,63548.0,63552.1,63317.7,63317.7,0.501815,4.703534,-4.201719,-2514.620984
1780615200,2026-06-04 23:20:00,63317.8,63415.6,63317.7,63382.0,0.667878,3.010255,-2.342378,-2516.963362
1780615500,2026-06-04 23:25:00,63379.4,63483.8,63355.3,63393.5,4.159713,1.892499,2.267214,-2514.696148
1780615800,2026-06-04 23:30:00,63399.0,63572.3,63394.9,63546.1,0.703326,0.423889,0.279437,-2514.416711
1780616100,2026-06-04 23:35:00,63553.4,63639.7,63548.8,63639.7,6.625928,0.664564,5.961364,-2508.455347
1780616400,2026-06-04 23:40:00,63639.8,63704.4,63639.7,63689.4,1.875406,0.552344,1.323061,-2507.132286
1780616700,2026-06-04 23:45:00,63689.4,63696.8,63624.3,63687.3,0.385055,0.694892,-0.309838,-2507.442124
1780617000,2026-06-04 23:50:00,63687.3,63800.0,63687.3,63789.9,7.206937,1.304065,5.902872,-2501.539252
1780617300,2026-06-04 23:55:00,63790.0,63850.0,63717.3,63814.0,11.976381,0.330329,11.646052,-2489.893200
1780617600,2026-06-05 00:00:00,63811.1,63811.1,63667.3,63668.5,2.647071,0.839331,1.807740,-2488.085460
1780617900,2026-06-05 00:05:00,63667.4,63752.0,63654.9,63751.9,0.528869,0.186466,0.342403,-2487.743058
1780618200,2026-06-05 00:10:00,63751.9,63777.8,63570.4,63587.7,0.499559,62.221775,-61.722216,-2549.465273
1780618500,2026-06-05 00:15:00,63587.7,63631.4,63530.0,63612.0,0.352198,2.119434,-1.767237,-2551.232510
1780618800,2026-06-05 00:20:00,63612.0,63821.8,63611.9,63762.7,3.085284,0.811369,2.273915,-2548.958595
1780619100,2026-06-05 00:25:00,63769.9,63829.2,63645.2,63829.2,0.457695,0.461916,-0.004221,-2548.962816
1780619400,2026-06-05 00:30:00,63831.6,63905.3,63767.3,63807.3,13.867232,0.511192,13.356040,-2535.606776
1780619700,2026-06-05 00:35:00,63807.3,63807.3,63610.7,63784.1,2.368099,1.086379,1.281721,-2534.325056
1780620000,2026-06-05 00:40:00,63794.2,63794.2,63628.0,63635.3,5.669082,0.629364,5.039718,-2529.285337
1780620300,2026-06-05 00:45:00,63635.3,63733.2,63600.0,63677.5,0.509986,0.150198,0.359787,-2528.925550
1780620600,2026-06-05 00:50:00,63677.5,63677.5,63429.3,63469.0,2.353793,5.650079,-3.296286,-2532.221836
1780620900,2026-06-05 00:55:00,63468.9,63468.9,63339.4,63366.7,0.965330,1.107504,-0.142174,-2532.364010
1780621200,2026-06-05 01:00:00,63366.7,63366.7,62962.6,62991.5,3.039385,36.983600,-33.944215,-2566.308224
1780621500,2026-06-05 01:05:00,62991.4,63218.3,62991.4,63139.4,1.292501,3.267711,-1.975210,-2568.283434
1780621800,2026-06-05 01:10:00,63140.1,63288.6,63067.7,63288.5,2.103778,1.041916,1.061863,-2567.221572
1780622100,2026-06-05 01:15:00,63288.6,63346.1,63168.1,63280.2,2.725454,16.886453,-14.160999,-2581.382571
1780622400,2026-06-05 01:20:00,63280.1,63280.1,63082.0,63235.7,1.968791,18.311703,-16.342913,-2597.725483
1780622700,2026-06-05 01:25:00,63239.2,63276.2,63193.8,63262.9,3.687124,1.186432,2.500692,-2595.224791
1780623000,2026-06-05 01:30:00,63267.4,63475.4,63267.4,63321.7,7.643565,3.691600,3.951965,-2591.272827
1780623300,2026-06-05 01:35:00,63321.7,63422.6,63205.3,63228.7,0.420664,0.513288,-0.092624,-2591.365450
1780623600,2026-06-05 01:40:00,63241.7,63368.9,63208.0,63368.9,1.115212,0.810340,0.304872,-2591.060579
1780623900,2026-06-05 01:45:00,63364.7,63364.7,63239.6,63261.3,0.369485,5.127947,-4.758462,-2595.819041
1780624200,2026-06-05 01:50:00,63262.4,63274.7,63173.3,63264.2,1.163699,0.426358,0.737341,-2595.081700
1780624500,2026-06-05 01:55:00,63264.1,63370.1,63205.5,63305.4,3.240699,0.292392,2.948307,-2592.133393
1780624800,2026-06-05 02:00:00,63296.2,63374.5,63180.3,63247.1,1.355307,4.630368,-3.275061,-2595.408454
1780625100,2026-06-05 02:05:00,63251.1,63262.9,63116.3,63156.2,0.385868,0.555937,-0.170069,-2595.578523
1780625400,2026-06-05 02:10:00,63156.1,63209.6,63107.8,63107.8,1.203843,1.768547,-0.564704,-2596.143227
1780625700,2026-06-05 02:15:00,63105.4,63201.3,62938.4,62947.5,5.382094,7.632060,-2.249966,-2598.393193
1780626000,2026-06-05 02:20:00,62947.5,62985.7,62680.5,62846.9,8.256474,127.431408,-119.174934,-2717.568127
1780626300,2026-06-05 02:25:00,62846.8,62846.9,62644.1,62644.1,3.434394,17.917003,-14.482609,-2732.050736
1780626600,2026-06-05 02:30:00,62644.0,62789.0,62553.8,62746.9,5.043267,10.232394,-5.189127,-2737.239863
1780626900,2026-06-05 02:35:00,62741.6,62873.3,62737.7,62838.6,0.978019,7.725684,-6.747665,-2743.987528
1780627200,2026-06-05 02:40:00,62838.7,62874.0,62538.0,62679.8,16.957862,1.246584,15.711278,-2728.276250
1780627500,2026-06-05 02:45:00,62679.7,62794.8,62609.0,62667.6,3.947692,1.495630,2.452062,-2725.824188
1780627800,2026-06-05 02:50:00,62667.5,62739.5,62561.1,62561.1,3.498928,1.971136,1.527792,-2724.296396
1780628100,2026-06-05 02:55:00,62561.1,62636.0,62530.0,62544.2,4.280360,2.094016,2.186344,-2722.110052
1780628400,2026-06-05 03:00:00,62549.7,62578.7,62425.6,62528.1,2.060860,37.898483,-35.837623,-2757.947674
1780628700,2026-06-05 03:05:00,62528.3,62528.3,62304.7,62335.2,2.711804,6.161629,-3.449824,-2761.397499
1780629000,2026-06-05 03:10:00,62335.9,62356.7,62283.4,62318.9,2.965192,4.576986,-1.611794,-2763.009293
1780629300,2026-06-05 03:15:00,62318.9,62741.0,62317.4,62719.7,8.251357,3.547884,4.703473,-2758.305820
1780629600,2026-06-05 03:20:00,62710.1,62710.1,62486.8,62591.6,66.644795,83.926595,-17.281800,-2775.587620
1780629900,2026-06-05 03:25:00,62591.7,62609.4,62468.7,62514.5,0.992690,5.372428,-4.379738,-2779.967357
1780630200,2026-06-05 03:30:00,62524.6,62814.0,62524.6,62766.3,1.960936,0.441366,1.519569,-2778.447788
1780630500,2026-06-05 03:35:00,62766.3,62766.3,62600.1,62679.0,4.463575,3.215724,1.247850,-2777.199938
1780630800,2026-06-05 03:40:00,62678.8,62710.3,62534.7,62612.5,1.362348,1.412866,-0.050518,-2777.250456
1780631100,2026-06-05 03:45:00,62612.4,62756.3,62605.4,62735.4,3.702830,0.776015,2.926815,-2774.323641
1780631400,2026-06-05 03:50:00,62730.2,62793.7,62626.2,62697.5,1.053014,0.385085,0.667929,-2773.655712
1780631700,2026-06-05 03:55:00,62697.4,62752.1,62636.3,62648.3,0.519794,0.643842,-0.124048,-2773.779761
1780632000,2026-06-05 04:00:00,62665.3,62698.5,62443.6,62579.1,16.417240,15.289468,1.127772,-2772.651988
1780632300,2026-06-05 04:05:00,62577.8,62912.9,62545.4,62855.1,2.355620,0.247222,2.108397,-2770.543591
1780632600,2026-06-05 04:10:00,62855.0,62859.4,62706.7,62799.6,3.442951,0.204192,3.238759,-2767.304832
1780632900,2026-06-05 04:15:00,62800.1,62809.7,62592.9,62628.2,1.840018,4.068193,-2.228175,-2769.533007
1780633200,2026-06-05 04:20:00,62628.2,62774.8,62595.7,62770.4,4.023018,0.203786,3.819232,-2765.713775
1780633500,2026-06-05 04:25:00,62765.0,63155.3,62765.0,63155.3,21.051979,0.624035,20.427945,-2745.285830
1780633800,2026-06-05 04:30:00,63156.4,63156.4,62956.0,63015.4,0.726638,0.508129,0.218509,-2745.067321
1780634100,2026-06-05 04:35:00,63025.4,63137.1,63008.3,63042.9,1.506757,1.096889,0.409868,-2744.657454
1780634400,2026-06-05 04:40:00,63042.8,63042.8,62927.1,62959.5,0.170932,1.306104,-1.135172,-2745.792626
1780634700,2026-06-05 04:45:00,62962.0,62993.9,62800.1,62903.4,1.702344,1.125885,0.576459,-2745.216167
1780635000,2026-06-05 04:50:00,62903.3,63260.8,62903.3,63254.4,2.414993,7.022325,-4.607332,-2749.823499
1780635300,2026-06-05 04:55:00,63242.8,63568.7,63149.2,63521.2,33.995346,2.613513,31.381833,-2718.441666
1780635600,2026-06-05 05:00:00,63529.6,63614.6,63342.7,63343.7,5.936914,2.577542,3.359373,-2715.082293
1780635900,2026-06-05 05:05:00,63347.1,63465.4,63290.4,63334.7,4.086635,8.431495,-4.344860,-2719.427153
1780636200,2026-06-05 05:10:00,63320.2,63400.5,63286.6,63311.2,1.224994,0.857581,0.367413,-2719.059740
1780636500,2026-06-05 05:15:00,63316.4,63350.4,63217.9,63267.6,1.424556,0.437026,0.987530,-2718.072211
1780636800,2026-06-05 05:20:00,63267.6,63444.9,63267.6,63319.3,0.864419,0.932834,-0.068415,-2718.140625
1780637100,2026-06-05 05:25:00,63321.3,63489.6,63302.7,63447.4,3.073912,0.494100,2.579813,-2715.560812
1780637400,2026-06-05 05:30:00,63442.0,63489.4,63275.5,63275.5,0.718553,11.021453,-10.302900,-2725.863712
1780637700,2026-06-05 05:35:00,63275.5,63290.0,63037.5,63097.1,3.867025,12.114968,-8.247944,-2734.111656
1780638000,2026-06-05 05:40:00,63097.1,63145.6,62825.1,62825.1,7.795114,1.288728,6.506386,-2727.605270
1780638300,2026-06-05 05:45:00,62826.2,62855.6,62568.2,62709.0,1.875079,2.808010,-0.932931,-2728.538201
1780638600,2026-06-05 05:50:00,62719.0,62900.0,62634.2,62658.1,3.840445,1.670635,2.169810,-2726.368391
1780638900,2026-06-05 05:55:00,62640.6,62713.7,62220.0,62272.7,7.008815,37.750250,-30.741435,-2757.109826
1780639200,2026-06-05 06:00:00,62271.1,62403.4,61950.1,62103.1,4.795494,43.657278,-38.861784,-2795.971610
1780639500,2026-06-05 06:05:00,62101.2,62560.4,62101.2,62383.0,5.803638,8.503959,-2.700321,-2798.671930
1780639800,2026-06-05 06:10:00,62372.5,62481.4,62009.9,62020.8,4.226124,31.041713,-26.815588,-2825.487519
1780640100,2026-06-05 06:15:00,62020.8,62175.6,61777.7,61777.9,21.535641,24.302147,-2.766505,-2828.254024
1780640400,2026-06-05 06:20:00,61777.9,61895.0,61100.0,61383.9,42.973713,148.662661,-105.688947,-2933.942971
1780640700,2026-06-05 06:25:00,61400.7,61708.7,61317.5,61620.0,49.377834,8.158239,41.219594,-2892.723377
1780641000,2026-06-05 06:30:00,61620.6,61939.3,61593.4,61659.8,15.963303,4.949702,11.013601,-2881.709776
1780641300,2026-06-05 06:35:00,61659.7,61889.7,61624.6,61761.7,3.794700,4.667131,-0.872431,-2882.582206
1780641600,2026-06-05 06:40:00,61759.5,62131.8,61663.9,62084.4,13.495340,7.700174,5.795166,-2876.787041
1780641900,2026-06-05 06:45:00,62084.4,62142.9,61825.3,61836.4,41.388103,3.269081,38.119022,-2838.668018
1780642200,2026-06-05 06:50:00,61850.0,61981.1,61739.1,61920.9,0.765792,0.894016,-0.128224,-2838.796243
1780642500,2026-06-05 06:55:00,61929.5,61984.6,61810.2,61894.4,1.575065,0.672386,0.902679,-2837.893563
1780642800,2026-06-05 07:00:00,61891.0,61922.2,61535.6,61643.0,3.098543,4.994223,-1.895681,-2839.789244
1780643100,2026-06-05 07:05:00,61629.2,61646.6,61359.4,61500.1,2.892988,6.674923,-3.781935,-2843.571179
1780643400,2026-06-05 07:10:00,61500.1,61640.0,61319.7,61432.9,2.655702,3.367288,-0.711586,-2844.282765
1780643700,2026-06-05 07:15:00,61455.6,61740.1,61455.6,61623.9,7.130630,1.165896,5.964734,-2838.318032
1780644000,2026-06-05 07:20:00,61633.3,61933.1,61552.3,61787.9,3.437330,7.575039,-4.137709,-2842.455740
1780644300,2026-06-05 07:25:00,61779.0,62313.9,61718.6,62200.0,7.021025,1.554555,5.466470,-2836.989270
1780644600,2026-06-05 07:30:00,62200.0,62455.0,62144.6,62400.1,35.640998,9.260809,26.380189,-2810.609081
1780644900,2026-06-05 07:35:00,62400.0,62759.6,62369.1,62742.1,21.581693,3.745489,17.836204,-2792.772877
1780645200,2026-06-05 07:40:00,62728.0,62831.3,62628.8,62816.9,11.466635,6.161029,5.305605,-2787.467271
1780645500,2026-06-05 07:45:00,62817.0,62916.0,62712.3,62800.0,3.922685,7.567778,-3.645093,-2791.112364
1780645800,2026-06-05 07:50:00,62799.0,62913.1,62743.8,62865.9,2.255710,5.204351,-2.948641,-2794.061005
1780646100,2026-06-05 07:55:00,62871.1,63043.1,62783.1,63043.1,21.271399,4.213984,17.057415,-2777.003591
1780646400,2026-06-05 08:00:00,63049.8,63049.8,62817.3,62817.3,4.850882,17.430465,-12.579583,-2789.583174
1780646700,2026-06-05 08:05:00,62813.5,62923.3,62592.9,62701.4,21.734195,101.313072,-79.578876,-2869.162050
1780647000,2026-06-05 08:10:00,62701.6,62755.6,62657.8,62755.6,6.136019,0.658818,5.477200,-2863.684850
1780647300,2026-06-05 08:15:00,62742.8,62748.0,62538.0,62586.2,1.830415,1.570346,0.260069,-2863.424780
1780647600,2026-06-05 08:20:00,62585.7,62727.5,62560.2,62641.2,1.580616,0.848864,0.731752,-2862.693028
1780647900,2026-06-05 08:25:00,62646.3,62811.5,62621.4,62745.2,2.331849,0.667901,1.663948,-2861.029080
1780648200,2026-06-05 08:30:00,62745.7,62886.4,62637.2,62642.4,5.711414,2.325048,3.386367,-2857.642713
1780648500,2026-06-05 08:35:00,62644.3,62690.6,62485.5,62485.5,2.184837,1.349657,0.835180,-2856.807533
1780648800,2026-06-05 08:40:00,62485.5,62647.7,62466.6,62500.0,0.306030,3.220931,-2.914901,-2859.722434
1780649100,2026-06-05 08:45:00,62490.2,62548.5,62436.0,62545.9,0.584454,1.531588,-0.947135,-2860.669569
1780649400,2026-06-05 08:50:00,62548.4,62548.4,62343.3,62354.1,1.024998,1.852281,-0.827283,-2861.496852
1780649700,2026-06-05 08:55:00,62343.8,62438.0,62246.1,62397.3,0.431847,32.094168,-31.662321,-2893.159173
1780650000,2026-06-05 09:00:00,62407.5,62587.3,62398.1,62488.1,0.888236,11.219602,-10.331366,-2903.490540
1780650300,2026-06-05 09:05:00,62492.5,62709.9,62456.3,62687.4,20.077871,0.606192,19.471679,-2884.018861
1780650600,2026-06-05 09:10:00,62695.4,63020.1,62588.7,63020.1,17.367462,1.283463,16.083999,-2867.934862
1780650900,2026-06-05 09:15:00,63020.0,63194.8,62894.4,62908.7,5.185420,2.718689,2.466732,-2865.468130
1780651200,2026-06-05 09:20:00,62911.4,63018.1,62866.5,62983.8,11.626440,9.590300,2.036140,-2863.431989
1780651500,2026-06-05 09:25:00,62984.0,63082.3,62950.7,63063.5,0.671330,2.048534,-1.377204,-2864.809194
1780651800,2026-06-05 09:30:00,63063.4,63063.5,62900.1,62971.0,11.882982,16.546232,-4.663250,-2869.472443
1780652100,2026-06-05 09:35:00,62972.8,63013.4,62766.4,62766.4,8.126757,6.289691,1.837066,-2867.635377
1780652400,2026-06-05 09:40:00,62767.9,62801.6,62733.5,62774.9,0.817778,1.499898,-0.682120,-2868.317497
1780652700,2026-06-05 09:45:00,62774.3,62859.5,62770.5,62810.7,0.585678,7.784551,-7.198873,-2875.516370
1780653000,2026-06-05 09:50:00,62799.3,62930.5,62771.4,62816.8,0.277056,0.194367,0.082689,-2875.433682
1780653300,2026-06-05 09:55:00,62815.3,62859.5,62780.0,62813.4,1.548090,3.918215,-2.370126,-2877.803807
1780653600,2026-06-05 10:00:00,62813.4,62887.9,62741.5,62784.1,1.973457,5.064584,-3.091127,-2880.894934
1780653900,2026-06-05 10:05:00,62778.0,62779.3,62643.2,62656.9,0.300355,1.431115,-1.130760,-2882.025694
1780654200,2026-06-05 10:10:00,62648.1,62750.0,62613.2,62707.6,0.230417,0.567452,-0.337035,-2882.362729
1780654500,2026-06-05 10:15:00,62706.9,62707.1,62515.6,62517.1,1.066621,3.775873,-2.709252,-2885.071981
1780654800,2026-06-05 10:20:00,62525.7,62571.6,62470.5,62500.1,1.457333,2.053839,-0.596506,-2885.668487
1780655100,2026-06-05 10:25:00,62500.1,62571.6,62500.1,62550.1,0.964460,0.614797,0.349663,-2885.318824
1780655400,2026-06-05 10:30:00,62550.1,62599.2,62518.0,62524.1,0.566369,0.641643,-0.075274,-2885.394098
1780655700,2026-06-05 10:35:00,62524.0,62524.1,62330.1,62331.6,5.689826,3.389556,2.300270,-2883.093827
1780656000,2026-06-05 10:40:00,62337.8,62676.3,62337.8,62676.3,1.208341,0.082949,1.125393,-2881.968435
1780656300,2026-06-05 10:45:00,62636.5,62636.5,62496.6,62527.3,49.699752,0.616266,49.083485,-2832.884949
1780656600,2026-06-05 10:50:00,62555.5,62555.6,62413.9,62488.1,0.795465,0.777745,0.017720,-2832.867230
1780656900,2026-06-05 10:55:00,62498.8,62525.8,62450.6,62496.6,4.242235,1.974987,2.267249,-2830.599981
1780657200,2026-06-05 11:00:00,62496.6,62496.6,62316.4,62356.4,1.001825,4.195728,-3.193904,-2833.793885
1780657500,2026-06-05 11:05:00,62356.5,62429.3,62268.6,62284.7,9.221303,1.409864,7.811439,-2825.982446
1780657800,2026-06-05 11:10:00,62284.4,62326.1,62223.7,62271.8,2.708355,11.257942,-8.549587,-2834.532033
1780658100,2026-06-05 11:15:00,62271.7,62447.3,62200.0,62411.5,0.899746,1.911125,-1.011379,-2835.543412
1780658400,2026-06-05 11:20:00,62422.5,62577.0,62282.6,62287.4,1.421998,11.040624,-9.618626,-2845.162037
1780658700,2026-06-05 11:25:00,62293.3,62438.5,62290.5,62414.2,0.481398,0.643559,-0.162161,-2845.324199
1780659000,2026-06-05 11:30:00,62421.2,62465.5,62236.3,62305.6,0.582408,1.344809,-0.762401,-2846.086600
1780659300,2026-06-05 11:35:00,62305.6,62324.4,62209.1,62244.5,0.580410,1.515441,-0.935031,-2847.021630
1780659600,2026-06-05 11:40:00,62241.9,62243.4,62074.6,62074.6,0.670812,12.706563,-12.035751,-2859.057382
1780659900,2026-06-05 11:45:00,62074.5,62191.2,61970.4,62141.4,1.224334,11.748614,-10.524281,-2869.581662
1780660200,2026-06-05 11:50:00,62141.4,62170.1,61958.1,61966.5,0.410020,2.905074,-2.495055,-2872.076717
1780660500,2026-06-05 11:55:00,61958.1,62038.7,61920.0,61920.0,6.375505,9.792347,-3.416842,-2875.493559
1780660800,2026-06-05 12:00:00,61918.4,61918.4,61607.0,61607.1,7.029115,12.153821,-5.124706,-2880.618265
1780661100,2026-06-05 12:05:00,61607.1,62134.9,61607.1,61999.8,14.307427,11.446224,2.861203,-2877.757061
1780661400,2026-06-05 12:10:00,61993.8,62255.3,61987.6,62100.9,14.491216,3.759118,10.732099,-2867.024963
1780661700,2026-06-05 12:15:00,62100.9,62305.7,62100.9,62272.3,1.243344,0.833871,0.409473,-2866.615490
1780662000,2026-06-05 12:20:00,62272.3,62388.1,62127.1,62348.3,3.355854,2.316387,1.039467,-2865.576023
1780662300,2026-06-05 12:25:00,62340.8,62340.8,62117.6,62149.3,1.260854,1.074974,0.185880,-2865.390143
1780662600,2026-06-05 12:30:00,62165.0,62327.3,61674.0,61695.7,7.718147,79.637929,-71.919782,-2937.309925
1780662900,2026-06-05 12:35:00,61695.7,61992.6,61561.8,61870.4,12.117190,4.504362,7.612828,-2929.697097
1780663200,2026-06-05 12:40:00,61873.1,62040.1,61799.0,61921.3,8.031319,3.477993,4.553326,-2925.143771
1780663500,2026-06-05 12:45:00,61921.4,62024.2,61839.4,61916.5,1.437411,6.663857,-5.226446,-2930.370217
1780663800,2026-06-05 12:50:00,61923.0,62013.7,61823.7,61885.1,33.933941,73.453212,-39.519271,-2969.889488
1780664100,2026-06-05 12:55:00,61885.0,61965.0,61858.7,61918.3,2.227060,2.175581,0.051480,-2969.838008
1780664400,2026-06-05 13:00:00,61918.4,62030.9,61888.1,62027.2,14.349304,3.041368,11.307936,-2958.530072
1780664700,2026-06-05 13:05:00,62023.4,62096.9,61885.2,61926.5,25.297599,7.035726,18.261873,-2940.268198
1780665000,2026-06-05 13:10:00,61917.2,62034.2,61891.1,61951.9,14.331866,6.294778,8.037088,-2932.231111
1780665300,2026-06-05 13:15:00,61951.8,62065.4,61858.7,62032.0,3.119328,3.484930,-0.365602,-2932.596712
1780665600,2026-06-05 13:20:00,62025.4,62264.8,62025.4,62089.4,1.610827,1.903732,-0.292905,-2932.889617
1780665900,2026-06-05 13:25:00,62089.4,62189.3,62058.4,62081.7,3.208905,16.361642,-13.152737,-2946.042354
1780666200,2026-06-05 13:30:00,62078.9,62268.4,61861.9,62150.3,1.763871,2.010452,-0.246581,-2946.288935
1780666500,2026-06-05 13:35:00,62149.7,62234.7,61751.6,61751.8,94.060051,14.154807,79.905244,-2866.383691
1780666800,2026-06-05 13:40:00,61753.7,61838.7,61625.0,61782.1,16.649015,113.214573,-96.565558,-2962.949249
1780667100,2026-06-05 13:45:00,61792.3,61828.9,61241.2,61241.3,6.687862,28.569238,-21.881376,-2984.830625
1780667400,2026-06-05 13:50:00,61244.3,61350.2,60999.3,61163.1,132.189695,177.572914,-45.383220,-3030.213845
1780667700,2026-06-05 13:55:00,61173.0,61206.9,60700.0,60700.1,18.570843,41.057202,-22.486359,-3052.700204
1780668000,2026-06-05 14:00:00,60700.1,60957.4,60558.9,60577.0,16.288540,265.172389,-248.883849,-3301.584053
1780668300,2026-06-05 14:05:00,60560.0,61179.7,60397.0,61119.3,77.992585,51.440400,26.552185,-3275.031867
1780668600,2026-06-05 14:10:00,61115.8,61129.7,60613.3,60812.3,9.172684,4.464760,4.707925,-3270.323943
1780668900,2026-06-05 14:15:00,60812.3,61009.1,60651.2,60762.4,10.926140,14.547348,-3.621208,-3273.945151
1780669200,2026-06-05 14:20:00,60757.3,60894.5,60470.1,60536.3,5.583036,7.279285,-1.696249,-3275.641400
1780669500,2026-06-05 14:25:00,60536.3,60573.4,60331.0,60356.8,133.237880,22.332565,110.905315,-3164.736085
1780669800,2026-06-05 14:30:00,60356.8,60815.2,60331.0,60787.5,11.483637,24.837855,-13.354218,-3178.090302
1780670100,2026-06-05 14:35:00,60787.4,61143.1,60678.2,60854.3,128.689887,117.546743,11.143144,-3166.947158
1780670400,2026-06-05 14:40:00,60853.4,61006.2,60690.7,60791.1,12.795524,11.446103,1.349421,-3165.597737
1780670700,2026-06-05 14:45:00,60807.9,61096.4,60788.4,60788.4,14.595880,32.334301,-17.738421,-3183.336158
1780671000,2026-06-05 14:50:00,60772.7,61047.1,60737.3,60737.3,8.703343,138.438346,-129.735003,-3313.071161
1780671300,2026-06-05 14:55:00,60737.2,60903.5,60600.0,60838.6,9.826062,2.730886,7.095176,-3305.975986
1780671600,2026-06-05 15:00:00,60844.8,60974.5,60609.6,60964.8,21.840109,25.311556,-3.471447,-3309.447432
1780671900,2026-06-05 15:05:00,60953.9,60953.9,60697.4,60723.2,8.399485,2.678151,5.721334,-3303.726098
1780672200,2026-06-05 15:10:00,60723.2,60752.7,60522.6,60560.3,3.051747,6.809085,-3.757338,-3307.483436
1780672500,2026-06-05 15:15:00,60560.4,60830.6,60491.5,60787.9,8.991285,14.047215,-5.055930,-3312.539366
1780672800,2026-06-05 15:20:00,60802.1,60906.2,60626.3,60875.5,9.344509,2.177729,7.166780,-3305.372586
1780673100,2026-06-05 15:25:00,60874.5,61074.1,60682.7,60741.1,7.179040,2.608968,4.570072,-3300.802514
1780673400,2026-06-05 15:30:00,60745.3,60799.0,60515.3,60589.3,2.349949,6.287940,-3.937991,-3304.740505
1780673700,2026-06-05 15:35:00,60592.9,60612.5,60155.0,60173.9,42.751090,30.374902,12.376188,-3292.364317
1780674000,2026-06-05 15:40:00,60177.0,60428.3,60000.0,60331.3,147.825722,339.642573,-191.816850,-3484.181168
1780674300,2026-06-05 15:45:00,60331.5,60596.2,60172.3,60564.0,47.508209,12.404514,35.103695,-3449.077472
1780674600,2026-06-05 15:50:00,60564.2,60573.5,60381.1,60517.7,4.641781,114.342034,-109.700253,-3558.777725
1780674900,2026-06-05 15:55:00,60519.6,60577.1,60400.0,60400.1,104.255794,16.084371,88.171423,-3470.606302
1780675200,2026-06-05 16:00:00,60400.1,60400.1,60146.1,60206.6,10.417790,18.864195,-8.446405,-3479.052706
1780675500,2026-06-05 16:05:00,60211.2,60450.0,60010.0,60019.3,12.832795,113.211461,-100.378666,-3579.431373
1780675800,2026-06-05 16:10:00,60019.3,61047.0,59764.0,60855.3,76.881339,127.885049,-51.003710,-3630.435082
1780676100,2026-06-05 16:15:00,60860.4,61143.1,60708.9,60940.4,61.590035,15.561712,46.028323,-3584.406760
1780676400,2026-06-05 16:20:00,60940.3,61517.2,60913.0,61177.8,58.878455,20.628672,38.249783,-3546.156976
1780676700,2026-06-05 16:25:00,61179.1,61224.0,60864.9,60880.8,5.015193,12.045783,-7.030589,-3553.187566
1780677000,2026-06-05 16:30:00,60901.0,61048.7,60664.0,60773.5,17.141048,8.182221,8.958827,-3544.228739
1780677300,2026-06-05 16:35:00,60773.4,60940.6,60773.4,60926.0,11.529292,6.302506,5.226786,-3539.001952
1780677600,2026-06-05 16:40:00,60926.1,60950.3,60701.9,60800.0,4.310009,5.118217,-0.808208,-3539.810160
1780677900,2026-06-05 16:45:00,60800.0,61121.0,60771.0,61087.1,12.946528,9.785373,3.161154,-3536.649006
1780678200,2026-06-05 16:50:00,61087.1,61334.1,61057.8,61334.0,14.356633,20.399700,-6.043067,-3542.692073
1780678500,2026-06-05 16:55:00,61334.1,61429.6,61254.6,61368.8,12.858949,9.057888,3.801061,-3538.891012
1780678800,2026-06-05 17:00:00,61368.7,61459.3,61169.3,61336.9,4.884702,12.885295,-8.000593,-3546.891605
1780679100,2026-06-05 17:05:00,61333.1,61384.0,61162.1,61335.1,6.849459,18.524289,-11.674830,-3558.566436
1780679400,2026-06-05 17:10:00,61323.4,61323.4,60896.5,61003.9,4.448992,17.006745,-12.557753,-3571.124189
1780679700,2026-06-05 17:15:00,61003.7,61034.8,60744.4,60794.7,3.513738,15.775739,-12.262001,-3583.386190
1780680000,2026-06-05 17:20:00,60802.6,60902.6,60690.0,60778.7,1.923589,18.054529,-16.130940,-3599.517131
1780680300,2026-06-05 17:25:00,60762.9,60790.9,60616.6,60650.1,2.959681,23.778274,-20.818594,-3620.335724
1780680600,2026-06-05 17:30:00,60650.1,60847.0,60650.0,60815.5,2.462612,6.161007,-3.698395,-3624.034119
1780680900,2026-06-05 17:35:00,60815.5,60855.8,60717.1,60855.8,2.139235,7.598793,-5.459558,-3629.493677
1780681200,2026-06-05 17:40:00,60847.0,61076.2,60700.0,60710.7,3.395645,5.674996,-2.279352,-3631.773029
1780681500,2026-06-05 17:45:00,60700.3,60771.4,60612.4,60612.4,1.936090,13.435759,-11.499669,-3643.272698
1780681800,2026-06-05 17:50:00,60624.9,60783.3,60620.0,60747.0,2.205267,40.760656,-38.555388,-3681.828086
1780682100,2026-06-05 17:55:00,60747.0,60782.4,60663.8,60746.9,1.664184,4.628996,-2.964812,-3684.792898
1780682400,2026-06-05 18:00:00,60747.0,60910.0,60669.3,60700.1,20.958951,7.305936,13.653015,-3671.139883
1780682700,2026-06-05 18:05:00,60703.3,60846.8,60681.1,60686.4,0.888047,2.983210,-2.095163,-3673.235046
1780683000,2026-06-05 18:10:00,60686.3,60746.5,60577.0,60577.2,2.019036,2.505460,-0.486424,-3673.721470
1780683300,2026-06-05 18:15:00,60577.1,60611.4,60412.0,60412.0,4.111312,19.491554,-15.380242,-3689.101712
1780683600,2026-06-05 18:20:00,60412.0,60513.0,60269.0,60284.9,6.310016,21.164025,-14.854010,-3703.955722
1780683900,2026-06-05 18:25:00,60273.7,60300.0,60074.1,60106.6,3.512609,16.780183,-13.267574,-3717.223296
1780684200,2026-06-05 18:30:00,60122.1,60250.2,60066.0,60200.0,7.835881,7.494455,0.341426,-3716.881870
1780684500,2026-06-05 18:35:00,60199.9,60282.9,59921.9,60271.0,12.037241,50.093675,-38.056435,-3754.938304
1780684800,2026-06-05 18:40:00,60267.8,60283.4,59600.0,59896.6,13.300099,53.728905,-40.428806,-3795.367111
1780685100,2026-06-05 18:45:00,59900.0,59911.3,59609.4,59733.4,63.563055,50.938767,12.624289,-3782.742822
1780685400,2026-06-05 18:50:00,59731.9,59767.1,59113.8,59167.3,28.807024,65.126473,-36.319449,-3819.062270
1780685700,2026-06-05 18:55:00,59154.1,59645.4,59107.5,59344.3,100.332296,73.515050,26.817246,-3792.245024
1780686000,2026-06-05 19:00:00,59356.4,59587.1,59130.0,59349.5,72.899260,14.594655,58.304605,-3733.940419
1780686300,2026-06-05 19:05:00,59375.6,59490.4,59238.7,59380.8,36.144608,12.944207,23.200401,-3710.740019
1780686600,2026-06-05 19:10:00,59377.0,59497.4,59260.8,59375.5,26.162512,21.054392,5.108120,-3705.631898
1780686900,2026-06-05 19:15:00,59350.7,59376.8,59070.6,59195.1,6.146895,56.467877,-50.320982,-3755.952880
1780687200,2026-06-05 19:20:00,59195.1,59571.5,59165.9,59564.4,48.963092,21.362228,27.600864,-3728.352017
1780687500,2026-06-05 19:25:00,59571.4,59829.4,59540.9,59802.1,38.755440,9.328562,29.426877,-3698.925139
1780687800,2026-06-05 19:30:00,59802.0,59802.1,59464.4,59667.2,15.356148,14.881175,0.474973,-3698.450166
1780688100,2026-06-05 19:35:00,59650.1,59795.1,59600.0,59784.0,3.828258,4.210033,-0.381775,-3698.831942
1780688400,2026-06-05 19:40:00,59783.8,59850.0,59540.1,59722.7,27.260063,4.708203,22.551860,-3676.280082
1780688700,2026-06-05 19:45:00,59723.9,60426.0,59718.9,60190.3,29.733121,22.594685,7.138435,-3669.141646
1780689000,2026-06-05 19:50:00,60190.2,60395.7,60109.8,60177.7,9.767110,7.493425,2.273685,-3666.867961
1780689300,2026-06-05 19:55:00,60181.1,60421.3,60099.0,60287.6,3.035222,46.861594,-43.826372,-3710.694333
1780689600,2026-06-05 20:00:00,60260.4,60426.0,59951.6,60040.9,22.427102,49.131871,-26.704769,-3737.399102
1780689900,2026-06-05 20:05:00,60046.4,60925.0,59922.8,60857.3,47.700712,32.314091,15.386621,-3722.012481
1780690200,2026-06-05 20:10:00,60841.4,60909.8,60645.7,60807.5,10.913440,5.075503,5.837937,-3716.174545
1780690500,2026-06-05 20:15:00,60807.5,61033.1,60685.4,60936.1,41.070249,23.447212,17.623037,-3698.551508
1780690800,2026-06-05 20:20:00,60936.1,61033.1,60785.3,60859.1,104.618321,17.178638,87.439683,-3611.111825
1780691100,2026-06-05 20:25:00,60858.8,61032.2,60836.9,60906.6,5.949839,2.974399,2.975440,-3608.136384
1780691400,2026-06-05 20:30:00,60908.4,61239.0,60874.7,61039.5,13.594074,22.106103,-8.512029,-3616.648413
1780691700,2026-06-05 20:35:00,61029.6,61228.3,61027.4,61208.5,6.679775,3.932613,2.747162,-3613.901251
1780692000,2026-06-05 20:40:00,61208.4,61282.6,61141.0,61247.4,9.559221,2.855561,6.703660,-3607.197591
1780692300,2026-06-05 20:45:00,61247.4,61422.0,61193.8,61422.0,3.573958,105.666233,-102.092275,-3709.289866
1780692600,2026-06-05 20:50:00,61422.4,61741.1,61411.5,61494.3,12.066623,30.260577,-18.193954,-3727.483820
1780692900,2026-06-05 20:55:00,61494.3,61691.4,61470.1,61608.7,12.244846,21.154202,-8.909356,-3736.393176
1780693200,2026-06-05 21:00:00,61604.4,61957.6,61551.8,61798.5,44.318506,6.146074,38.172432,-3698.220744
1780693500,2026-06-05 21:05:00,61819.0,61902.0,61672.7,61774.1,1.870309,4.063960,-2.193651,-3700.414394
1780693800,2026-06-05 21:10:00,61787.8,61821.8,61636.5,61817.5,11.114648,29.704300,-18.589652,-3719.004046
1780694100,2026-06-05 21:15:00,61821.8,61946.3,61678.1,61717.8,93.279024,1.457973,91.821051,-3627.182996
1780694400,2026-06-05 21:20:00,61717.8,61733.4,61570.1,61570.2,1.689897,14.254501,-12.564605,-3639.747600
1780694700,2026-06-05 21:25:00,61570.2,61671.5,61550.0,61557.4,2.748020,5.449545,-2.701525,-3642.449125
1780695000,2026-06-05 21:30:00,61554.6,61569.0,61424.6,61488.1,1.606627,10.021021,-8.414394,-3650.863519
1780695300,2026-06-05 21:35:00,61486.9,61814.4,61460.0,61809.8,9.589841,0.751927,8.837914,-3642.025605
1780695600,2026-06-05 21:40:00,61809.7,61913.7,61754.8,61850.0,2.297896,92.939620,-90.641724,-3732.667329
1780695900,2026-06-05 21:45:00,61845.6,61882.4,61750.0,61787.5,3.159901,2.096799,1.063102,-3731.604227
1780696200,2026-06-05 21:50:00,61787.4,61803.1,61650.1,61716.5,1.663903,1.121115,0.542788,-3731.061439
1780696500,2026-06-05 21:55:00,61715.5,61738.8,61610.8,61662.2,1.082144,11.344038,-10.261894,-3741.323334
1780696800,2026-06-05 22:00:00,61657.1,61657.1,61400.4,61413.3,2.230899,3.295199,-1.064300,-3742.387633
1780697100,2026-06-05 22:05:00,61413.0,61449.8,61117.8,61373.5,5.471595,21.555049,-16.083454,-3758.471087
1780697400,2026-06-05 22:10:00,61374.9,61427.6,61247.2,61374.0,3.880982,5.081034,-1.200052,-3759.671140
1780697700,2026-06-05 22:15:00,61345.3,61593.8,61283.3,61593.8,69.600399,10.987424,58.612975,-3701.058165
1780698000,2026-06-05 22:20:00,61599.6,61621.8,61404.9,61524.4,11.895055,3.294776,8.600279,-3692.457886
1780698300,2026-06-05 22:25:00,61466.0,61593.8,61402.4,61464.7,2.517327,0.289413,2.227914,-3690.229971
1780698600,2026-06-05 22:30:00,61464.7,61629.2,61388.4,61606.9,0.544466,3.570712,-3.026246,-3693.256217
1780698900,2026-06-05 22:35:00,61606.9,61842.1,61559.6,61813.1,51.153347,1.981487,49.171860,-3644.084357
1780699200,2026-06-05 22:40:00,61787.1,61850.2,61679.9,61749.5,2.675070,1.022416,1.652654,-3642.431703
1780699500,2026-06-05 22:45:00,61749.6,61836.4,61539.6,61832.5,5.932692,2.151825,3.780866,-3638.650837
1780699800,2026-06-05 22:50:00,61817.7,61940.6,61667.7,61940.5,4.813680,4.914151,-0.100471,-3638.751308
1780700100,2026-06-05 22:55:00,61940.4,61940.4,61540.6,61566.8,1.233720,2.677540,-1.443820,-3640.195128
1780700400,2026-06-05 23:00:00,61573.4,61738.5,61482.4,61604.6,4.122159,2.555711,1.566447,-3638.628681
1780700700,2026-06-05 23:05:00,61620.6,61724.7,61390.3,61402.4,1.166360,4.860642,-3.694282,-3642.322963
1780701000,2026-06-05 23:10:00,61399.1,61473.0,61306.1,61306.1,1.022132,4.829956,-3.807824,-3646.130787
1780701300,2026-06-05 23:15:00,61304.8,61304.8,61069.7,61135.9,2.427130,7.506845,-5.079714,-3651.210502
1780701600,2026-06-05 23:20:00,61134.1,61162.3,60923.3,60942.8,7.545829,36.419425,-28.873595,-3680.084097
1780701900,2026-06-05 23:25:00,60948.2,61009.5,60816.0,60935.7,9.784089,2.157785,7.626304,-3672.457793
1780702200,2026-06-05 23:30:00,60917.1,60917.1,60508.1,60552.3,2.115407,6.615122,-4.499714,-3676.957507
1780702500,2026-06-05 23:35:00,60557.7,60879.5,60557.7,60721.4,12.456272,32.196478,-19.740206,-3696.697714
1780702800,2026-06-05 23:40:00,60730.8,60809.9,60626.9,60805.0,0.596989,0.465039,0.131950,-3696.565763
1780703100,2026-06-05 23:45:00,60799.1,60837.9,60696.2,60814.4,1.072141,1.905611,-0.833470,-3697.399234
1780703400,2026-06-05 23:50:00,60813.8,61018.5,60813.8,60996.8,2.899152,0.308514,2.590638,-3694.808596
1780703700,2026-06-05 23:55:00,60997.3,61040.4,60902.1,61037.9,6.153025,0.512903,5.640121,-3689.168474
1780704000,2026-06-06 00:00:00,61038.3,61399.4,61038.2,61379.4,7.159534,0.305133,6.854401,-3682.314073
1780704300,2026-06-06 00:05:00,61373.6,61441.0,61250.0,61426.9,17.618717,4.144018,13.474699,-3668.839375
1780704600,2026-06-06 00:10:00,61426.9,61426.9,61340.0,61402.4,9.339647,0.490544,8.849103,-3659.990272
1780704900,2026-06-06 00:15:00,61401.8,61496.2,61250.0,61250.1,0.346322,0.554006,-0.207684,-3660.197956
1780705200,2026-06-06 00:20:00,61273.9,61300.0,61144.2,61144.2,1.263626,28.001121,-26.737495,-3686.935451
1780705500,2026-06-06 00:25:00,61144.1,61298.2,61130.2,61290.4,1.503762,0.741830,0.761932,-3686.173519
1780705800,2026-06-06 00:30:00,61290.5,61407.1,61253.6,61324.9,4.894110,0.533388,4.360722,-3681.812798
1780706100,2026-06-06 00:35:00,61324.8,61324.8,61186.2,61272.8,0.530442,0.233326,0.297116,-3681.515682
1780706400,2026-06-06 00:40:00,61273.2,61326.9,61159.5,61187.1,4.192011,2.046871,2.145140,-3679.370542
1780706700,2026-06-06 00:45:00,61179.3,61334.4,61168.4,61229.2,1.089100,2.322359,-1.233258,-3680.603800
1780707000,2026-06-06 00:50:00,61229.2,61301.3,61196.7,61301.2,0.411813,3.064531,-2.652718,-3683.256518
1780707300,2026-06-06 00:55:00,61301.2,61363.7,61235.7,61248.4,0.526826,4.390140,-3.863314,-3687.119832
1780707600,2026-06-06 01:00:00,61248.4,61355.0,61248.3,61347.3,0.319993,6.658378,-6.338385,-3693.458217
1780707900,2026-06-06 01:05:00,61343.0,61343.1,61285.4,61311.7,66.096202,3.709666,62.386535,-3631.071682
1780708200,2026-06-06 01:10:00,61311.7,61311.7,61100.0,61136.4,1.885458,6.458908,-4.573450,-3635.645132
1780708500,2026-06-06 01:15:00,61129.3,61208.7,61077.1,61080.5,0.530049,4.590829,-4.060781,-3639.705912
1780708800,2026-06-06 01:20:00,61080.1,61080.1,60967.3,60980.2,0.573110,2.903021,-2.329911,-3642.035823
1780709100,2026-06-06 01:25:00,60980.2,61270.0,60969.7,61270.0,0.312632,2.965527,-2.652895,-3644.688718
1780709400,2026-06-06 01:30:00,61269.9,61272.6,61177.3,61252.0,0.493563,4.452005,-3.958441,-3648.647160
1780709700,2026-06-06 01:35:00,61251.9,61252.0,61059.3,61115.6,4.107828,3.314279,0.793549,-3647.853611
1780710000,2026-06-06 01:40:00,61115.7,61115.7,61011.3,61041.3,0.338974,0.106211,0.232762,-3647.620848
1780710300,2026-06-06 01:45:00,61041.2,61147.7,61040.0,61040.8,0.363083,2.719951,-2.356868,-3649.977716
1780710600,2026-06-06 01:50:00,61050.7,61142.3,60929.6,61136.7,1.326286,5.064743,-3.738456,-3653.716172
1780710900,2026-06-06 01:55:00,61136.1,61136.1,61030.0,61030.0,0.417550,4.846572,-4.429022,-3658.145195
1780711200,2026-06-06 02:00:00,61031.1,61061.4,60948.0,60963.4,0.701049,4.196798,-3.495748,-3661.640943
1780711500,2026-06-06 02:05:00,60974.2,61001.2,60852.3,61001.2,0.614804,3.074840,-2.460035,-3664.100978
1780711800,2026-06-06 02:10:00,61001.2,61064.5,60856.0,60863.2,0.383483,0.700202,-0.316719,-3664.417698
1780712100,2026-06-06 02:15:00,60860.9,60903.5,60654.6,60662.6,0.793177,6.282959,-5.489782,-3669.907480
1780712400,2026-06-06 02:20:00,60662.6,60956.5,60662.6,60842.0,1.828070,2.716951,-0.888881,-3670.796361
1780712700,2026-06-06 02:25:00,60841.9,60889.0,60798.3,60798.3,0.289094,0.087744,0.201350,-3670.595011
1780713000,2026-06-06 02:30:00,60789.1,60945.5,60774.1,60945.5,0.346052,0.436125,-0.090073,-3670.685084
1780713300,2026-06-06 02:35:00,60946.4,61011.2,60865.8,60997.8,2.044680,0.689687,1.354993,-3669.330091
1780713600,2026-06-06 02:40:00,60997.8,61025.8,60908.0,60931.0,6.844414,0.261756,6.582658,-3662.747433
1780713900,2026-06-06 02:45:00,60917.6,61104.8,60867.3,61086.7,2.553941,0.128196,2.425745,-3660.321688
1780714200,2026-06-06 02:50:00,61086.7,61150.0,61050.1,61056.4,1.184580,0.137005,1.047575,-3659.274114
1780714500,2026-06-06 02:55:00,61055.5,61055.5,60923.1,60942.1,1.139167,0.955045,0.184122,-3659.089991
1780714800,2026-06-06 03:00:00,60927.1,60927.1,60810.5,60810.5,1.421111,0.332335,1.088776,-3658.001215
1780715100,2026-06-06 03:05:00,60808.3,60862.3,60777.4,60790.0,0.916912,5.242229,-4.325316,-3662.326532
1780715400,2026-06-06 03:10:00,60797.4,60897.7,60788.0,60844.1,0.484977,0.119818,0.365159,-3661.961373
1780715700,2026-06-06 03:15:00,60844.2,60910.3,60799.5,60899.2,0.311583,0.308551,0.003032,-3661.958341
1780716000,2026-06-06 03:20:00,60897.8,60927.4,60719.1,60746.2,7.434084,2.163999,5.270085,-3656.688256
1780716300,2026-06-06 03:25:00,60750.6,60773.1,60704.4,60773.1,25.987944,0.962830,25.025113,-3631.663143
1780716600,2026-06-06 03:30:00,60773.1,60773.1,60522.7,60525.7,1.475116,10.998072,-9.522956,-3641.186099
1780716900,2026-06-06 03:35:00,60527.5,60727.8,60522.7,60607.7,0.677746,1.879665,-1.201919,-3642.388018
1780717200,2026-06-06 03:40:00,60612.3,60691.4,60593.6,60680.6,0.492926,0.275977,0.216949,-3642.171069
1780717500,2026-06-06 03:45:00,60680.6,60714.4,60623.1,60630.0,28.694724,0.293026,28.401698,-3613.769371
1780717800,2026-06-06 03:50:00,60630.1,60791.9,60612.6,60649.4,1.189571,0.866180,0.323391,-3613.445979
1780718100,2026-06-06 03:55:00,60649.4,60728.0,60649.4,60671.7,0.933121,0.597235,0.335886,-3613.110093
1780718400,2026-06-06 04:00:00,60671.7,60851.0,60649.4,60671.5,1.223009,2.546441,-1.323432,-3614.433525
1780718700,2026-06-06 04:05:00,60687.7,60687.7,60363.0,60363.1,3.033795,5.852930,-2.819134,-3617.252659
1780719000,2026-06-06 04:10:00,60363.1,60434.6,60113.8,60139.7,7.603337,90.666536,-83.063199,-3700.315858
1780719300,2026-06-06 04:15:00,60130.3,60332.7,60011.0,60011.0,5.432537,23.265028,-17.832491,-3718.148349
1780719600,2026-06-06 04:20:00,60023.3,60185.1,59966.0,60079.9,1.365278,27.919778,-26.554500,-3744.702849
1780719900,2026-06-06 04:25:00,60086.4,60172.5,59870.0,59962.4,0.931648,11.138011,-10.206364,-3754.909212
1780720200,2026-06-06 04:30:00,59962.4,60030.5,59493.6,59493.6,8.197150,22.619239,-14.422089,-3769.331301
1780720500,2026-06-06 04:35:00,59493.5,59839.6,59493.5,59689.0,2.555977,27.382987,-24.827010,-3794.158311
1780720800,2026-06-06 04:40:00,59680.8,59826.9,59641.6,59787.3,2.674111,4.558935,-1.884823,-3796.043135
1780721100,2026-06-06 04:45:00,59787.2,59978.6,59693.0,59770.6,5.389759,5.821562,-0.431804,-3796.474938
1780721400,2026-06-06 04:50:00,59770.7,60266.1,59757.3,60254.8,10.927555,5.247030,5.680525,-3790.794413
1780721700,2026-06-06 04:55:00,60254.8,60254.8,59956.4,60080.3,1.302169,2.102256,-0.800087,-3791.594500
1780722000,2026-06-06 05:00:00,60080.3,60080.3,59614.4,59879.4,2.394579,7.861471,-5.466891,-3797.061391
1780722300,2026-06-06 05:05:00,59879.4,60037.1,59765.0,60037.1,4.259949,3.991790,0.268159,-3796.793232
1780722600,2026-06-06 05:10:00,60038.0,60218.4,59876.9,59876.9,4.386536,1.297852,3.088683,-3793.704549
1780722900,2026-06-06 05:15:00,59876.8,60113.1,59858.1,60113.1,6.032086,3.902188,2.129899,-3791.574650
1780723200,2026-06-06 05:20:00,60113.1,60974.5,60099.3,60788.7,62.560202,20.472375,42.087827,-3749.486824
1780723500,2026-06-06 05:25:00,60788.6,61010.4,60683.9,60722.4,2.548282,7.934103,-5.385821,-3754.872645
1780723800,2026-06-06 05:30:00,60722.3,60727.6,60580.9,60580.9,0.308370,7.547208,-7.238838,-3762.111483
1780724100,2026-06-06 05:35:00,60580.9,60950.0,60580.9,60781.5,5.358806,0.288006,5.070800,-3757.040683
1780724400,2026-06-06 05:40:00,60775.0,60858.1,60719.8,60785.6,1.396938,3.552151,-2.155213,-3759.195896
1780724700,2026-06-06 05:45:00,60785.6,60989.1,60727.1,60882.8,5.231743,3.734341,1.497402,-3757.698494
1780725000,2026-06-06 05:50:00,60905.0,61003.8,60806.6,60866.6,1.375626,0.783651,0.591974,-3757.106519
1780725300,2026-06-06 05:55:00,60863.3,60939.9,60834.6,60911.8,0.669441,0.139966,0.529475,-3756.577045
1780725600,2026-06-06 06:00:00,60911.8,61226.4,60911.8,61122.6,7.541654,1.368302,6.173352,-3750.403693
1780725900,2026-06-06 06:05:00,61122.5,61183.7,60994.1,61087.4,3.725006,1.839878,1.885129,-3748.518564
1780726200,2026-06-06 06:10:00,61087.5,61136.9,60977.8,61136.9,0.942786,3.746354,-2.803568,-3751.322132
1780726500,2026-06-06 06:15:00,61123.3,61178.6,60977.6,61004.9,2.222890,0.704655,1.518235,-3749.803897
1780726800,2026-06-06 06:20:00,61004.8,61209.1,61004.8,61078.8,1.373644,3.791191,-2.417547,-3752.221443
1780727100,2026-06-06 06:25:00,61081.1,61123.4,60977.8,61000.2,0.649707,1.774256,-1.124549,-3753.345992
1780727400,2026-06-06 06:30:00,61000.5,61060.4,60950.9,60959.6,0.982710,12.746356,-11.763646,-3765.109638
1780727700,2026-06-06 06:35:00,60959.6,61145.8,60959.6,60965.6,1.294544,11.190502,-9.895957,-3775.005595
1780728000,2026-06-06 06:40:00,60975.0,60998.4,60759.4,60788.2,0.269156,3.704902,-3.435746,-3778.441341
1780728300,2026-06-06 06:45:00,60788.1,60918.7,60777.7,60790.9,1.500134,0.725412,0.774722,-3777.666619
1780728600,2026-06-06 06:50:00,60783.8,60933.0,60671.9,60791.2,0.450747,0.620685,-0.169938,-3777.836557
1780728900,2026-06-06 06:55:00,60798.4,60816.1,60682.8,60743.1,3.468567,6.003654,-2.535087,-3780.371644
1780729200,2026-06-06 07:00:00,60743.1,60800.0,60709.3,60743.1,47.017381,0.974911,46.042470,-3734.329174
1780729500,2026-06-06 07:05:00,60743.1,61047.6,60743.1,61028.1,2.182820,0.501198,1.681622,-3732.647552
1780729800,2026-06-06 07:10:00,61011.3,61091.7,60940.7,61059.5,2.826646,2.460734,0.365913,-3732.281640
1780730100,2026-06-06 07:15:00,61061.3,61199.0,60965.2,60971.7,2.576271,0.969069,1.607202,-3730.674437
1780730400,2026-06-06 07:20:00,60975.9,61007.1,60829.6,60889.7,0.324120,5.292320,-4.968200,-3735.642637
1780730700,2026-06-06 07:25:00,60892.5,60892.5,60828.4,60860.0,2.644606,5.072140,-2.427534,-3738.070171
1780731000,2026-06-06 07:30:00,60861.0,60972.9,60845.3,60972.9,0.603283,72.065551,-71.462267,-3809.532438
1780731300,2026-06-06 07:35:00,60984.7,61014.6,60883.2,60959.7,0.460445,0.515517,-0.055072,-3809.587510
1780731600,2026-06-06 07:40:00,60959.7,61055.1,60957.1,61013.5,0.921844,0.686101,0.235743,-3809.351767
1780731900,2026-06-06 07:45:00,61015.2,61062.4,60996.1,61015.7,0.598205,5.089217,-4.491012,-3813.842779
1780732200,2026-06-06 07:50:00,61027.2,61027.2,60933.2,60967.1,0.278060,0.049184,0.228876,-3813.613903
1780732500,2026-06-06 07:55:00,60970.6,61001.4,60966.7,60974.0,0.107215,1.586802,-1.479587,-3815.093490
1780732800,2026-06-06 08:00:00,60974.2,60974.2,60853.3,60874.0,0.998982,2.163570,-1.164588,-3816.258078
1780733100,2026-06-06 08:05:00,60880.8,61063.2,60880.8,61063.2,5.456993,0.365830,5.091163,-3811.166915
1780733400,2026-06-06 08:10:00,61065.1,61129.2,61031.3,61109.5,0.987536,0.874965,0.112571,-3811.054344
1780733700,2026-06-06 08:15:00,61116.8,61134.0,60993.5,61049.8,0.425409,0.648502,-0.223092,-3811.277436
1780734000,2026-06-06 08:20:00,61058.0,61129.8,61046.0,61103.3,0.063916,1.208285,-1.144369,-3812.421805
1780734300,2026-06-06 08:25:00,61104.8,61408.8,61095.9,61400.3,5.637859,1.610783,4.027076,-3808.394729
1780734600,2026-06-06 08:30:00,61373.7,61462.5,61268.7,61311.9,3.295095,0.159668,3.135427,-3805.259301
1780734900,2026-06-06 08:35:00,61299.2,61355.9,61268.4,61313.8,1.489362,0.051859,1.437503,-3803.821798
1780735200,2026-06-06 08:40:00,61311.7,61363.4,61278.2,61332.0,0.453530,0.286228,0.167301,-3803.654497
1780735500,2026-06-06 08:45:00,61331.9,61358.6,61252.1,61332.8,0.365644,1.129153,-0.763509,-3804.418006
1780735800,2026-06-06 08:50:00,61330.2,61449.2,61330.2,61397.2,1.926352,0.718276,1.208077,-3803.209929
1780736100,2026-06-06 08:55:00,61396.1,61396.1,61223.5,61223.5,1.353543,1.052316,0.301226,-3802.908703
1780736400,2026-06-06 09:00:00,61237.2,61278.6,61127.1,61170.3,0.224848,1.113526,-0.888678,-3803.797381
1780736700,2026-06-06 09:05:00,61189.0,61202.6,61112.6,61181.3,0.790769,4.020936,-3.230167,-3807.027548
1780737000,2026-06-06 09:10:00,61183.6,61246.4,61146.0,61199.7,0.621759,0.248376,0.373383,-3806.654165
1780737300,2026-06-06 09:15:00,61199.7,61238.0,61163.8,61163.8,0.168409,10.106085,-9.937676,-3816.591842
1780737600,2026-06-06 09:20:00,61166.2,61166.2,61077.8,61146.0,8.428611,3.021293,5.407318,-3811.184524
1780737900,2026-06-06 09:25:00,61150.2,61299.0,61117.4,61288.9,0.657477,0.218644,0.438833,-3810.745690
1780738200,2026-06-06 09:30:00,61286.0,61286.0,61207.7,61224.0,0.256811,0.347540,-0.090728,-3810.836419
1780738500,2026-06-06 09:35:00,61233.7,61256.3,61208.1,61229.1,0.295854,0.233708,0.062145,-3810.774273
1780738800,2026-06-06 09:40:00,61218.5,61220.6,61054.8,61077.8,2.082270,2.390383,-0.308114,-3811.082387
1780739100,2026-06-06 09:45:00,61077.8,61077.8,60875.3,60882.8,1.047428,9.602260,-8.554832,-3819.637219
1780739400,2026-06-06 09:50:00,60882.7,60968.3,60872.9,60928.6,0.267131,0.978157,-0.711026,-3820.348245
1780739700,2026-06-06 09:55:00,60889.1,60992.6,60889.1,60944.8,0.256327,0.310011,-0.053685,-3820.401929
1780740000,2026-06-06 10:00:00,60951.3,60951.3,60695.8,60821.3,0.572929,3.594266,-3.021337,-3823.423266
1780740300,2026-06-06 10:05:00,60822.0,60833.0,60689.9,60722.4,0.416973,9.039143,-8.622171,-3832.045437
1780740600,2026-06-06 10:10:00,60717.2,60717.2,60565.2,60597.4,24.835318,9.121773,15.713544,-3816.331892
1780740900,2026-06-06 10:15:00,60597.5,60706.3,60479.0,60505.1,0.610916,4.067730,-3.456814,-3819.788706
1780741200,2026-06-06 10:20:00,60497.2,60655.1,60473.5,60569.5,0.886556,0.334737,0.551819,-3819.236887
1780741500,2026-06-06 10:25:00,60569.7,60649.3,60510.5,60510.5,0.441178,2.646482,-2.205304,-3821.442191
1780741800,2026-06-06 10:30:00,60510.4,60510.4,60196.7,60337.2,1.841466,15.877168,-14.035702,-3835.477893
1780742100,2026-06-06 10:35:00,60335.9,60391.8,60238.5,60272.2,0.387926,0.965384,-0.577458,-3836.055351
1780742400,2026-06-06 10:40:00,60279.4,60465.0,60263.6,60388.7,2.610192,1.766381,0.843811,-3835.211540
1780742700,2026-06-06 10:45:00,60387.7,60438.4,60328.3,60408.1,2.135774,9.470125,-7.334351,-3842.545891
1780743000,2026-06-06 10:50:00,60407.8,60588.9,60386.3,60535.1,3.282849,0.516433,2.766416,-3839.779475
1780743300,2026-06-06 10:55:00,60529.4,60579.8,60471.8,60579.8,5.413485,0.256065,5.157420,-3834.622055
1780743600,2026-06-06 11:00:00,60579.7,60753.5,60518.0,60710.6,6.894543,3.197499,3.697044,-3830.925011
1780743900,2026-06-06 11:05:00,60710.6,60718.4,60659.0,60680.1,0.311234,0.570691,-0.259457,-3831.184468
1780744200,2026-06-06 11:10:00,60690.2,60690.2,60579.5,60604.4,0.340123,1.145593,-0.805469,-3831.989937
1780744500,2026-06-06 11:15:00,60604.3,60830.7,60579.8,60670.1,2.407643,0.197092,2.210551,-3829.779386
1780744800,2026-06-06 11:20:00,60658.8,60743.8,60616.3,60684.4,0.750951,1.031975,-0.281024,-3830.060410
1780745100,2026-06-06 11:25:00,60684.3,60779.6,60675.9,60774.8,2.955385,0.615312,2.340072,-3827.720338
1780745400,2026-06-06 11:30:00,60774.7,60824.0,60705.8,60788.9,1.907391,0.118165,1.789226,-3825.931111
1780745700,2026-06-06 11:35:00,60812.4,60818.5,60750.8,60797.8,1.244029,2.093477,-0.849448,-3826.780559
1780746000,2026-06-06 11:40:00,60814.6,60835.7,60787.8,60805.1,0.979872,2.632677,-1.652805,-3828.433364
1780746300,2026-06-06 11:45:00,60800.9,60923.3,60789.0,60864.1,1.236779,3.531393,-2.294614,-3830.727978
1780746600,2026-06-06 11:50:00,60864.0,60895.4,60838.5,60883.1,0.422791,1.849653,-1.426862,-3832.154840
1780746900,2026-06-06 11:55:00,60883.6,60883.6,60719.5,60761.9,0.834650,0.281286,0.553364,-3831.601476
1780747200,2026-06-06 12:00:00,60761.9,60981.9,60761.8,60897.8,3.831035,1.908168,1.922867,-3829.678609
1780747500,2026-06-06 12:05:00,60896.8,61062.4,60865.7,61023.1,5.464366,0.320614,5.143752,-3824.534857
1780747800,2026-06-06 12:10:00,61019.6,61035.3,60942.7,61016.0,0.490612,0.148659,0.341953,-3824.192904
1780748100,2026-06-06 12:15:00,61021.4,61062.4,60920.0,60920.0,1.304247,1.564419,-0.260173,-3824.453076
1780748400,2026-06-06 12:20:00,60913.2,60928.0,60817.6,60853.6,0.978290,0.736257,0.242034,-3824.211042
1780748700,2026-06-06 12:25:00,60844.9,60855.3,60700.6,60700.6,0.688728,1.449489,-0.760762,-3824.971804
1780749000,2026-06-06 12:30:00,60700.9,60808.3,60624.4,60757.3,1.559884,6.440850,-4.880967,-3829.852771
1780749300,2026-06-06 12:35:00,60753.1,60833.7,60695.9,60716.3,0.313082,0.308877,0.004205,-3829.848566
1780749600,2026-06-06 12:40:00,60711.3,60810.4,60703.0,60791.6,0.628288,0.661549,-0.033262,-3829.881828
1780749900,2026-06-06 12:45:00,60808.6,61000.0,60757.4,61000.0,4.474399,0.081374,4.393025,-3825.488803
1780750200,2026-06-06 12:50:00,60974.0,61154.1,60932.5,61095.7,3.659593,0.211628,3.447965,-3822.040838
1780750500,2026-06-06 12:55:00,61091.6,61099.9,60979.5,60988.9,1.368085,0.682887,0.685198,-3821.355641
1780750800,2026-06-06 13:00:00,60995.3,61075.2,60932.8,61071.3,2.032964,0.893032,1.139932,-3820.215709
1780751100,2026-06-06 13:05:00,61051.9,61051.9,60951.3,60999.8,0.655551,1.315885,-0.660334,-3820.876042
1780751400,2026-06-06 13:10:00,60995.6,61033.5,60975.7,60978.9,2.111279,0.901470,1.209809,-3819.666233
1780751700,2026-06-06 13:15:00,60973.0,60976.7,60886.2,60909.2,0.860226,0.274716,0.585510,-3819.080723
1780752000,2026-06-06 13:20:00,60909.1,61023.6,60887.3,60902.6,0.508172,0.493338,0.014834,-3819.065890
1780752300,2026-06-06 13:25:00,60902.5,60932.8,60851.7,60852.6,0.531641,0.140457,0.391184,-3818.674706
1780752600,2026-06-06 13:30:00,60852.5,60852.6,60682.6,60755.6,0.696871,1.895619,-1.198749,-3819.873454
1780752900,2026-06-06 13:35:00,60761.1,60823.4,60741.4,60794.1,0.661860,0.419587,0.242273,-3819.631181
1780753200,2026-06-06 13:40:00,60797.6,60861.4,60771.2,60861.4,0.702667,1.349387,-0.646719,-3820.277900
1780753500,2026-06-06 13:45:00,60861.4,60999.6,60761.7,60775.9,1.317707,0.872257,0.445449,-3819.832451
1780753800,2026-06-06 13:50:00,60783.8,60819.9,60745.7,60757.3,0.703359,4.488664,-3.785305,-3823.617756
1780754100,2026-06-06 13:55:00,60758.1,60811.0,60748.5,60775.9,0.868442,0.189782,0.678661,-3822.939096
1780754400,2026-06-06 14:00:00,60784.0,60930.3,60747.8,60926.6,1.032461,1.574055,-0.541595,-3823.480690
1780754700,2026-06-06 14:05:00,60918.9,60978.2,60869.6,60869.6,0.791398,2.880073,-2.088675,-3825.569366
1780755000,2026-06-06 14:10:00,60869.6,60946.0,60848.8,60882.5,0.829357,1.981829,-1.152472,-3826.721837
1780755300,2026-06-06 14:15:00,60882.6,60950.0,60862.1,60949.9,0.617103,0.355436,0.261667,-3826.460170
1780755600,2026-06-06 14:20:00,60950.0,60985.7,60857.8,60887.5,1.526230,2.992618,-1.466389,-3827.926559
1780755900,2026-06-06 14:25:00,60884.3,60884.3,60777.0,60848.8,0.612870,0.907473,-0.294602,-3828.221161
1780756200,2026-06-06 14:30:00,60848.8,60950.0,60804.6,60920.3,1.252302,0.626642,0.625660,-3827.595501
1780756500,2026-06-06 14:35:00,60911.3,60972.5,60879.2,60930.9,1.925040,0.488148,1.436892,-3826.158609
1780756800,2026-06-06 14:40:00,60930.8,60958.2,60876.0,60924.9,0.616645,9.214171,-8.597526,-3834.756135
1780757100,2026-06-06 14:45:00,60924.9,60965.5,60884.9,60952.7,3.964516,9.347545,-5.383029,-3840.139164
1780757400,2026-06-06 14:50:00,60950.1,60980.9,60893.0,60930.1,1.094191,0.850571,0.243620,-3839.895544
1780757700,2026-06-06 14:55:00,60930.1,60930.1,60759.5,60769.1,1.176760,0.760877,0.415883,-3839.479661
1780758000,2026-06-06 15:00:00,60768.3,60839.8,60595.4,60597.9,1.241378,8.426089,-7.184711,-3846.664372
1780758300,2026-06-06 15:05:00,60605.3,60688.6,60531.1,60688.6,0.599903,1.208902,-0.608999,-3847.273371
1780758600,2026-06-06 15:10:00,60694.3,60694.3,60550.1,60585.7,1.063846,0.702595,0.361251,-3846.912120
1780758900,2026-06-06 15:15:00,60586.9,60654.0,60384.9,60441.5,1.868704,10.321187,-8.452483,-3855.364603
1780759200,2026-06-06 15:20:00,60445.7,60658.7,60442.0,60529.3,3.833359,3.545130,0.288229,-3855.076374
1780759500,2026-06-06 15:25:00,60521.8,60651.7,60509.8,60651.7,0.707936,0.119977,0.587959,-3854.488414
1780759800,2026-06-06 15:30:00,60643.1,60743.8,60548.3,60713.2,1.543672,1.783595,-0.239923,-3854.728338
1780760100,2026-06-06 15:35:00,60699.1,60775.0,60680.8,60772.5,3.028680,0.219320,2.809360,-3851.918978
1780760400,2026-06-06 15:40:00,60768.0,60879.5,60746.5,60829.0,5.279540,1.351286,3.928254,-3847.990724
1780760700,2026-06-06 15:45:00,60829.2,60879.4,60719.9,60765.6,0.578984,1.344211,-0.765227,-3848.755951
1780761000,2026-06-06 15:50:00,60773.0,60818.3,60709.1,60730.5,0.410114,27.674914,-27.264800,-3876.020751
1780761300,2026-06-06 15:55:00,60733.1,60803.2,60700.0,60746.3,1.573841,0.467086,1.106755,-3874.913996
1780761600,2026-06-06 16:00:00,60746.3,60879.5,60681.7,60879.5,2.554181,0.228163,2.326019,-3872.587977
1780761900,2026-06-06 16:05:00,60879.5,60920.6,60748.8,60805.0,0.701339,0.610922,0.090417,-3872.497560
1780762200,2026-06-06 16:10:00,60804.9,60804.9,60700.0,60749.6,0.862630,0.241196,0.621434,-3871.876126
1780762500,2026-06-06 16:15:00,60751.7,60792.5,60714.0,60750.1,1.327654,0.958354,0.369300,-3871.506826
1780762800,2026-06-06 16:20:00,60751.7,60751.7,60640.5,60681.3,0.557302,1.947113,-1.389811,-3872.896637
1780763100,2026-06-06 16:25:00,60681.3,60765.2,60576.4,60599.6,1.987220,4.659497,-2.672277,-3875.568914
1780763400,2026-06-06 16:30:00,60599.7,60651.8,60466.8,60470.3,0.547241,5.237868,-4.690628,-3880.259542
1780763700,2026-06-06 16:35:00,60488.4,60560.6,60474.0,60559.5,1.375765,1.518972,-0.143207,-3880.402749
1780764000,2026-06-06 16:40:00,60559.5,60733.4,60559.5,60733.3,0.743373,1.189007,-0.445635,-3880.848384
1780764300,2026-06-06 16:45:00,60733.3,60826.7,60703.0,60819.2,1.661184,0.288461,1.372723,-3879.475661
1780764600,2026-06-06 16:50:00,60819.2,60832.4,60779.8,60788.8,1.200501,0.482634,0.717867,-3878.757793
1780764900,2026-06-06 16:55:00,60787.3,60787.3,60673.6,60758.3,1.598635,0.251815,1.346820,-3877.410973
1780765200,2026-06-06 17:00:00,60759.5,60814.5,60702.2,60739.4,10.546466,3.589458,6.957008,-3870.453965
1780765500,2026-06-06 17:05:00,60767.5,60767.5,60600.2,60600.2,1.414092,0.251539,1.162553,-3869.291412
1780765800,2026-06-06 17:10:00,60602.5,60725.3,60590.9,60700.5,0.963887,1.544770,-0.580884,-3869.872296
1780766100,2026-06-06 17:15:00,60700.4,60728.3,60656.1,60689.3,1.047030,0.560759,0.486271,-3869.386025
1780766400,2026-06-06 17:20:00,60689.4,60733.5,60555.0,60583.5,1.379925,4.316494,-2.936570,-3872.322595
1780766700,2026-06-06 17:25:00,60591.7,60665.6,60591.7,60652.1,0.944456,0.187224,0.757232,-3871.565362
1780767000,2026-06-06 17:30:00,60652.1,60754.7,60647.9,60754.7,1.182248,0.074945,1.107303,-3870.458060
1780767300,2026-06-06 17:35:00,60758.3,60772.2,60585.8,60613.2,1.649989,1.754738,-0.104749,-3870.562808
1780767600,2026-06-06 17:40:00,60613.7,60682.7,60575.8,60682.7,2.193927,0.407124,1.786803,-3868.776005
1780767900,2026-06-06 17:45:00,60682.0,60709.1,60540.0,60576.9,0.885850,1.064432,-0.178582,-3868.954587
1780768200,2026-06-06 17:50:00,60576.9,60621.9,60542.2,60576.8,1.389181,0.239872,1.149309,-3867.805278
1780768500,2026-06-06 17:55:00,60567.5,60576.8,60495.0,60558.3,0.628723,0.532865,0.095858,-3867.709420
1780768800,2026-06-06 18:00:00,60558.3,60592.8,60528.6,60555.9,0.939169,0.368426,0.570743,-3867.138677
1780769100,2026-06-06 18:05:00,60550.2,60550.2,60442.9,60442.9,0.480154,6.242638,-5.762484,-3872.901161
1780769400,2026-06-06 18:10:00,60443.8,60593.3,60435.6,60468.4,0.690036,0.894096,-0.204061,-3873.105222
1780769700,2026-06-06 18:15:00,60462.6,60471.4,60377.5,60423.6,2.043890,2.291158,-0.247268,-3873.352490
1780770000,2026-06-06 18:20:00,60423.7,60516.0,60423.7,60497.7,0.432786,0.127179,0.305607,-3873.046883
1780770300,2026-06-06 18:25:00,60490.6,60716.8,60490.5,60674.7,0.900726,0.090587,0.810139,-3872.236744
1780770600,2026-06-06 18:30:00,60669.5,60671.6,60513.2,60560.0,2.577049,0.522505,2.054545,-3870.182199
1780770900,2026-06-06 18:35:00,60555.5,60635.0,60513.1,60635.0,0.475614,0.131949,0.343665,-3869.838534
1780771200,2026-06-06 18:40:00,60624.9,60627.7,60554.2,60583.2,0.539698,0.278894,0.260803,-3869.577731
1780771500,2026-06-06 18:45:00,60581.8,60595.2,60503.4,60503.4,0.577047,4.410341,-3.833294,-3873.411024
1780771800,2026-06-06 18:50:00,60509.9,60604.0,60473.2,60592.8,2.412991,0.620699,1.792291,-3871.618733
1780772100,2026-06-06 18:55:00,60592.8,60653.6,60587.1,60606.1,0.496045,0.218929,0.277116,-3871.341617
1780772400,2026-06-06 19:00:00,60609.3,60615.6,60536.7,60551.3,1.031996,0.112872,0.919124,-3870.422493
1780772700,2026-06-06 19:05:00,60551.3,60737.3,60551.3,60725.9,2.119285,0.772714,1.346571,-3869.075923
1780773000,2026-06-06 19:10:00,60721.4,60748.1,60696.2,60696.2,0.293898,0.723072,-0.429174,-3869.505097
1780773300,2026-06-06 19:15:00,60696.1,60705.7,60628.3,60632.3,9.121832,0.201256,8.920576,-3860.584520
1780773600,2026-06-06 19:20:00,60633.2,60642.0,60593.9,60640.1,2.634961,0.453633,2.181329,-3858.403192
1780773900,2026-06-06 19:25:00,60640.0,60640.0,60570.6,60587.0,1.175595,1.544071,-0.368476,-3858.771668
1780774200,2026-06-06 19:30:00,60587.0,60618.9,60557.9,60595.1,0.756791,0.326213,0.430578,-3858.341090
1780774500,2026-06-06 19:35:00,60600.3,60609.5,60485.1,60544.1,30.754455,101.956175,-71.201720,-3929.542810
1780774800,2026-06-06 19:40:00,60544.2,60600.6,60533.8,60590.1,1.453985,0.766414,0.687571,-3928.855239
1780775100,2026-06-06 19:45:00,60597.6,60642.0,60576.7,60591.2,0.959990,1.917253,-0.957263,-3929.812503
1780775400,2026-06-06 19:50:00,60588.5,60625.4,60574.2,60593.2,1.970070,0.215758,1.754313,-3928.058190
1780775700,2026-06-06 19:55:00,60600.4,60642.0,60570.0,60575.3,3.478490,3.354475,0.124015,-3927.934175
1780776000,2026-06-06 20:00:00,60574.1,60611.7,60500.0,60515.9,18.839671,0.648915,18.190756,-3909.743419
1780776300,2026-06-06 20:05:00,60515.0,60567.3,60503.9,60552.2,0.334290,0.314109,0.020181,-3909.723238
1780776600,2026-06-06 20:10:00,60552.1,60592.3,60520.2,60551.7,0.371010,1.225631,-0.854621,-3910.577860
1780776900,2026-06-06 20:15:00,60551.7,60616.9,60514.6,60553.3,0.858183,0.186273,0.671910,-3909.905950
1780777200,2026-06-06 20:20:00,60553.3,60604.5,60534.3,60577.3,0.338909,0.221056,0.117853,-3909.788097
1780777500,2026-06-06 20:25:00,60580.1,60608.4,60541.8,60566.3,0.651506,0.824409,-0.172902,-3909.960999
1780777800,2026-06-06 20:30:00,60570.5,60675.7,60556.7,60663.0,3.387261,0.395690,2.991572,-3906.969427
1780778100,2026-06-06 20:35:00,60665.6,60672.7,60620.9,60646.6,1.067218,0.055345,1.011872,-3905.957555
1780778400,2026-06-06 20:40:00,60646.0,60713.7,60601.7,60710.1,8.672442,0.494855,8.177587,-3897.779968
1780778700,2026-06-06 20:45:00,60704.7,60719.7,60607.4,60648.4,0.771431,8.621879,-7.850448,-3905.630416
1780779000,2026-06-06 20:50:00,60648.4,60711.3,60648.3,60666.7,1.174099,0.210583,0.963516,-3904.666901
1780779300,2026-06-06 20:55:00,60665.5,60707.6,60648.3,60682.6,4.749240,2.308064,2.441176,-3902.225725
1780779600,2026-06-06 21:00:00,60681.1,60725.5,60680.7,60688.2,2.195712,0.061702,2.134010,-3900.091715
1780779900,2026-06-06 21:05:00,60693.6,60731.9,60693.5,60712.2,0.980485,0.153486,0.826999,-3899.264715
1780780200,2026-06-06 21:10:00,60713.2,60857.6,60713.2,60812.9,7.901576,0.080546,7.821030,-3891.443686
1780780500,2026-06-06 21:15:00,60829.9,60857.6,60802.7,60844.5,0.462349,0.037119,0.425231,-3891.018455
1780780800,2026-06-06 21:20:00,60844.4,60916.0,60843.1,60873.3,1.519889,1.513611,0.006278,-3891.012177
1780781100,2026-06-06 21:25:00,60878.7,60878.7,60844.5,60875.8,0.765882,1.030946,-0.265064,-3891.277241
1780781400,2026-06-06 21:30:00,60869.0,60959.9,60865.2,60959.9,2.242101,0.229348,2.012752,-3889.264489
1780781700,2026-06-06 21:35:00,60959.9,60959.9,60773.3,60773.4,0.602577,1.833403,-1.230826,-3890.495314
1780782000,2026-06-06 21:40:00,60773.4,60842.4,60773.4,60799.9,5.954688,1.154889,4.799799,-3885.695516
1780782300,2026-06-06 21:45:00,60800.0,60838.4,60739.0,60832.3,0.184995,0.849174,-0.664179,-3886.359694
1780782600,2026-06-06 21:50:00,60835.3,60844.2,60800.1,60800.1,0.324923,0.467917,-0.142994,-3886.502688
1780782900,2026-06-06 21:55:00,60800.1,60800.1,60722.2,60725.2,1.621127,0.480418,1.140709,-3885.361979
1780783200,2026-06-06 22:00:00,60725.2,60786.6,60600.0,60648.0,1.086221,1.783480,-0.697258,-3886.059237
1780783500,2026-06-06 22:05:00,60648.0,60655.1,60573.6,60577.8,1.010920,1.692733,-0.681813,-3886.741050
1780783800,2026-06-06 22:10:00,60577.8,60631.5,60577.8,60595.1,0.864586,0.260595,0.603991,-3886.137059
1780784100,2026-06-06 22:15:00,60595.1,60747.1,60595.0,60696.4,1.434422,0.773296,0.661126,-3885.475933
1780784400,2026-06-06 22:20:00,60716.4,60716.4,60493.6,60493.6,0.580377,7.285804,-6.705427,-3892.181360
1780784700,2026-06-06 22:25:00,60493.6,60522.1,60421.1,60438.1,3.121949,3.534357,-0.412408,-3892.593769
1780785000,2026-06-06 22:30:00,60441.3,60538.6,60413.1,60489.6,4.724249,0.360208,4.364040,-3888.229728
1780785300,2026-06-06 22:35:00,60489.2,60575.6,60489.2,60522.1,0.406053,0.103097,0.302956,-3887.926772
1780785600,2026-06-06 22:40:00,60522.2,60579.3,60510.9,60556.1,0.440294,2.121104,-1.680809,-3889.607581
1780785900,2026-06-06 22:45:00,60558.6,60624.9,60558.6,60624.9,0.585648,0.110046,0.475602,-3889.131979
1780786200,2026-06-06 22:50:00,60624.9,60674.9,60614.4,60674.9,0.603380,1.026774,-0.423394,-3889.555374
1780786500,2026-06-06 22:55:00,60684.5,60684.5,60529.6,60529.6,0.311739,1.714219,-1.402480,-3890.957854
1780786800,2026-06-06 23:00:00,60525.1,60685.5,60515.4,60655.6,0.434328,0.285468,0.148860,-3890.808994
1780787100,2026-06-06 23:05:00,60657.4,60690.0,60655.4,60689.9,0.225747,0.076463,0.149284,-3890.659709
1780787400,2026-06-06 23:10:00,60688.3,60737.8,60672.7,60686.7,1.306195,0.879268,0.426928,-3890.232781
1780787700,2026-06-06 23:15:00,60686.6,60709.0,60624.5,60626.1,1.027398,0.542771,0.484627,-3889.748154
1780788000,2026-06-06 23:20:00,60626.0,60674.9,60593.3,60593.3,0.517563,0.097017,0.420546,-3889.327608
1780788300,2026-06-06 23:25:00,60593.3,60682.8,60565.7,60682.8,0.435127,0.123195,0.311932,-3889.015676
1780788600,2026-06-06 23:30:00,60683.2,60712.8,60657.4,60707.3,0.350121,0.062359,0.287762,-3888.727914
1780788900,2026-06-06 23:35:00,60710.7,60791.9,60700.3,60791.8,1.637103,1.525334,0.111768,-3888.616146
1780789200,2026-06-06 23:40:00,60791.9,60876.9,60779.0,60826.1,5.124495,1.056102,4.068393,-3884.547754
1780789500,2026-06-06 23:45:00,60830.7,60838.5,60787.1,60825.1,0.242558,0.160288,0.082270,-3884.465483
1780789800,2026-06-06 23:50:00,60829.3,60849.3,60787.9,60849.3,3.622873,0.225014,3.397859,-3881.067624
1780790100,2026-06-06 23:55:00,60849.3,60894.1,60849.0,60855.7,0.477891,0.089241,0.388650,-3880.678975
1780790400,2026-06-07 00:00:00,60858.0,60894.1,60830.2,60894.1,2.072007,2.466702,-0.394695,-3881.073670
1780790700,2026-06-07 00:05:00,60894.1,60894.1,60799.9,60834.4,0.280956,1.398554,-1.117598,-3882.191267
1780791000,2026-06-07 00:10:00,60834.3,60834.3,60763.7,60793.5,0.523593,0.877350,-0.353758,-3882.545025
1780791300,2026-06-07 00:15:00,60791.9,60857.2,60780.1,60857.2,0.523668,0.339083,0.184585,-3882.360440
1780791600,2026-06-07 00:20:00,60851.3,60851.3,60779.9,60803.1,0.248360,0.855073,-0.606713,-3882.967153
1780791900,2026-06-07 00:25:00,60803.0,60803.1,60743.9,60798.9,1.492676,0.091251,1.401424,-3881.565728
1780792200,2026-06-07 00:30:00,60798.9,60937.9,60798.9,60906.0,0.600684,1.615548,-1.014864,-3882.580592
1780792500,2026-06-07 00:35:00,60906.0,60924.9,60878.0,60904.2,0.812022,0.051014,0.761008,-3881.819584
1780792800,2026-06-07 00:40:00,60898.7,60898.7,60780.0,60780.0,0.170592,0.271145,-0.100553,-3881.920138
1780793100,2026-06-07 00:45:00,60780.0,60783.9,60714.4,60760.8,0.430799,1.272653,-0.841854,-3882.761992
1780793400,2026-06-07 00:50:00,60753.0,60773.7,60752.9,60773.7,0.560132,0.060438,0.499694,-3882.262298
1780793700,2026-06-07 00:55:00,60773.7,60786.0,60744.8,60757.4,0.586455,0.089430,0.497025,-3881.765273
1780794000,2026-06-07 01:00:00,60757.4,61131.6,60734.9,61029.0,18.962907,0.618127,18.344780,-3863.420493
1780794300,2026-06-07 01:05:00,61033.4,61367.7,60945.9,61276.5,24.755840,1.051062,23.704777,-3839.715715
1780794600,2026-06-07 01:10:00,61294.3,61368.2,61230.8,61300.0,1.399699,2.602601,-1.202902,-3840.918617
1780794900,2026-06-07 01:15:00,61298.2,61603.5,61234.9,61484.8,16.649881,2.620511,14.029370,-3826.889247
1780795200,2026-06-07 01:20:00,61483.6,61560.0,61321.2,61454.4,0.753196,3.134274,-2.381078,-3829.270325
1780795500,2026-06-07 01:25:00,61454.5,61603.5,61452.0,61603.5,12.536566,2.683796,9.852770,-3819.417555
1780795800,2026-06-07 01:30:00,61603.5,61603.5,61454.4,61525.0,3.669928,6.234995,-2.565067,-3821.982622
1780796100,2026-06-07 01:35:00,61525.0,61573.8,61406.4,61423.3,3.769272,5.386493,-1.617221,-3823.599844
1780796400,2026-06-07 01:40:00,61413.1,61440.0,61368.4,61408.5,0.479645,18.819870,-18.340225,-3841.940069
1780796700,2026-06-07 01:45:00,61408.5,61548.4,61335.4,61444.0,14.563913,19.406990,-4.843078,-3846.783146
1780797000,2026-06-07 01:50:00,61433.8,61433.8,61370.8,61397.9,0.890640,0.220748,0.669892,-3846.113254
1780797300,2026-06-07 01:55:00,61400.0,61491.7,61391.5,61455.8,12.061417,1.287453,10.773964,-3835.339290
1780797600,2026-06-07 02:00:00,61455.8,61500.0,61410.1,61441.0,1.272961,0.280229,0.992732,-3834.346559
1780797900,2026-06-07 02:05:00,61438.6,61511.4,61438.6,61507.8,0.822097,0.086751,0.735346,-3833.611213
1780798200,2026-06-07 02:10:00,61507.8,61507.8,61385.8,61385.8,0.316563,5.223184,-4.906620,-3838.517833
1780798500,2026-06-07 02:15:00,61385.9,61385.9,61257.3,61277.8,0.699859,3.678459,-2.978600,-3841.496434
1780798800,2026-06-07 02:20:00,61277.7,61341.7,61172.5,61284.3,13.604486,2.154845,11.449641,-3830.046793
1780799100,2026-06-07 02:25:00,61283.6,61283.6,61172.4,61228.0,0.417268,0.094229,0.323039,-3829.723754
1780799400,2026-06-07 02:30:00,61228.0,61278.8,61186.5,61263.0,0.501361,2.585979,-2.084617,-3831.808372
1780799700,2026-06-07 02:35:00,61263.0,61290.1,61176.3,61271.4,3.267858,0.316337,2.951522,-3828.856850
1780800000,2026-06-07 02:40:00,61271.4,61293.6,61223.8,61293.6,0.618586,0.435433,0.183153,-3828.673697
1780800300,2026-06-07 02:45:00,61288.8,61494.8,61288.8,61479.4,2.514888,0.088823,2.426065,-3826.247632
1780800600,2026-06-07 02:50:00,61472.6,61538.7,61379.6,61489.9,1.539109,0.657006,0.882103,-3825.365529
1780800900,2026-06-07 02:55:00,61489.9,61519.0,61488.2,61488.3,1.325016,0.837825,0.487191,-3824.878338
1780801200,2026-06-07 03:00:00,61488.3,61488.3,61396.5,61424.0,0.663368,7.195716,-6.532348,-3831.410686
1780801500,2026-06-07 03:05:00,61424.0,61491.7,61416.5,61456.1,3.278583,0.392344,2.886239,-3828.524446
1780801800,2026-06-07 03:10:00,61456.2,61499.9,61433.2,61499.9,0.422412,3.397124,-2.974712,-3831.499159
1780802100,2026-06-07 03:15:00,61499.8,61725.4,61475.5,61725.4,33.402010,0.390328,33.011681,-3798.487478
1780802400,2026-06-07 03:20:00,61725.4,61725.4,61560.0,61604.1,1.255927,0.560971,0.694956,-3797.792521
1780802700,2026-06-07 03:25:00,61604.1,61651.1,61534.1,61631.5,0.494637,0.091101,0.403536,-3797.388985
1780803000,2026-06-07 03:30:00,61633.1,61655.7,61580.4,61591.0,0.998978,0.331282,0.667697,-3796.721288
1780803300,2026-06-07 03:35:00,61591.0,61617.7,61543.2,61557.8,0.539404,0.726731,-0.187327,-3796.908615
1780803600,2026-06-07 03:40:00,61555.0,61643.9,61534.0,61643.3,0.640966,0.047156,0.593810,-3796.314805
1780803900,2026-06-07 03:45:00,61637.7,61637.7,61553.8,61601.1,0.245276,0.248819,-0.003543,-3796.318348
1780804200,2026-06-07 03:50:00,61601.0,61618.8,61593.7,61606.8,0.062783,0.072132,-0.009349,-3796.327697
1780804500,2026-06-07 03:55:00,61606.7,61714.3,61602.6,61678.4,19.349850,4.276455,15.073395,-3781.254302
1780804800,2026-06-07 04:00:00,61678.4,61678.5,61534.0,61584.6,1.367549,0.937673,0.429875,-3780.824427
1780805100,2026-06-07 04:05:00,61584.7,61615.5,61562.6,61575.1,1.359973,0.175427,1.184545,-3779.639882
1780805400,2026-06-07 04:10:00,61575.0,61575.1,61500.1,61517.2,0.079973,1.727016,-1.647044,-3781.286925
1780805700,2026-06-07 04:15:00,61517.1,61610.9,61517.1,61607.6,1.659267,7.668838,-6.009571,-3787.296496
1780806000,2026-06-07 04:20:00,61607.5,61607.5,61518.8,61519.6,0.132195,0.486677,-0.354482,-3787.650978
1780806300,2026-06-07 04:25:00,61518.9,61540.6,61469.1,61540.6,1.463349,1.142657,0.320692,-3787.330286
1780806600,2026-06-07 04:30:00,61540.5,61603.0,61529.0,61603.0,0.281062,0.086449,0.194613,-3787.135673
1780806900,2026-06-07 04:35:00,61623.2,61673.6,61623.2,61673.6,0.163439,0.130614,0.032825,-3787.102848
1780807200,2026-06-07 04:40:00,61673.6,61800.0,61673.5,61697.9,2.248665,8.412440,-6.163775,-3793.266623
1780807500,2026-06-07 04:45:00,61697.9,61792.6,61673.6,61785.3,2.061272,0.243959,1.817313,-3791.449309
1780807800,2026-06-07 04:50:00,61785.3,61814.4,61765.5,61814.3,6.004010,0.231607,5.772403,-3785.676906
1780808100,2026-06-07 04:55:00,61814.3,61868.3,61814.3,61863.1,0.561963,0.417748,0.144215,-3785.532691
1780808400,2026-06-07 05:00:00,61863.1,61863.1,61782.6,61787.1,0.407706,4.484327,-4.076621,-3789.609312
1780808700,2026-06-07 05:05:00,61787.0,61834.4,61764.8,61791.0,1.434902,0.860790,0.574112,-3789.035200
1780809000,2026-06-07 05:10:00,61790.9,61967.4,61768.6,61868.6,27.101861,0.550355,26.551506,-3762.483694
1780809300,2026-06-07 05:15:00,61868.6,62301.1,61780.0,61980.5,29.505052,8.729563,20.775489,-3741.708205
1780809600,2026-06-07 05:20:00,61965.8,61965.9,61789.1,61889.2,1.065581,0.445457,0.620124,-3741.088081
1780809900,2026-06-07 05:25:00,61889.2,61920.4,61715.6,61724.1,14.484344,5.937355,8.546989,-3732.541092
1780810200,2026-06-07 05:30:00,61724.1,61759.7,61629.7,61714.7,0.577978,3.448858,-2.870880,-3735.411972
1780810500,2026-06-07 05:35:00,61714.7,61812.1,61712.1,61812.1,1.771710,23.033395,-21.261685,-3756.673657
1780810800,2026-06-07 05:40:00,61827.0,61835.8,61771.7,61835.8,14.045194,0.262348,13.782846,-3742.890810
1780811100,2026-06-07 05:45:00,61835.7,61835.7,61738.5,61747.8,0.697246,2.333073,-1.635828,-3744.526638
1780811400,2026-06-07 05:50:00,61735.3,61750.0,61681.8,61723.6,0.389935,2.259478,-1.869542,-3746.396181
1780811700,2026-06-07 05:55:00,61723.5,61740.0,61700.1,61734.8,3.038852,0.147075,2.891777,-3743.504404
1780812000,2026-06-07 06:00:00,61731.5,61733.3,61607.0,61607.1,0.325802,0.550157,-0.224355,-3743.728758
1780812300,2026-06-07 06:05:00,61607.1,61696.2,61607.1,61680.4,0.321941,1.323052,-1.001111,-3744.729870
1780812600,2026-06-07 06:10:00,61680.4,61699.2,61660.0,61660.1,0.425027,0.711860,-0.286833,-3745.016702
1780812900,2026-06-07 06:15:00,61660.1,61819.1,61630.5,61819.1,4.168214,0.536653,3.631561,-3741.385141
1780813200,2026-06-07 06:20:00,61818.0,61848.7,61761.1,61848.7,0.401484,0.167206,0.234278,-3741.150864
1780813500,2026-06-07 06:25:00,61852.9,61974.4,61776.3,61950.6,1.131717,0.516478,0.615239,-3740.535625
1780813800,2026-06-07 06:30:00,61947.9,62101.7,61943.3,62101.7,28.591203,0.177072,28.414131,-3712.121494
1780814100,2026-06-07 06:35:00,62104.3,62248.7,62070.1,62151.4,39.362703,1.562056,37.800646,-3674.320848
1780814400,2026-06-07 06:40:00,62177.7,62204.2,62096.5,62167.9,0.501267,0.163427,0.337840,-3673.983007
1780814700,2026-06-07 06:45:00,62168.0,62209.3,62071.9,62090.0,1.237305,1.360852,-0.123548,-3674.106555
1780815000,2026-06-07 06:50:00,62090.0,62149.5,62007.3,62041.8,2.103946,1.500869,0.603077,-3673.503478
1780815300,2026-06-07 06:55:00,62041.7,62140.9,62023.0,62082.8,0.426256,1.693764,-1.267508,-3674.770986
1780815600,2026-06-07 07:00:00,62079.6,62168.9,61991.4,62131.0,1.797868,44.607006,-42.809138,-3717.580124
1780815900,2026-06-07 07:05:00,62129.0,62214.9,62102.5,62167.2,6.318531,1.699476,4.619055,-3712.961068
1780816200,2026-06-07 07:10:00,62163.0,62163.0,62090.0,62107.4,0.229267,1.294750,-1.065483,-3714.026551
1780816500,2026-06-07 07:15:00,62107.4,62174.8,62052.9,62101.7,1.415290,0.218857,1.196433,-3712.830118
1780816800,2026-06-07 07:20:00,62112.4,62170.5,62068.8,62170.5,3.817229,0.034364,3.782865,-3709.047253
1780817100,2026-06-07 07:25:00,62170.5,62228.2,62170.2,62206.3,2.083543,0.776056,1.307486,-3707.739767
1780817400,2026-06-07 07:30:00,62208.5,62243.8,62204.3,62216.2,6.131292,1.788094,4.343197,-3703.396569
1780817700,2026-06-07 07:35:00,62204.4,62234.9,62202.7,62213.0,2.664187,0.501075,2.163112,-3701.233457
1780818000,2026-06-07 07:40:00,62213.0,62221.5,62179.2,62204.2,0.253117,1.248361,-0.995245,-3702.228702
1780818300,2026-06-07 07:45:00,62204.7,62227.3,62177.6,62205.1,1.149850,0.434113,0.715737,-3701.512965
1780818600,2026-06-07 07:50:00,62205.1,62295.2,62197.4,62286.8,2.717439,0.131839,2.585599,-3698.927366
1780818900,2026-06-07 07:55:00,62291.1,62395.6,62255.1,62381.1,7.964974,1.559347,6.405626,-3692.521739
1780819200,2026-06-07 08:00:00,62384.0,62436.4,62342.2,62348.6,4.560593,34.835457,-30.274863,-3722.796602
1780819500,2026-06-07 08:05:00,62348.1,62348.1,62246.4,62344.2,1.845993,10.644031,-8.798038,-3731.594640
1780819800,2026-06-07 08:10:00,62344.3,62364.7,62295.4,62362.3,0.854455,0.174956,0.679499,-3730.915141
1780820100,2026-06-07 08:15:00,62358.5,62378.6,62282.1,62378.6,0.304843,1.139729,-0.834886,-3731.750027
1780820400,2026-06-07 08:20:00,62378.6,62450.0,62329.9,62425.7,0.846308,0.311358,0.534951,-3731.215076
1780820700,2026-06-07 08:25:00,62425.7,62551.5,62413.7,62514.6,9.324315,5.412285,3.912031,-3727.303046
1780821000,2026-06-07 08:30:00,62514.6,62521.9,62448.2,62468.4,3.266362,8.593305,-5.326943,-3732.629989
1780821300,2026-06-07 08:35:00,62468.3,62640.8,62453.1,62536.8,1.815672,1.200448,0.615224,-3732.014765
1780821600,2026-06-07 08:40:00,62536.7,62537.7,62387.7,62534.4,1.791352,0.538240,1.253112,-3730.761653
1780821900,2026-06-07 08:45:00,62534.4,62914.4,62534.4,62745.2,33.331747,7.497867,25.833880,-3704.927773
1780822200,2026-06-07 08:50:00,62742.8,62828.3,62720.4,62819.2,9.699197,1.458404,8.240793,-3696.686980
1780822500,2026-06-07 08:55:00,62821.4,62863.9,62752.8,62829.5,4.040539,1.034132,3.006407,-3693.680573
1780822800,2026-06-07 09:00:00,62829.5,62850.6,62761.2,62817.4,0.867051,0.736045,0.131006,-3693.549567
1780823100,2026-06-07 09:05:00,62808.0,62875.3,62767.3,62777.2,3.536557,3.381915,0.154643,-3693.394925
1780823400,2026-06-07 09:10:00,62777.2,62817.5,62704.1,62800.7,1.654860,2.958273,-1.303413,-3694.698338
1780823700,2026-06-07 09:15:00,62803.0,62856.9,62740.5,62764.4,9.036489,1.430539,7.605950,-3687.092388
1780824000,2026-06-07 09:20:00,62764.5,62764.5,62594.8,62624.9,1.683816,5.663446,-3.979630,-3691.072018
1780824300,2026-06-07 09:25:00,62625.0,62649.9,62589.9,62649.9,1.829654,0.898241,0.931413,-3690.140605
1780824600,2026-06-07 09:30:00,62650.0,62650.0,62530.5,62530.6,1.538982,3.220609,-1.681626,-3691.822231
1780824900,2026-06-07 09:35:00,62530.6,62577.6,62489.9,62570.8,9.721365,3.746557,5.974808,-3685.847423
1780825200,2026-06-07 09:40:00,62564.3,62564.3,62493.3,62500.1,1.296274,1.359973,-0.063699,-3685.911122
1780825500,2026-06-07 09:45:00,62520.1,62524.8,62388.1,62417.9,0.272811,1.697949,-1.425138,-3687.336260
1780825800,2026-06-07 09:50:00,62434.6,62599.0,62434.6,62545.0,1.848626,0.325886,1.522740,-3685.813520
1780826100,2026-06-07 09:55:00,62545.0,62545.0,62500.0,62510.3,1.924930,0.585342,1.339588,-3684.473932
1780826400,2026-06-07 10:00:00,62514.9,62545.0,62364.6,62427.0,0.453345,0.633119,-0.179775,-3684.653707
1780826700,2026-06-07 10:05:00,62426.9,62426.9,62382.0,62385.9,2.253088,14.668660,-12.415572,-3697.069278
1780827000,2026-06-07 10:10:00,62385.9,62438.2,62366.0,62366.0,20.147482,0.425530,19.721952,-3677.347326
1780827300,2026-06-07 10:15:00,62372.2,62449.0,62372.2,62391.2,0.171316,0.050603,0.120713,-3677.226613
1780827600,2026-06-07 10:20:00,62385.1,62519.5,62385.0,62519.5,1.272434,0.089431,1.183003,-3676.043610
1780827900,2026-06-07 10:25:00,62523.9,62529.0,62456.0,62480.2,0.167483,0.105729,0.061754,-3675.981856
1780828200,2026-06-07 10:30:00,62485.3,62519.4,62363.8,62431.9,2.674044,7.666767,-4.992723,-3680.974579
1780828500,2026-06-07 10:35:00,62433.0,62465.3,62320.9,62347.9,1.543178,1.115136,0.428042,-3680.546537
1780828800,2026-06-07 10:40:00,62347.9,62348.0,62300.0,62341.1,0.367118,0.157447,0.209672,-3680.336865
1780829100,2026-06-07 10:45:00,62341.0,62382.0,62298.4,62382.0,0.697100,0.329843,0.367257,-3679.969608
1780829400,2026-06-07 10:50:00,62401.9,62401.9,62304.1,62353.2,0.437517,0.172445,0.265072,-3679.704537
1780829700,2026-06-07 10:55:00,62353.2,62437.5,62338.2,62361.8,0.332300,0.200343,0.131957,-3679.572579
1780830000,2026-06-07 11:00:00,62359.0,62424.1,62345.3,62352.5,0.694678,0.608728,0.085950,-3679.486629
1780830300,2026-06-07 11:05:00,62352.5,62486.2,62352.5,62486.2,0.493290,0.249337,0.243953,-3679.242675
1780830600,2026-06-07 11:10:00,62486.2,62508.6,62411.8,62443.4,1.295624,0.271064,1.024560,-3678.218115
1780830900,2026-06-07 11:15:00,62443.4,62506.8,62407.5,62453.3,5.734735,0.801856,4.932879,-3673.285236
1780831200,2026-06-07 11:20:00,62446.3,62536.5,62440.0,62534.4,5.216478,0.120290,5.096188,-3668.189049
1780831500,2026-06-07 11:25:00,62534.4,62536.1,62500.8,62529.9,0.584095,4.608806,-4.024711,-3672.213760
1780831800,2026-06-07 11:30:00,62518.0,62536.9,62443.1,62457.0,0.348268,3.632823,-3.284555,-3675.498315
1780832100,2026-06-07 11:35:00,62457.1,62636.2,62457.1,62626.5,1.817493,0.099288,1.718205,-3673.780110
1780832400,2026-06-07 11:40:00,62625.7,62656.5,62617.2,62652.7,0.609049,0.993834,-0.384785,-3674.164895
1780832700,2026-06-07 11:45:00,62653.8,62725.9,62653.8,62725.8,2.712248,3.515670,-0.803421,-3674.968317
1780833000,2026-06-07 11:50:00,62725.8,62725.8,62566.8,62638.5,0.674989,0.889026,-0.214037,-3675.182354
1780833300,2026-06-07 11:55:00,62638.6,62638.6,62542.2,62615.0,23.258474,0.571635,22.686839,-3652.495514
1780833600,2026-06-07 12:00:00,62615.1,62621.0,62541.7,62615.9,0.815920,0.703862,0.112057,-3652.383457
1780833900,2026-06-07 12:05:00,62615.8,62615.8,62368.6,62416.4,10.956697,1.722758,9.233939,-3643.149518
1780834200,2026-06-07 12:10:00,62416.5,62416.5,62024.9,62050.5,2.381470,28.555327,-26.173856,-3669.323374
1780834500,2026-06-07 12:15:00,62061.1,62229.2,61902.8,61978.5,14.560523,11.893322,2.667201,-3666.656173
1780834800,2026-06-07 12:20:00,61978.5,62129.8,61922.6,61955.1,7.765215,7.129612,0.635604,-3666.020569
1780835100,2026-06-07 12:25:00,61955.1,61998.1,61903.6,61928.6,0.511273,5.966277,-5.455004,-3671.475573
1780835400,2026-06-07 12:30:00,61928.7,61937.3,61651.4,61756.2,1.783203,53.509859,-51.726657,-3723.202230
1780835700,2026-06-07 12:35:00,61765.9,61893.8,61758.5,61867.1,2.535533,0.538555,1.996978,-3721.205252
1780836000,2026-06-07 12:40:00,61867.2,61891.1,61576.0,61627.5,9.379651,15.035381,-5.655730,-3726.860982
1780836300,2026-06-07 12:45:00,61627.5,61837.6,61627.5,61836.4,4.260255,0.167247,4.093009,-3722.767974
1780836600,2026-06-07 12:50:00,61836.3,61841.3,61745.5,61837.4,0.405048,10.158695,-9.753648,-3732.521621
1780836900,2026-06-07 12:55:00,61837.3,61962.9,61780.1,61870.6,1.245376,6.468324,-5.222948,-3737.744569
1780837200,2026-06-07 13:00:00,61887.0,61887.0,61761.1,61761.1,1.007204,1.754403,-0.747198,-3738.491767
1780837500,2026-06-07 13:05:00,61749.7,61783.8,61693.5,61715.7,0.725189,0.164812,0.560376,-3737.931391
1780837800,2026-06-07 13:10:00,61715.6,61757.8,61634.3,61744.6,5.592299,0.276119,5.316180,-3732.615211
1780838100,2026-06-07 13:15:00,61751.3,61786.7,61641.6,61647.9,5.805495,3.404031,2.401464,-3730.213747
1780838400,2026-06-07 13:20:00,61646.7,61720.4,61646.7,61712.7,1.447814,0.058615,1.389199,-3728.824548
1780838700,2026-06-07 13:25:00,61712.8,61836.1,61678.5,61836.1,1.158222,0.105851,1.052371,-3727.772176
1780839000,2026-06-07 13:30:00,61826.1,61876.1,61787.0,61812.4,10.134475,0.334943,9.799532,-3717.972644
1780839300,2026-06-07 13:35:00,61833.6,61833.6,61663.3,61707.7,0.902150,0.518722,0.383428,-3717.589215
1780839600,2026-06-07 13:40:00,61707.6,61734.2,61677.3,61729.1,0.430152,0.574080,-0.143928,-3717.733144
1780839900,2026-06-07 13:45:00,61729.0,61750.6,61681.4,61686.3,0.147531,0.079098,0.068433,-3717.664710
1780840200,2026-06-07 13:50:00,61686.2,61789.0,61686.2,61708.4,0.697337,1.087480,-0.390143,-3718.054853
1780840500,2026-06-07 13:55:00,61708.4,61762.5,61700.1,61700.1,0.346953,0.421778,-0.074824,-3718.129678
1780840800,2026-06-07 14:00:00,61700.1,61780.9,61686.2,61730.1,1.761177,18.838125,-17.076948,-3735.206626
1780841100,2026-06-07 14:05:00,61734.7,61784.4,61734.7,61747.2,4.531670,0.894730,3.636940,-3731.569686
1780841400,2026-06-07 14:10:00,61747.2,61803.3,61738.0,61764.1,1.216507,22.746673,-21.530166,-3753.099853
1780841700,2026-06-07 14:15:00,61764.1,61921.3,61734.8,61896.5,22.057710,0.722784,21.334926,-3731.764926
1780842000,2026-06-07 14:20:00,61901.6,62050.2,61878.5,62024.6,7.359393,0.321606,7.037787,-3724.727139
1780842300,2026-06-07 14:25:00,62024.6,62126.4,62024.5,62064.5,7.926833,0.253342,7.673491,-3717.053648
1780842600,2026-06-07 14:30:00,62059.5,62278.5,62059.5,62219.9,2.896282,1.720021,1.176260,-3715.877387
1780842900,2026-06-07 14:35:00,62216.9,62244.8,62130.1,62130.1,0.441461,3.389963,-2.948502,-3718.825889
1780843200,2026-06-07 14:40:00,62130.1,62130.1,61925.7,61966.7,1.358501,4.898745,-3.540244,-3722.366133
1780843500,2026-06-07 14:45:00,61973.4,61973.4,61755.0,61782.7,0.854023,3.780250,-2.926227,-3725.292361
1780843800,2026-06-07 14:50:00,61781.9,61895.3,61732.8,61842.0,1.200097,0.775581,0.424515,-3724.867846
1780844100,2026-06-07 14:55:00,61846.5,61895.3,61846.5,61891.1,1.887613,1.415702,0.471911,-3724.395935
1780844400,2026-06-07 15:00:00,61883.6,61883.6,61725.4,61725.5,0.328672,1.930815,-1.602143,-3725.998078
1780844700,2026-06-07 15:05:00,61725.4,61809.3,61666.2,61787.1,42.792905,7.617656,35.175250,-3690.822829
1780845000,2026-06-07 15:10:00,61787.1,61837.7,61747.4,61819.4,2.711352,0.668000,2.043352,-3688.779477
1780845300,2026-06-07 15:15:00,61815.9,61885.0,61705.3,61755.6,5.395454,0.204213,5.191241,-3683.588236
1780845600,2026-06-07 15:20:00,61755.5,61805.0,61710.3,61805.0,13.795738,0.686351,13.109388,-3670.478848
1780845900,2026-06-07 15:25:00,61805.0,61942.0,61805.0,61923.9,1.928590,0.856911,1.071679,-3669.407169
1780846200,2026-06-07 15:30:00,61939.7,62075.6,61930.8,62027.2,22.575717,2.497173,20.078544,-3649.328625
1780846500,2026-06-07 15:35:00,62031.4,62085.1,61989.8,62080.6,14.553453,0.218738,14.334716,-3634.993910
1780846800,2026-06-07 15:40:00,62080.5,62129.7,62063.3,62087.0,2.977468,0.161940,2.815529,-3632.178381
1780847100,2026-06-07 15:45:00,62087.0,62087.0,61981.7,62008.0,1.028560,1.185890,-0.157330,-3632.335711
1780847400,2026-06-07 15:50:00,62016.7,62178.9,62011.6,62060.8,0.708371,1.070776,-0.362405,-3632.698116
1780847700,2026-06-07 15:55:00,62063.7,62067.2,61972.8,62067.1,0.258500,0.688676,-0.430177,-3633.128292
1780848000,2026-06-07 16:00:00,62067.2,62093.7,61980.8,61984.5,2.616163,1.083374,1.532789,-3631.595503
1780848300,2026-06-07 16:05:00,61986.9,61996.7,61926.9,61993.0,1.273474,14.367779,-13.094305,-3644.689808
1780848600,2026-06-07 16:10:00,61993.1,62149.8,61949.9,62143.5,1.190510,0.176777,1.013734,-3643.676074
1780848900,2026-06-07 16:15:00,62135.4,62178.9,62088.4,62178.8,2.624844,1.160648,1.464196,-3642.211879
1780849200,2026-06-07 16:20:00,62178.8,62272.1,62162.9,62240.0,14.273991,2.416130,11.857861,-3630.354018
1780849500,2026-06-07 16:25:00,62240.0,62287.1,62123.2,62157.1,7.963367,4.923164,3.040203,-3627.313815
1780849800,2026-06-07 16:30:00,62157.0,62266.1,62133.7,62228.4,1.262425,1.155983,0.106443,-3627.207372
1780850100,2026-06-07 16:35:00,62238.0,62238.0,62179.2,62206.9,1.850508,0.745292,1.105216,-3626.102157
1780850400,2026-06-07 16:40:00,62206.3,62215.0,62141.7,62141.7,0.422004,0.739594,-0.317590,-3626.419746
1780850700,2026-06-07 16:45:00,62140.6,62204.2,62140.5,62180.4,1.185429,0.723133,0.462295,-3625.957451
1780851000,2026-06-07 16:50:00,62180.4,62210.0,62172.7,62176.3,1.720133,0.370484,1.349649,-3624.607802
1780851300,2026-06-07 16:55:00,62176.4,62176.4,61966.5,62050.2,0.794512,5.537146,-4.742634,-3629.350436
1780851600,2026-06-07 17:00:00,62060.9,62234.5,62027.1,62225.8,1.018885,0.641712,0.377173,-3628.973264
1780851900,2026-06-07 17:05:00,62225.9,62282.3,62160.6,62242.8,2.865981,0.684258,2.181723,-3626.791541
1780852200,2026-06-07 17:10:00,62242.8,62290.9,62209.4,62264.1,1.472687,1.108786,0.363901,-3626.427639
1780852500,2026-06-07 17:15:00,62264.1,62290.9,62237.4,62252.3,0.473297,0.750497,-0.277200,-3626.704839
1780852800,2026-06-07 17:20:00,62252.3,62292.2,62216.4,62240.2,4.837245,3.378961,1.458284,-3625.246555
1780853100,2026-06-07 17:25:00,62240.3,62249.7,62217.7,62223.3,3.452783,3.370875,0.081909,-3625.164646
1780853400,2026-06-07 17:30:00,62226.3,62264.4,62213.1,62241.9,1.164289,0.828135,0.336154,-3624.828492
1780853700,2026-06-07 17:35:00,62236.8,62289.0,62236.7,62237.4,0.222959,1.229792,-1.006833,-3625.835325
1780854000,2026-06-07 17:40:00,62235.2,62289.0,62213.0,62247.1,3.163619,0.093483,3.070135,-3622.765190
1780854300,2026-06-07 17:45:00,62247.1,62247.1,62082.9,62197.5,0.571663,4.079683,-3.508020,-3626.273210
1780854600,2026-06-07 17:50:00,62200.0,62200.0,62081.0,62140.5,2.457274,0.731324,1.725950,-3624.547259
1780854900,2026-06-07 17:55:00,62140.5,62181.7,62123.4,62134.1,0.367312,0.157286,0.210026,-3624.337233
1780855200,2026-06-07 18:00:00,62135.9,62226.0,62123.3,62132.7,0.367382,1.117589,-0.750208,-3625.087441
1780855500,2026-06-07 18:05:00,62137.7,62207.1,62137.7,62199.4,0.185534,1.882404,-1.696870,-3626.784311
1780855800,2026-06-07 18:10:00,62199.5,62274.3,62199.4,62252.7,0.211915,39.383883,-39.171968,-3665.956279
1780856100,2026-06-07 18:15:00,62247.6,62247.6,62128.6,62137.3,0.385864,2.638930,-2.253066,-3668.209346
1780856400,2026-06-07 18:20:00,62137.4,62184.8,62137.4,62179.9,0.568997,5.254202,-4.685206,-3672.894551
1780856700,2026-06-07 18:25:00,62179.9,62209.8,62173.1,62204.7,0.932180,0.258621,0.673559,-3672.220992
1780857000,2026-06-07 18:30:00,62204.8,62255.0,62198.0,62211.0,1.643170,9.645909,-8.002740,-3680.223732
1780857300,2026-06-07 18:35:00,62210.0,62230.2,62141.1,62183.8,0.170800,1.982863,-1.812064,-3682.035795
1780857600,2026-06-07 18:40:00,62183.8,62186.2,62163.4,62181.6,0.189810,0.419114,-0.229304,-3682.265099
1780857900,2026-06-07 18:45:00,62181.6,62210.0,62104.6,62104.7,3.992164,0.809349,3.182815,-3679.082284
1780858200,2026-06-07 18:50:00,62104.7,62104.7,62034.0,62085.7,0.649014,1.961150,-1.312136,-3680.394420
1780858500,2026-06-07 18:55:00,62085.8,62114.9,62000.0,62008.1,1.476239,1.765041,-0.288802,-3680.683222
1780858800,2026-06-07 19:00:00,62009.0,62009.0,61690.0,61840.4,3.913496,21.012267,-17.098771,-3697.781992
1780859100,2026-06-07 19:05:00,61840.4,61840.4,61576.1,61576.1,0.532886,46.385353,-45.852467,-3743.634459
1780859400,2026-06-07 19:10:00,61576.0,61734.0,61576.0,61632.3,1.234811,1.143473,0.091339,-3743.543120
1780859700,2026-06-07 19:15:00,61632.2,61632.2,61254.5,61263.0,1.088264,14.209668,-13.121404,-3756.664524
1780860000,2026-06-07 19:20:00,61268.3,61489.2,61268.3,61456.1,1.086531,2.876408,-1.789877,-3758.454400
1780860300,2026-06-07 19:25:00,61463.7,61468.6,61287.4,61468.4,1.507297,3.817515,-2.310218,-3760.764618
1780860600,2026-06-07 19:30:00,61468.5,61469.0,61327.4,61340.2,2.979721,9.687886,-6.708165,-3767.472783
1780860900,2026-06-07 19:35:00,61328.5,61340.1,61268.1,61268.2,0.495440,2.466395,-1.970956,-3769.443739
1780861200,2026-06-07 19:40:00,61270.1,61316.9,61183.6,61183.6,3.784130,5.728449,-1.944318,-3771.388057
1780861500,2026-06-07 19:45:00,61183.7,61421.7,61135.7,61412.9,11.772481,8.228118,3.544363,-3767.843694
1780861800,2026-06-07 19:50:00,61405.8,61428.4,61280.5,61288.6,4.472327,10.368995,-5.896668,-3773.740362
1780862100,2026-06-07 19:55:00,61299.3,61332.7,61255.3,61305.5,55.454315,1.615847,53.838468,-3719.901894
1780862400,2026-06-07 20:00:00,61305.5,61478.3,61200.2,61476.9,0.891317,5.665573,-4.774256,-3724.676150
1780862700,2026-06-07 20:05:00,61478.0,61547.9,61447.4,61547.9,4.214255,3.147483,1.066772,-3723.609378
1780863000,2026-06-07 20:10:00,61555.2,61671.3,61532.8,61561.5,3.443861,4.768910,-1.325049,-3724.934426
1780863300,2026-06-07 20:15:00,61561.5,61572.1,61451.1,61554.8,2.460210,2.088821,0.371389,-3724.563037
1780863600,2026-06-07 20:20:00,61564.7,61843.9,61564.7,61742.5,2.978039,6.090625,-3.112586,-3727.675623
1780863900,2026-06-07 20:25:00,61745.7,61790.0,61684.7,61729.7,0.213909,1.789961,-1.576052,-3729.251675
1780864200,2026-06-07 20:30:00,61729.7,61797.3,61719.7,61780.5,1.510477,0.152740,1.357737,-3727.893938
1780864500,2026-06-07 20:35:00,61780.5,61805.0,61692.4,61715.0,10.484663,1.029340,9.455323,-3718.438615
1780864800,2026-06-07 20:40:00,61715.0,61772.0,61683.1,61760.7,0.215626,0.195165,0.020461,-3718.418154
1780865100,2026-06-07 20:45:00,61760.9,61813.5,61739.0,61811.7,6.011529,1.630691,4.380838,-3714.037315
1780865400,2026-06-07 20:50:00,61811.7,61925.7,61794.8,61819.4,1.540661,0.790454,0.750206,-3713.287109
1780865700,2026-06-07 20:55:00,61827.2,61918.8,61822.6,61867.4,0.386497,0.965347,-0.578850,-3713.865959
1780866000,2026-06-07 21:00:00,61845.7,61894.6,61689.8,61696.0,1.111209,0.267800,0.843409,-3713.022550
1780866300,2026-06-07 21:05:00,61695.9,61761.7,61683.0,61712.5,0.281549,1.370675,-1.089126,-3714.111676
1780866600,2026-06-07 21:10:00,61734.9,61964.1,61734.9,61935.0,1.905190,0.102034,1.803155,-3712.308521
1780866900,2026-06-07 21:15:00,61930.0,61966.5,61834.0,61838.7,1.123427,0.946503,0.176925,-3712.131596
1780867200,2026-06-07 21:20:00,61835.1,61835.1,61700.0,61768.5,0.348950,0.849482,-0.500532,-3712.632128
1780867500,2026-06-07 21:25:00,61768.5,61837.7,61747.3,61761.8,0.232082,0.627328,-0.395247,-3713.027374
1780867800,2026-06-07 21:30:00,61756.9,61809.8,61701.8,61702.1,0.237744,2.309880,-2.072136,-3715.099510
1780868100,2026-06-07 21:35:00,61700.3,61801.3,61664.8,61782.9,8.371305,2.735050,5.636255,-3709.463255
1780868400,2026-06-07 21:40:00,61791.7,61796.0,61670.2,61683.8,1.936277,3.935803,-1.999526,-3711.462781
1780868700,2026-06-07 21:45:00,61686.4,61740.7,61681.1,61688.1,0.949766,0.244054,0.705712,-3710.757070
1780869000,2026-06-07 21:50:00,61699.4,61699.4,61629.6,61631.4,0.363201,0.185473,0.177728,-3710.579342
1780869300,2026-06-07 21:55:00,61631.4,61751.4,61621.4,61746.6,0.171706,2.974436,-2.802731,-3713.382072
1780869600,2026-06-07 22:00:00,61749.5,61869.6,61698.2,61773.5,6.480116,2.689442,3.790673,-3709.591399
1780869900,2026-06-07 22:05:00,61772.7,61861.7,61716.5,61852.2,1.329552,2.224507,-0.894955,-3710.486353
1780870200,2026-06-07 22:10:00,61850.0,63759.9,61834.8,63590.1,224.856469,6.938660,217.917809,-3492.568544
1780870500,2026-06-07 22:15:00,63590.1,64613.0,63149.2,63149.2,211.795770,60.600238,151.195532,-3341.373013
1780870800,2026-06-07 22:20:00,63148.8,63239.4,62899.3,62930.7,10.950390,60.641377,-49.690987,-3391.064000
1780871100,2026-06-07 22:25:00,62930.4,63067.2,62869.8,62958.8,5.305115,1.612946,3.692169,-3387.371831
1780871400,2026-06-07 22:30:00,62958.8,63035.3,62769.5,63021.0,2.393448,22.534807,-20.141359,-3407.513189
1780871700,2026-06-07 22:35:00,63016.0,63361.4,62995.2,63020.0,49.432526,8.812185,40.620341,-3366.892848
1780872000,2026-06-07 22:40:00,63014.7,63164.7,63008.7,63136.0,0.946784,3.859118,-2.912334,-3369.805183
1780872300,2026-06-07 22:45:00,63136.1,63282.7,63063.9,63156.9,2.081947,0.558733,1.523215,-3368.281968
1780872600,2026-06-07 22:50:00,63157.0,63184.0,63016.8,63016.8,1.064776,6.361972,-5.297196,-3373.579164
1780872900,2026-06-07 22:55:00,63016.7,63033.4,62838.9,62845.3,0.996624,11.635965,-10.639340,-3384.218504
1780873200,2026-06-07 23:00:00,62839.7,63024.9,62793.7,62838.2,2.508904,4.909888,-2.400985,-3386.619489
1780873500,2026-06-07 23:05:00,62829.7,62873.3,62793.7,62793.8,2.215088,3.310209,-1.095122,-3387.714611
1780873800,2026-06-07 23:10:00,62793.8,62990.1,62793.8,62985.4,1.612692,1.068067,0.544625,-3387.169986
1780874100,2026-06-07 23:15:00,62981.1,62985.4,62786.3,62849.1,13.374152,3.815542,9.558610,-3377.611376
1780874400,2026-06-07 23:20:00,62849.0,62955.3,62830.1,62928.6,3.252706,7.823104,-4.570398,-3382.181773
1780874700,2026-06-07 23:25:00,62932.0,63239.7,62913.0,63229.5,23.322204,2.752086,20.570117,-3361.611656
1780875000,2026-06-07 23:30:00,63239.7,63300.6,63181.6,63203.6,5.694749,2.717661,2.977088,-3358.634568
1780875300,2026-06-07 23:35:00,63200.1,63222.0,63100.3,63187.8,2.010799,0.540371,1.470428,-3357.164140
1780875600,2026-06-07 23:40:00,63188.9,63265.8,63155.1,63262.8,0.731739,2.022769,-1.291031,-3358.455171
1780875900,2026-06-07 23:45:00,63262.7,63400.0,63196.9,63196.9,3.987819,2.345890,1.641929,-3356.813242
1780876200,2026-06-07 23:50:00,63197.0,63235.5,63085.3,63128.2,0.934252,4.000389,-3.066137,-3359.879378
1780876500,2026-06-07 23:55:00,63128.2,63318.2,63121.7,63307.6,1.359669,2.962395,-1.602726,-3361.482105
1780876800,2026-06-08 00:00:00,63305.6,63309.2,63182.2,63272.9,0.977298,2.024002,-1.046704,-3362.528809
1780877100,2026-06-08 00:05:00,63272.8,63272.8,63140.3,63244.7,0.424983,1.022723,-0.597741,-3363.126550
1780877400,2026-06-08 00:10:00,63240.1,63240.1,63140.3,63195.1,0.194767,0.474520,-0.279753,-3363.406302
1780877700,2026-06-08 00:15:00,63208.0,63255.2,63133.6,63172.0,0.509994,0.283042,0.226952,-3363.179350
1780878000,2026-06-08 00:20:00,63172.3,63277.7,63146.5,63244.4,0.429973,0.450152,-0.020179,-3363.199529
1780878300,2026-06-08 00:25:00,63240.6,63486.4,63230.6,63486.4,19.251096,0.854065,18.397030,-3344.802499
1780878600,2026-06-08 00:30:00,63474.5,63567.0,63377.7,63422.9,4.058498,3.918822,0.139676,-3344.662822
1780878900,2026-06-08 00:35:00,63415.9,63788.5,63411.6,63788.5,33.763071,1.072780,32.690292,-3311.972531
1780879200,2026-06-08 00:40:00,63788.6,63821.5,63632.4,63691.6,21.485557,5.878428,15.607129,-3296.365401
1780879500,2026-06-08 00:45:00,63691.6,63722.5,63536.0,63713.8,4.615923,3.724765,0.891158,-3295.474243
1780879800,2026-06-08 00:50:00,63713.7,63772.8,63633.8,63678.1,0.935182,4.419518,-3.484336,-3298.958579
1780880100,2026-06-08 00:55:00,63678.2,63698.9,63531.5,63615.3,0.360624,4.031550,-3.670926,-3302.629506
1780880400,2026-06-08 01:00:00,63615.3,63615.3,63338.5,63361.5,0.440497,3.661154,-3.220658,-3305.850163
1780880700,2026-06-08 01:05:00,63361.5,63361.5,63262.6,63274.1,1.623256,2.639344,-1.016088,-3306.866252
1780881000,2026-06-08 01:10:00,63267.4,63267.4,63058.0,63058.0,3.693035,4.726083,-1.033048,-3307.899300
1780881300,2026-06-08 01:15:00,63053.4,63144.5,62947.3,63059.7,1.028514,7.993255,-6.964741,-3314.864041
1780881600,2026-06-08 01:20:00,63059.6,63076.6,62834.7,62834.7,0.289553,6.181502,-5.891949,-3320.755990
1780881900,2026-06-08 01:25:00,62851.6,62976.3,62748.5,62794.9,3.453526,11.546476,-8.092950,-3328.848940
1780882200,2026-06-08 01:30:00,62807.6,63002.7,62687.0,63002.7,0.971834,9.313970,-8.342136,-3337.191076
1780882500,2026-06-08 01:35:00,63002.7,63065.5,62932.0,62988.8,2.036434,1.217547,0.818887,-3336.372189
1780882800,2026-06-08 01:40:00,63004.6,63095.8,62987.6,63074.3,3.793975,0.655168,3.138807,-3333.233382
1780883100,2026-06-08 01:45:00,63081.8,63141.2,63053.2,63053.2,0.528783,0.146455,0.382328,-3332.851054
1780883400,2026-06-08 01:50:00,63053.1,63130.3,62971.1,63043.4,0.922695,0.169027,0.753668,-3332.097386
1780883700,2026-06-08 01:55:00,63044.3,63228.8,63044.3,63166.3,2.684110,0.853449,1.830661,-3330.266725
1780884000,2026-06-08 02:00:00,63179.5,63229.6,63064.6,63064.7,0.405226,1.389833,-0.984607,-3331.251332
1780884300,2026-06-08 02:05:00,63064.7,63133.8,62986.7,62986.7,0.236501,0.505937,-0.269436,-3331.520768
1780884600,2026-06-08 02:10:00,62986.8,63144.5,62986.8,63115.0,0.210553,0.408291,-0.197737,-3331.718505
1780884900,2026-06-08 02:15:00,63114.9,63114.9,62960.2,62960.5,0.237257,0.967183,-0.729926,-3332.448431
1780885200,2026-06-08 02:20:00,62960.5,63128.5,62960.4,63128.5,0.264629,0.209424,0.055204,-3332.393226
1780885500,2026-06-08 02:25:00,63128.4,63185.9,63000.0,63091.9,0.197696,1.138765,-0.941070,-3333.334296
1780885800,2026-06-08 02:30:00,63091.9,63165.8,62970.7,62970.8,0.435193,6.193776,-5.758583,-3339.092879
1780886100,2026-06-08 02:35:00,62970.8,63093.1,62900.0,63056.1,0.540628,10.506056,-9.965428,-3349.058307
1780886400,2026-06-08 02:40:00,63049.7,63053.9,62991.5,63035.7,0.160438,1.211223,-1.050785,-3350.109092
1780886700,2026-06-08 02:45:00,63034.1,63046.2,62927.1,63025.3,0.474343,0.439838,0.034505,-3350.074588
1780887000,2026-06-08 02:50:00,63027.6,63112.0,63027.6,63063.3,0.154708,0.836866,-0.682157,-3350.756745
1780887300,2026-06-08 02:55:00,63063.1,63104.6,63053.6,63104.5,0.189040,0.188747,0.000293,-3350.756452
1780887600,2026-06-08 03:00:00,63104.6,63104.7,62993.7,62993.8,0.271270,0.231225,0.040045,-3350.716407
1780887900,2026-06-08 03:05:00,62993.8,63225.3,62961.0,63215.9,1.166618,1.221678,-0.055060,-3350.771467
1780888200,2026-06-08 03:10:00,63209.7,63429.8,63209.7,63247.5,2.626261,2.124839,0.501422,-3350.270045
1780888500,2026-06-08 03:15:00,63247.6,63278.7,63180.8,63187.1,0.118854,0.689610,-0.570756,-3350.840801
1780888800,2026-06-08 03:20:00,63187.0,63318.6,63156.7,63237.7,0.369241,1.196843,-0.827602,-3351.668403
1780889100,2026-06-08 03:25:00,63237.8,63237.8,63135.0,63135.0,0.685087,0.059451,0.625637,-3351.042767
1780889400,2026-06-08 03:30:00,63135.0,63193.8,63135.0,63162.6,0.195398,0.096738,0.098661,-3350.944106
1780889700,2026-06-08 03:35:00,63162.7,63174.5,63046.8,63065.5,0.275960,0.271174,0.004786,-3350.939321
1780890000,2026-06-08 03:40:00,63066.9,63163.2,63066.8,63108.0,0.149447,0.050261,0.099186,-3350.840135
1780890300,2026-06-08 03:45:00,63108.0,63136.4,63052.5,63078.2,0.212764,0.065485,0.147279,-3350.692856
1780890600,2026-06-08 03:50:00,63078.2,63097.5,63052.5,63097.5,0.181415,0.050737,0.130678,-3350.562178
1780890900,2026-06-08 03:55:00,63097.6,63140.1,63078.2,63078.2,0.798678,0.157264,0.641414,-3349.920764
1780891200,2026-06-08 04:00:00,63078.2,63144.7,62944.6,62947.6,1.707842,6.119727,-4.411885,-3354.332649
1780891500,2026-06-08 04:05:00,62947.7,62947.7,62800.0,62939.4,0.651911,2.223120,-1.571210,-3355.903859
1780891800,2026-06-08 04:10:00,62939.5,62968.3,62867.8,62968.3,0.354157,0.211987,0.142170,-3355.761689
1780892100,2026-06-08 04:15:00,62968.3,63012.7,62882.6,62882.6,1.001476,0.147585,0.853891,-3354.907798
1780892400,2026-06-08 04:20:00,62882.6,62913.1,62819.2,62863.8,0.688531,1.163204,-0.474673,-3355.382471
1780892700,2026-06-08 04:25:00,62867.9,62930.8,62867.9,62909.2,0.234947,0.040213,0.194734,-3355.187737
1780893000,2026-06-08 04:30:00,62909.2,62950.5,62793.7,62794.5,0.355361,0.408204,-0.052842,-3355.240580
1780893300,2026-06-08 04:35:00,62796.7,62796.7,62741.0,62751.3,2.208455,2.114327,0.094128,-3355.146451
1780893600,2026-06-08 04:40:00,62751.3,62767.8,62635.7,62670.4,0.305039,5.232601,-4.927562,-3360.074014
1780893900,2026-06-08 04:45:00,62670.5,62821.9,62670.5,62821.9,0.767593,0.135758,0.631835,-3359.442179
1780894200,2026-06-08 04:50:00,62818.7,62861.8,62738.3,62764.6,0.234817,0.428258,-0.193441,-3359.635620
1780894500,2026-06-08 04:55:00,62764.6,62800.1,62674.9,62674.9,0.705652,6.618007,-5.912355,-3365.547975
1780894800,2026-06-08 05:00:00,62662.3,62788.0,62662.2,62727.2,0.761382,1.583081,-0.821699,-3366.369674
1780895100,2026-06-08 05:05:00,62723.8,62723.9,62510.6,62631.0,1.217127,3.121107,-1.903980,-3368.273654
1780895400,2026-06-08 05:10:00,62643.8,62704.7,62526.8,62531.4,0.232515,0.154454,0.078061,-3368.195593
1780895700,2026-06-08 05:15:00,62547.1,62625.3,62478.0,62622.6,1.257965,5.220295,-3.962330,-3372.157923
1780896000,2026-06-08 05:20:00,62622.6,62625.4,62576.0,62585.1,0.573506,0.347732,0.225774,-3371.932149
1780896300,2026-06-08 05:25:00,62585.1,62702.8,62536.5,62673.6,1.245717,0.152956,1.092761,-3370.839388
1780896600,2026-06-08 05:30:00,62678.2,62702.7,62573.5,62577.2,0.086406,0.381064,-0.294658,-3371.134046
1780896900,2026-06-08 05:35:00,62577.2,62582.2,62418.1,62483.7,0.448148,2.371142,-1.922994,-3373.057040
1780897200,2026-06-08 05:40:00,62483.7,62496.5,62388.2,62452.4,1.514939,2.911870,-1.396930,-3374.453970
1780897500,2026-06-08 05:45:00,62452.3,62549.6,62424.4,62501.7,1.154537,0.532623,0.621914,-3373.832056
1780897800,2026-06-08 05:50:00,62500.1,62701.0,62491.5,62701.0,0.804609,1.393731,-0.589122,-3374.421178
1780898100,2026-06-08 05:55:00,62691.4,62743.6,62661.1,62712.6,0.383723,0.276461,0.107263,-3374.313916
1780898400,2026-06-08 06:00:00,62715.3,62914.3,62701.4,62841.8,3.824406,1.714360,2.110046,-3372.203870
1780898700,2026-06-08 06:05:00,62853.2,62907.9,62803.5,62907.9,0.913661,0.285754,0.627907,-3371.575963
1780899000,2026-06-08 06:10:00,62909.7,62929.7,62874.2,62916.3,1.201516,0.287053,0.914463,-3370.661499
1780899300,2026-06-08 06:15:00,62916.4,63100.7,62857.0,63065.6,1.455669,0.232354,1.223314,-3369.438185
1780899600,2026-06-08 06:20:00,63043.0,63092.0,62926.9,62930.3,1.854625,4.294681,-2.440056,-3371.878241
1780899900,2026-06-08 06:25:00,62928.9,63073.2,62928.9,63040.8,3.354553,1.638033,1.716520,-3370.161721
1780900200,2026-06-08 06:30:00,63036.2,63066.5,63011.4,63011.4,0.627345,1.475640,-0.848294,-3371.010016
1780900500,2026-06-08 06:35:00,63000.1,63011.5,62878.4,62912.5,0.187424,0.332081,-0.144656,-3371.154672
1780900800,2026-06-08 06:40:00,62912.5,63002.1,62912.5,63002.0,0.295470,0.137457,0.158012,-3370.996659
1780901100,2026-06-08 06:45:00,62984.7,63003.5,62917.2,62948.8,0.173740,0.787761,-0.614021,-3371.610680
1780901400,2026-06-08 06:50:00,62948.9,62982.5,62891.6,62969.4,0.071243,0.186098,-0.114856,-3371.725536
1780901700,2026-06-08 06:55:00,62971.5,62978.1,62919.5,62961.7,0.198749,0.234612,-0.035863,-3371.761399
1780902000,2026-06-08 07:00:00,62961.7,62984.5,62840.1,62840.1,0.269231,0.202094,0.067138,-3371.694261
1780902300,2026-06-08 07:05:00,62840.0,62905.5,62787.6,62891.4,3.033637,3.526473,-0.492836,-3372.187097
1780902600,2026-06-08 07:10:00,62891.5,63156.4,62891.4,63042.4,4.664048,1.041016,3.623032,-3368.564065
1780902900,2026-06-08 07:15:00,63042.4,63116.9,62948.4,63067.1,0.436968,0.629511,-0.192543,-3368.756608
1780903200,2026-06-08 07:20:00,63067.0,63179.1,63067.0,63139.2,1.989255,0.252314,1.736942,-3367.019667
1780903500,2026-06-08 07:25:00,63141.1,63200.0,63118.1,63145.9,2.415389,0.141187,2.274202,-3364.745465
1780903800,2026-06-08 07:30:00,63146.9,63209.5,63117.9,63167.1,0.813390,0.192780,0.620609,-3364.124856
1780904100,2026-06-08 07:35:00,63167.1,63228.8,63150.1,63224.9,0.919017,0.278148,0.640870,-3363.483986
1780904400,2026-06-08 07:40:00,63226.0,63226.0,63052.4,63065.4,0.044570,1.357653,-1.313083,-3364.797069
1780904700,2026-06-08 07:45:00,63065.6,63304.6,63065.6,63298.6,3.707385,3.153405,0.553980,-3364.243089
1780905000,2026-06-08 07:50:00,63302.6,63302.7,63200.2,63203.8,0.348636,0.144543,0.204093,-3364.038995
1780905300,2026-06-08 07:55:00,63203.8,63285.2,63203.8,63230.4,1.984717,2.240309,-0.255592,-3364.294588
1780905600,2026-06-08 08:00:00,63230.5,63230.5,63030.6,63095.0,24.086595,3.171570,20.915025,-3343.379562
1780905900,2026-06-08 08:05:00,63095.0,63191.2,63055.0,63190.7,0.475780,0.267892,0.207888,-3343.171674
1780906200,2026-06-08 08:10:00,63190.7,63190.7,63082.1,63133.0,0.138362,0.835651,-0.697289,-3343.868963
1780906500,2026-06-08 08:15:00,63137.2,63179.3,63020.6,63107.7,1.774537,0.770171,1.004366,-3342.864598
1780906800,2026-06-08 08:20:00,63087.7,63087.7,62946.6,63021.5,31.247254,0.349153,30.898101,-3311.966496
1780907100,2026-06-08 08:25:00,63021.5,63050.0,63002.4,63050.0,11.048082,0.046246,11.001836,-3300.964660
1780907400,2026-06-08 08:30:00,63050.0,63152.3,62999.4,63152.2,84.130784,0.156530,83.974254,-3216.990406
1780907700,2026-06-08 08:35:00,63152.2,63152.2,63088.4,63100.5,0.281900,0.379516,-0.097617,-3217.088022
1780908000,2026-06-08 08:40:00,63100.5,63143.3,63052.2,63125.2,0.743998,0.152568,0.591430,-3216.496592
1780908300,2026-06-08 08:45:00,63121.2,63142.8,63023.8,63067.5,0.219874,0.178431,0.041443,-3216.455149
1780908600,2026-06-08 08:50:00,63067.5,63067.5,63000.1,63046.9,2.100005,1.177850,0.922155,-3215.532994
1780908900,2026-06-08 08:55:00,63046.9,63138.1,63030.0,63094.7,4.655585,0.080694,4.574892,-3210.958102
1780909200,2026-06-08 09:00:00,63095.2,63234.4,63079.9,63219.9,0.137223,0.464063,-0.326840,-3211.284942
1780909500,2026-06-08 09:05:00,63208.7,63249.7,63126.7,63126.7,0.195614,1.461094,-1.265480,-3212.550422
1780909800,2026-06-08 09:10:00,63126.6,63290.3,63097.8,63286.5,0.484352,0.044566,0.439786,-3212.110636
1780910100,2026-06-08 09:15:00,63286.6,63546.2,63259.0,63422.8,5.858982,1.491643,4.367339,-3207.743297
1780910400,2026-06-08 09:20:00,63422.7,63507.1,63368.0,63368.5,1.277481,2.084573,-0.807092,-3208.550390
1780910700,2026-06-08 09:25:00,63359.4,63384.1,63339.3,63343.0,0.665535,0.047863,0.617672,-3207.932718
1780911000,2026-06-08 09:30:00,63342.9,63361.8,63154.3,63154.3,0.355998,0.878875,-0.522877,-3208.455595
1780911300,2026-06-08 09:35:00,63154.4,63344.7,63127.4,63249.7,6.892004,3.156625,3.735379,-3204.720216
1780911600,2026-06-08 09:40:00,63248.7,63316.0,63165.8,63316.0,0.437848,0.494831,-0.056984,-3204.777199
1780911900,2026-06-08 09:45:00,63316.1,63412.9,63302.8,63411.2,0.666523,1.536110,-0.869586,-3205.646786
1780912200,2026-06-08 09:50:00,63411.2,63422.2,63371.3,63377.5,0.147886,0.730900,-0.583014,-3206.229800
1780912500,2026-06-08 09:55:00,63377.6,63456.7,63376.0,63451.5,1.345766,2.309455,-0.963689,-3207.193489
1780912800,2026-06-08 10:00:00,63451.6,63483.1,63359.2,63387.3,4.853306,1.674310,3.178995,-3204.014493
1780913100,2026-06-08 10:05:00,63389.3,63429.8,63358.5,63358.5,0.216916,0.150679,0.066237,-3203.948257
1780913400,2026-06-08 10:10:00,63357.7,63374.8,63331.8,63344.8,0.542226,1.282226,-0.740000,-3204.688257
1780913700,2026-06-08 10:15:00,63339.8,63339.8,63208.5,63210.5,4.682767,1.858364,2.824403,-3201.863854
1780914000,2026-06-08 10:20:00,63207.8,63235.7,63112.0,63136.9,2.903781,7.652858,-4.749077,-3206.612931
1780914300,2026-06-08 10:25:00,63136.9,63140.0,63073.1,63099.9,0.687134,1.214918,-0.527784,-3207.140715
1780914600,2026-06-08 10:30:00,63099.9,63331.9,63099.9,63270.4,2.057271,0.841690,1.215581,-3205.925134
1780914900,2026-06-08 10:35:00,63270.5,63270.5,63178.3,63194.3,0.343916,0.719195,-0.375279,-3206.300413
1780915200,2026-06-08 10:40:00,63192.9,63216.7,63139.3,63174.9,0.340865,0.165227,0.175638,-3206.124775
1780915500,2026-06-08 10:45:00,63174.9,63174.9,63065.1,63109.7,0.334640,11.569497,-11.234857,-3217.359632
1780915800,2026-06-08 10:50:00,63106.5,63120.0,63069.8,63106.2,0.180864,2.335652,-2.154787,-3219.514419
1780916100,2026-06-08 10:55:00,63115.3,63115.3,63068.0,63099.9,0.187276,0.871256,-0.683980,-3220.198399
1780916400,2026-06-08 11:00:00,63100.0,63100.0,63020.1,63045.7,0.473535,1.134476,-0.660940,-3220.859339
1780916700,2026-06-08 11:05:00,63042.9,63201.4,63035.6,63186.8,13.012736,0.810597,12.202139,-3208.657200
1780917000,2026-06-08 11:10:00,63186.7,63387.2,63186.7,63387.2,0.713860,3.799384,-3.085524,-3211.742725
1780917300,2026-06-08 11:15:00,63387.2,63490.7,63326.8,63490.7,3.419361,1.298505,2.120856,-3209.621869
1780917600,2026-06-08 11:20:00,63490.7,63605.1,63444.7,63522.7,8.645169,1.468910,7.176259,-3202.445610
1780917900,2026-06-08 11:25:00,63522.6,63600.0,63522.6,63567.5,4.003479,1.541028,2.462451,-3199.983159
1780918200,2026-06-08 11:30:00,63563.9,63600.0,63496.9,63535.0,6.361328,4.357090,2.004237,-3197.978922
1780918500,2026-06-08 11:35:00,63535.0,63811.3,63535.0,63712.1,7.061587,5.965299,1.096287,-3196.882635
1780918800,2026-06-08 11:40:00,63705.8,63718.5,63580.2,63597.2,3.417126,3.694007,-0.276880,-3197.159515
1780919100,2026-06-08 11:45:00,63589.1,63614.1,63433.9,63446.1,0.683542,1.489438,-0.805896,-3197.965411
1780919400,2026-06-08 11:50:00,63463.4,63523.1,63413.0,63425.4,0.559517,0.834874,-0.275357,-3198.240768
1780919700,2026-06-08 11:55:00,63428.6,63469.3,63377.2,63438.0,0.559427,7.553967,-6.994540,-3205.235309
1780920000,2026-06-08 12:00:00,63444.8,63591.4,62851.9,62851.9,3.002756,8.951480,-5.948724,-3211.184033
1780920300,2026-06-08 12:05:00,62844.0,63056.5,62754.7,62965.1,14.800335,6.309152,8.491184,-3202.692849
1780920600,2026-06-08 12:10:00,62981.0,63043.5,62692.6,62696.0,1.278546,4.993552,-3.715005,-3206.407855
1780920900,2026-06-08 12:15:00,62690.7,62938.4,62690.5,62838.0,6.994851,5.765810,1.229041,-3205.178813
1780921200,2026-06-08 12:20:00,62830.7,62957.0,62813.0,62937.9,3.248596,2.123120,1.125475,-3204.053338
1780921500,2026-06-08 12:25:00,62933.1,63058.4,62933.0,63055.8,3.316084,0.365106,2.950978,-3201.102360
1780921800,2026-06-08 12:30:00,63063.5,63232.0,63063.4,63172.1,3.399174,0.779509,2.619666,-3198.482694
1780922100,2026-06-08 12:35:00,63172.0,63445.4,63172.0,63415.8,2.643560,0.769459,1.874101,-3196.608593
1780922400,2026-06-08 12:40:00,63412.8,63605.0,63336.3,63596.2,13.111507,3.703583,9.407924,-3187.200669
1780922700,2026-06-08 12:45:00,63596.2,63596.4,63494.7,63518.5,1.327978,7.604866,-6.276888,-3193.477557
1780923000,2026-06-08 12:50:00,63528.5,63591.3,63469.4,63550.5,4.593033,1.695681,2.897352,-3190.580205
1780923300,2026-06-08 12:55:00,63526.4,63880.0,63526.4,63788.3,11.008264,3.280586,7.727678,-3182.852526
1780923600,2026-06-08 13:00:00,63793.7,63840.5,63669.8,63683.1,0.925376,7.876795,-6.951419,-3189.803945
1780923900,2026-06-08 13:05:00,63686.1,63867.9,63684.2,63825.0,4.468753,4.213280,0.255473,-3189.548472
1780924200,2026-06-08 13:10:00,63825.0,63899.9,63730.6,63736.9,4.825452,3.660354,1.165098,-3188.383374
1780924500,2026-06-08 13:15:00,63737.0,63782.7,63631.5,63700.2,0.645712,3.224874,-2.579162,-3190.962536
1780924800,2026-06-08 13:20:00,63709.0,63874.2,63689.3,63698.3,8.484281,1.590973,6.893308,-3184.069229
1780925100,2026-06-08 13:25:00,63698.2,63698.2,63534.6,63555.5,7.508685,4.581198,2.927487,-3181.141742
1780925400,2026-06-08 13:30:00,63554.1,63621.2,63329.4,63431.2,3.751435,10.717704,-6.966268,-3188.108010
1780925700,2026-06-08 13:35:00,63426.4,63717.3,63426.3,63434.0,2.607684,3.927706,-1.320022,-3189.428032
1780926000,2026-06-08 13:40:00,63431.2,63563.3,63410.0,63429.4,20.792096,1.658540,19.133557,-3170.294476
1780926300,2026-06-08 13:45:00,63437.6,63634.4,63377.6,63534.6,2.012001,10.085735,-8.073734,-3178.368210
1780926600,2026-06-08 13:50:00,63534.6,63811.5,63493.1,63681.9,6.594063,3.174527,3.419536,-3174.948674
1780926900,2026-06-08 13:55:00,63671.3,63772.9,63659.1,63711.8,1.445027,1.259948,0.185079,-3174.763595
1780927200,2026-06-08 14:00:00,63719.7,63811.5,63553.0,63600.5,3.972768,2.204343,1.768425,-3172.995170
1780927500,2026-06-08 14:05:00,63600.6,63803.7,63545.5,63781.2,1.092489,0.900730,0.191758,-3172.803412
1780927800,2026-06-08 14:10:00,63782.6,63850.0,63707.7,63843.2,3.029169,0.798741,2.230429,-3170.572983
1780928100,2026-06-08 14:15:00,63836.8,63836.8,63596.1,63757.0,5.223393,6.225869,-1.002475,-3171.575458
1780928400,2026-06-08 14:20:00,63757.1,63839.9,63701.3,63746.8,21.777558,5.097947,16.679611,-3154.895847
1780928700,2026-06-08 14:25:00,63748.4,63825.1,63653.5,63758.5,0.950531,1.040712,-0.090180,-3154.986027
1780929000,2026-06-08 14:30:00,63736.6,63889.7,63736.6,63875.9,35.049183,9.181076,25.868107,-3129.117920
1780929300,2026-06-08 14:35:00,63875.9,63879.1,63767.1,63795.4,6.817371,3.580183,3.237188,-3125.880732
1780929600,2026-06-08 14:40:00,63795.4,63880.9,63764.9,63879.8,20.530350,0.883577,19.646774,-3106.233958
1780929900,2026-06-08 14:45:00,63876.4,63906.2,63834.9,63834.9,7.091748,4.410105,2.681643,-3103.552315
1780930200,2026-06-08 14:50:00,63833.7,63901.5,63812.6,63860.3,4.377373,0.228677,4.148697,-3099.403619
1780930500,2026-06-08 14:55:00,63856.3,64057.0,63838.3,63926.5,8.197946,0.713122,7.484824,-3091.918794
1780930800,2026-06-08 15:00:00,63947.1,64049.3,63910.9,63939.9,4.861025,5.628904,-0.767879,-3092.686673
1780931100,2026-06-08 15:05:00,63921.9,64052.2,63861.8,64052.2,3.411256,3.054002,0.357254,-3092.329419
1780931400,2026-06-08 15:10:00,64048.4,64180.1,64012.2,64169.2,59.738556,3.442776,56.295779,-3036.033640
1780931700,2026-06-08 15:15:00,64168.4,64168.5,63940.3,64144.5,2.098284,24.336060,-22.237776,-3058.271416
1780932000,2026-06-08 15:20:00,64144.5,64189.0,64043.2,64102.7,5.441049,9.882288,-4.441239,-3062.712655
1780932300,2026-06-08 15:25:00,64104.0,64104.1,63964.1,63974.9,3.105551,2.947951,0.157600,-3062.555055
1780932600,2026-06-08 15:30:00,63975.3,63975.4,63831.7,63834.5,6.820385,14.864700,-8.044315,-3070.599370
1780932900,2026-06-08 15:35:00,63834.4,63916.7,63744.1,63823.1,8.291243,35.484734,-27.193490,-3097.792860
1780933200,2026-06-08 15:40:00,63809.9,63855.3,63761.4,63831.4,1.670239,10.727380,-9.057141,-3106.850001
1780933500,2026-06-08 15:45:00,63836.8,63851.2,63761.3,63787.0,2.726180,10.436795,-7.710615,-3114.560616
1780933800,2026-06-08 15:50:00,63787.1,63980.0,63782.9,63860.8,14.057154,12.513271,1.543883,-3113.016733
1780934100,2026-06-08 15:55:00,63863.2,63863.2,63689.1,63745.4,8.922533,4.890859,4.031675,-3108.985058
1780934400,2026-06-08 16:00:00,63751.7,63832.8,63658.7,63804.7,4.552211,5.152336,-0.600125,-3109.585183
1780934700,2026-06-08 16:05:00,63804.6,63897.4,63761.7,63797.7,4.345616,1.282585,3.063030,-3106.522153
1780935000,2026-06-08 16:10:00,63794.3,63867.8,63768.5,63772.8,0.811882,0.312728,0.499154,-3106.022999
1780935300,2026-06-08 16:15:00,63772.9,63941.1,63772.9,63911.2,2.774543,0.435742,2.338801,-3103.684198
1780935600,2026-06-08 16:20:00,63917.0,64007.7,63877.9,64007.7,3.023866,0.490675,2.533191,-3101.151008
1780935900,2026-06-08 16:25:00,64007.6,64025.3,63841.3,63841.3,2.389410,1.128108,1.261302,-3099.889706
1780936200,2026-06-08 16:30:00,63845.7,63845.7,63620.2,63636.4,2.917725,2.652155,0.265570,-3099.624136
1780936500,2026-06-08 16:35:00,63641.4,63673.4,63576.7,63661.5,4.604633,3.265544,1.339089,-3098.285047
1780936800,2026-06-08 16:40:00,63655.5,63726.5,63607.9,63646.8,1.666057,0.898476,0.767581,-3097.517466
1780937100,2026-06-08 16:45:00,63650.0,63659.3,63559.3,63577.5,1.172505,3.409130,-2.236625,-3099.754092
1780937400,2026-06-08 16:50:00,63577.5,63604.0,63513.6,63533.2,2.777501,5.166743,-2.389242,-3102.143333
1780937700,2026-06-08 16:55:00,63520.9,63526.8,63442.6,63504.1,3.856603,4.530022,-0.673419,-3102.816752
1780938000,2026-06-08 17:00:00,63500.2,63536.4,63290.3,63435.5,1.565443,6.360577,-4.795135,-3107.611887
1780938300,2026-06-08 17:05:00,63435.6,63543.5,63430.6,63443.2,3.803185,1.892636,1.910549,-3105.701338
1780938600,2026-06-08 17:10:00,63443.2,63443.6,63303.7,63322.5,2.481526,5.993769,-3.512243,-3109.213580
1780938900,2026-06-08 17:15:00,63322.5,63463.1,63322.5,63407.4,1.793006,1.013752,0.779253,-3108.434327
1780939200,2026-06-08 17:20:00,63407.9,63498.1,63407.9,63491.6,0.496510,1.821409,-1.324899,-3109.759226
1780939500,2026-06-08 17:25:00,63498.1,63612.1,63498.1,63604.2,2.522177,1.318186,1.203991,-3108.555235
1780939800,2026-06-08 17:30:00,63601.3,63604.4,63380.0,63412.6,0.539382,0.607585,-0.068203,-3108.623439
1780940100,2026-06-08 17:35:00,63408.3,63415.6,63318.5,63408.4,1.146760,1.030063,0.116697,-3108.506742
1780940400,2026-06-08 17:40:00,63398.4,63398.4,63261.0,63359.4,1.745670,4.774504,-3.028834,-3111.535576
1780940700,2026-06-08 17:45:00,63357.3,63445.0,63357.3,63442.8,0.352740,0.087531,0.265209,-3111.270366
1780941000,2026-06-08 17:50:00,63445.0,63500.0,63445.0,63479.8,0.971430,0.443361,0.528070,-3110.742296
1780941300,2026-06-08 17:55:00,63479.8,63517.6,63435.1,63517.6,5.805023,0.583830,5.221193,-3105.521104
1780941600,2026-06-08 18:00:00,63517.6,63608.3,63517.5,63560.6,3.622759,1.144480,2.478280,-3103.042824
1780941900,2026-06-08 18:05:00,63560.6,63613.3,63490.9,63574.9,2.554401,0.493103,2.061298,-3100.981526
1780942200,2026-06-08 18:10:00,63575.0,63603.2,63490.5,63569.3,2.837098,0.079673,2.757425,-3098.224101
1780942500,2026-06-08 18:15:00,63569.3,63593.3,63502.4,63530.0,4.682053,0.568125,4.113929,-3094.110173
1780942800,2026-06-08 18:20:00,63530.0,63581.3,63512.0,63516.3,3.061679,0.518582,2.543097,-3091.567076
1780943100,2026-06-08 18:25:00,63516.3,63631.8,63516.2,63615.3,0.480562,0.642302,-0.161740,-3091.728816
1780943400,2026-06-08 18:30:00,63615.3,63666.1,63485.3,63497.5,1.909997,7.205065,-5.295068,-3097.023883
1780943700,2026-06-08 18:35:00,63502.5,63513.4,63437.7,63442.1,0.440314,28.564531,-28.124217,-3125.148100
1780944000,2026-06-08 18:40:00,63437.8,63507.3,63422.7,63481.6,1.944387,27.438973,-25.494586,-3150.642686
1780944300,2026-06-08 18:45:00,63481.6,63496.9,63350.9,63356.9,0.493652,1.673131,-1.179479,-3151.822165
1780944600,2026-06-08 18:50:00,63356.5,63430.8,63317.4,63393.9,0.716785,2.044974,-1.328189,-3153.150354
1780944900,2026-06-08 18:55:00,63393.9,63496.6,63386.3,63445.7,12.108087,0.964395,11.143692,-3142.006662
1780945200,2026-06-08 19:00:00,63445.9,63536.4,63411.0,63503.8,0.535238,0.244163,0.291076,-3141.715586
1780945500,2026-06-08 19:05:00,63503.7,63511.2,63413.9,63413.9,3.819337,1.553735,2.265602,-3139.449984
1780945800,2026-06-08 19:10:00,63413.9,63475.8,63366.8,63415.6,0.663624,1.747745,-1.084121,-3140.534105
1780946100,2026-06-08 19:15:00,63406.7,63455.5,63350.4,63430.5,3.006326,1.024605,1.981720,-3138.552385
1780946400,2026-06-08 19:20:00,63448.4,63549.4,63430.8,63432.7,0.824775,0.428028,0.396746,-3138.155638
1780946700,2026-06-08 19:25:00,63432.7,63532.2,63418.1,63498.0,1.379609,0.488135,0.891474,-3137.264165
1780947000,2026-06-08 19:30:00,63498.0,63561.6,63469.2,63522.4,4.939964,0.449611,4.490353,-3132.773812
1780947300,2026-06-08 19:35:00,63522.2,63530.7,63459.3,63459.3,0.465773,0.059259,0.406514,-3132.367298
1780947600,2026-06-08 19:40:00,63459.2,63506.0,63423.7,63472.9,1.433762,2.992381,-1.558619,-3133.925917
1780947900,2026-06-08 19:45:00,63472.9,63490.0,63434.1,63490.0,3.012623,0.139089,2.873535,-3131.052382
1780948200,2026-06-08 19:50:00,63490.0,63519.5,63375.8,63389.4,2.801246,7.302894,-4.501647,-3135.554029
1780948500,2026-06-08 19:55:00,63385.8,63423.2,63344.8,63344.8,6.589945,1.724432,4.865513,-3130.688516
1780948800,2026-06-08 20:00:00,63351.1,63413.8,63332.6,63351.9,1.364349,3.034556,-1.670207,-3132.358723
1780949100,2026-06-08 20:05:00,63349.3,63405.5,63310.4,63325.5,1.279904,5.536954,-4.257049,-3136.615773
1780949400,2026-06-08 20:10:00,63325.4,63354.9,63190.0,63235.5,0.596755,13.296187,-12.699432,-3149.315204
1780949700,2026-06-08 20:15:00,63235.5,63260.6,63161.0,63223.9,3.645566,6.244492,-2.598926,-3151.914131
1780950000,2026-06-08 20:20:00,63223.8,63299.5,63193.3,63260.1,1.595819,0.399410,1.196408,-3150.717722
1780950300,2026-06-08 20:25:00,63260.1,63267.5,63154.6,63155.4,0.290872,18.735430,-18.444558,-3169.162280
1780950600,2026-06-08 20:30:00,63155.5,63252.9,63155.5,63233.4,5.472814,0.895609,4.577204,-3164.585076
1780950900,2026-06-08 20:35:00,63237.1,63323.1,63234.5,63323.1,1.898845,2.553310,-0.654466,-3165.239541
1780951200,2026-06-08 20:40:00,63323.2,63396.9,63323.2,63375.1,1.770768,0.350610,1.420158,-3163.819383
1780951500,2026-06-08 20:45:00,63368.9,63400.0,63353.2,63400.0,0.725779,0.278042,0.447736,-3163.371647
1780951800,2026-06-08 20:50:00,63400.0,63419.7,63372.5,63406.2,1.927976,0.430378,1.497598,-3161.874048
1780952100,2026-06-08 20:55:00,63406.3,63468.1,63391.4,63467.0,1.486546,0.306492,1.180054,-3160.693995
1780952400,2026-06-08 21:00:00,63469.7,63610.2,63459.5,63597.8,2.509225,3.063600,-0.554375,-3161.248369
1780952700,2026-06-08 21:05:00,63590.3,63777.2,63561.1,63758.8,2.419228,1.052188,1.367040,-3159.881329
1780953000,2026-06-08 21:10:00,63758.8,63758.8,63689.9,63713.8,2.602959,1.808057,0.794902,-3159.086427
1780953300,2026-06-08 21:15:00,63713.8,63734.0,63600.0,63623.5,1.179585,0.626013,0.553572,-3158.532855
1780953600,2026-06-08 21:20:00,63628.5,63728.8,63628.5,63693.9,2.807055,3.275781,-0.468726,-3159.001581
1780953900,2026-06-08 21:25:00,63689.2,63756.3,63686.2,63698.3,0.506943,0.200356,0.306587,-3158.694994
1780954200,2026-06-08 21:30:00,63698.3,63713.2,63616.7,63671.3,3.119217,1.365604,1.753613,-3156.941380
1780954500,2026-06-08 21:35:00,63671.7,63771.2,63671.7,63727.5,1.617614,0.185072,1.432542,-3155.508838
1780954800,2026-06-08 21:40:00,63731.3,63826.8,63731.3,63816.9,3.321662,0.671175,2.650487,-3152.858352
1780955100,2026-06-08 21:45:00,63816.1,63816.1,63745.0,63766.2,1.021277,0.431980,0.589296,-3152.269055
1780955400,2026-06-08 21:50:00,63766.2,63767.2,63727.3,63734.5,0.645088,0.910410,-0.265322,-3152.534377
1780955700,2026-06-08 21:55:00,63727.3,63784.7,63718.8,63718.8,3.127766,8.580114,-5.452348,-3157.986725
1780956000,2026-06-08 22:00:00,63718.9,63718.9,63506.4,63533.9,1.443948,4.123228,-2.679280,-3160.666004
1780956300,2026-06-08 22:05:00,63538.6,63564.2,63437.5,63437.5,5.425784,1.545383,3.880401,-3156.785604
1780956600,2026-06-08 22:10:00,63437.5,63462.5,63285.5,63285.5,0.628650,2.644903,-2.016253,-3158.801857
1780956900,2026-06-08 22:15:00,63285.5,63319.1,63201.9,63250.0,0.963829,1.429455,-0.465626,-3159.267483
1780957200,2026-06-08 22:20:00,63250.0,63442.6,63250.0,63338.1,0.736732,1.024088,-0.287356,-3159.554839
1780957500,2026-06-08 22:25:00,63336.1,63368.5,63273.1,63365.7,0.620116,0.356239,0.263878,-3159.290962
1780957800,2026-06-08 22:30:00,63365.7,63365.7,63232.6,63291.3,0.701470,0.253334,0.448136,-3158.842826
1780958100,2026-06-08 22:35:00,63291.3,63348.9,63282.5,63307.3,0.286862,0.109278,0.177584,-3158.665242
1780958400,2026-06-08 22:40:00,63307.2,63307.4,63267.2,63276.4,0.199433,0.091450,0.107983,-3158.557259
1780958700,2026-06-08 22:45:00,63276.3,63313.9,63222.8,63308.2,0.455987,1.673991,-1.218004,-3159.775263
1780959000,2026-06-08 22:50:00,63314.0,63314.0,63298.6,63313.9,0.331408,0.835306,-0.503898,-3160.279161
1780959300,2026-06-08 22:55:00,63313.9,63439.6,63313.8,63433.7,0.591072,0.262901,0.328171,-3159.950990
1780959600,2026-06-08 23:00:00,63428.5,63481.9,63390.3,63415.5,0.985206,0.312413,0.672793,-3159.278197
1780959900,2026-06-08 23:05:00,63412.7,63565.5,63391.2,63541.0,1.564638,1.690975,-0.126337,-3159.404535
1780960200,2026-06-08 23:10:00,63532.7,63577.8,63451.6,63569.8,0.959452,0.684493,0.274959,-3159.129576
1780960500,2026-06-08 23:15:00,63572.9,63573.0,63100.0,63136.5,0.554722,3.862795,-3.308073,-3162.437649
1780960800,2026-06-08 23:20:00,63135.5,63205.3,63061.0,63176.0,0.976039,0.865577,0.110462,-3162.327187
1780961100,2026-06-08 23:25:00,63181.4,63183.0,63064.2,63148.2,0.917886,1.105647,-0.187761,-3162.514948
1780961400,2026-06-08 23:30:00,63148.1,63148.1,63008.5,63064.6,3.102460,4.684803,-1.582343,-3164.097291
1780961700,2026-06-08 23:35:00,63064.6,63161.2,63064.6,63093.5,0.529074,4.867551,-4.338477,-3168.435768
1780962000,2026-06-08 23:40:00,63093.4,63161.2,63093.4,63127.4,0.213776,0.266066,-0.052291,-3168.488059
1780962300,2026-06-08 23:45:00,63115.8,63115.8,62974.9,63001.0,0.551097,45.183523,-44.632426,-3213.120485
1780962600,2026-06-08 23:50:00,63000.9,63062.0,63000.9,63011.9,0.419543,21.051996,-20.632454,-3233.752938
1780962900,2026-06-08 23:55:00,63011.8,63099.0,63005.9,63076.4,0.299485,0.471516,-0.172031,-3233.924970
1780963200,2026-06-09 00:00:00,63068.5,63123.0,63000.9,63007.7,0.350836,1.417259,-1.066423,-3234.991393
1780963500,2026-06-09 00:05:00,63007.6,63100.8,63007.6,63009.1,0.933378,0.463180,0.470198,-3234.521195
1780963800,2026-06-09 00:10:00,63009.0,63048.4,62985.0,62985.1,0.464544,0.254354,0.210190,-3234.311004
1780964100,2026-06-09 00:15:00,62985.0,63148.6,62974.8,62983.3,5.480404,2.371120,3.109283,-3231.201721
1780964400,2026-06-09 00:20:00,62983.2,63034.8,62884.5,62884.5,1.046088,3.832739,-2.786651,-3233.988372
1780964700,2026-06-09 00:25:00,62884.5,62930.4,62700.0,62700.0,1.973006,23.775014,-21.802009,-3255.790381
1780965000,2026-06-09 00:30:00,62712.1,62748.8,62546.2,62726.6,13.558127,22.441891,-8.883764,-3264.674145
1780965300,2026-06-09 00:35:00,62724.3,62724.3,62567.6,62587.8,0.540613,2.359542,-1.818929,-3266.493074
1780965600,2026-06-09 00:40:00,62587.8,62732.2,62587.8,62706.6,0.407934,0.392538,0.015396,-3266.477678
1780965900,2026-06-09 00:45:00,62687.3,62687.3,62383.9,62420.2,1.362041,17.709864,-16.347824,-3282.825502
1780966200,2026-06-09 00:50:00,62420.2,62556.1,62406.6,62515.5,1.029358,4.532729,-3.503371,-3286.328872
1780966500,2026-06-09 00:55:00,62515.5,62591.5,62473.2,62546.4,7.822911,3.586429,4.236482,-3282.092390
1780966800,2026-06-09 01:00:00,62542.8,62681.8,62542.7,62621.4,8.075761,0.296051,7.779710,-3274.312680
1780967100,2026-06-09 01:05:00,62621.3,62681.1,62528.1,62624.7,3.316557,2.545799,0.770759,-3273.541921
1780967400,2026-06-09 01:10:00,62624.7,62666.0,62602.5,62641.6,0.179083,10.670305,-10.491223,-3284.033144
1780967700,2026-06-09 01:15:00,62638.9,62701.0,62603.0,62638.3,1.315526,0.407106,0.908420,-3283.124724
1780968000,2026-06-09 01:20:00,62641.5,62831.4,62638.2,62750.0,5.460735,0.997362,4.463373,-3278.661351
1780968300,2026-06-09 01:25:00,62750.1,62863.8,62738.0,62763.5,96.381450,3.617777,92.763673,-3185.897678
1780968600,2026-06-09 01:30:00,62761.5,62833.2,62741.7,62832.1,0.210501,31.398734,-31.188232,-3217.085910
1780968900,2026-06-09 01:35:00,62832.1,62841.3,62688.6,62757.8,0.879761,7.949322,-7.069561,-3224.155471
1780969200,2026-06-09 01:40:00,62755.3,62791.0,62640.1,62688.1,0.379469,1.010478,-0.631010,-3224.786480
1780969500,2026-06-09 01:45:00,62688.0,62825.1,62688.0,62744.8,0.677345,10.154231,-9.476886,-3234.263366
1780969800,2026-06-09 01:50:00,62740.9,62773.0,62675.6,62756.3,0.271883,0.233140,0.038743,-3234.224623
1780970100,2026-06-09 01:55:00,62756.3,62777.0,62736.4,62760.2,0.090626,0.129752,-0.039126,-3234.263749
1780970400,2026-06-09 02:00:00,62755.9,62843.7,62755.9,62801.0,1.724563,0.146474,1.578089,-3232.685660
1780970700,2026-06-09 02:05:00,62798.3,62800.2,62726.0,62789.3,0.103738,0.204941,-0.101202,-3232.786862
1780971000,2026-06-09 02:10:00,62789.3,62813.6,62729.6,62729.6,0.366076,0.097517,0.268560,-3232.518303
1780971300,2026-06-09 02:15:00,62729.6,62729.6,62579.5,62579.5,2.183463,2.207350,-0.023888,-3232.542190
1780971600,2026-06-09 02:20:00,62579.5,62701.6,62550.0,62691.6,0.870809,0.413532,0.457278,-3232.084913
1780971900,2026-06-09 02:25:00,62683.9,62742.9,62627.6,62742.9,0.115913,0.382703,-0.266790,-3232.351703
1780972200,2026-06-09 02:30:00,62742.9,62799.0,62732.3,62732.4,0.178276,0.167507,0.010769,-3232.340934
1780972500,2026-06-09 02:35:00,62732.3,62732.3,62530.7,62572.1,0.568081,1.024381,-0.456300,-3232.797234
1780972800,2026-06-09 02:40:00,62572.1,62645.7,62572.1,62606.6,1.023359,0.070594,0.952765,-3231.844468
1780973100,2026-06-09 02:45:00,62635.8,62743.8,62635.8,62712.4,1.591493,0.117508,1.473986,-3230.370483
1780973400,2026-06-09 02:50:00,62699.5,62766.2,62632.6,62766.2,0.339108,0.081833,0.257275,-3230.113208
1780973700,2026-06-09 02:55:00,62766.2,62852.3,62766.1,62843.6,15.394328,0.155966,15.238362,-3214.874846
1780974000,2026-06-09 03:00:00,62843.6,62900.0,62790.9,62823.2,1.917909,0.850644,1.067265,-3213.807581
1780974300,2026-06-09 03:05:00,62836.9,62859.1,62797.5,62803.7,0.600862,0.074369,0.526493,-3213.281089
1780974600,2026-06-09 03:10:00,62803.7,62898.2,62790.4,62890.5,2.862914,0.055337,2.807577,-3210.473511
1780974900,2026-06-09 03:15:00,62891.5,62944.6,62860.4,62860.4,1.064008,0.115982,0.948026,-3209.525485
1780975200,2026-06-09 03:20:00,62860.5,62893.3,62757.7,62757.7,0.154891,0.065838,0.089053,-3209.436432
1780975500,2026-06-09 03:25:00,62757.7,62810.1,62751.2,62787.8,1.360764,0.118730,1.242034,-3208.194398
1780975800,2026-06-09 03:30:00,62787.8,62813.4,62684.9,62685.0,0.253533,0.285780,-0.032247,-3208.226645
1780976100,2026-06-09 03:35:00,62684.9,62749.3,62684.9,62711.1,1.862893,0.157519,1.705374,-3206.521272
1780976400,2026-06-09 03:40:00,62711.2,62795.1,62711.2,62795.1,0.896052,0.083181,0.812871,-3205.708400
1780976700,2026-06-09 03:45:00,62795.0,62807.5,62737.9,62807.5,3.972305,0.141678,3.830627,-3201.877774
1780977000,2026-06-09 03:50:00,62807.5,62807.5,62720.3,62726.1,0.840463,0.564372,0.276091,-3201.601683
1780977300,2026-06-09 03:55:00,62726.1,62858.6,62726.1,62851.4,0.618264,0.467134,0.151130,-3201.450553
1780977600,2026-06-09 04:00:00,62851.4,62851.4,62766.6,62766.6,0.586909,1.073065,-0.486156,-3201.936709
1780977900,2026-06-09 04:05:00,62748.3,62885.3,62717.5,62885.3,0.639653,0.236969,0.402683,-3201.534026
1780978200,2026-06-09 04:10:00,62886.3,62944.5,62886.3,62892.8,2.047006,0.687606,1.359400,-3200.174625
1780978500,2026-06-09 04:15:00,62887.4,62887.4,62838.9,62839.0,0.116621,4.702375,-4.585754,-3204.760379
1780978800,2026-06-09 04:20:00,62839.0,62873.4,62819.8,62828.3,0.934944,1.115833,-0.180889,-3204.941269
1780979100,2026-06-09 04:25:00,62828.3,62830.7,62779.7,62779.8,0.157436,0.051950,0.105485,-3204.835783
1780979400,2026-06-09 04:30:00,62779.8,63143.0,62743.0,63131.4,20.566657,0.666228,19.900429,-3184.935354
1780979700,2026-06-09 04:35:00,63143.0,63338.5,63143.0,63295.2,2.837373,1.551082,1.286291,-3183.649062
1780980000,2026-06-09 04:40:00,63295.2,63340.2,63170.6,63208.7,0.355254,3.169216,-2.813962,-3186.463025
1780980300,2026-06-09 04:45:00,63208.8,63376.6,63189.5,63374.2,2.166691,0.676919,1.489773,-3184.973252
1780980600,2026-06-09 04:50:00,63376.5,63384.2,63214.0,63257.6,3.202567,1.722252,1.480315,-3183.492937
1780980900,2026-06-09 04:55:00,63257.5,63286.6,63203.8,63203.8,0.106021,5.083642,-4.977621,-3188.470557
1780981200,2026-06-09 05:00:00,63203.6,63269.0,63168.2,63244.8,1.438591,0.723128,0.715464,-3187.755094
1780981500,2026-06-09 05:05:00,63243.9,63243.9,63100.0,63100.0,0.707369,0.332569,0.374800,-3187.380294
1780981800,2026-06-09 05:10:00,63100.0,63223.0,63099.5,63203.8,0.298136,0.049173,0.248962,-3187.131332
1780982100,2026-06-09 05:15:00,63203.8,63318.7,63203.8,63294.9,0.508550,0.717447,-0.208898,-3187.340230
1780982400,2026-06-09 05:20:00,63294.9,63310.1,63261.4,63295.2,0.236220,0.918887,-0.682668,-3188.022897
1780982700,2026-06-09 05:25:00,63296.5,63305.1,63268.3,63281.0,0.122744,0.030554,0.092190,-3187.930707
1780983000,2026-06-09 05:30:00,63278.2,63467.9,63272.3,63467.9,0.910150,1.058573,-0.148423,-3188.079130
1780983300,2026-06-09 05:35:00,63467.8,63467.9,63374.1,63411.4,0.544114,1.408368,-0.864254,-3188.943384
1780983600,2026-06-09 05:40:00,63411.4,63411.4,63329.4,63331.7,1.156763,5.677816,-4.521053,-3193.464437
1780983900,2026-06-09 05:45:00,63333.8,63400.0,63333.7,63385.2,0.128829,0.231615,-0.102786,-3193.567223
1780984200,2026-06-09 05:50:00,63385.1,63407.5,63312.9,63312.9,0.363799,0.381158,-0.017359,-3193.584581
1780984500,2026-06-09 05:55:00,63320.0,63320.1,63278.1,63317.5,0.149697,2.237032,-2.087335,-3195.671916
1780984800,2026-06-09 06:00:00,63317.6,63326.4,63252.3,63326.4,0.757578,0.661494,0.096084,-3195.575832
1780985100,2026-06-09 06:05:00,63329.9,63385.8,63302.7,63302.7,1.211858,0.286751,0.925107,-3194.650726
1780985400,2026-06-09 06:10:00,63303.8,63364.4,63284.7,63337.0,1.449559,0.469792,0.979768,-3193.670958
1780985700,2026-06-09 06:15:00,63334.3,63401.8,63310.1,63379.9,0.153356,0.073754,0.079602,-3193.591356
1780986000,2026-06-09 06:20:00,63379.9,63453.1,63379.9,63411.5,0.143227,0.584275,-0.441047,-3194.032404
1780986300,2026-06-09 06:25:00,63390.2,63439.0,63379.8,63388.2,11.122266,0.138243,10.984023,-3183.048380
1780986600,2026-06-09 06:30:00,63388.2,63427.3,63334.3,63338.2,0.145246,0.199301,-0.054055,-3183.102435
1780986900,2026-06-09 06:35:00,63338.2,63373.0,63338.1,63368.8,0.241053,0.170589,0.070464,-3183.031971
1780987200,2026-06-09 06:40:00,63368.9,63378.0,63286.3,63312.6,0.399196,1.823871,-1.424674,-3184.456646
1780987500,2026-06-09 06:45:00,63312.7,63383.3,63284.7,63292.7,0.163153,0.979633,-0.816480,-3185.273126
1780987800,2026-06-09 06:50:00,63288.8,63288.8,63190.1,63223.8,0.785184,1.488346,-0.703162,-3185.976288
1780988100,2026-06-09 06:55:00,63223.8,63265.8,63223.7,63257.7,0.348970,0.215286,0.133684,-3185.842604
1780988400,2026-06-09 07:00:00,63257.7,63366.9,63257.7,63324.0,0.286829,0.419596,-0.132767,-3185.975371
1780988700,2026-06-09 07:05:00,63324.0,63405.5,63285.1,63405.5,1.914456,0.155937,1.758519,-3184.216852
1780989000,2026-06-09 07:10:00,63405.5,63405.5,63260.3,63260.9,1.891761,0.743491,1.148270,-3183.068582
1780989300,2026-06-09 07:15:00,63260.9,63334.6,63244.0,63319.1,3.295948,0.265119,3.030829,-3180.037753
1780989600,2026-06-09 07:20:00,63319.2,63319.2,63265.7,63269.3,20.076751,0.153585,19.923166,-3160.114587
1780989900,2026-06-09 07:25:00,63269.4,63269.4,62969.5,62995.4,0.519223,10.995885,-10.476662,-3170.591249
1780990200,2026-06-09 07:30:00,62999.9,63142.9,62999.9,63120.8,2.424458,1.433666,0.990792,-3169.600457
1780990500,2026-06-09 07:35:00,63120.7,63144.5,63047.3,63141.7,0.142211,0.339458,-0.197246,-3169.797704
1780990800,2026-06-09 07:40:00,63141.8,63176.6,63141.8,63158.0,0.145133,0.274798,-0.129664,-3169.927368
1780991100,2026-06-09 07:45:00,63158.0,63183.7,63141.2,63143.8,0.059448,0.250796,-0.191349,-3170.118717
1780991400,2026-06-09 07:50:00,63147.3,63168.9,63089.9,63161.3,1.201375,0.420998,0.780377,-3169.338340
1780991700,2026-06-09 07:55:00,63161.3,63161.3,63158.4,63158.5,0.179335,0.327698,-0.148362,-3169.486702
1780992000,2026-06-09 08:00:00,63158.5,63167.5,63053.0,63053.0,0.854340,3.075255,-2.220916,-3171.707618
1780992300,2026-06-09 08:05:00,63053.1,63053.1,62743.1,62853.5,1.366209,10.939594,-9.573385,-3181.281003
1780992600,2026-06-09 08:10:00,62853.5,62911.7,62737.1,62883.6,0.565321,2.924469,-2.359147,-3183.640150
1780992900,2026-06-09 08:15:00,62883.5,62927.7,62859.0,62875.1,0.127181,1.308991,-1.181811,-3184.821961
1780993200,2026-06-09 08:20:00,62875.1,62913.5,62854.2,62910.9,0.278928,2.192319,-1.913391,-3186.735352
1780993500,2026-06-09 08:25:00,62910.9,62936.4,62854.3,62857.5,0.117809,0.590006,-0.472197,-3187.207550
1780993800,2026-06-09 08:30:00,62857.4,62908.0,62795.9,62900.2,1.351395,0.342476,1.008919,-3186.198630
1780994100,2026-06-09 08:35:00,62894.1,62936.5,62864.7,62936.4,0.657730,0.186063,0.471667,-3185.726963
1780994400,2026-06-09 08:40:00,62936.5,62967.3,62908.0,62957.2,0.140066,0.618505,-0.478439,-3186.205402
1780994700,2026-06-09 08:45:00,62941.3,62976.1,62827.3,62864.6,0.265371,11.746852,-11.481481,-3197.686883
1780995000,2026-06-09 08:50:00,62864.5,62941.7,62845.7,62898.1,0.418903,0.270198,0.148705,-3197.538178
1780995300,2026-06-09 08:55:00,62898.1,62898.1,62802.9,62817.5,0.093117,0.280711,-0.187594,-3197.725772
1780995600,2026-06-09 09:00:00,62817.5,62841.5,62805.0,62805.0,0.102086,0.147401,-0.045314,-3197.771087
1780995900,2026-06-09 09:05:00,62805.0,62814.7,62681.5,62729.8,0.208943,2.370421,-2.161478,-3199.932564
1780996200,2026-06-09 09:10:00,62729.7,62814.8,62729.7,62814.8,0.340470,0.360130,-0.019660,-3199.952224
1780996500,2026-06-09 09:15:00,62814.7,62897.5,62814.7,62897.5,1.465138,1.825511,-0.360374,-3200.312597
1780996800,2026-06-09 09:20:00,62911.0,62911.0,62835.2,62835.2,0.368035,0.256282,0.111753,-3200.200845
1780997100,2026-06-09 09:25:00,62835.2,62835.3,62786.2,62786.2,0.588025,0.718475,-0.130450,-3200.331295
1780997400,2026-06-09 09:30:00,62788.5,62788.5,62598.2,62622.1,0.198094,3.408269,-3.210175,-3203.541470
1780997700,2026-06-09 09:35:00,62622.1,62699.9,62575.6,62585.2,0.269197,0.968854,-0.699657,-3204.241126
1780998000,2026-06-09 09:40:00,62591.5,62639.9,62591.4,62632.4,4.887066,0.828628,4.058438,-3200.182688
1780998300,2026-06-09 09:45:00,62640.3,62662.2,62619.9,62639.7,0.049114,3.584037,-3.534923,-3203.717611
1780998600,2026-06-09 09:50:00,62639.6,62660.9,62635.3,62645.9,0.760045,0.426471,0.333574,-3203.384038
1780998900,2026-06-09 09:55:00,62645.9,62694.0,62645.8,62677.5,0.138773,0.379789,-0.241016,-3203.625054
1780999200,2026-06-09 10:00:00,62681.2,62746.0,62681.1,62731.7,6.097761,0.370543,5.727218,-3197.897836
1780999500,2026-06-09 10:05:00,62731.4,62753.3,62581.2,62607.0,0.397370,7.692525,-7.295155,-3205.192991
1780999800,2026-06-09 10:10:00,62607.1,62742.5,62607.1,62742.5,4.363609,0.262564,4.101045,-3201.091946
1781000100,2026-06-09 10:15:00,62742.2,62742.2,62680.4,62706.4,0.319183,1.210061,-0.890878,-3201.982825
1781000400,2026-06-09 10:20:00,62706.3,62736.4,62687.6,62687.6,0.060640,0.219490,-0.158850,-3202.141675
1781000700,2026-06-09 10:25:00,62687.6,62728.6,62687.6,62708.3,0.151829,0.189300,-0.037471,-3202.179146
1781001000,2026-06-09 10:30:00,62708.2,62717.1,62605.0,62617.1,0.070698,0.222305,-0.151607,-3202.330753
1781001300,2026-06-09 10:35:00,62617.2,62704.3,62617.2,62646.3,0.394593,0.470789,-0.076196,-3202.406949
1781001600,2026-06-09 10:40:00,62646.2,62686.1,62638.0,62677.3,0.392069,0.254379,0.137691,-3202.269258
1781001900,2026-06-09 10:45:00,62677.8,62682.9,62628.7,62660.0,0.492227,5.218402,-4.726175,-3206.995434
1781002200,2026-06-09 10:50:00,62660.1,62733.3,62643.8,62711.0,3.385451,1.854212,1.531240,-3205.464194
1781002500,2026-06-09 10:55:00,62711.0,62784.7,62710.9,62762.2,1.385152,0.229727,1.155425,-3204.308769
1781002800,2026-06-09 11:00:00,62762.2,62775.6,62553.0,62580.3,0.208375,1.523988,-1.315613,-3205.624382
1781003100,2026-06-09 11:05:00,62580.3,62642.1,62540.0,62627.8,0.217575,2.541250,-2.323675,-3207.948056
1781003400,2026-06-09 11:10:00,62627.8,62627.8,62475.7,62484.5,0.072913,12.306731,-12.233818,-3220.181874
1781003700,2026-06-09 11:15:00,62492.8,62526.9,62492.8,62512.6,6.274108,0.471693,5.802415,-3214.379459
1781004000,2026-06-09 11:20:00,62512.7,62628.8,62464.8,62592.4,34.445941,2.954188,31.491753,-3182.887706
1781004300,2026-06-09 11:25:00,62592.4,62592.5,62551.1,62562.2,0.270262,0.522121,-0.251859,-3183.139564
1781004600,2026-06-09 11:30:00,62562.2,62600.4,62553.6,62595.5,0.276813,0.633262,-0.356449,-3183.496013
1781004900,2026-06-09 11:35:00,62595.5,62595.6,62493.9,62547.4,0.568475,0.305178,0.263297,-3183.232717
1781005200,2026-06-09 11:40:00,62547.4,62624.6,62547.4,62601.1,1.340313,1.432213,-0.091901,-3183.324617
1781005500,2026-06-09 11:45:00,62601.0,62620.9,62584.2,62584.2,1.721261,1.895727,-0.174466,-3183.499083
1781005800,2026-06-09 11:50:00,62584.2,62613.0,62560.8,62608.2,0.518809,0.489870,0.028939,-3183.470144
1781006100,2026-06-09 11:55:00,62608.2,62689.7,62550.0,62680.2,3.864744,0.683795,3.180949,-3180.289196
1781006400,2026-06-09 12:00:00,62674.9,62826.6,62667.8,62785.1,9.651682,4.151771,5.499911,-3174.789284
1781006700,2026-06-09 12:05:00,62784.2,62870.4,62730.0,62782.0,1.415823,2.389173,-0.973350,-3175.762634
1781007000,2026-06-09 12:10:00,62780.9,62791.2,62700.0,62787.2,0.630702,10.553889,-9.923187,-3185.685821
1781007300,2026-06-09 12:15:00,62787.2,62799.3,62720.1,62755.0,1.332624,0.234066,1.098559,-3184.587262
1781007600,2026-06-09 12:20:00,62754.9,62754.9,62641.6,62695.4,0.520851,4.417085,-3.896233,-3188.483496
1781007900,2026-06-09 12:25:00,62695.4,62723.5,62629.5,62632.1,0.250402,0.254325,-0.003923,-3188.487419
1781008200,2026-06-09 12:30:00,62632.0,62632.0,62535.4,62544.5,0.411865,0.651741,-0.239876,-3188.727295
1781008500,2026-06-09 12:35:00,62546.5,62618.9,62522.0,62567.5,0.147830,1.164112,-1.016282,-3189.743577
1781008800,2026-06-09 12:40:00,62567.5,62578.3,62500.0,62500.0,2.483537,0.815251,1.668285,-3188.075292
1781009100,2026-06-09 12:45:00,62500.0,62548.1,62410.6,62535.0,3.458637,6.101127,-2.642490,-3190.717782
1781009400,2026-06-09 12:50:00,62535.0,62567.3,62526.7,62551.1,1.610216,0.764759,0.845457,-3189.872326
1781009700,2026-06-09 12:55:00,62551.0,62619.4,62518.8,62619.4,3.184112,0.409888,2.774224,-3187.098102
1781010000,2026-06-09 13:00:00,62608.9,62692.6,62567.2,62567.3,0.962924,1.508852,-0.545927,-3187.644029
1781010300,2026-06-09 13:05:00,62567.3,62660.5,62567.3,62626.7,0.644550,1.534721,-0.890171,-3188.534201
1781010600,2026-06-09 13:10:00,62646.2,62646.2,62504.2,62521.5,0.598188,7.070948,-6.472760,-3195.006960
1781010900,2026-06-09 13:15:00,62521.5,62538.8,62284.1,62357.6,2.216933,16.159062,-13.942129,-3208.949089
1781011200,2026-06-09 13:20:00,62345.4,62393.8,62200.8,62283.0,10.993336,113.880440,-102.887104,-3311.836194
1781011500,2026-06-09 13:25:00,62279.0,62318.5,62235.5,62310.2,0.793006,5.445162,-4.652156,-3316.488350
1781011800,2026-06-09 13:30:00,62311.1,62450.7,62256.6,62284.5,1.106988,7.579546,-6.472558,-3322.960908
1781012100,2026-06-09 13:35:00,62270.8,62301.3,62146.2,62168.1,4.066776,39.273877,-35.207101,-3358.168009
1781012400,2026-06-09 13:40:00,62156.3,62410.8,62132.1,62385.3,7.089504,6.804222,0.285281,-3357.882728
1781012700,2026-06-09 13:45:00,62385.0,62476.6,62316.4,62401.6,1.060129,1.081606,-0.021478,-3357.904206
1781013000,2026-06-09 13:50:00,62401.5,62496.0,62257.2,62257.2,3.250071,1.613171,1.636900,-3356.267305
1781013300,2026-06-09 13:55:00,62252.4,62360.2,62240.0,62240.1,8.133938,2.682349,5.451590,-3350.815715
1781013600,2026-06-09 14:00:00,62239.7,62361.9,62096.9,62096.9,0.347970,15.247830,-14.899859,-3365.715575
1781013900,2026-06-09 14:05:00,62158.4,62218.2,62062.6,62092.5,11.842615,5.465543,6.377072,-3359.338502
1781014200,2026-06-09 14:10:00,62092.5,62110.0,61943.0,61967.7,7.333314,18.235995,-10.902681,-3370.241183
1781014500,2026-06-09 14:15:00,61968.5,62023.8,61711.0,61782.1,9.767122,90.522248,-80.755126,-3450.996309
1781014800,2026-06-09 14:20:00,61782.0,61782.1,61614.0,61754.4,12.503419,25.428014,-12.924595,-3463.920904
1781015100,2026-06-09 14:25:00,61754.4,61850.5,61520.0,61568.6,5.855340,11.528532,-5.673192,-3469.594096
1781015400,2026-06-09 14:30:00,61559.8,61643.3,61459.2,61504.8,48.925458,36.947034,11.978424,-3457.615673
1781015700,2026-06-09 14:35:00,61504.8,61523.0,61348.8,61393.7,4.776444,12.425297,-7.648853,-3465.264526
1781016000,2026-06-09 14:40:00,61398.2,61486.5,61280.0,61322.0,110.483101,25.675860,84.807241,-3380.457284
1781016300,2026-06-09 14:45:00,61320.8,61323.8,61120.0,61172.9,22.583810,41.832482,-19.248672,-3399.705957
1781016600,2026-06-09 14:50:00,61173.0,61324.9,61130.4,61282.5,114.240634,7.751096,106.489538,-3293.216419
1781016900,2026-06-09 14:55:00,61282.6,61494.4,61280.2,61493.8,4.889701,6.803079,-1.913378,-3295.129797
1781017200,2026-06-09 15:00:00,61494.5,61500.0,61300.1,61384.9,1.827156,4.178587,-2.351431,-3297.481228
1781017500,2026-06-09 15:05:00,61413.9,61655.2,61349.9,61655.2,38.705650,2.347855,36.357795,-3261.123433
1781017800,2026-06-09 15:10:00,61650.3,61655.1,61500.0,61606.4,12.196909,3.580681,8.616228,-3252.507205
1781018100,2026-06-09 15:15:00,61606.5,61655.2,61529.4,61529.4,3.296160,2.586266,0.709893,-3251.797311
1781018400,2026-06-09 15:20:00,61529.3,61602.4,61347.6,61412.4,4.947933,8.322422,-3.374489,-3255.171800
1781018700,2026-06-09 15:25:00,61412.3,61449.3,61260.8,61280.2,3.328541,5.601490,-2.272949,-3257.444749
1781019000,2026-06-09 15:30:00,61280.1,61367.8,61200.0,61306.1,16.359578,23.378174,-7.018596,-3264.463345
1781019300,2026-06-09 15:35:00,61306.1,61358.4,61187.1,61308.4,19.758218,14.010100,5.748118,-3258.715227
1781019600,2026-06-09 15:40:00,61308.4,61381.5,61256.9,61284.7,10.493240,11.100176,-0.606936,-3259.322164
1781019900,2026-06-09 15:45:00,61285.6,61342.8,61200.1,61284.5,110.471092,19.382245,91.088847,-3168.233317
1781020200,2026-06-09 15:50:00,61284.6,61350.5,61175.5,61175.5,14.692383,3.323487,11.368896,-3156.864420
1781020500,2026-06-09 15:55:00,61172.5,61185.8,61000.0,61087.9,9.688155,38.410329,-28.722174,-3185.586594
1781020800,2026-06-09 16:00:00,61087.9,61163.9,60977.6,61007.1,5.731528,37.018662,-31.287134,-3216.873728
1781021100,2026-06-09 16:05:00,60993.6,61007.1,60866.6,60961.7,4.199925,130.352846,-126.152921,-3343.026649
1781021400,2026-06-09 16:10:00,60961.8,61080.0,60904.6,60955.1,9.580071,4.792958,4.787113,-3338.239535
1781021700,2026-06-09 16:15:00,60958.5,60985.1,60811.1,60828.3,7.948623,21.836341,-13.887718,-3352.127253
1781022000,2026-06-09 16:20:00,60832.6,61044.9,60811.0,60982.5,13.267634,36.629362,-23.361728,-3375.488981
1781022300,2026-06-09 16:25:00,60973.2,61049.9,60853.3,60984.6,0.752451,14.670213,-13.917762,-3389.406743
1781022600,2026-06-09 16:30:00,60984.6,61245.9,60963.2,61096.1,109.426604,20.228553,89.198051,-3300.208692
1781022900,2026-06-09 16:35:00,61096.1,61260.6,60777.7,60786.2,3.975125,29.260011,-25.284886,-3325.493578
1781023200,2026-06-09 16:40:00,60786.1,61185.9,60740.9,61185.9,5.661976,7.073206,-1.411229,-3326.904808
1781023500,2026-06-09 16:45:00,61187.1,61394.3,61187.1,61310.1,21.057806,3.539032,17.518774,-3309.386034
1781023800,2026-06-09 16:50:00,61310.1,61337.3,61114.4,61127.1,3.956562,2.880220,1.076341,-3308.309692
1781024100,2026-06-09 16:55:00,61132.0,61421.9,61131.9,61346.5,3.692940,13.916905,-10.223965,-3318.533657
1781024400,2026-06-09 17:00:00,61355.5,61623.7,61344.7,61613.2,5.185575,8.337534,-3.151958,-3321.685616
1781024700,2026-06-09 17:05:00,61598.3,61629.1,61383.5,61473.6,3.875397,1.419510,2.455886,-3319.229729
1781025000,2026-06-09 17:10:00,61473.5,61579.9,61368.6,61552.8,21.671102,1.502097,20.169006,-3299.060724
1781025300,2026-06-09 17:15:00,61550.9,61828.6,61535.6,61787.1,64.598770,1.986129,62.612641,-3236.448083
1781025600,2026-06-09 17:20:00,61787.0,61830.7,61700.0,61719.0,9.736397,6.566085,3.170312,-3233.277770
1781025900,2026-06-09 17:25:00,61719.0,61763.9,61628.1,61698.7,2.006706,6.417806,-4.411100,-3237.688870
1781026200,2026-06-09 17:30:00,61707.8,61793.2,61649.9,61757.2,4.688753,6.202422,-1.513668,-3239.202538
1781026500,2026-06-09 17:35:00,61760.3,61760.3,61674.7,61683.5,5.506128,1.337243,4.168885,-3235.033653
1781026800,2026-06-09 17:40:00,61684.1,61769.4,61632.1,61641.5,3.643926,5.708954,-2.065028,-3237.098681
1781027100,2026-06-09 17:45:00,61644.5,61651.2,61550.8,61569.0,2.101558,1.306809,0.794749,-3236.303933
1781027400,2026-06-09 17:50:00,61569.1,61784.7,61569.1,61680.8,2.740451,0.529128,2.211323,-3234.092610
1781027700,2026-06-09 17:55:00,61678.2,61703.7,61643.4,61643.5,1.513165,0.623167,0.889998,-3233.202611
1781028000,2026-06-09 18:00:00,61651.2,61729.8,61576.7,61669.2,1.066412,3.998928,-2.932516,-3236.135127
1781028300,2026-06-09 18:05:00,61668.3,61772.3,61656.3,61759.4,1.493801,0.338616,1.155185,-3234.979942
1781028600,2026-06-09 18:10:00,61761.8,61761.8,61614.1,61701.7,0.960120,2.058419,-1.098299,-3236.078241
1781028900,2026-06-09 18:15:00,61701.6,61916.6,61671.1,61868.4,24.959096,16.912949,8.046147,-3228.032094
1781029200,2026-06-09 18:20:00,61876.1,61887.1,61700.0,61749.1,17.998531,2.400071,15.598460,-3212.433634
1781029500,2026-06-09 18:25:00,61749.1,61771.9,61622.4,61679.7,0.335059,1.327176,-0.992116,-3213.425750
1781029800,2026-06-09 18:30:00,61679.2,61749.8,61645.5,61714.6,0.675086,0.794973,-0.119887,-3213.545637
1781030100,2026-06-09 18:35:00,61719.3,61763.1,61680.1,61708.1,1.355579,1.632427,-0.276847,-3213.822485
1781030400,2026-06-09 18:40:00,61706.5,61707.7,61554.2,61554.2,0.758739,2.077679,-1.318940,-3215.141425
1781030700,2026-06-09 18:45:00,61568.5,61630.3,61568.3,61612.2,0.913840,7.741016,-6.827176,-3221.968601
1781031000,2026-06-09 18:50:00,61618.0,61703.3,61618.0,61635.2,5.837930,0.677475,5.160455,-3216.808146
1781031300,2026-06-09 18:55:00,61641.3,61775.7,61630.8,61742.3,1.058861,1.917659,-0.858798,-3217.666944
1781031600,2026-06-09 19:00:00,61738.3,61822.4,61686.3,61822.4,10.698128,4.852260,5.845868,-3211.821076
1781031900,2026-06-09 19:05:00,61823.2,61861.3,61755.0,61779.1,5.781342,2.562760,3.218582,-3208.602493
1781032200,2026-06-09 19:10:00,61779.1,61779.4,61721.6,61721.6,2.363751,1.627294,0.736457,-3207.866036
1781032500,2026-06-09 19:15:00,61725.0,61758.0,61674.1,61718.1,0.343662,1.417301,-1.073640,-3208.939676
1781032800,2026-06-09 19:20:00,61718.0,61829.5,61706.4,61825.4,0.842375,1.987797,-1.145422,-3210.085098
1781033100,2026-06-09 19:25:00,61825.3,61858.5,61721.4,61819.1,0.706792,1.035248,-0.328456,-3210.413554
1781033400,2026-06-09 19:30:00,61819.6,61985.5,61819.6,61916.9,6.228859,5.224469,1.004391,-3209.409163
1781033700,2026-06-09 19:35:00,61916.9,61953.1,61822.2,61822.3,1.603533,4.512972,-2.909439,-3212.318602
1781034000,2026-06-09 19:40:00,61822.1,61846.1,61689.7,61839.1,1.177794,6.272832,-5.095038,-3217.413640
1781034300,2026-06-09 19:45:00,61843.2,61849.3,61717.4,61782.5,1.328827,7.758978,-6.430151,-3223.843791
1781034600,2026-06-09 19:50:00,61778.5,62022.4,61778.5,61973.3,14.482938,5.957064,8.525874,-3215.317917
1781034900,2026-06-09 19:55:00,61970.8,62050.0,61970.8,62050.0,47.374645,2.289040,45.085605,-3170.232312
1781035200,2026-06-09 20:00:00,62050.0,62054.2,61912.4,62010.2,10.598286,4.899857,5.698429,-3164.533883
1781035500,2026-06-09 20:05:00,62010.1,62057.6,61990.0,62009.1,5.219467,0.312125,4.907342,-3159.626541
1781035800,2026-06-09 20:10:00,62016.6,62155.9,61990.0,62155.9,22.019375,0.752841,21.266534,-3138.360008
1781036100,2026-06-09 20:15:00,62156.5,62208.7,62065.4,62065.4,24.835981,3.153987,21.681994,-3116.678014
1781036400,2026-06-09 20:20:00,62065.4,62065.4,61964.0,61964.2,0.330807,5.333748,-5.002941,-3121.680955
1781036700,2026-06-09 20:25:00,61970.2,62063.4,61963.9,62055.1,6.617600,0.110040,6.507560,-3115.173395
1781037000,2026-06-09 20:30:00,62055.0,62055.0,61960.0,62001.8,1.926810,3.631745,-1.704935,-3116.878330
1781037300,2026-06-09 20:35:00,62004.3,62088.2,61989.4,62044.0,0.475149,0.936545,-0.461396,-3117.339726
1781037600,2026-06-09 20:40:00,62040.8,62142.6,62040.7,62088.3,1.302415,0.561570,0.740845,-3116.598881
1781037900,2026-06-09 20:45:00,62088.3,62088.3,62020.4,62030.5,10.387234,0.378058,10.009176,-3106.589704
1781038200,2026-06-09 20:50:00,62030.4,62042.4,61993.9,62039.4,2.930961,8.176611,-5.245650,-3111.835355
1781038500,2026-06-09 20:55:00,62041.4,62118.5,62041.4,62118.5,0.971325,0.234173,0.737152,-3111.098203
1781038800,2026-06-09 21:00:00,62118.1,62146.1,62000.1,62003.0,7.503849,1.334860,6.168989,-3104.929213
1781039100,2026-06-09 21:05:00,62003.0,62089.4,62003.0,62075.3,1.068713,3.463610,-2.394897,-3107.324110
1781039400,2026-06-09 21:10:00,62076.5,62106.7,62056.0,62089.6,5.928317,0.747537,5.180780,-3102.143330
1781039700,2026-06-09 21:15:00,62095.0,62099.1,61917.1,61922.7,0.293581,1.768059,-1.474478,-3103.617808
1781040000,2026-06-09 21:20:00,61922.4,61923.3,61799.1,61868.7,0.774705,12.730277,-11.955572,-3115.573381
1781040300,2026-06-09 21:25:00,61867.3,61867.3,61731.2,61761.9,0.706970,6.055879,-5.348909,-3120.922290
1781040600,2026-06-09 21:30:00,61760.3,61818.1,61741.9,61782.6,0.953858,7.598064,-6.644206,-3127.566496
1781040900,2026-06-09 21:35:00,61782.6,61863.2,61776.2,61828.7,1.516937,8.820062,-7.303124,-3134.869621
1781041200,2026-06-09 21:40:00,61828.6,61836.8,61749.0,61756.2,2.797120,0.712470,2.084650,-3132.784970
1781041500,2026-06-09 21:45:00,61756.2,61765.0,61701.7,61764.9,0.948917,6.117097,-5.168180,-3137.953150
1781041800,2026-06-09 21:50:00,61764.9,61765.0,61658.3,61664.7,23.532968,20.189771,3.343197,-3134.609953
1781042100,2026-06-09 21:55:00,61664.7,61720.1,61646.5,61718.8,0.754194,2.654840,-1.900646,-3136.510599
1781042400,2026-06-09 22:00:00,61715.2,61715.2,61623.3,61638.2,0.804273,23.272829,-22.468556,-3158.979154
1781042700,2026-06-09 22:05:00,61639.1,61688.7,61623.6,61688.7,2.139440,0.244346,1.895094,-3157.084060
1781043000,2026-06-09 22:10:00,61688.8,61794.0,61672.8,61793.9,1.736439,0.350592,1.385847,-3155.698213
1781043300,2026-06-09 22:15:00,61793.9,61834.7,61773.2,61834.6,0.885338,0.436056,0.449282,-3155.248931
1781043600,2026-06-09 22:20:00,61834.7,61903.1,61812.3,61845.5,8.317567,21.844193,-13.526626,-3168.775557
1781043900,2026-06-09 22:25:00,61845.5,61845.5,61740.3,61765.5,0.751488,0.973276,-0.221788,-3168.997344
1781044200,2026-06-09 22:30:00,61772.6,61908.7,61735.0,61908.7,1.868552,0.452298,1.416254,-3167.581090
1781044500,2026-06-09 22:35:00,61908.7,61919.5,61772.7,61839.6,2.241424,0.221763,2.019661,-3165.561429
1781044800,2026-06-09 22:40:00,61854.0,61857.2,61750.0,61823.7,0.248979,0.269235,-0.020256,-3165.581685
1781045100,2026-06-09 22:45:00,61823.7,61838.2,61767.9,61779.3,0.825369,4.336520,-3.511151,-3169.092836
1781045400,2026-06-09 22:50:00,61779.3,61779.3,61665.5,61719.8,0.848889,4.543659,-3.694770,-3172.787606
1781045700,2026-06-09 22:55:00,61717.0,61751.4,61656.0,61681.6,0.465101,3.360002,-2.894901,-3175.682508
1781046000,2026-06-09 23:00:00,61681.7,61759.1,61656.0,61740.9,1.431194,0.241927,1.189266,-3174.493241
1781046300,2026-06-09 23:05:00,61740.9,61764.7,61678.2,61728.0,5.519688,1.223416,4.296273,-3170.196969
1781046600,2026-06-09 23:10:00,61727.9,61729.9,61632.2,61715.7,0.364301,2.729678,-2.365376,-3172.562345
1781046900,2026-06-09 23:15:00,61715.6,61814.6,61700.0,61795.5,0.581327,10.289317,-9.707990,-3182.270335
1781047200,2026-06-09 23:20:00,61795.5,61827.8,61723.4,61758.1,7.276625,0.179426,7.097199,-3175.173136
1781047500,2026-06-09 23:25:00,61760.7,61779.8,61659.2,61659.2,0.308927,0.766198,-0.457271,-3175.630406
1781047800,2026-06-09 23:30:00,61659.2,61696.8,61621.8,61650.0,0.556049,0.675156,-0.119106,-3175.749512
1781048100,2026-06-09 23:35:00,61635.7,61635.8,61529.9,61573.2,1.391392,11.600513,-10.209121,-3185.958634
1781048400,2026-06-09 23:40:00,61564.6,61600.6,61545.3,61585.4,1.301129,1.126040,0.175089,-3185.783545
1781048700,2026-06-09 23:45:00,61590.7,61636.1,61557.3,61571.0,0.255091,0.323322,-0.068231,-3185.851775
1781049000,2026-06-09 23:50:00,61571.0,61692.4,61553.2,61655.1,0.399036,1.022219,-0.623184,-3186.474959
1781049300,2026-06-09 23:55:00,61664.6,61692.4,61644.0,61690.4,0.381782,0.370145,0.011637,-3186.463322
1781049600,2026-06-10 00:00:00,61688.1,61794.3,61665.4,61778.0,1.841882,41.072180,-39.230298,-3225.693620
1781049900,2026-06-10 00:05:00,61778.0,61850.0,61724.5,61809.1,4.469784,0.278281,4.191503,-3221.502117
1781050200,2026-06-10 00:10:00,61805.6,61811.8,61710.2,61780.5,0.875895,0.198117,0.677778,-3220.824339
1781050500,2026-06-10 00:15:00,61780.5,61810.8,61710.3,61767.4,0.181656,0.658727,-0.477071,-3221.301410
1781050800,2026-06-10 00:20:00,61767.5,61767.5,61700.1,61747.1,0.204810,0.194778,0.010032,-3221.291378
1781051100,2026-06-10 00:25:00,61747.0,61831.3,61712.5,61820.1,0.849034,0.136086,0.712947,-3220.578431
1781051400,2026-06-10 00:30:00,61820.1,61820.1,61564.5,61564.5,2.152355,1.413690,0.738665,-3219.839766
1781051700,2026-06-10 00:35:00,61564.5,61618.0,61468.1,61531.9,1.561086,7.439284,-5.878199,-3225.717964
1781052000,2026-06-10 00:40:00,61531.9,61549.2,61420.0,61476.0,0.412466,4.765244,-4.352778,-3230.070742
1781052300,2026-06-10 00:45:00,61476.1,61635.6,61458.2,61635.6,0.755965,0.104355,0.651610,-3229.419133
1781052600,2026-06-10 00:50:00,61635.6,61696.9,61559.5,61694.2,0.115622,1.900226,-1.784603,-3231.203736
1781052900,2026-06-10 00:55:00,61694.2,61873.7,61689.3,61873.6,8.639156,3.410026,5.229129,-3225.974607
1781053200,2026-06-10 01:00:00,61873.7,61910.0,61831.3,61910.0,9.764417,2.189187,7.575230,-3218.399376
1781053500,2026-06-10 01:05:00,61910.9,61918.3,61687.2,61687.2,0.202440,0.447999,-0.245559,-3218.644935
1781053800,2026-06-10 01:10:00,61682.4,61804.6,61639.3,61783.3,1.713375,0.809006,0.904370,-3217.740566
1781054100,2026-06-10 01:15:00,61783.2,61844.3,61754.4,61844.2,1.031430,0.151674,0.879756,-3216.860810
1781054400,2026-06-10 01:20:00,61844.3,61844.3,61712.0,61712.0,0.158296,0.580777,-0.422481,-3217.283291
1781054700,2026-06-10 01:25:00,61712.0,61835.3,61712.0,61787.8,0.270464,0.279531,-0.009067,-3217.292358
1781055000,2026-06-10 01:30:00,61787.9,61846.5,61723.1,61846.5,0.119782,1.769488,-1.649706,-3218.942064
1781055300,2026-06-10 01:35:00,61845.2,61845.2,61620.1,61707.6,0.931826,0.162503,0.769324,-3218.172740
1781055600,2026-06-10 01:40:00,61707.7,61715.9,61562.7,61601.3,0.505933,0.255445,0.250488,-3217.922252
1781055900,2026-06-10 01:45:00,61601.4,61780.6,61591.4,61780.6,0.788643,0.190002,0.598642,-3217.323611
1781056200,2026-06-10 01:50:00,61780.7,61811.2,61678.5,61747.4,0.830725,3.327226,-2.496501,-3219.820112
1781056500,2026-06-10 01:55:00,61747.3,61748.6,61651.7,61670.6,0.431874,0.289511,0.142363,-3219.677749
1781056800,2026-06-10 02:00:00,61670.6,61797.2,61665.9,61665.9,0.476679,3.951170,-3.474491,-3223.152239
1781057100,2026-06-10 02:05:00,61667.4,61681.6,61573.6,61588.8,0.772314,0.833865,-0.061551,-3223.213790
1781057400,2026-06-10 02:10:00,61600.0,61600.0,61518.4,61518.5,0.554043,3.532723,-2.978679,-3226.192470
1781057700,2026-06-10 02:15:00,61518.5,61535.8,61323.6,61391.2,0.382406,34.837542,-34.455136,-3260.647606
1781058000,2026-06-10 02:20:00,61392.1,61460.0,61392.0,61399.9,13.122010,1.153745,11.968265,-3248.679341
1781058300,2026-06-10 02:25:00,61387.8,61456.7,61338.0,61456.7,0.392831,0.645268,-0.252437,-3248.931777
1781058600,2026-06-10 02:30:00,61454.0,61501.4,61268.0,61303.2,0.188099,10.255160,-10.067061,-3258.998838
1781058900,2026-06-10 02:35:00,61306.2,61389.6,61272.4,61314.2,30.143596,11.781600,18.361996,-3240.636842
1781059200,2026-06-10 02:40:00,61300.0,61351.8,61286.0,61314.2,0.124705,0.212584,-0.087879,-3240.724720
1781059500,2026-06-10 02:45:00,61328.3,61340.4,61211.0,61271.7,0.292659,19.361941,-19.069282,-3259.794003
1781059800,2026-06-10 02:50:00,61285.8,61298.2,61204.7,61204.8,0.476329,3.769162,-3.292833,-3263.086836
1781060100,2026-06-10 02:55:00,61204.8,61304.7,61204.8,61265.9,18.335740,0.496712,17.839028,-3245.247807
1781060400,2026-06-10 03:00:00,61266.0,61355.5,61248.3,61354.2,1.072949,4.370155,-3.297206,-3248.545013
1781060700,2026-06-10 03:05:00,61354.2,61439.8,61354.2,61438.4,5.198338,0.636267,4.562071,-3243.982943
1781061000,2026-06-10 03:10:00,61438.4,61438.4,61366.7,61399.9,28.177547,0.517208,27.660339,-3216.322604
1781061300,2026-06-10 03:15:00,61399.9,61442.8,61295.0,61329.4,0.142791,0.923451,-0.780660,-3217.103264
1781061600,2026-06-10 03:20:00,61341.7,61377.3,61304.1,61356.9,0.325852,0.978506,-0.652653,-3217.755917
1781061900,2026-06-10 03:25:00,61356.8,61541.6,61356.8,61541.5,1.332876,0.727875,0.605001,-3217.150917
1781062200,2026-06-10 03:30:00,61541.6,61541.6,61401.7,61401.8,0.551828,3.108486,-2.556658,-3219.707575
1781062500,2026-06-10 03:35:00,61419.7,61514.5,61411.2,61499.4,0.089595,1.225451,-1.135856,-3220.843431
1781062800,2026-06-10 03:40:00,61477.6,61490.7,61437.6,61490.7,0.499124,1.770352,-1.271228,-3222.114659
1781063100,2026-06-10 03:45:00,61490.7,61542.9,61490.6,61520.9,0.364386,1.899757,-1.535371,-3223.650030
1781063400,2026-06-10 03:50:00,61522.7,61522.7,61459.2,61500.0,0.171978,0.671685,-0.499707,-3224.149737
1781063700,2026-06-10 03:55:00,61500.0,61500.0,61486.9,61500.0,3.222048,2.144196,1.077852,-3223.071885
1781064000,2026-06-10 04:00:00,61500.0,61500.0,61440.7,61440.8,0.161050,1.299458,-1.138408,-3224.210293
1781064300,2026-06-10 04:05:00,61454.4,61500.0,61454.3,61499.9,0.190263,1.895269,-1.705006,-3225.915299
1781064600,2026-06-10 04:10:00,61500.0,61500.0,61419.4,61474.8,0.439799,1.849186,-1.409387,-3227.324686
1781064900,2026-06-10 04:15:00,61474.7,61490.3,61462.3,61471.2,0.254850,1.495653,-1.240803,-3228.565489
1781065200,2026-06-10 04:20:00,61471.3,61500.0,61437.0,61458.2,0.854447,2.166237,-1.311790,-3229.877280
1781065500,2026-06-10 04:25:00,61458.3,61478.0,61429.4,61433.9,0.028215,1.461718,-1.433503,-3231.310783
1781065800,2026-06-10 04:30:00,61433.8,61433.8,61286.6,61313.7,0.241025,2.576301,-2.335275,-3233.646058
1781066100,2026-06-10 04:35:00,61313.6,61314.8,61165.1,61214.3,2.311253,7.257495,-4.946242,-3238.592300
1781066400,2026-06-10 04:40:00,61217.3,61259.0,61177.8,61191.0,1.641838,1.948289,-0.306451,-3238.898751
1781066700,2026-06-10 04:45:00,61191.1,61317.7,61165.1,61304.9,0.384588,1.563956,-1.179368,-3240.078119
1781067000,2026-06-10 04:50:00,61302.8,61302.9,61245.1,61245.1,1.261308,1.633779,-0.372472,-3240.450591
1781067300,2026-06-10 04:55:00,61245.1,61256.5,61200.0,61256.5,0.749268,0.928493,-0.179225,-3240.629816
1781067600,2026-06-10 05:00:00,61256.5,61276.4,61176.0,61233.7,0.158670,2.316245,-2.157575,-3242.787391
1781067900,2026-06-10 05:05:00,61237.2,61268.2,61123.9,61139.0,0.517262,1.794519,-1.277257,-3244.064648
1781068200,2026-06-10 05:10:00,61136.1,61145.0,61087.9,61122.3,0.411808,3.065877,-2.654069,-3246.718717
1781068500,2026-06-10 05:15:00,61125.2,61125.3,61037.7,61063.1,0.893917,16.483749,-15.589833,-3262.308550
1781068800,2026-06-10 05:20:00,61063.2,61136.8,61063.2,61122.3,0.174581,1.180151,-1.005570,-3263.314120
1781069100,2026-06-10 05:25:00,61122.3,61219.6,61122.3,61217.7,2.362777,5.843325,-3.480548,-3266.794668
1781069400,2026-06-10 05:30:00,61217.7,61275.0,61169.5,61253.1,0.543385,1.965004,-1.421620,-3268.216288
1781069700,2026-06-10 05:35:00,61242.7,61242.7,61148.5,61204.4,0.727564,1.148173,-0.420609,-3268.636897
1781070000,2026-06-10 05:40:00,61204.5,61248.8,61204.5,61238.6,0.160951,0.283048,-0.122097,-3268.758995
1781070300,2026-06-10 05:45:00,61238.6,61255.0,61187.8,61196.9,0.064572,0.730476,-0.665904,-3269.424899
1781070600,2026-06-10 05:50:00,61196.9,61332.1,61196.9,61331.6,1.940702,1.114765,0.825938,-3268.598961
1781070900,2026-06-10 05:55:00,61330.6,61354.2,61299.6,61300.2,0.324568,0.633859,-0.309291,-3268.908252
1781071200,2026-06-10 06:00:00,61312.4,61328.5,61238.7,61328.5,0.446496,1.125430,-0.678934,-3269.587185
1781071500,2026-06-10 06:05:00,61350.0,61380.0,61304.0,61338.2,0.438475,3.692027,-3.253551,-3272.840737
1781071800,2026-06-10 06:10:00,61338.2,61351.1,61313.9,61351.1,0.660821,2.599486,-1.938665,-3274.779402
1781072100,2026-06-10 06:15:00,61351.0,61441.5,61351.0,61435.6,1.860879,2.650360,-0.789481,-3275.568883
1781072400,2026-06-10 06:20:00,61435.6,61435.6,61297.1,61311.5,0.668254,2.353745,-1.685491,-3277.254374
1781072700,2026-06-10 06:25:00,61311.5,61364.5,61280.5,61309.0,12.472099,9.549820,2.922278,-3274.332095
1781073000,2026-06-10 06:30:00,61309.0,61309.0,61131.8,61131.9,1.001795,1.789305,-0.787510,-3275.119605
1781073300,2026-06-10 06:35:00,61131.8,61380.2,61113.5,61374.0,1.455608,1.003188,0.452420,-3274.667186
1781073600,2026-06-10 06:40:00,61374.1,61398.3,61345.4,61369.9,4.304701,1.915501,2.389200,-3272.277985
1781073900,2026-06-10 06:45:00,61369.9,61466.6,61369.9,61439.0,23.319367,0.578357,22.741010,-3249.536975
1781074200,2026-06-10 06:50:00,61439.0,61452.9,61389.8,61452.9,6.190607,0.615760,5.574846,-3243.962129
1781074500,2026-06-10 06:55:00,61452.8,61466.7,61411.0,61426.7,1.127119,1.185286,-0.058167,-3244.020296
1781074800,2026-06-10 07:00:00,61428.9,61518.3,61407.7,61495.9,2.653733,1.126590,1.527142,-3242.493153
1781075100,2026-06-10 07:05:00,61495.9,61516.3,61459.0,61516.2,0.120994,0.858497,-0.737504,-3243.230657
1781075400,2026-06-10 07:10:00,61516.3,61548.2,61482.5,61529.0,0.559100,1.371674,-0.812574,-3244.043231
1781075700,2026-06-10 07:15:00,61528.9,61652.5,61516.6,61616.4,10.750472,7.069056,3.681416,-3240.361815
1781076000,2026-06-10 07:20:00,61613.3,61666.2,61566.9,61634.2,7.578820,2.087533,5.491287,-3234.870528
1781076300,2026-06-10 07:25:00,61628.2,61628.2,61570.8,61606.7,0.714290,3.806515,-3.092225,-3237.962754
1781076600,2026-06-10 07:30:00,61606.7,61759.9,61514.6,61731.3,2.950769,1.627731,1.323038,-3236.639716
1781076900,2026-06-10 07:35:00,61731.2,61746.0,61655.6,61670.0,2.048663,4.048437,-1.999774,-3238.639490
1781077200,2026-06-10 07:40:00,61668.9,61712.6,61664.9,61708.3,10.219415,1.295887,8.923528,-3229.715962
1781077500,2026-06-10 07:45:00,61708.2,61710.7,61637.7,61664.8,1.271486,3.877888,-2.606402,-3232.322364
1781077800,2026-06-10 07:50:00,61664.3,61728.2,61637.7,61692.7,0.995599,5.972185,-4.976587,-3237.298950
1781078100,2026-06-10 07:55:00,61686.2,61689.9,61635.2,61640.0,0.327374,2.431824,-2.104449,-3239.403399
1781078400,2026-06-10 08:00:00,61640.0,61652.1,61536.2,61600.6,0.237214,1.035343,-0.798129,-3240.201529
1781078700,2026-06-10 08:05:00,61602.4,61630.5,61512.1,61531.4,0.293870,10.258193,-9.964323,-3250.165852
1781079000,2026-06-10 08:10:00,61533.2,61668.9,61533.2,61567.4,0.276485,10.290931,-10.014447,-3260.180298
1781079300,2026-06-10 08:15:00,61567.5,61676.0,61561.7,61564.2,0.097340,0.839907,-0.742567,-3260.922865
1781079600,2026-06-10 08:20:00,61564.2,61614.0,61478.5,61478.5,0.028665,1.223026,-1.194361,-3262.117226
1781079900,2026-06-10 08:25:00,61480.9,61507.5,61459.6,61462.7,4.629002,1.069334,3.559667,-3258.557559
1781080200,2026-06-10 08:30:00,61478.7,61562.0,61385.6,61385.6,0.355299,4.668055,-4.312756,-3262.870315
1781080500,2026-06-10 08:35:00,61385.6,61413.8,61282.6,61287.5,0.279190,1.753484,-1.474294,-3264.344609
1781080800,2026-06-10 08:40:00,61287.5,61287.6,61200.0,61200.1,0.306437,3.073085,-2.766648,-3267.111257
1781081100,2026-06-10 08:45:00,61200.0,61202.3,61128.5,61175.3,4.376500,0.205122,4.171379,-3262.939878
1781081400,2026-06-10 08:50:00,61175.3,61274.6,61164.7,61233.5,0.696334,1.437594,-0.741260,-3263.681138
1781081700,2026-06-10 08:55:00,61233.5,61250.0,61191.9,61214.6,1.247252,0.480757,0.766495,-3262.914643
1781082000,2026-06-10 09:00:00,61204.5,61265.9,61153.6,61153.6,1.032677,0.704572,0.328105,-3262.586538
1781082300,2026-06-10 09:05:00,61158.6,61201.6,61128.4,61128.4,2.120488,0.305355,1.815133,-3260.771405
1781082600,2026-06-10 09:10:00,61128.4,61204.4,61033.2,61033.2,28.871682,0.835216,28.036466,-3232.734939
1781082900,2026-06-10 09:15:00,61033.1,61091.8,60979.3,60990.0,0.774091,21.293262,-20.519171,-3253.254110
1781083200,2026-06-10 09:20:00,60993.7,60997.3,60746.8,60914.2,20.109215,47.725370,-27.616155,-3280.870265
1781083500,2026-06-10 09:25:00,60914.2,61179.7,60914.1,61165.7,4.061903,2.030359,2.031544,-3278.838721
1781083800,2026-06-10 09:30:00,61165.8,61250.9,61144.5,61245.7,1.566015,0.365811,1.200204,-3277.638517
1781084100,2026-06-10 09:35:00,61245.7,61363.6,61220.6,61345.9,2.707547,0.690627,2.016921,-3275.621596
1781084400,2026-06-10 09:40:00,61336.2,61336.2,61231.7,61231.7,0.397868,0.230340,0.167528,-3275.454068
1781084700,2026-06-10 09:45:00,61231.6,61234.0,61120.8,61133.2,0.231106,0.247297,-0.016191,-3275.470259
1781085000,2026-06-10 09:50:00,61133.1,61267.7,61133.1,61267.6,0.510719,0.780125,-0.269406,-3275.739665
1781085300,2026-06-10 09:55:00,61267.6,61340.6,61260.1,61280.8,0.473414,4.301652,-3.828238,-3279.567902
1781085600,2026-06-10 10:00:00,61280.7,61280.8,61221.3,61249.2,7.885589,7.459553,0.426036,-3279.141866
1781085900,2026-06-10 10:05:00,61249.1,61249.1,61132.8,61210.4,0.900173,1.080062,-0.179889,-3279.321755
1781086200,2026-06-10 10:10:00,61210.4,61249.2,61121.8,61209.4,0.217900,0.271929,-0.054029,-3279.375784
1781086500,2026-06-10 10:15:00,61209.3,61230.3,61120.7,61148.6,0.832342,1.273948,-0.441606,-3279.817390
1781086800,2026-06-10 10:20:00,61148.7,61231.9,61131.7,61218.7,0.472295,0.087477,0.384819,-3279.432572
1781087100,2026-06-10 10:25:00,61218.7,61280.7,61183.6,61280.7,30.764512,0.098710,30.665802,-3248.766770
1781087400,2026-06-10 10:30:00,61280.7,61393.0,61270.5,61313.3,5.274254,1.144502,4.129752,-3244.637018
1781087700,2026-06-10 10:35:00,61308.1,61315.7,61243.5,61251.5,0.298484,0.614957,-0.316472,-3244.953490
1781088000,2026-06-10 10:40:00,61252.4,61290.4,61222.0,61259.3,0.048585,0.114414,-0.065829,-3245.019320
1781088300,2026-06-10 10:45:00,61267.9,61302.9,61247.0,61294.5,0.056340,0.305158,-0.248818,-3245.268137
1781088600,2026-06-10 10:50:00,61291.5,61323.6,61246.2,61260.2,2.990074,0.056492,2.933582,-3242.334555
1781088900,2026-06-10 10:55:00,61260.2,61366.7,61242.4,61344.3,0.584194,0.493972,0.090222,-3242.244334
1781089200,2026-06-10 11:00:00,61344.3,61401.7,60938.1,60948.8,9.704579,11.314074,-1.609495,-3243.853829
1781089500,2026-06-10 11:05:00,60955.3,61060.7,60836.0,61043.3,0.826073,11.995978,-11.169906,-3255.023735
1781089800,2026-06-10 11:10:00,61048.3,61116.6,60954.1,61116.6,8.912729,1.654147,7.258582,-3247.765152
1781090100,2026-06-10 11:15:00,61116.6,61168.4,61007.4,61007.4,0.724566,0.841128,-0.116562,-3247.881715
1781090400,2026-06-10 11:20:00,61045.2,61202.2,61017.0,61045.1,0.053170,1.833995,-1.780825,-3249.662540
1781090700,2026-06-10 11:25:00,61031.3,61031.3,60859.0,60920.8,1.923803,1.557914,0.365889,-3249.296651
1781091000,2026-06-10 11:30:00,60916.3,60978.7,60875.6,60928.7,1.343576,0.583195,0.760382,-3248.536269
1781091300,2026-06-10 11:35:00,60954.0,60994.7,60920.1,60931.8,0.782705,1.119364,-0.336659,-3248.872928
1781091600,2026-06-10 11:40:00,60931.2,61011.7,60923.3,60968.7,0.599622,3.406046,-2.806424,-3251.679352
1781091900,2026-06-10 11:45:00,60968.5,61058.4,60932.1,60961.7,1.155477,2.475613,-1.320136,-3252.999488
1781092200,2026-06-10 11:50:00,60973.4,61055.4,60973.4,61000.0,0.648916,0.353955,0.294961,-3252.704527
1781092500,2026-06-10 11:55:00,61000.1,61030.0,60966.2,60981.8,0.472793,0.582231,-0.109438,-3252.813965
1781092800,2026-06-10 12:00:00,60990.8,61030.0,60909.1,61018.9,4.758380,6.218746,-1.460366,-3254.274331
1781093100,2026-06-10 12:05:00,61030.0,61126.1,61008.0,61056.4,11.155582,0.367167,10.788415,-3243.485916
1781093400,2026-06-10 12:10:00,61056.4,61170.9,61056.4,61132.8,0.863007,0.435825,0.427182,-3243.058734
1781093700,2026-06-10 12:15:00,61132.4,61191.5,61041.1,61041.1,0.265476,1.998497,-1.733021,-3244.791755
1781094000,2026-06-10 12:20:00,61040.6,61097.7,60994.5,61020.9,0.533793,24.354433,-23.820640,-3268.612395
1781094300,2026-06-10 12:25:00,61020.9,61126.9,61020.9,61126.9,0.734568,2.210229,-1.475660,-3270.088055
1781094600,2026-06-10 12:30:00,61132.4,61871.7,61094.5,61615.2,14.618439,15.341130,-0.722692,-3270.810747
1781094900,2026-06-10 12:35:00,61611.7,61716.6,61531.3,61649.1,2.381791,4.886022,-2.504231,-3273.314978
1781095200,2026-06-10 12:40:00,61660.3,61700.0,61580.2,61620.0,86.069751,23.548627,62.521124,-3210.793854
1781095500,2026-06-10 12:45:00,61620.0,61744.9,61615.2,61718.3,7.035311,3.505693,3.529618,-3207.264236
1781095800,2026-06-10 12:50:00,61718.4,61723.8,61609.0,61624.0,5.227125,0.820249,4.406875,-3202.857361
1781096100,2026-06-10 12:55:00,61616.3,61648.9,61540.2,61540.2,0.623407,1.468946,-0.845539,-3203.702900
1781096400,2026-06-10 13:00:00,61526.2,61570.0,61452.9,61489.5,0.468588,3.671580,-3.202992,-3206.905892
1781096700,2026-06-10 13:05:00,61492.0,61562.2,61467.6,61526.4,6.810987,3.887788,2.923199,-3203.982694
1781097000,2026-06-10 13:10:00,61530.6,61530.6,61454.6,61492.2,0.476141,9.615272,-9.139130,-3213.121824
1781097300,2026-06-10 13:15:00,61492.1,61492.2,61400.0,61427.1,43.605679,48.300439,-4.694760,-3217.816583
1781097600,2026-06-10 13:20:00,61427.0,61522.2,61412.6,61480.7,15.383242,12.299358,3.083884,-3214.732699
1781097900,2026-06-10 13:25:00,61480.7,61535.7,61390.9,61515.9,0.421497,76.015165,-75.593668,-3290.326367
1781098200,2026-06-10 13:30:00,61505.7,61754.9,61471.8,61727.2,8.454251,2.432236,6.022015,-3284.304353
1781098500,2026-06-10 13:35:00,61727.4,62111.8,61711.3,62107.4,41.381237,9.072395,32.308841,-3251.995511
1781098800,2026-06-10 13:40:00,62114.9,62316.0,62030.0,62316.0,67.488399,7.225668,60.262731,-3191.732780
1781099100,2026-06-10 13:45:00,62317.1,62395.6,62170.2,62386.8,5.932713,10.399853,-4.467140,-3196.199920
1781099400,2026-06-10 13:50:00,62386.7,62386.7,62142.8,62187.9,2.254721,2.899526,-0.644805,-3196.844725
1781099700,2026-06-10 13:55:00,62173.0,62187.9,62031.0,62077.0,3.630290,3.324737,0.305553,-3196.539173
1781100000,2026-06-10 14:00:00,62094.0,62170.9,61968.1,62137.5,4.640854,8.691167,-4.050313,-3200.589486
1781100300,2026-06-10 14:05:00,62162.9,62197.7,62115.8,62170.1,4.452480,0.433938,4.018542,-3196.570944
1781100600,2026-06-10 14:10:00,62170.1,62182.2,61962.9,61966.7,7.427946,9.189427,-1.761481,-3198.332426
1781100900,2026-06-10 14:15:00,61962.2,62025.3,61829.2,61869.6,1.549145,8.921513,-7.372368,-3205.704794
1781101200,2026-06-10 14:20:00,61869.6,62103.9,61821.9,62091.1,0.903243,0.516566,0.386677,-3205.318117
1781101500,2026-06-10 14:25:00,62091.2,62117.2,61944.1,61990.0,2.611667,0.214266,2.397401,-3202.920716
1781101800,2026-06-10 14:30:00,62008.3,62012.4,61821.8,61983.1,1.313852,3.834827,-2.520975,-3205.441691
1781102100,2026-06-10 14:35:00,61983.1,61983.1,61769.0,61860.1,1.084996,2.018954,-0.933958,-3206.375649
1781102400,2026-06-10 14:40:00,61860.0,62076.2,61860.0,61917.5,4.781280,0.509039,4.272240,-3202.103409
1781102700,2026-06-10 14:45:00,61905.8,61967.7,61822.3,61882.1,0.611170,14.409117,-13.797947,-3215.901357
1781103000,2026-06-10 14:50:00,61899.1,61920.3,61817.0,61861.8,0.291694,1.076573,-0.784879,-3216.686236
1781103300,2026-06-10 14:55:00,61883.0,62131.3,61769.6,62131.3,3.141411,8.002755,-4.861344,-3221.547580
1781103600,2026-06-10 15:00:00,62141.6,62357.0,62093.0,62129.8,10.283715,1.721559,8.562155,-3212.985424
1781103900,2026-06-10 15:05:00,62128.5,62128.5,61903.4,61903.5,1.242195,6.352826,-5.110631,-3218.096055
1781104200,2026-06-10 15:10:00,61903.6,61975.2,61829.2,61896.6,2.522666,4.191294,-1.668628,-3219.764683
1781104500,2026-06-10 15:15:00,61887.5,62049.7,61813.0,62026.2,1.514582,6.973913,-5.459330,-3225.224014
1781104800,2026-06-10 15:20:00,62036.2,62283.4,62036.2,62253.5,5.012187,0.878645,4.133542,-3221.090472
1781105100,2026-06-10 15:25:00,62251.3,62299.9,62206.0,62215.6,2.122187,1.305340,0.816847,-3220.273625
1781105400,2026-06-10 15:30:00,62215.5,62306.8,62206.1,62270.4,5.469558,0.509539,4.960019,-3215.313606
1781105700,2026-06-10 15:35:00,62259.7,62304.8,62138.5,62211.1,26.370351,1.066805,25.303546,-3190.010060
1781106000,2026-06-10 15:40:00,62216.5,62364.1,62153.0,62338.3,5.724048,4.710946,1.013102,-3188.996958
1781106300,2026-06-10 15:45:00,62335.0,62512.9,62100.1,62239.7,10.666412,15.740608,-5.074196,-3194.071154
1781106600,2026-06-10 15:50:00,62248.1,62800.0,62185.0,62779.8,24.732468,5.491248,19.241220,-3174.829934
1781106900,2026-06-10 15:55:00,62768.7,62800.0,62564.6,62589.2,4.337275,104.287531,-99.950256,-3274.780190
1781107200,2026-06-10 16:00:00,62589.2,62600.2,62422.0,62422.0,5.248635,1.998187,3.250448,-3271.529742
1781107500,2026-06-10 16:05:00,62410.2,62543.8,62348.1,62424.5,36.172548,1.811465,34.361083,-3237.168659
1781107800,2026-06-10 16:10:00,62413.3,62413.4,62290.9,62291.0,1.336477,3.295489,-1.959012,-3239.127671
1781108100,2026-06-10 16:15:00,62300.0,62388.2,62275.9,62276.0,1.874616,1.780826,0.093789,-3239.033882
1781108400,2026-06-10 16:20:00,62276.0,62339.6,62185.5,62189.5,5.934756,16.184127,-10.249371,-3249.283252
1781108700,2026-06-10 16:25:00,62189.4,62243.4,62074.6,62231.7,1.573024,1.647829,-0.074805,-3249.358057
1781109000,2026-06-10 16:30:00,62231.7,62342.8,62116.0,62333.8,1.041089,0.818696,0.222393,-3249.135665
1781109300,2026-06-10 16:35:00,62336.8,62352.4,62235.8,62249.6,10.760648,0.601191,10.159458,-3238.976207
1781109600,2026-06-10 16:40:00,62249.7,62310.8,62183.0,62190.4,0.625579,1.181182,-0.555603,-3239.531810
1781109900,2026-06-10 16:45:00,62185.4,62185.4,61916.2,61937.8,2.019443,42.741207,-40.721764,-3280.253573
1781110200,2026-06-10 16:50:00,61936.2,62151.9,61879.1,62110.6,64.730523,24.870547,39.859976,-3240.393597
1781110500,2026-06-10 16:55:00,62110.5,62176.8,62021.0,62162.1,0.292572,1.374914,-1.082342,-3241.475939
1781110800,2026-06-10 17:00:00,62162.2,62305.1,62145.9,62298.4,0.505969,0.082209,0.423760,-3241.052179
1781111100,2026-06-10 17:05:00,62302.3,62302.3,62090.0,62122.0,33.564142,0.589211,32.974931,-3208.077247
1781111400,2026-06-10 17:10:00,62123.4,62123.4,61943.6,62015.0,77.411547,4.738534,72.673013,-3135.404234
1781111700,2026-06-10 17:15:00,62015.0,62135.3,62010.4,62077.8,43.254467,3.441329,39.813138,-3095.591096
1781112000,2026-06-10 17:20:00,62077.8,62107.3,61971.9,62049.9,1.912383,7.861443,-5.949059,-3101.540156
1781112300,2026-06-10 17:25:00,62049.7,62089.0,61844.1,61844.1,2.141013,0.477476,1.663538,-3099.876618
1781112600,2026-06-10 17:30:00,61844.0,61856.9,61618.4,61782.3,3.652604,3.041118,0.611486,-3099.265133
1781112900,2026-06-10 17:35:00,61786.5,61786.6,61633.3,61717.5,1.784318,3.212219,-1.427901,-3100.693034
1781113200,2026-06-10 17:40:00,61717.5,61790.4,61597.9,61686.5,3.075301,10.762230,-7.686930,-3108.379963
1781113500,2026-06-10 17:45:00,61684.3,61970.3,61664.6,61970.3,1.205702,4.522270,-3.316568,-3111.696531
1781113800,2026-06-10 17:50:00,61970.3,61970.3,61777.6,61823.4,1.340502,9.991927,-8.651425,-3120.347956
1781114100,2026-06-10 17:55:00,61837.7,61949.9,61837.7,61903.5,0.938528,0.681652,0.256875,-3120.091080
1781114400,2026-06-10 18:00:00,61920.1,62037.2,61895.3,62037.2,1.107371,1.920846,-0.813474,-3120.904555
1781114700,2026-06-10 18:05:00,62037.2,62095.1,61901.7,61935.0,1.369010,0.322894,1.046116,-3119.858438
1781115000,2026-06-10 18:10:00,61935.0,61950.0,61871.5,61902.3,0.567428,0.249913,0.317515,-3119.540923
1781115300,2026-06-10 18:15:00,61901.6,61944.3,61839.2,61844.4,2.567896,1.629878,0.938018,-3118.602905
1781115600,2026-06-10 18:20:00,61856.2,61910.2,61800.0,61905.7,10.694183,0.425216,10.268967,-3108.333939
1781115900,2026-06-10 18:25:00,61905.7,61942.3,61800.0,61942.2,0.397967,8.665154,-8.267188,-3116.601126
1781116200,2026-06-10 18:30:00,61942.3,61942.3,61838.1,61880.4,2.399412,0.177876,2.221536,-3114.379590
1781116500,2026-06-10 18:35:00,61881.8,61881.8,61718.1,61743.3,0.780561,5.580289,-4.799728,-3119.179319
1781116800,2026-06-10 18:40:00,61742.7,61755.2,61697.0,61699.8,0.461619,1.350099,-0.888480,-3120.067799
1781117100,2026-06-10 18:45:00,61714.4,61775.7,61682.9,61739.8,2.480831,2.599148,-0.118317,-3120.186116
1781117400,2026-06-10 18:50:00,61739.1,61777.1,61555.0,61777.1,19.960604,7.406167,12.554437,-3107.631679
1781117700,2026-06-10 18:55:00,61777.0,61855.4,61691.1,61855.4,78.663828,0.365556,78.298272,-3029.333407
1781118000,2026-06-10 19:00:00,61809.7,61842.0,61732.9,61751.6,0.889011,4.407656,-3.518645,-3032.852052
1781118300,2026-06-10 19:05:00,61744.7,61880.2,61690.0,61864.3,1.641294,0.523666,1.117629,-3031.734423
1781118600,2026-06-10 19:10:00,61862.9,61862.9,61683.0,61685.3,0.441290,0.292431,0.148859,-3031.585564
1781118900,2026-06-10 19:15:00,61687.1,61751.5,61620.6,61664.0,0.460259,1.119099,-0.658840,-3032.244404
1781119200,2026-06-10 19:20:00,61663.9,61686.6,61613.4,61677.0,0.253724,1.428702,-1.174978,-3033.419381
1781119500,2026-06-10 19:25:00,61690.2,61754.2,61650.5,61746.9,1.061438,2.331793,-1.270355,-3034.689736
1781119800,2026-06-10 19:30:00,61723.7,61892.0,61723.7,61889.2,7.064172,1.383227,5.680944,-3029.008792
1781120100,2026-06-10 19:35:00,61889.8,62013.4,61853.0,61934.6,6.689072,0.080135,6.608936,-3022.399855
1781120400,2026-06-10 19:40:00,61932.0,61965.7,61893.3,61956.2,0.329910,0.399361,-0.069451,-3022.469306
1781120700,2026-06-10 19:45:00,61954.3,61965.7,61831.9,61921.7,19.355346,18.135555,1.219791,-3021.249516
1781121000,2026-06-10 19:50:00,61916.2,61945.4,61800.0,61889.6,3.428510,1.218690,2.209820,-3019.039695
1781121300,2026-06-10 19:55:00,61898.8,61965.7,61894.8,61894.8,1.745638,1.590611,0.155027,-3018.884668
1781121600,2026-06-10 20:00:00,61881.0,61883.8,61718.9,61777.2,0.718093,1.133220,-0.415127,-3019.299796
1781121900,2026-06-10 20:05:00,61777.1,61786.1,61636.6,61698.2,0.693783,0.342703,0.351080,-3018.948715
1781122200,2026-06-10 20:10:00,61696.9,61767.0,61693.5,61752.7,1.380887,0.304056,1.076831,-3017.871884
1781122500,2026-06-10 20:15:00,61752.7,61794.9,61692.3,61776.3,6.064122,0.217646,5.846476,-3012.025408
1781122800,2026-06-10 20:20:00,61776.2,61884.9,61691.1,61880.6,1.251706,0.504319,0.747387,-3011.278021
1781123100,2026-06-10 20:25:00,61880.5,61880.6,61834.7,61851.3,2.323137,2.466035,-0.142897,-3011.420918
1781123400,2026-06-10 20:30:00,61851.2,61854.7,61758.7,61850.8,1.020596,1.979761,-0.959166,-3012.380084
1781123700,2026-06-10 20:35:00,61854.6,61862.8,61804.1,61804.1,0.474274,0.700336,-0.226062,-3012.606146
1781124000,2026-06-10 20:40:00,61804.1,61818.1,61754.9,61754.9,1.972065,0.323608,1.648457,-3010.957689
1781124300,2026-06-10 20:45:00,61753.3,61770.0,61700.0,61746.0,6.030934,0.436318,5.594616,-3005.363073
1781124600,2026-06-10 20:50:00,61747.9,61773.6,61653.6,61699.9,0.738425,0.742200,-0.003775,-3005.366848
1781124900,2026-06-10 20:55:00,61700.0,61725.0,61653.2,61724.9,30.709466,1.320800,29.388666,-2975.978182
1781125200,2026-06-10 21:00:00,61725.0,61725.0,61664.8,61705.8,9.105596,4.456757,4.648839,-2971.329343
1781125500,2026-06-10 21:05:00,61696.3,61696.4,61533.6,61570.1,0.539792,77.609702,-77.069910,-3048.399253
1781125800,2026-06-10 21:10:00,61570.1,61570.1,61452.0,61477.9,2.721194,3.601742,-0.880549,-3049.279801
1781126100,2026-06-10 21:15:00,61478.0,61614.4,61478.0,61568.7,0.586976,4.120682,-3.533706,-3052.813507
1781126400,2026-06-10 21:20:00,61568.2,61599.0,61472.1,61473.4,17.928607,2.902917,15.025690,-3037.787818
1781126700,2026-06-10 21:25:00,61477.4,61553.8,61475.1,61517.3,1.979908,1.161061,0.818847,-3036.968971
1781127000,2026-06-10 21:30:00,61515.5,61660.8,61515.5,61639.8,0.776737,2.178178,-1.401441,-3038.370412
1781127300,2026-06-10 21:35:00,61639.5,61640.9,61562.2,61562.2,0.578172,1.158645,-0.580473,-3038.950884
1781127600,2026-06-10 21:40:00,61553.3,61625.4,61544.8,61619.5,0.366623,0.568463,-0.201841,-3039.152725
1781127900,2026-06-10 21:45:00,61621.7,61627.2,61407.8,61407.8,3.508151,12.805388,-9.297236,-3048.449961
1781128200,2026-06-10 21:50:00,61407.7,61407.7,61157.7,61200.8,12.132241,19.655251,-7.523010,-3055.972971
1781128500,2026-06-10 21:55:00,61194.5,61291.3,61131.3,61291.3,1.040869,2.514892,-1.474023,-3057.446994
1781128800,2026-06-10 22:00:00,61291.4,61291.4,61110.0,61112.3,0.598387,11.693571,-11.095184,-3068.542178
1781129100,2026-06-10 22:05:00,61122.5,61226.7,61122.5,61223.5,0.568935,2.439281,-1.870345,-3070.412523
1781129400,2026-06-10 22:10:00,61224.2,61272.6,61159.4,61190.6,0.881695,4.226348,-3.344653,-3073.757177
1781129700,2026-06-10 22:15:00,61186.1,61190.5,61069.0,61092.1,10.194889,5.159123,5.035766,-3068.721410
1781130000,2026-06-10 22:20:00,61090.1,61214.1,61042.6,61202.4,0.597703,4.568623,-3.970920,-3072.692330
1781130300,2026-06-10 22:25:00,61205.1,61277.1,61179.3,61201.6,0.608870,0.225361,0.383509,-3072.308821
1781130600,2026-06-10 22:30:00,61196.9,61364.0,61196.9,61252.2,1.820055,2.164279,-0.344224,-3072.653045
1781130900,2026-06-10 22:35:00,61252.1,61340.9,61252.1,61326.1,3.708120,1.057890,2.650230,-3070.002815
1781131200,2026-06-10 22:40:00,61323.9,61525.3,61323.7,61479.6,7.857677,3.820387,4.037290,-3065.965525
1781131500,2026-06-10 22:45:00,61493.3,61493.3,61344.9,61380.5,0.355032,0.653467,-0.298435,-3066.263960
1781131800,2026-06-10 22:50:00,61377.4,61420.2,61343.5,61393.4,0.347251,0.639405,-0.292154,-3066.556114
1781132100,2026-06-10 22:55:00,61393.4,61415.0,61318.1,61328.4,0.161421,0.667174,-0.505753,-3067.061867
1781132400,2026-06-10 23:00:00,61326.7,61326.7,61263.8,61300.1,1.553156,0.060243,1.492913,-3065.568953
1781132700,2026-06-10 23:05:00,61300.0,61313.8,61192.3,61192.3,0.312344,0.977622,-0.665278,-3066.234232
1781133000,2026-06-10 23:10:00,61192.3,61192.4,61150.4,61150.4,0.635087,1.667559,-1.032472,-3067.266704
1781133300,2026-06-10 23:15:00,61150.4,61340.6,61121.0,61329.3,2.714499,1.027941,1.686558,-3065.580146
1781133600,2026-06-10 23:20:00,61310.0,61456.8,61309.9,61399.8,2.281237,2.212205,0.069032,-3065.511114
1781133900,2026-06-10 23:25:00,61400.0,61500.0,61385.0,61494.2,1.964844,0.132682,1.832161,-3063.678952
1781134200,2026-06-10 23:30:00,61494.2,61503.6,61416.9,61442.0,3.106567,0.453317,2.653250,-3061.025702
1781134500,2026-06-10 23:35:00,61443.2,61510.9,61443.2,61444.6,0.689930,0.051048,0.638882,-3060.386820
1781134800,2026-06-10 23:40:00,61440.4,61550.4,61422.5,61487.2,0.578449,7.256446,-6.677996,-3067.064816
1781135100,2026-06-10 23:45:00,61486.7,61487.8,61437.5,61437.6,1.795088,0.381643,1.413446,-3065.651371
1781135400,2026-06-10 23:50:00,61437.6,61512.2,61422.5,61487.3,3.881668,6.260226,-2.378558,-3068.029929
1781135700,2026-06-10 23:55:00,61485.9,61486.0,61450.0,61464.4,0.152035,0.034333,0.117702,-3067.912227
1781136000,2026-06-11 00:00:00,61459.1,61577.5,61459.0,61507.3,0.620095,0.983091,-0.362996,-3068.275223
1781136300,2026-06-11 00:05:00,61507.3,61599.6,61507.3,61547.7,0.568905,0.612941,-0.044036,-3068.319259
1781136600,2026-06-11 00:10:00,61547.7,61620.7,61525.3,61617.1,1.283903,0.806631,0.477272,-3067.841987
1781136900,2026-06-11 00:15:00,61617.2,61919.9,61617.2,61864.6,4.026116,1.613663,2.412452,-3065.429535
1781137200,2026-06-11 00:20:00,61864.6,61922.2,61746.5,61782.2,1.430446,1.027018,0.403428,-3065.026107
1781137500,2026-06-11 00:25:00,61799.7,61827.3,61750.1,61821.2,0.328689,1.082975,-0.754286,-3065.780393
1781137800,2026-06-11 00:30:00,61821.3,61822.0,61778.8,61778.8,0.797937,3.525819,-2.727882,-3068.508275
1781138100,2026-06-11 00:35:00,61778.8,61795.6,61712.7,61728.2,2.917291,0.653088,2.264203,-3066.244072
1781138400,2026-06-11 00:40:00,61722.3,61819.9,61722.2,61723.2,11.028290,2.173111,8.855179,-3057.388893
1781138700,2026-06-11 00:45:00,61723.3,61850.1,61723.3,61835.9,0.742222,0.542133,0.200089,-3057.188804
1781139000,2026-06-11 00:50:00,61836.0,61850.0,61748.0,61756.6,0.375624,0.340276,0.035348,-3057.153456
1781139300,2026-06-11 00:55:00,61756.6,61813.0,61751.4,61758.4,0.213786,2.754576,-2.540790,-3059.694246
1781139600,2026-06-11 01:00:00,61758.4,61916.2,61758.3,61895.3,1.201784,1.399704,-0.197920,-3059.892165
1781139900,2026-06-11 01:05:00,61895.2,61925.7,61849.4,61858.5,0.369854,0.120423,0.249431,-3059.642734
1781140200,2026-06-11 01:10:00,61858.2,62058.7,61858.1,61990.1,6.884964,1.029818,5.855145,-3053.787589
1781140500,2026-06-11 01:15:00,61990.0,62141.6,61962.6,62141.6,2.828759,1.545597,1.283162,-3052.504427
1781140800,2026-06-11 01:20:00,62141.5,62141.5,62054.6,62116.7,0.355660,1.449965,-1.094305,-3053.598731
1781141100,2026-06-11 01:25:00,62111.3,62156.5,62061.3,62119.1,1.402295,0.128137,1.274158,-3052.324574
1781141400,2026-06-11 01:30:00,62116.2,62138.6,62067.5,62121.1,0.323601,2.053345,-1.729744,-3054.054317
1781141700,2026-06-11 01:35:00,62121.0,62213.6,62051.8,62195.9,4.397425,1.094150,3.303275,-3050.751042
1781142000,2026-06-11 01:40:00,62195.4,62307.6,62175.8,62197.6,17.240390,0.475483,16.764907,-3033.986135
1781142300,2026-06-11 01:45:00,62197.5,62221.7,62178.7,62212.1,1.983703,0.749598,1.234105,-3032.752030
1781142600,2026-06-11 01:50:00,62190.2,62231.7,62149.9,62166.7,0.272945,1.478227,-1.205283,-3033.957312
1781142900,2026-06-11 01:55:00,62162.3,62190.6,62115.1,62153.6,0.378338,0.335629,0.042710,-3033.914603
1781143200,2026-06-11 02:00:00,62153.6,62222.9,62120.1,62211.7,22.225874,0.893408,21.332466,-3012.582137
1781143500,2026-06-11 02:05:00,62208.7,62217.2,62092.3,62107.2,1.551460,0.806781,0.744679,-3011.837458
1781143800,2026-06-11 02:10:00,62107.3,62107.5,62046.0,62107.5,0.197598,0.382718,-0.185119,-3012.022577
1781144100,2026-06-11 02:15:00,62107.4,62234.8,62096.1,62234.7,2.158478,3.882831,-1.724353,-3013.746930
1781144400,2026-06-11 02:20:00,62234.7,62234.7,62002.8,62029.9,0.534111,1.406466,-0.872355,-3014.619285
1781144700,2026-06-11 02:25:00,62029.9,62100.7,61990.1,61990.1,0.196737,3.471216,-3.274479,-3017.893764
1781145000,2026-06-11 02:30:00,61990.1,62007.4,61888.0,61898.8,0.309065,2.351571,-2.042506,-3019.936270
1781145300,2026-06-11 02:35:00,61898.9,62005.4,61898.9,61980.7,0.439148,0.313933,0.125215,-3019.811055
1781145600,2026-06-11 02:40:00,61980.7,62024.6,61980.7,62001.1,0.302152,0.683211,-0.381059,-3020.192114
1781145900,2026-06-11 02:45:00,61999.0,61999.1,61940.2,61940.2,0.193208,0.149524,0.043683,-3020.148431
1781146200,2026-06-11 02:50:00,61940.3,62054.6,61940.3,62038.4,0.476860,20.070601,-19.593741,-3039.742172
1781146500,2026-06-11 02:55:00,62033.7,62143.8,62033.6,62074.3,0.962570,0.374122,0.588448,-3039.153724
1781146800,2026-06-11 03:00:00,62073.7,62115.3,62073.6,62084.0,0.341441,1.089551,-0.748111,-3039.901835
1781147100,2026-06-11 03:05:00,62086.0,62112.7,61994.6,62045.4,0.419063,0.456012,-0.036949,-3039.938783
1781147400,2026-06-11 03:10:00,62045.3,62045.3,61955.0,61993.7,0.335242,6.391044,-6.055802,-3045.994585
1781147700,2026-06-11 03:15:00,61996.9,62055.5,61987.1,61995.3,0.482004,0.298703,0.183300,-3045.811284
1781148000,2026-06-11 03:20:00,61995.3,62026.8,61955.0,62024.8,0.333166,0.333463,-0.000296,-3045.811581
1781148300,2026-06-11 03:25:00,62024.9,62047.6,62006.3,62034.8,0.660055,0.278722,0.381333,-3045.430248
1781148600,2026-06-11 03:30:00,62034.9,62463.0,62034.9,62346.9,25.250331,1.188074,24.062257,-3021.367991
1781148900,2026-06-11 03:35:00,62346.8,62413.5,62276.2,62310.6,4.221253,0.485196,3.736057,-3017.631933
1781149200,2026-06-11 03:40:00,62303.2,62344.6,62276.2,62300.1,0.979045,0.475173,0.503871,-3017.128062
1781149500,2026-06-11 03:45:00,62300.1,62377.6,62300.0,62341.0,14.221829,4.840408,9.381421,-3007.746641
1781149800,2026-06-11 03:50:00,62341.0,62426.1,62341.0,62398.4,3.715396,1.184119,2.531277,-3005.215364
1781150100,2026-06-11 03:55:00,62398.4,62719.2,62391.7,62610.9,27.031310,7.232500,19.798810,-2985.416554
1781150400,2026-06-11 04:00:00,62601.3,62646.7,62505.3,62557.3,18.527170,2.807604,15.719566,-2969.696988
1781150700,2026-06-11 04:05:00,62555.6,62555.7,62505.3,62523.7,5.124110,1.990631,3.133479,-2966.563509
1781151000,2026-06-11 04:10:00,62551.2,62641.1,62499.0,62605.0,2.008110,1.687751,0.320359,-2966.243150
1781151300,2026-06-11 04:15:00,62605.0,62635.0,62517.5,62573.5,0.399698,5.307760,-4.908062,-2971.151212
1781151600,2026-06-11 04:20:00,62573.4,62632.1,62545.4,62550.9,0.599408,0.359526,0.239881,-2970.911331
1781151900,2026-06-11 04:25:00,62550.8,62572.1,62534.9,62551.5,3.884098,0.312211,3.571888,-2967.339443
1781152200,2026-06-11 04:30:00,62548.6,62568.6,62471.2,62471.2,0.516752,0.657940,-0.141187,-2967.480630
1781152500,2026-06-11 04:35:00,62471.3,62586.0,62471.2,62586.0,1.725541,0.147700,1.577841,-2965.902789
1781152800,2026-06-11 04:40:00,62586.0,62610.7,62555.6,62579.8,5.775532,0.475612,5.299920,-2960.602869
1781153100,2026-06-11 04:45:00,62599.2,62797.7,62589.6,62701.1,121.612489,2.199736,119.412753,-2841.190116
1781153400,2026-06-11 04:50:00,62701.1,62773.0,62701.1,62736.2,2.913068,0.308008,2.605059,-2838.585057
1781153700,2026-06-11 04:55:00,62734.8,62737.9,62618.7,62643.9,0.354321,0.475795,-0.121474,-2838.706531
1781154000,2026-06-11 05:00:00,62643.9,62643.9,62515.8,62515.9,1.192483,3.214142,-2.021659,-2840.728190
1781154300,2026-06-11 05:05:00,62515.9,62525.6,62497.5,62525.5,0.255871,3.181129,-2.925258,-2843.653449
1781154600,2026-06-11 05:10:00,62525.5,62564.1,62525.4,62541.5,0.437228,3.216894,-2.779666,-2846.433115
1781154900,2026-06-11 05:15:00,62541.5,62646.1,62541.4,62563.8,4.211567,0.407484,3.804084,-2842.629031
1781155200,2026-06-11 05:20:00,62564.1,62651.2,62564.1,62614.3,0.648361,0.392578,0.255783,-2842.373248
1781155500,2026-06-11 05:25:00,62614.3,62614.3,62512.0,62535.6,0.384201,0.567895,-0.183694,-2842.556942
1781155800,2026-06-11 05:30:00,62539.1,62613.7,62533.7,62577.2,0.530343,0.280058,0.250284,-2842.306658
1781156100,2026-06-11 05:35:00,62577.1,62598.0,62540.6,62561.0,0.389380,0.244313,0.145066,-2842.161592
1781156400,2026-06-11 05:40:00,62555.9,62626.0,62552.5,62604.7,1.106905,0.231276,0.875629,-2841.285963
1781156700,2026-06-11 05:45:00,62604.8,62633.1,62570.9,62583.1,0.453869,0.107087,0.346783,-2840.939180
1781157000,2026-06-11 05:50:00,62583.0,62615.1,62549.3,62555.2,0.635673,6.536685,-5.901012,-2846.840192
1781157300,2026-06-11 05:55:00,62567.7,62619.0,62527.5,62534.0,0.326835,1.507735,-1.180900,-2848.021092
1781157600,2026-06-11 06:00:00,62534.1,62545.1,62488.3,62488.3,0.255842,0.790963,-0.535121,-2848.556213
1781157900,2026-06-11 06:05:00,62473.3,62582.0,62473.3,62576.5,0.356412,0.427500,-0.071088,-2848.627301
1781158200,2026-06-11 06:10:00,62581.0,62730.0,62580.9,62701.8,2.325179,0.299199,2.025980,-2846.601321
1781158500,2026-06-11 06:15:00,62701.8,62802.2,62663.3,62701.6,0.820144,0.954338,-0.134194,-2846.735514
1781158800,2026-06-11 06:20:00,62707.5,62915.9,62707.5,62895.1,9.158642,0.630340,8.528302,-2838.207212
1781159100,2026-06-11 06:25:00,62895.1,62918.5,62773.8,62799.5,3.083866,0.442733,2.641133,-2835.566079
1781159400,2026-06-11 06:30:00,62799.5,62897.3,62787.9,62879.1,1.711567,2.034561,-0.322995,-2835.889074
1781159700,2026-06-11 06:35:00,62881.3,62903.3,62863.2,62894.5,0.551709,4.535073,-3.983365,-2839.872438
1781160000,2026-06-11 06:40:00,62894.4,62917.5,62841.1,62870.0,2.485650,0.857650,1.628000,-2838.244438
1781160300,2026-06-11 06:45:00,62870.0,62870.0,62745.2,62745.2,5.626809,0.189822,5.436987,-2832.807452
1781160600,2026-06-11 06:50:00,62745.1,62745.2,62717.9,62725.3,0.638982,0.319264,0.319718,-2832.487733
1781160900,2026-06-11 06:55:00,62725.3,62725.3,62689.2,62702.0,0.316842,0.254109,0.062733,-2832.425001
1781161200,2026-06-11 07:00:00,62702.0,62715.5,62604.8,62604.9,0.267791,10.273642,-10.005851,-2842.430851
1781161500,2026-06-11 07:05:00,62604.8,62604.9,62542.0,62575.0,0.519106,2.646155,-2.127050,-2844.557901
1781161800,2026-06-11 07:10:00,62574.9,62604.9,62538.6,62576.8,0.788561,0.747633,0.040929,-2844.516972
1781162100,2026-06-11 07:15:00,62578.3,62632.8,62566.5,62611.5,0.701704,0.364196,0.337509,-2844.179464
1781162400,2026-06-11 07:20:00,62611.4,62723.5,62609.5,62703.9,3.022270,1.431653,1.590616,-2842.588847
1781162700,2026-06-11 07:25:00,62700.3,62714.4,62665.6,62714.3,0.285174,0.260717,0.024458,-2842.564390
1781163000,2026-06-11 07:30:00,62714.4,62765.3,62650.3,62650.3,0.393100,0.317044,0.076056,-2842.488334
1781163300,2026-06-11 07:35:00,62650.1,62677.3,62577.5,62584.9,0.455714,3.164226,-2.708512,-2845.196846
1781163600,2026-06-11 07:40:00,62575.2,62600.0,62551.0,62592.2,0.417027,0.067080,0.349947,-2844.846898
1781163900,2026-06-11 07:45:00,62592.3,62689.2,62592.2,62641.0,3.414322,0.434515,2.979807,-2841.867091
1781164200,2026-06-11 07:50:00,62641.0,62641.0,62612.3,62623.0,0.935488,0.223295,0.712194,-2841.154897
1781164500,2026-06-11 07:55:00,62623.1,62663.3,62623.1,62646.0,0.685447,0.530926,0.154522,-2841.000376
1781164800,2026-06-11 08:00:00,62639.6,62699.9,62639.5,62680.4,0.642411,0.179028,0.463383,-2840.536993
1781165100,2026-06-11 08:05:00,62680.4,62736.3,62671.0,62720.0,0.712703,0.522893,0.189810,-2840.347182
1781165400,2026-06-11 08:10:00,62719.9,62792.0,62719.9,62743.3,0.771146,0.449949,0.321197,-2840.025985
1781165700,2026-06-11 08:15:00,62743.3,62761.4,62729.6,62753.4,0.268281,0.060075,0.208207,-2839.817779
1781166000,2026-06-11 08:20:00,62753.3,62850.0,62739.4,62836.1,3.553156,4.860681,-1.307524,-2841.125303
1781166300,2026-06-11 08:25:00,62836.0,62872.5,62828.3,62871.8,5.387142,0.041778,5.345364,-2835.779939
1781166600,2026-06-11 08:30:00,62871.7,62874.4,62853.0,62871.2,0.222659,0.080900,0.141759,-2835.638180
1781166900,2026-06-11 08:35:00,62871.2,62896.1,62856.7,62896.1,1.476209,0.442954,1.033256,-2834.604925
1781167200,2026-06-11 08:40:00,62896.0,62896.0,62774.6,62774.6,0.130539,0.452536,-0.321997,-2834.926921
1781167500,2026-06-11 08:45:00,62774.7,62958.0,62774.7,62895.2,6.595924,0.280023,6.315900,-2828.611021
1781167800,2026-06-11 08:50:00,62895.2,62916.7,62855.2,62869.3,0.680832,0.653419,0.027413,-2828.583607
1781168100,2026-06-11 08:55:00,62869.2,62869.3,62836.5,62866.1,0.568665,1.054309,-0.485644,-2829.069252
1781168400,2026-06-11 09:00:00,62866.2,62873.4,62842.5,62849.4,0.324252,0.036163,0.288089,-2828.781163
1781168700,2026-06-11 09:05:00,62849.4,62849.4,62767.5,62777.3,0.570848,4.148790,-3.577942,-2832.359104
1781169000,2026-06-11 09:10:00,62775.2,62796.3,62742.9,62791.3,0.536028,3.479289,-2.943261,-2835.302365
1781169300,2026-06-11 09:15:00,62791.2,62791.2,62699.3,62767.4,41.738517,5.140826,36.597691,-2798.704675
1781169600,2026-06-11 09:20:00,62767.1,62767.1,62709.2,62710.4,0.219047,5.073259,-4.854211,-2803.558886
1781169900,2026-06-11 09:25:00,62726.4,62750.0,62723.2,62742.4,0.517706,1.097515,-0.579809,-2804.138695
1781170200,2026-06-11 09:30:00,62740.1,62844.4,62740.1,62844.4,0.371881,0.192324,0.179557,-2803.959138
1781170500,2026-06-11 09:35:00,62851.4,62877.1,62840.0,62842.5,0.333246,0.550763,-0.217517,-2804.176655
1781170800,2026-06-11 09:40:00,62840.8,62846.9,62821.2,62837.9,1.507603,0.074055,1.433548,-2802.743107
1781171100,2026-06-11 09:45:00,62837.9,62850.0,62834.0,62850.0,1.241984,0.030190,1.211794,-2801.531313
1781171400,2026-06-11 09:50:00,62849.9,62906.9,62845.3,62883.7,0.590130,0.175091,0.415039,-2801.116274
1781171700,2026-06-11 09:55:00,62883.8,62883.8,62839.3,62860.0,0.253051,0.822040,-0.568989,-2801.685264
1781172000,2026-06-11 10:00:00,62842.4,62882.7,62783.1,62785.3,0.928059,0.495682,0.432377,-2801.252887
1781172300,2026-06-11 10:05:00,62785.3,62901.5,62785.2,62842.5,1.950759,0.103291,1.847467,-2799.405419
1781172600,2026-06-11 10:10:00,62842.6,62863.0,62831.1,62840.5,0.950931,0.098525,0.852406,-2798.553014
1781172900,2026-06-11 10:15:00,62838.0,62870.4,62734.9,62746.8,20.280036,2.848955,17.431081,-2781.121932
1781173200,2026-06-11 10:20:00,62746.8,62787.2,62746.7,62757.7,7.428246,2.720969,4.707277,-2776.414655
1781173500,2026-06-11 10:25:00,62757.7,62798.6,62757.6,62780.9,0.241071,0.042898,0.198173,-2776.216481
1781173800,2026-06-11 10:30:00,62781.0,62853.4,62775.0,62823.0,0.724382,0.629731,0.094651,-2776.121831
1781174100,2026-06-11 10:35:00,62819.7,62880.7,62808.6,62839.5,1.782861,1.196070,0.586792,-2775.535039
1781174400,2026-06-11 10:40:00,62839.5,62878.2,62827.7,62870.6,1.198841,2.520482,-1.321642,-2776.856681
1781174700,2026-06-11 10:45:00,62857.5,62894.5,62855.4,62893.1,2.560772,0.230700,2.330072,-2774.526609
1781175000,2026-06-11 10:50:00,62893.1,63018.1,62893.0,63018.1,36.344876,2.031487,34.313390,-2740.213219
1781175300,2026-06-11 10:55:00,63019.3,63122.1,62981.4,63088.7,11.404921,2.598493,8.806428,-2731.406791
1781175600,2026-06-11 11:00:00,63088.7,63126.1,63008.3,63118.4,2.444944,0.333049,2.111894,-2729.294897
1781175900,2026-06-11 11:05:00,63118.3,63118.4,62988.3,63074.1,1.438484,0.955540,0.482944,-2728.811953
1781176200,2026-06-11 11:10:00,63070.4,63128.3,63070.4,63124.9,3.798395,1.106511,2.691884,-2726.120069
1781176500,2026-06-11 11:15:00,63124.9,63158.0,63057.7,63057.8,2.470660,1.483950,0.986710,-2725.133359
1781176800,2026-06-11 11:20:00,63057.8,63100.0,63041.3,63097.4,0.572570,0.041010,0.531560,-2724.601798
1781177100,2026-06-11 11:25:00,63097.4,63129.3,63055.6,63095.7,1.345515,0.254213,1.091302,-2723.510496
1781177400,2026-06-11 11:30:00,63095.8,63205.4,63095.7,63120.9,2.831813,0.366872,2.464941,-2721.045555
1781177700,2026-06-11 11:35:00,63130.5,63130.5,63011.3,63075.4,0.910881,2.918080,-2.007199,-2723.052754
1781178000,2026-06-11 11:40:00,63077.2,63090.6,63058.8,63060.6,1.281161,0.257540,1.023621,-2722.029133
1781178300,2026-06-11 11:45:00,63060.6,63060.6,63021.4,63060.5,0.882904,0.640460,0.242443,-2721.786690
1781178600,2026-06-11 11:50:00,63060.6,63167.1,63060.6,63114.3,2.062771,0.142879,1.919892,-2719.866798
1781178900,2026-06-11 11:55:00,63114.4,63114.4,63038.0,63047.7,0.247673,0.425050,-0.177376,-2720.044174
1781179200,2026-06-11 12:00:00,63047.7,63047.7,62947.5,62995.1,0.816880,2.290688,-1.473808,-2721.517982
1781179500,2026-06-11 12:05:00,62995.1,63038.3,62940.9,62965.0,2.175762,0.850655,1.325106,-2720.192876
1781179800,2026-06-11 12:10:00,62965.0,63121.8,62956.6,63091.3,3.267585,0.266415,3.001169,-2717.191706
1781180100,2026-06-11 12:15:00,63090.7,63111.7,63050.0,63052.1,0.631958,0.913488,-0.281530,-2717.473236
1781180400,2026-06-11 12:20:00,63050.1,63050.1,62627.6,62648.7,4.480579,13.237976,-8.757397,-2726.230633
1781180700,2026-06-11 12:25:00,62651.9,62733.2,62620.6,62626.9,0.665681,3.760495,-3.094814,-2729.325447
1781181000,2026-06-11 12:30:00,62626.9,62726.5,62459.4,62708.0,11.448994,15.105112,-3.656118,-2732.981565
1781181300,2026-06-11 12:35:00,62693.3,62789.7,62678.6,62737.1,1.789616,6.149617,-4.360001,-2737.341565
1781181600,2026-06-11 12:40:00,62735.9,62861.5,62713.1,62861.2,3.879485,0.728451,3.151034,-2734.190531
1781181900,2026-06-11 12:45:00,62855.1,62901.8,62785.5,62889.1,2.862215,5.252719,-2.390505,-2736.581036
1781182200,2026-06-11 12:50:00,62889.0,62952.1,62823.8,62883.4,1.546370,1.925564,-0.379194,-2736.960230
1781182500,2026-06-11 12:55:00,62887.0,62958.3,62887.0,62948.0,0.551400,0.391379,0.160021,-2736.800209
1781182800,2026-06-11 13:00:00,62948.0,62948.0,62834.3,62888.1,0.504318,0.449393,0.054925,-2736.745284
1781183100,2026-06-11 13:05:00,62888.0,62888.0,62823.3,62823.3,2.065439,1.524107,0.541332,-2736.203952
1781183400,2026-06-11 13:10:00,62827.4,62864.2,62800.0,62848.2,0.817877,1.061061,-0.243185,-2736.447136
1781183700,2026-06-11 13:15:00,62848.2,62920.0,62845.7,62920.0,1.104962,0.428735,0.676226,-2735.770910
1781184000,2026-06-11 13:20:00,62920.0,62958.3,62742.5,62759.9,6.590152,1.852002,4.738150,-2731.032760
1781184300,2026-06-11 13:25:00,62760.4,62776.8,62737.9,62739.9,0.316654,1.486811,-1.170157,-2732.202917
1781184600,2026-06-11 13:30:00,62740.0,62744.3,62619.0,62699.9,3.096259,9.651293,-6.555034,-2738.757951
1781184900,2026-06-11 13:35:00,62699.8,62856.3,62675.6,62788.5,2.483081,2.412751,0.070330,-2738.687621
1781185200,2026-06-11 13:40:00,62780.1,62884.0,62639.9,62884.0,3.096830,1.161819,1.935011,-2736.752610
1781185500,2026-06-11 13:45:00,62888.1,63042.8,62880.3,62970.9,11.233082,8.399022,2.834060,-2733.918550
1781185800,2026-06-11 13:50:00,62959.4,63171.5,62959.4,63110.5,7.571730,1.348066,6.223665,-2727.694885
1781186100,2026-06-11 13:55:00,63097.0,63097.1,62925.7,63006.9,2.030642,3.093323,-1.062681,-2728.757566
1781186400,2026-06-11 14:00:00,63006.9,63017.1,62911.4,63017.1,5.148510,8.756895,-3.608385,-2732.365951
1781186700,2026-06-11 14:05:00,63015.8,63015.8,62834.6,62834.7,2.845565,3.929007,-1.083441,-2733.449392
1781187000,2026-06-11 14:10:00,62834.7,62865.0,62694.2,62748.4,2.336623,5.261639,-2.925016,-2736.374408
1781187300,2026-06-11 14:15:00,62748.4,62800.0,62675.8,62737.3,1.891838,0.428944,1.462894,-2734.911514
1781187600,2026-06-11 14:20:00,62741.9,62914.1,62718.0,62879.7,2.239362,0.141329,2.098032,-2732.813482
1781187900,2026-06-11 14:25:00,62879.7,62955.0,62813.2,62946.8,1.873747,0.717226,1.156520,-2731.656961
1781188200,2026-06-11 14:30:00,62949.6,62973.6,62814.2,62844.9,2.038836,2.310880,-0.272044,-2731.929005
1781188500,2026-06-11 14:35:00,62845.4,63000.0,62836.7,62866.0,4.072915,2.503465,1.569450,-2730.359555
1781188800,2026-06-11 14:40:00,62866.0,62871.2,62790.5,62799.2,4.055834,2.929189,1.126645,-2729.232910
1781189100,2026-06-11 14:45:00,62793.3,62889.0,62793.3,62851.7,1.135208,1.955359,-0.820151,-2730.053061
1781189400,2026-06-11 14:50:00,62851.7,62948.3,62812.3,62866.2,1.943245,2.597774,-0.654529,-2730.707590
1781189700,2026-06-11 14:55:00,62866.3,62866.3,62665.7,62668.9,3.829573,2.155007,1.674566,-2729.033024
1781190000,2026-06-11 15:00:00,62669.0,62704.2,62453.5,62633.1,2.205743,7.800786,-5.595044,-2734.628068
1781190300,2026-06-11 15:05:00,62642.3,62758.3,62549.5,62692.8,7.786415,11.590398,-3.803982,-2738.432050
1781190600,2026-06-11 15:10:00,62692.8,62779.5,62626.8,62628.2,1.865578,0.798037,1.067541,-2737.364509
1781190900,2026-06-11 15:15:00,62622.5,62694.6,62561.2,62619.8,1.212637,1.692127,-0.479490,-2737.843999
1781191200,2026-06-11 15:20:00,62603.0,62744.1,62603.0,62718.7,1.622977,1.548332,0.074645,-2737.769354
1781191500,2026-06-11 15:25:00,62718.7,62718.7,62640.8,62666.8,1.951982,0.548945,1.403037,-2736.366317
1781191800,2026-06-11 15:30:00,62666.9,62687.2,62572.2,62687.2,5.759947,0.298444,5.461503,-2730.904814
1781192100,2026-06-11 15:35:00,62687.2,62802.8,62675.9,62759.7,3.237713,0.413710,2.824003,-2728.080811
1781192400,2026-06-11 15:40:00,62759.7,62798.9,62623.2,62623.3,1.038169,1.249157,-0.210989,-2728.291799
1781192700,2026-06-11 15:45:00,62623.3,62655.6,62535.3,62559.5,1.296249,2.773484,-1.477235,-2729.769034
1781193000,2026-06-11 15:50:00,62563.0,62590.7,62515.6,62574.4,3.003890,2.067995,0.935895,-2728.833139
1781193300,2026-06-11 15:55:00,62574.4,62669.6,62539.4,62669.6,1.974482,1.588010,0.386472,-2728.446667
1781193600,2026-06-11 16:00:00,62670.5,62737.0,62614.4,62634.9,1.378075,1.271842,0.106233,-2728.340435
1781193900,2026-06-11 16:05:00,62634.8,62756.6,62614.3,62671.4,1.789885,0.778287,1.011598,-2727.328836
1781194200,2026-06-11 16:10:00,62669.6,62739.1,62667.0,62739.1,1.436383,4.413599,-2.977217,-2730.306053
1781194500,2026-06-11 16:15:00,62739.1,62758.3,62716.1,62742.6,1.239890,0.797433,0.442457,-2729.863596
1781194800,2026-06-11 16:20:00,62743.2,62743.2,62540.1,62546.8,1.574779,6.183425,-4.608646,-2734.472242
1781195100,2026-06-11 16:25:00,62546.8,62587.0,62522.6,62568.2,1.362583,0.883139,0.479445,-2733.992797
1781195400,2026-06-11 16:30:00,62568.2,62668.8,62495.7,62617.5,2.465403,3.721546,-1.256143,-2735.248941
1781195700,2026-06-11 16:35:00,62631.9,62734.7,62615.0,62644.9,2.065635,0.636446,1.429190,-2733.819751
1781196000,2026-06-11 16:40:00,62654.8,62654.8,62562.1,62589.8,0.794947,0.638890,0.156057,-2733.663694
1781196300,2026-06-11 16:45:00,62589.8,62620.8,62550.0,62555.1,2.459363,3.433112,-0.973749,-2734.637443
1781196600,2026-06-11 16:50:00,62560.5,62580.6,62523.7,62555.9,2.923555,0.639978,2.283576,-2732.353867
1781196900,2026-06-11 16:55:00,62556.0,62556.0,62507.7,62515.8,1.084706,1.105530,-0.020824,-2732.374691
1781197200,2026-06-11 17:00:00,62515.9,62528.1,62317.0,62340.5,3.211101,5.382063,-2.170962,-2734.545653
1781197500,2026-06-11 17:05:00,62340.5,62444.7,62340.5,62439.9,1.602795,1.110740,0.492055,-2734.053598
1781197800,2026-06-11 17:10:00,62440.3,62493.0,62364.0,62402.4,13.811600,5.027253,8.784347,-2725.269251
1781198100,2026-06-11 17:15:00,62402.4,62434.9,62317.6,62327.8,2.653987,10.020113,-7.366126,-2732.635377
1781198400,2026-06-11 17:20:00,62327.6,62347.1,62300.0,62335.9,2.819942,7.070569,-4.250628,-2736.886005
1781198700,2026-06-11 17:25:00,62337.2,62884.7,62268.5,62881.6,23.898423,5.101646,18.796778,-2718.089227
1781199000,2026-06-11 17:30:00,62881.6,63437.4,62870.7,63191.6,34.959151,8.144637,26.814514,-2691.274713
1781199300,2026-06-11 17:35:00,63185.9,63191.7,63053.2,63144.3,5.380366,3.936613,1.443753,-2689.830960
1781199600,2026-06-11 17:40:00,63144.3,63299.2,63144.3,63260.0,3.568236,4.169241,-0.601004,-2690.431965
1781199900,2026-06-11 17:45:00,63256.9,63500.0,63256.8,63500.0,43.570754,3.043089,40.527665,-2649.904299
1781200200,2026-06-11 17:50:00,63499.9,63506.0,63348.8,63382.1,9.297120,6.183646,3.113474,-2646.790826
1781200500,2026-06-11 17:55:00,63386.1,63557.2,63308.4,63555.1,4.245197,2.147536,2.097661,-2644.693165
1781200800,2026-06-11 18:00:00,63558.0,63695.0,63422.8,63429.2,17.595582,7.178373,10.417208,-2634.275956
1781201100,2026-06-11 18:05:00,63450.2,63450.2,63262.7,63293.9,11.558336,3.469202,8.089134,-2626.186823
1781201400,2026-06-11 18:10:00,63297.8,63434.4,63262.6,63388.1,3.087567,5.050504,-1.962937,-2628.149760
1781201700,2026-06-11 18:15:00,63399.2,63547.4,63392.9,63497.7,7.016979,1.089733,5.927245,-2622.222515
1781202000,2026-06-11 18:20:00,63497.7,63507.4,63281.2,63321.6,1.669451,3.765393,-2.095942,-2624.318456
1781202300,2026-06-11 18:25:00,63321.7,63377.8,63306.5,63318.4,0.568282,2.417713,-1.849431,-2626.167887
1781202600,2026-06-11 18:30:00,63319.9,63395.6,63306.0,63376.1,11.587803,2.726980,8.860823,-2617.307064
1781202900,2026-06-11 18:35:00,63376.1,63467.2,63370.1,63453.0,1.575695,1.245312,0.330383,-2616.976681
1781203200,2026-06-11 18:40:00,63453.0,63479.9,63446.6,63469.9,1.843399,6.430725,-4.587325,-2621.564006
1781203500,2026-06-11 18:45:00,63470.0,63499.9,63446.8,63450.1,11.396024,8.702535,2.693489,-2618.870517
1781203800,2026-06-11 18:50:00,63450.1,63499.9,63414.4,63442.2,22.760629,10.504744,12.255885,-2606.614632
1781204100,2026-06-11 18:55:00,63440.2,63476.3,63384.8,63387.0,1.421800,1.342857,0.078943,-2606.535689
1781204400,2026-06-11 19:00:00,63389.0,63508.3,63370.1,63440.1,2.560854,3.317585,-0.756731,-2607.292420
1781204700,2026-06-11 19:05:00,63440.2,63440.2,63323.5,63361.5,0.788551,1.348520,-0.559969,-2607.852389
1781205000,2026-06-11 19:10:00,63353.3,63496.5,63329.8,63461.3,2.662112,0.365509,2.296603,-2605.555787
1781205300,2026-06-11 19:15:00,63469.4,63615.1,63465.3,63560.3,3.617002,2.196298,1.420704,-2604.135082
1781205600,2026-06-11 19:20:00,63560.4,63629.3,63560.4,63612.9,2.839882,1.622479,1.217403,-2602.917679
1781205900,2026-06-11 19:25:00,63612.9,63613.0,63531.1,63531.2,1.088077,4.074603,-2.986526,-2605.904205
1781206200,2026-06-11 19:30:00,63531.2,63845.9,63531.2,63681.6,58.754178,2.514271,56.239907,-2549.664298
1781206500,2026-06-11 19:35:00,63666.1,63736.5,63600.2,63600.3,5.149228,2.462814,2.686414,-2546.977885
1781206800,2026-06-11 19:40:00,63601.2,63743.7,63601.2,63624.4,22.663079,0.878366,21.784713,-2525.193172
1781207100,2026-06-11 19:45:00,63624.2,63653.4,63600.0,63619.3,1.813652,1.561202,0.252450,-2524.940722
1781207400,2026-06-11 19:50:00,63619.3,63645.4,63568.3,63632.9,3.456823,8.996384,-5.539561,-2530.480284
1781207700,2026-06-11 19:55:00,63607.8,63611.3,63540.0,63557.2,2.185542,5.109449,-2.923907,-2533.404191
1781208000,2026-06-11 20:00:00,63553.9,63580.0,63500.2,63550.0,1.161008,4.406656,-3.245648,-2536.649839
1781208300,2026-06-11 20:05:00,63549.9,63579.3,63500.2,63505.7,0.899484,0.512749,0.386735,-2536.263104
1781208600,2026-06-11 20:10:00,63505.6,63505.6,63436.8,63475.4,2.258400,3.253295,-0.994895,-2537.257998
1781208900,2026-06-11 20:15:00,63475.5,63489.7,63441.5,63473.9,0.838029,1.647815,-0.809786,-2538.067785
1781209200,2026-06-11 20:20:00,63473.8,63482.4,63414.6,63426.6,0.627625,0.447682,0.179943,-2537.887842
1781209500,2026-06-11 20:25:00,63422.3,63422.3,63244.2,63308.2,5.193207,3.395931,1.797277,-2536.090565
1781209800,2026-06-11 20:30:00,63308.1,63346.2,63284.3,63338.3,1.409360,1.194897,0.214463,-2535.876102
1781210100,2026-06-11 20:35:00,63338.4,63338.4,63262.0,63270.5,1.480614,1.370139,0.110475,-2535.765627
1781210400,2026-06-11 20:40:00,63270.5,63304.6,63231.6,63235.4,0.512856,0.673941,-0.161086,-2535.926713
1781210700,2026-06-11 20:45:00,63235.4,63235.4,63217.1,63220.0,1.666956,0.429528,1.237428,-2534.689284
1781211000,2026-06-11 20:50:00,63220.1,63339.1,63220.0,63338.5,1.583123,0.343558,1.239565,-2533.449720
1781211300,2026-06-11 20:55:00,63338.5,63342.0,63317.0,63334.3,0.283841,0.561500,-0.277659,-2533.727379
1781211600,2026-06-11 21:00:00,63334.4,63394.7,63334.3,63394.7,1.304794,0.230314,1.074480,-2532.652899
1781211900,2026-06-11 21:05:00,63394.7,63428.9,63394.6,63420.7,0.427832,0.297109,0.130723,-2532.522176
1781212200,2026-06-11 21:10:00,63420.7,63525.2,63400.8,63494.5,3.248633,1.533305,1.715328,-2530.806848
1781212500,2026-06-11 21:15:00,63494.4,63494.5,63459.1,63465.3,1.096239,0.904784,0.191455,-2530.615394
1781212800,2026-06-11 21:20:00,63465.3,63505.6,63465.2,63465.3,4.337465,0.185728,4.151737,-2526.463656
1781213100,2026-06-11 21:25:00,63465.2,63465.3,63401.0,63403.5,6.207666,12.934282,-6.726616,-2533.190273
1781213400,2026-06-11 21:30:00,63403.5,63445.3,63403.4,63440.1,6.607667,0.019378,6.588290,-2526.601983
1781213700,2026-06-11 21:35:00,63440.1,63470.2,63411.4,63470.2,5.443961,0.230650,5.213312,-2521.388671
1781214000,2026-06-11 21:40:00,63469.2,63480.1,63428.5,63462.5,8.170369,1.802532,6.367837,-2515.020834
1781214300,2026-06-11 21:45:00,63462.5,63515.8,63462.4,63490.1,1.363930,0.181412,1.182518,-2513.838316
1781214600,2026-06-11 21:50:00,63490.1,63506.6,63450.1,63450.1,0.393014,0.312801,0.080213,-2513.758103
1781214900,2026-06-11 21:55:00,63450.0,63450.0,63400.2,63445.1,1.054162,0.708894,0.345268,-2513.412835
1781215200,2026-06-11 22:00:00,63445.2,63560.4,63445.2,63517.2,2.274743,1.704128,0.570615,-2512.842220
1781215500,2026-06-11 22:05:00,63515.0,63579.3,63514.5,63579.3,2.427882,0.188797,2.239085,-2510.603136
1781215800,2026-06-11 22:10:00,63579.3,63579.3,63528.4,63559.6,2.271414,0.030685,2.240729,-2508.362407
1781216100,2026-06-11 22:15:00,63559.6,63600.2,63538.4,63575.0,0.484489,1.153856,-0.669367,-2509.031773
1781216400,2026-06-11 22:20:00,63575.0,63575.1,63493.7,63500.1,0.244564,1.295234,-1.050670,-2510.082443
1781216700,2026-06-11 22:25:00,63500.0,63533.3,63479.8,63523.7,1.584655,0.186145,1.398511,-2508.683932
1781217000,2026-06-11 22:30:00,63523.7,63566.8,63470.8,63470.8,1.469066,0.628354,0.840712,-2507.843221
1781217300,2026-06-11 22:35:00,63461.3,63513.4,63450.0,63472.4,1.012383,0.047538,0.964845,-2506.878376
1781217600,2026-06-11 22:40:00,63472.5,63499.6,63432.0,63448.2,0.608285,0.084583,0.523702,-2506.354674
1781217900,2026-06-11 22:45:00,63448.2,63471.2,63407.3,63444.5,0.877847,0.372888,0.504959,-2505.849714
1781218200,2026-06-11 22:50:00,63444.5,63474.2,63444.4,63462.8,1.280795,0.036971,1.243825,-2504.605889
1781218500,2026-06-11 22:55:00,63479.3,63516.9,63450.0,63450.0,1.125656,4.818506,-3.692850,-2508.298739
1781218800,2026-06-11 23:00:00,63443.1,63443.1,63311.2,63371.4,0.826107,3.604092,-2.777985,-2511.076725
1781219100,2026-06-11 23:05:00,63372.6,63372.6,63300.2,63300.3,25.453976,0.403242,25.050733,-2486.025991
1781219400,2026-06-11 23:10:00,63300.3,63357.7,63300.2,63331.5,1.521046,1.125992,0.395054,-2485.630937
1781219700,2026-06-11 23:15:00,63338.9,63364.5,63321.8,63351.7,1.902444,0.140248,1.762195,-2483.868742
1781220000,2026-06-11 23:20:00,63360.5,63368.1,63321.8,63333.5,4.127227,0.078282,4.048945,-2479.819797
1781220300,2026-06-11 23:25:00,63330.3,63352.9,63310.5,63324.9,2.344612,0.078245,2.266367,-2477.553430
1781220600,2026-06-11 23:30:00,63324.9,63456.5,63324.8,63455.0,3.341858,0.042812,3.299046,-2474.254383
1781220900,2026-06-11 23:35:00,63455.3,63457.2,63419.0,63457.1,0.218839,0.996305,-0.777466,-2475.031849
1781221200,2026-06-11 23:40:00,63457.1,63625.2,63457.1,63570.7,5.192132,25.132812,-19.940681,-2494.972530
1781221500,2026-06-11 23:45:00,63568.8,63596.7,63534.8,63536.2,0.767148,0.151690,0.615457,-2494.357072
1781221800,2026-06-11 23:50:00,63534.9,63562.5,63457.9,63562.5,1.161758,0.640749,0.521009,-2493.836063
1781222100,2026-06-11 23:55:00,63562.4,63568.7,63530.6,63552.3,0.642461,0.447895,0.194566,-2493.641497
1781222400,2026-06-12 00:00:00,63553.7,63564.4,63478.8,63517.9,1.550015,0.594502,0.955513,-2492.685984
1781222700,2026-06-12 00:05:00,63517.8,63712.1,63517.7,63651.0,50.197763,1.372293,48.825470,-2443.860514
1781223000,2026-06-12 00:10:00,63651.0,63672.4,63625.0,63664.3,0.210762,0.109676,0.101087,-2443.759427
1781223300,2026-06-12 00:15:00,63664.3,63664.3,63561.5,63587.9,0.307407,0.197331,0.110076,-2443.649351
1781223600,2026-06-12 00:20:00,63574.9,63599.1,63514.9,63514.9,0.262854,0.183892,0.078963,-2443.570389
1781223900,2026-06-12 00:25:00,63514.9,63574.3,63468.8,63550.8,1.354404,1.530333,-0.175929,-2443.746317
1781224200,2026-06-12 00:30:00,63550.8,63614.5,63496.5,63554.4,0.382026,0.323830,0.058196,-2443.688122
1781224500,2026-06-12 00:35:00,63554.4,63675.2,63554.3,63610.1,1.174645,0.288573,0.886072,-2442.802050
1781224800,2026-06-12 00:40:00,63607.6,63626.0,63587.1,63587.1,0.328851,2.690999,-2.362148,-2445.164198
1781225100,2026-06-12 00:45:00,63587.1,63621.6,63587.0,63610.0,0.410177,0.197641,0.212536,-2444.951661
1781225400,2026-06-12 00:50:00,63610.0,63649.8,63594.1,63649.8,0.457020,0.443398,0.013622,-2444.938040
1781225700,2026-06-12 00:55:00,63649.8,63650.0,63557.7,63574.1,0.367852,5.633462,-5.265610,-2450.203649
1781226000,2026-06-12 01:00:00,63574.1,63574.1,63402.5,63430.1,2.271151,7.505757,-5.234606,-2455.438255
1781226300,2026-06-12 01:05:00,63431.3,63475.8,63411.5,63430.1,2.991962,4.178875,-1.186913,-2456.625168
1781226600,2026-06-12 01:10:00,63432.4,63453.8,63400.2,63400.2,1.258847,3.799291,-2.540444,-2459.165613
1781226900,2026-06-12 01:15:00,63400.3,63461.8,63375.2,63375.2,0.310572,1.998728,-1.688156,-2460.853769
1781227200,2026-06-12 01:20:00,63375.2,63375.2,63325.2,63325.2,0.275023,2.887002,-2.611979,-2463.465748
1781227500,2026-06-12 01:25:00,63325.3,63325.3,63245.2,63289.9,1.455420,3.707158,-2.251737,-2465.717485
1781227800,2026-06-12 01:30:00,63289.6,63326.7,63289.5,63299.4,2.467541,0.201077,2.266464,-2463.451021
1781228100,2026-06-12 01:35:00,63299.3,63299.3,63242.7,63270.5,3.886834,0.048063,3.838772,-2459.612249
1781228400,2026-06-12 01:40:00,63276.9,63342.5,63276.6,63290.5,2.229925,1.786333,0.443592,-2459.168657
1781228700,2026-06-12 01:45:00,63290.5,63375.8,63290.5,63375.8,1.838109,0.133441,1.704668,-2457.463989
1781229000,2026-06-12 01:50:00,63375.7,63389.0,63337.4,63382.7,1.091782,0.136924,0.954858,-2456.509131
1781229300,2026-06-12 01:55:00,63382.6,63382.6,63302.8,63337.5,0.630994,0.477067,0.153927,-2456.355204
1781229600,2026-06-12 02:00:00,63337.5,63422.8,63337.5,63387.8,0.826512,0.394685,0.431827,-2455.923377
1781229900,2026-06-12 02:05:00,63386.7,63555.0,63386.7,63555.0,2.333618,0.035456,2.298161,-2453.625216
1781230200,2026-06-12 02:10:00,63555.0,63681.5,63555.0,63587.7,4.173689,0.722828,3.450862,-2450.174355
1781230500,2026-06-12 02:15:00,63587.7,63608.3,63516.3,63535.7,0.164330,0.364392,-0.200062,-2450.374417
1781230800,2026-06-12 02:20:00,63535.8,63587.8,63528.9,63556.9,0.133517,0.091829,0.041688,-2450.332728
1781231100,2026-06-12 02:25:00,63556.8,63556.8,63460.1,63464.7,0.255030,1.514205,-1.259175,-2451.591903
1781231400,2026-06-12 02:30:00,63464.7,63500.0,63425.2,63428.8,0.919675,1.857770,-0.938094,-2452.529998
1781231700,2026-06-12 02:35:00,63428.9,63520.4,63428.9,63520.3,1.151641,1.000886,0.150754,-2452.379243
1781232000,2026-06-12 02:40:00,63520.4,63555.6,63499.2,63539.9,0.763334,0.468914,0.294420,-2452.084823
1781232300,2026-06-12 02:45:00,63540.0,63540.0,63512.9,63521.6,1.455787,1.649038,-0.193251,-2452.278074
1781232600,2026-06-12 02:50:00,63521.7,63521.7,63500.3,63506.4,0.132649,0.457260,-0.324610,-2452.602685
1781232900,2026-06-12 02:55:00,63506.4,63540.0,63506.3,63540.0,1.430665,26.358338,-24.927673,-2477.530358
1781233200,2026-06-12 03:00:00,63540.0,63568.6,63506.3,63506.3,0.557028,0.492226,0.064802,-2477.465556
1781233500,2026-06-12 03:05:00,63506.3,63506.4,63489.8,63499.0,0.271180,7.461564,-7.190385,-2484.655940
1781233800,2026-06-12 03:10:00,63500.0,63500.0,63432.0,63435.6,1.577982,0.501482,1.076500,-2483.579440
1781234100,2026-06-12 03:15:00,63435.6,63435.7,63404.5,63409.0,0.304676,0.686631,-0.381955,-2483.961396
1781234400,2026-06-12 03:20:00,63409.0,63409.0,63323.3,63335.7,0.102640,3.218240,-3.115599,-2487.076995
1781234700,2026-06-12 03:25:00,63335.6,63356.8,63285.5,63351.3,0.288832,2.732357,-2.443524,-2489.520519
1781235000,2026-06-12 03:30:00,63351.3,63414.5,63351.3,63403.8,0.195917,0.678372,-0.482456,-2490.002975
1781235300,2026-06-12 03:35:00,63403.9,63426.2,63375.2,63384.2,0.093650,0.047237,0.046413,-2489.956562
1781235600,2026-06-12 03:40:00,63384.1,63395.5,63356.4,63384.9,0.327941,0.214887,0.113054,-2489.843508
1781235900,2026-06-12 03:45:00,63384.9,63438.5,63368.3,63384.9,0.687057,0.882548,-0.195491,-2490.038998
1781236200,2026-06-12 03:50:00,63385.0,63423.0,63384.9,63423.0,0.273483,0.511569,-0.238087,-2490.277085
1781236500,2026-06-12 03:55:00,63423.5,63437.9,63423.4,63430.6,0.118300,0.016377,0.101923,-2490.175162
1781236800,2026-06-12 04:00:00,63430.6,63437.7,63392.9,63399.0,0.468175,0.082183,0.385992,-2489.789170
1781237100,2026-06-12 04:05:00,63420.3,63420.4,63354.4,63395.8,0.419768,0.238840,0.180928,-2489.608241
1781237400,2026-06-12 04:10:00,63395.8,63467.7,63394.0,63408.4,0.165994,0.136356,0.029638,-2489.578603
1781237700,2026-06-12 04:15:00,63412.9,63634.5,63412.9,63585.2,7.246562,0.362690,6.883872,-2482.694731
1781238000,2026-06-12 04:20:00,63585.3,63673.8,63564.6,63636.4,0.864067,0.184217,0.679849,-2482.014882
1781238300,2026-06-12 04:25:00,63636.5,63708.3,63627.2,63705.0,4.075051,6.355167,-2.280115,-2484.294997
1781238600,2026-06-12 04:30:00,63704.9,63775.1,63634.7,63651.8,1.360811,4.084040,-2.723229,-2487.018226
1781238900,2026-06-12 04:35:00,63651.8,63662.2,63617.4,63646.6,0.174592,1.773940,-1.599348,-2488.617573
1781239200,2026-06-12 04:40:00,63646.7,63647.1,63616.9,63636.9,0.291964,0.068020,0.223943,-2488.393630
1781239500,2026-06-12 04:45:00,63637.0,63650.0,63628.2,63631.3,0.098947,0.649370,-0.550422,-2488.944052
1781239800,2026-06-12 04:50:00,63631.2,63643.4,63623.5,63627.1,0.061921,0.339767,-0.277846,-2489.221899
1781240100,2026-06-12 04:55:00,63627.2,63632.9,63615.1,63618.9,0.126944,0.005117,0.121827,-2489.100072
1781240400,2026-06-12 05:00:00,63619.0,63640.1,63541.1,63563.0,0.643058,0.720223,-0.077165,-2489.177236
1781240700,2026-06-12 05:05:00,63563.0,63563.0,63500.0,63500.0,0.060180,1.338515,-1.278335,-2490.455571
1781241000,2026-06-12 05:10:00,63500.1,63500.1,63350.2,63355.5,1.259452,6.451538,-5.192086,-2495.647657
1781241300,2026-06-12 05:15:00,63355.5,63441.2,63355.4,63441.2,0.886067,0.344568,0.541499,-2495.106158
1781241600,2026-06-12 05:20:00,63441.1,63441.1,63369.2,63396.0,0.593085,0.677717,-0.084632,-2495.190790
1781241900,2026-06-12 05:25:00,63396.0,63425.5,63395.9,63407.0,3.088113,0.333938,2.754175,-2492.436615
1781242200,2026-06-12 05:30:00,63407.0,63416.4,63350.8,63371.4,0.265512,0.330676,-0.065164,-2492.501779
1781242500,2026-06-12 05:35:00,63371.4,63380.6,63270.6,63305.4,0.249847,2.115737,-1.865890,-2494.367669
1781242800,2026-06-12 05:40:00,63309.7,63325.6,63282.7,63324.5,0.155395,0.139044,0.016351,-2494.351318
1781243100,2026-06-12 05:45:00,63324.5,63330.5,63272.8,63300.4,0.716872,0.360891,0.355981,-2493.995337
1781243400,2026-06-12 05:50:00,63304.3,63324.3,63239.8,63272.8,0.299855,2.050973,-1.751118,-2495.746455
1781243700,2026-06-12 05:55:00,63272.9,63320.7,63266.4,63266.4,0.228944,0.167909,0.061035,-2495.685421
1781244000,2026-06-12 06:00:00,63271.0,63319.1,63264.0,63312.9,0.165002,0.248374,-0.083372,-2495.768793
1781244300,2026-06-12 06:05:00,63312.9,63329.1,63252.6,63252.6,0.285146,0.524047,-0.238901,-2496.007694
1781244600,2026-06-12 06:10:00,63252.7,63266.9,63206.5,63209.6,1.703690,2.026695,-0.323005,-2496.330699
1781244900,2026-06-12 06:15:00,63209.5,63209.6,63077.5,63110.2,0.322994,7.683232,-7.360238,-2503.690937
1781245200,2026-06-12 06:20:00,63085.7,63100.0,63023.2,63100.0,0.327640,3.253220,-2.925581,-2506.616518
1781245500,2026-06-12 06:25:00,63100.0,63100.0,63071.4,63072.7,0.835349,0.389693,0.445656,-2506.170862
1781245800,2026-06-12 06:30:00,63072.7,63072.7,62775.3,62872.9,0.510442,23.345575,-22.835132,-2529.005994
1781246100,2026-06-12 06:35:00,62872.9,62882.1,62765.3,62872.5,2.722182,5.650415,-2.928233,-2531.934228
1781246400,2026-06-12 06:40:00,62871.4,62880.9,62839.9,62848.9,0.226084,0.913638,-0.687553,-2532.621781
1781246700,2026-06-12 06:45:00,62848.9,62926.8,62848.9,62891.9,0.465560,0.278353,0.187207,-2532.434574
1781247000,2026-06-12 06:50:00,62891.8,62909.5,62863.5,62889.3,2.578003,0.463703,2.114299,-2530.320275
1781247300,2026-06-12 06:55:00,62889.2,62919.5,62879.2,62913.2,0.853530,0.231344,0.622185,-2529.698090
1781247600,2026-06-12 07:00:00,62900.2,63015.8,62900.2,63015.4,1.570439,0.118955,1.451483,-2528.246606
1781247900,2026-06-12 07:05:00,63019.5,63031.8,62980.2,63001.6,0.120283,0.178198,-0.057915,-2528.304521
1781248200,2026-06-12 07:10:00,63001.6,63003.9,62919.9,62919.9,0.106821,1.336811,-1.229990,-2529.534511
1781248500,2026-06-12 07:15:00,62917.1,62986.2,62879.7,62944.7,0.886583,0.879995,0.006588,-2529.527923
1781248800,2026-06-12 07:20:00,62944.7,62986.1,62910.1,62954.8,0.165918,1.586001,-1.420083,-2530.948006
1781249100,2026-06-12 07:25:00,62964.5,62964.6,62923.3,62939.4,0.157827,1.081959,-0.924132,-2531.872138
1781249400,2026-06-12 07:30:00,62939.4,62958.2,62922.2,62924.2,0.323819,0.222876,0.100943,-2531.771195
1781249700,2026-06-12 07:35:00,62924.1,62963.9,62888.7,62963.9,2.610430,0.772702,1.837727,-2529.933468
1781250000,2026-06-12 07:40:00,62981.4,63008.5,62974.4,62975.4,0.368288,0.306479,0.061808,-2529.871659
1781250300,2026-06-12 07:45:00,62975.4,62985.7,62943.8,62945.9,1.425614,0.155697,1.269917,-2528.601742
1781250600,2026-06-12 07:50:00,62945.9,62945.9,62925.6,62933.4,1.838016,0.126069,1.711947,-2526.889796
1781250900,2026-06-12 07:55:00,62926.7,63147.2,62926.6,63013.3,8.707657,0.215147,8.492510,-2518.397286
1781251200,2026-06-12 08:00:00,63013.3,63091.2,63013.2,63042.1,0.987912,1.205600,-0.217688,-2518.614974
1781251500,2026-06-12 08:05:00,63042.1,63200.0,63042.1,63196.0,22.740575,0.024291,22.716284,-2495.898689
1781251800,2026-06-12 08:10:00,63195.9,63247.4,63195.9,63227.0,2.808292,0.295937,2.512355,-2493.386334
1781252100,2026-06-12 08:15:00,63227.0,63375.2,63221.9,63375.2,3.149045,0.257791,2.891253,-2490.495081
1781252400,2026-06-12 08:20:00,63375.2,63527.6,63375.1,63424.6,13.663639,1.158762,12.504876,-2477.990204
1781252700,2026-06-12 08:25:00,63424.7,63452.0,63407.1,63439.9,0.068017,1.532472,-1.464455,-2479.454659
1781253000,2026-06-12 08:30:00,63448.3,63452.6,63400.0,63427.8,0.167427,0.136080,0.031347,-2479.423313
1781253300,2026-06-12 08:35:00,63427.7,63427.7,63359.1,63404.5,0.060179,0.628915,-0.568736,-2479.992049
1781253600,2026-06-12 08:40:00,63404.6,63404.6,63308.3,63309.1,0.144134,0.344191,-0.200058,-2480.192106
1781253900,2026-06-12 08:45:00,63309.2,63377.3,63285.4,63353.6,0.591996,0.187589,0.404408,-2479.787698
1781254200,2026-06-12 08:50:00,63353.6,63402.2,63340.0,63389.8,0.222504,0.455478,-0.232974,-2480.020672
1781254500,2026-06-12 08:55:00,63389.8,63401.1,63389.7,63400.8,0.218549,0.139020,0.079530,-2479.941143
1781254800,2026-06-12 09:00:00,63400.8,63434.1,63359.6,63370.5,2.605781,0.181541,2.424239,-2477.516903
1781255100,2026-06-12 09:05:00,63368.2,63470.1,63365.6,63442.9,1.585811,1.583713,0.002098,-2477.514806
1781255400,2026-06-12 09:10:00,63442.9,63490.7,63424.1,63465.3,0.667783,0.271133,0.396650,-2477.118156
1781255700,2026-06-12 09:15:00,63466.9,63508.6,63466.9,63502.6,0.702225,0.382646,0.319580,-2476.798576
1781256000,2026-06-12 09:20:00,63502.6,63620.4,63502.6,63597.1,1.250825,1.345590,-0.094765,-2476.893341
1781256300,2026-06-12 09:25:00,63597.1,63696.1,63586.5,63687.5,3.906923,0.398442,3.508481,-2473.384860
1781256600,2026-06-12 09:30:00,63687.1,63865.1,63687.1,63820.9,3.831900,1.162645,2.669255,-2470.715605
1781256900,2026-06-12 09:35:00,63821.0,63834.4,63778.0,63782.7,1.324495,0.413791,0.910704,-2469.804901
1781257200,2026-06-12 09:40:00,63780.2,63820.5,63759.1,63810.3,2.992674,0.093087,2.899587,-2466.905314
1781257500,2026-06-12 09:45:00,63810.3,63851.7,63759.1,63767.0,0.838622,5.183397,-4.344774,-2471.250088
1781257800,2026-06-12 09:50:00,63767.0,63779.2,63711.8,63711.8,0.263232,0.364405,-0.101173,-2471.351262
1781258100,2026-06-12 09:55:00,63716.4,63751.2,63672.4,63679.0,1.403885,1.021457,0.382428,-2470.968833
1781258400,2026-06-12 10:00:00,63679.0,63679.0,63625.4,63645.4,0.627367,0.488287,0.139080,-2470.829754
1781258700,2026-06-12 10:05:00,63645.3,63736.1,63622.9,63732.0,0.248910,0.221535,0.027374,-2470.802379
1781259000,2026-06-12 10:10:00,63751.2,63770.7,63661.0,63696.4,0.366392,1.443449,-1.077056,-2471.879436
1781259300,2026-06-12 10:15:00,63696.4,63709.5,63639.0,63696.9,9.978413,0.943726,9.034687,-2462.844748
1781259600,2026-06-12 10:20:00,63696.9,63731.3,63674.8,63731.3,2.412267,0.195460,2.216807,-2460.627941
1781259900,2026-06-12 10:25:00,63731.4,63744.0,63530.0,63551.2,0.501840,3.553882,-3.052042,-2463.679983
1781260200,2026-06-12 10:30:00,63551.2,63641.1,63551.1,63639.1,0.862194,0.136767,0.725426,-2462.954557
1781260500,2026-06-12 10:35:00,63656.4,63685.5,63632.7,63633.5,3.533786,1.295496,2.238290,-2460.716267
1781260800,2026-06-12 10:40:00,63635.5,63639.0,63587.7,63606.6,0.516701,0.397153,0.119548,-2460.596719
1781261100,2026-06-12 10:45:00,63606.6,63659.0,63606.5,63636.6,0.086822,6.686427,-6.599605,-2467.196324
1781261400,2026-06-12 10:50:00,63639.2,63656.6,63621.1,63633.6,1.241057,0.147899,1.093158,-2466.103166
1781261700,2026-06-12 10:55:00,63633.7,63657.0,63601.6,63640.1,0.426689,1.042584,-0.615895,-2466.719061
1781262000,2026-06-12 11:00:00,63640.2,63783.9,63627.2,63735.9,1.063721,1.068982,-0.005261,-2466.724322
1781262300,2026-06-12 11:05:00,63735.9,63802.8,63698.6,63698.6,5.371353,1.011257,4.360096,-2462.364226
1781262600,2026-06-12 11:10:00,63698.6,63768.3,63678.3,63757.0,1.698545,0.165922,1.532623,-2460.831602
1781262900,2026-06-12 11:15:00,63757.1,63765.2,63686.2,63700.2,0.456880,0.279885,0.176995,-2460.654607
1781263200,2026-06-12 11:20:00,63700.3,63786.9,63700.2,63786.8,2.340289,0.233633,2.106656,-2458.547951
1781263500,2026-06-12 11:25:00,63786.9,63799.6,63753.4,63753.4,0.189519,0.771116,-0.581598,-2459.129549
1781263800,2026-06-12 11:30:00,63753.4,63753.5,63659.7,63673.5,0.239930,4.620111,-4.380180,-2463.509729
1781264100,2026-06-12 11:35:00,63673.5,63673.5,63624.0,63627.2,0.339221,0.425614,-0.086393,-2463.596122
1781264400,2026-06-12 11:40:00,63627.2,63729.6,63627.2,63719.1,1.253331,0.144519,1.108812,-2462.487310
1781264700,2026-06-12 11:45:00,63719.1,63797.8,63719.1,63752.4,0.467066,1.318613,-0.851547,-2463.338857
1781265000,2026-06-12 11:50:00,63752.4,63768.7,63728.6,63765.7,0.367542,0.219488,0.148054,-2463.190803
1781265300,2026-06-12 11:55:00,63765.7,63777.0,63705.0,63705.0,0.502206,0.629289,-0.127083,-2463.317887
1781265600,2026-06-12 12:00:00,63705.0,63705.0,63584.0,63586.2,1.237241,1.994826,-0.757584,-2464.075471
1781265900,2026-06-12 12:05:00,63589.0,63617.5,63589.0,63594.5,1.247119,0.906011,0.341108,-2463.734363
1781266200,2026-06-12 12:10:00,63594.5,63629.8,63551.9,63562.6,0.428058,1.434684,-1.006627,-2464.740990
1781266500,2026-06-12 12:15:00,63562.6,63596.0,63552.8,63585.9,0.878996,1.923574,-1.044579,-2465.785569
1781266800,2026-06-12 12:20:00,63583.7,63583.7,63500.1,63500.1,0.572812,3.752106,-3.179294,-2468.964862
1781267100,2026-06-12 12:25:00,63500.1,63500.1,63414.6,63414.7,1.041773,7.340137,-6.298364,-2475.263227
1781267400,2026-06-12 12:30:00,63414.6,63495.7,63385.9,63495.7,0.820951,2.426380,-1.605429,-2476.868656
1781267700,2026-06-12 12:35:00,63493.8,63493.8,63338.5,63338.5,0.962879,3.575771,-2.612892,-2479.481548
1781268000,2026-06-12 12:40:00,63338.6,63412.9,63325.6,63347.1,2.343724,8.323590,-5.979866,-2485.461414
1781268300,2026-06-12 12:45:00,63347.1,63460.4,63347.0,63431.4,1.071487,0.673515,0.397972,-2485.063442
1781268600,2026-06-12 12:50:00,63431.4,63460.9,63370.6,63370.7,0.468371,0.192311,0.276060,-2484.787382
1781268900,2026-06-12 12:55:00,63370.7,63430.4,63323.4,63406.6,4.648121,6.564721,-1.916600,-2486.703981
1781269200,2026-06-12 13:00:00,63406.7,63419.9,63338.3,63365.4,2.428698,0.288484,2.140214,-2484.563768
1781269500,2026-06-12 13:05:00,63365.4,63431.5,63355.4,63405.0,0.721587,1.467397,-0.745810,-2485.309578
1781269800,2026-06-12 13:10:00,63404.9,63404.9,63309.3,63392.3,0.593563,0.434899,0.158663,-2485.150915
1781270100,2026-06-12 13:15:00,63394.7,63451.1,63371.9,63436.6,4.281654,0.534818,3.746836,-2481.404079
1781270400,2026-06-12 13:20:00,63436.7,63436.7,63315.6,63330.0,0.214870,1.750663,-1.535793,-2482.939873
1781270700,2026-06-12 13:25:00,63330.0,63343.0,63293.0,63324.9,0.726822,1.861711,-1.134889,-2484.074762
1781271000,2026-06-12 13:30:00,63325.0,63367.4,63165.7,63165.7,1.039192,11.402342,-10.363151,-2494.437913
1781271300,2026-06-12 13:35:00,63165.6,63301.5,63165.6,63299.9,0.778524,0.490064,0.288461,-2494.149452
1781271600,2026-06-12 13:40:00,63299.9,63332.0,62997.5,63070.8,3.839730,9.805950,-5.966219,-2500.115671
1781271900,2026-06-12 13:45:00,63069.9,63155.2,63040.3,63129.6,0.934741,15.448960,-14.514219,-2514.629890
1781272200,2026-06-12 13:50:00,63129.7,63195.9,63054.8,63090.8,0.562326,2.003359,-1.441033,-2516.070923
1781272500,2026-06-12 13:55:00,63090.7,63160.1,63016.2,63141.8,0.549140,1.488770,-0.939630,-2517.010553
1781272800,2026-06-12 14:00:00,63141.8,63415.8,63114.6,63302.5,10.525289,2.528634,7.996655,-2509.013898
1781273100,2026-06-12 14:05:00,63302.6,63472.7,63269.8,63365.1,10.042921,2.752012,7.290909,-2501.722989
1781273400,2026-06-12 14:10:00,63365.2,63390.0,63288.5,63371.0,5.768123,1.180018,4.588104,-2497.134885
1781273700,2026-06-12 14:15:00,63371.0,63483.1,63344.5,63348.8,3.489628,0.405128,3.084500,-2494.050385
1781274000,2026-06-12 14:20:00,63348.8,63444.7,63271.0,63367.2,2.523834,1.675158,0.848676,-2493.201709
1781274300,2026-06-12 14:25:00,63367.2,63590.3,63367.2,63577.3,4.532134,0.237428,4.294706,-2488.907002
1781274600,2026-06-12 14:30:00,63577.4,63633.7,63505.8,63625.6,4.830278,3.458762,1.371516,-2487.535486
1781274900,2026-06-12 14:35:00,63625.6,63712.1,63613.8,63682.5,4.041279,1.053841,2.987438,-2484.548048
1781275200,2026-06-12 14:40:00,63682.6,63682.6,63433.9,63462.2,0.899469,1.529685,-0.630215,-2485.178264
1781275500,2026-06-12 14:45:00,63462.3,63502.5,63418.6,63463.1,1.058774,1.064790,-0.006017,-2485.184280
1781275800,2026-06-12 14:50:00,63465.2,63882.3,63463.1,63871.6,8.238303,1.470471,6.767832,-2478.416448
1781276100,2026-06-12 14:55:00,63871.7,63934.9,63791.3,63934.9,3.041467,2.435626,0.605841,-2477.810607
1781276400,2026-06-12 15:00:00,63934.9,64125.0,63837.2,63884.7,74.134544,7.221135,66.913409,-2410.897198
1781276700,2026-06-12 15:05:00,63884.6,64124.9,63878.3,64044.4,9.971421,11.186776,-1.215354,-2412.112552
1781277000,2026-06-12 15:10:00,64042.0,64333.0,64030.8,64300.0,31.486065,5.890978,25.595087,-2386.517465
1781277300,2026-06-12 15:15:00,64300.0,64300.0,64212.9,64216.2,47.728046,3.338790,44.389256,-2342.128209
1781277600,2026-06-12 15:20:00,64216.1,64236.3,64151.8,64236.3,12.927916,6.248583,6.679332,-2335.448877
1781277900,2026-06-12 15:25:00,64226.5,64250.0,64102.2,64102.2,4.841303,10.335097,-5.493794,-2340.942671
1781278200,2026-06-12 15:30:00,64102.1,64102.1,63883.9,63885.0,3.803745,9.207174,-5.403429,-2346.346100
1781278500,2026-06-12 15:35:00,63884.2,64027.8,63826.9,63910.2,8.148799,5.639157,2.509643,-2343.836457
1781278800,2026-06-12 15:40:00,63910.1,63910.2,63780.9,63865.3,1.360105,2.793090,-1.432985,-2345.269442
1781279100,2026-06-12 15:45:00,63865.2,63892.7,63650.9,63650.9,27.287176,3.499885,23.787291,-2321.482151
1781279400,2026-06-12 15:50:00,63650.9,63829.3,63650.9,63800.0,4.104203,1.483882,2.620321,-2318.861830
1781279700,2026-06-12 15:55:00,63800.0,63800.0,63508.2,63551.7,1.284880,6.773299,-5.488419,-2324.350249
1781280000,2026-06-12 16:00:00,63554.2,63696.1,63493.5,63651.2,7.711056,53.540403,-45.829347,-2370.179596
1781280300,2026-06-12 16:05:00,63651.2,63744.8,63622.5,63711.2,2.108838,0.589443,1.519394,-2368.660202
1781280600,2026-06-12 16:10:00,63711.2,63918.6,63665.4,63815.7,16.830064,2.409066,14.420998,-2354.239203
1781280900,2026-06-12 16:15:00,63817.1,63944.1,63756.6,63776.6,1.500271,3.470966,-1.970695,-2356.209898
1781281200,2026-06-12 16:20:00,63776.6,63809.1,63733.9,63791.7,4.204723,1.885168,2.319555,-2353.890343
1781281500,2026-06-12 16:25:00,63791.6,63895.0,63767.2,63862.5,5.568964,1.187459,4.381505,-2349.508838
1781281800,2026-06-12 16:30:00,63862.5,63907.7,63798.6,63844.6,2.467339,8.733781,-6.266442,-2355.775280
1781282100,2026-06-12 16:35:00,63844.5,63933.5,63766.1,63933.5,9.927930,0.231472,9.696458,-2346.078822
1781282400,2026-06-12 16:40:00,63933.4,63951.5,63752.6,63807.6,7.774499,1.118663,6.655836,-2339.422986
1781282700,2026-06-12 16:45:00,63807.7,63946.1,63805.6,63911.7,2.589361,4.736551,-2.147190,-2341.570177
1781283000,2026-06-12 16:50:00,63909.9,63928.8,63856.1,63856.1,0.977603,2.988446,-2.010842,-2343.581019
1781283300,2026-06-12 16:55:00,63856.1,63943.6,63856.1,63943.4,1.720334,0.418312,1.302022,-2342.278998
1781283600,2026-06-12 17:00:00,63941.7,63977.7,63900.6,63977.7,1.937358,0.764657,1.172701,-2341.106297
1781283900,2026-06-12 17:05:00,63977.7,64069.8,63975.2,63989.9,4.108171,0.757851,3.350320,-2337.755977
1781284200,2026-06-12 17:10:00,63987.3,63987.3,63833.9,63870.1,4.202853,5.304881,-1.102029,-2338.858006
1781284500,2026-06-12 17:15:00,63873.0,63886.6,63795.5,63818.7,0.934555,2.805694,-1.871139,-2340.729145
1781284800,2026-06-12 17:20:00,63816.5,63834.2,63745.7,63745.8,0.805507,1.671542,-0.866035,-2341.595180
1781285100,2026-06-12 17:25:00,63752.4,63794.8,63706.0,63779.9,0.988614,5.680039,-4.691426,-2346.286606
1781285400,2026-06-12 17:30:00,63780.0,63815.7,63728.9,63772.4,2.049181,0.493821,1.555360,-2344.731246
1781285700,2026-06-12 17:35:00,63772.3,63863.9,63740.5,63807.3,3.881143,0.873511,3.007631,-2341.723615
1781286000,2026-06-12 17:40:00,63800.2,63814.9,63762.1,63786.9,2.777016,2.839736,-0.062720,-2341.786334
1781286300,2026-06-12 17:45:00,63786.9,63832.1,63782.8,63811.5,0.766906,0.194295,0.572610,-2341.213724
1781286600,2026-06-12 17:50:00,63811.4,63846.0,63763.6,63821.3,1.375135,0.995567,0.379568,-2340.834156
1781286900,2026-06-12 17:55:00,63812.2,63816.9,63782.2,63816.9,0.512626,0.665308,-0.152681,-2340.986838
1781287200,2026-06-12 18:00:00,63816.9,63872.5,63810.1,63826.0,4.726830,0.284676,4.442154,-2336.544683
1781287500,2026-06-12 18:05:00,63825.9,63826.7,63684.0,63737.7,1.084376,3.814143,-2.729767,-2339.274451
1781287800,2026-06-12 18:10:00,63739.6,63890.1,63739.5,63793.6,0.906659,1.560132,-0.653473,-2339.927923
1781288100,2026-06-12 18:15:00,63793.5,63804.8,63666.2,63668.5,3.733653,3.012695,0.720958,-2339.206965
1781288400,2026-06-12 18:20:00,63668.4,63684.8,63641.3,63676.9,0.698588,3.294894,-2.596305,-2341.803270
1781288700,2026-06-12 18:25:00,63677.0,63742.4,63677.0,63741.4,3.709522,3.247245,0.462277,-2341.340994
1781289000,2026-06-12 18:30:00,63741.5,63771.1,63695.2,63742.3,1.505499,1.626688,-0.121189,-2341.462182
1781289300,2026-06-12 18:35:00,63740.7,63791.5,63712.7,63790.7,1.354345,0.401773,0.952571,-2340.509611
1781289600,2026-06-12 18:40:00,63790.6,63867.6,63790.6,63835.7,1.022350,0.242141,0.780209,-2339.729402
1781289900,2026-06-12 18:45:00,63835.7,63855.4,63787.6,63787.9,0.873527,0.338886,0.534641,-2339.194761
1781290200,2026-06-12 18:50:00,63787.6,63787.6,63750.0,63754.3,0.660820,0.440468,0.220352,-2338.974409
1781290500,2026-06-12 18:55:00,63756.4,63756.4,63642.9,63651.4,0.834763,17.128358,-16.293595,-2355.268004
1781290800,2026-06-12 19:00:00,63652.7,63726.7,63643.6,63722.6,0.708454,0.049764,0.658690,-2354.609314
1781291100,2026-06-12 19:05:00,63722.2,63722.2,63650.0,63686.5,1.261965,0.210551,1.051414,-2353.557900
1781291400,2026-06-12 19:10:00,63686.8,63687.8,63644.7,63670.4,0.793475,0.210006,0.583469,-2352.974431
1781291700,2026-06-12 19:15:00,63670.3,63730.0,63628.1,63712.5,0.609044,1.700360,-1.091316,-2354.065747
1781292000,2026-06-12 19:20:00,63711.6,63714.8,63650.7,63677.3,0.442011,0.443100,-0.001089,-2354.066836
1781292300,2026-06-12 19:25:00,63677.3,63742.9,63675.8,63680.4,0.917240,0.292703,0.624537,-2353.442300
1781292600,2026-06-12 19:30:00,63682.2,63694.2,63610.7,63617.0,1.186272,2.014532,-0.828260,-2354.270560
1781292900,2026-06-12 19:35:00,63615.2,63783.3,63600.0,63675.5,5.894644,2.250980,3.643664,-2350.626896
1781293200,2026-06-12 19:40:00,63675.5,63699.6,63615.7,63616.7,0.456318,2.190679,-1.734361,-2352.361256
1781293500,2026-06-12 19:45:00,63616.7,63625.0,63577.4,63607.4,0.712331,4.676524,-3.964192,-2356.325449
1781293800,2026-06-12 19:50:00,63607.4,63624.8,63574.6,63584.1,1.981069,0.730839,1.250230,-2355.075219
1781294100,2026-06-12 19:55:00,63579.9,63598.0,63567.0,63567.1,1.631070,0.473212,1.157858,-2353.917360
1781294400,2026-06-12 20:00:00,63567.1,63643.9,63559.3,63624.6,2.206192,0.199392,2.006800,-2351.910560
1781294700,2026-06-12 20:05:00,63624.6,63664.2,63546.9,63546.9,2.753640,10.304040,-7.550401,-2359.460961
1781295000,2026-06-12 20:10:00,63546.9,63583.5,63537.9,63583.5,1.709418,0.228227,1.481191,-2357.979769
1781295300,2026-06-12 20:15:00,63584.6,63601.9,63493.5,63505.5,1.273074,1.391095,-0.118021,-2358.097790
1781295600,2026-06-12 20:20:00,63505.6,63505.6,63493.5,63493.5,0.543470,0.210345,0.333126,-2357.764664
1781295900,2026-06-12 20:25:00,63493.6,63493.6,63455.3,63478.1,0.457406,25.680172,-25.222766,-2382.987431
1781296200,2026-06-12 20:30:00,63478.1,63520.7,63478.0,63480.6,1.577963,0.455267,1.122696,-2381.864735
1781296500,2026-06-12 20:35:00,63480.6,63497.8,63468.9,63478.0,2.499201,0.349802,2.149399,-2379.715335
1781296800,2026-06-12 20:40:00,63478.1,63523.0,63478.1,63488.1,13.667782,1.646872,12.020910,-2367.694425
1781297100,2026-06-12 20:45:00,63488.2,63488.2,63384.2,63398.4,1.110391,52.125274,-51.014883,-2418.709308
1781297400,2026-06-12 20:50:00,63395.2,63420.0,63372.2,63375.3,0.434561,2.589566,-2.155005,-2420.864313
1781297700,2026-06-12 20:55:00,63373.7,63436.9,63373.6,63423.1,1.018859,0.232623,0.786237,-2420.078076
1781298000,2026-06-12 21:00:00,63423.0,63448.9,63390.7,63407.9,0.392521,42.536503,-42.143982,-2462.222058
1781298300,2026-06-12 21:05:00,63407.9,63532.7,63407.8,63525.1,1.679965,0.100574,1.579390,-2460.642667
1781298600,2026-06-12 21:10:00,63525.0,63575.9,63522.9,63563.8,0.312886,0.905460,-0.592574,-2461.235242
1781298900,2026-06-12 21:15:00,63562.3,63596.1,63562.3,63580.1,1.402031,1.019886,0.382145,-2460.853096
1781299200,2026-06-12 21:20:00,63580.1,63580.1,63500.0,63514.7,0.810190,55.366849,-54.556659,-2515.409755
1781299500,2026-06-12 21:25:00,63514.7,63514.7,63461.6,63470.3,2.088585,0.196836,1.891748,-2513.518007
1781299800,2026-06-12 21:30:00,63470.2,63526.0,63470.2,63492.0,0.443210,0.195652,0.247558,-2513.270449
1781300100,2026-06-12 21:35:00,63492.0,63537.0,63473.7,63522.1,0.825259,0.155649,0.669610,-2512.600839
1781300400,2026-06-12 21:40:00,63522.2,63542.9,63499.9,63500.0,0.159178,0.231976,-0.072798,-2512.673637
1781300700,2026-06-12 21:45:00,63505.1,63505.1,63436.9,63466.5,0.360385,0.295311,0.065074,-2512.608563
1781301000,2026-06-12 21:50:00,63469.2,63469.2,63415.0,63445.1,1.627131,0.173424,1.453708,-2511.154855
1781301300,2026-06-12 21:55:00,63444.8,63492.0,63427.1,63438.5,0.294584,0.960822,-0.666238,-2511.821093
1781301600,2026-06-12 22:00:00,63438.2,63497.0,63436.8,63496.9,0.312089,0.097173,0.214916,-2511.606177
1781301900,2026-06-12 22:05:00,63497.0,63512.5,63471.8,63512.5,1.861612,0.428345,1.433267,-2510.172910
1781302200,2026-06-12 22:10:00,63512.5,63512.5,63450.2,63471.1,0.481316,1.258246,-0.776929,-2510.949839
1781302500,2026-06-12 22:15:00,63483.2,63510.6,63455.2,63495.7,1.320731,0.677007,0.643724,-2510.306115
1781302800,2026-06-12 22:20:00,63495.7,63614.7,63493.6,63569.5,1.400324,0.355062,1.045262,-2509.260853
1781303100,2026-06-12 22:25:00,63582.8,63582.9,63562.7,63569.0,0.606019,0.116453,0.489566,-2508.771288
1781303400,2026-06-12 22:30:00,63569.0,63587.0,63441.8,63463.2,4.245136,2.721794,1.523342,-2507.247945
1781303700,2026-06-12 22:35:00,63463.3,63499.0,63454.3,63455.7,2.435642,0.549067,1.886574,-2505.361371
1781304000,2026-06-12 22:40:00,63454.3,63482.6,63433.5,63479.6,3.467700,0.546012,2.921689,-2502.439682
1781304300,2026-06-12 22:45:00,63478.5,63506.2,63467.5,63490.0,5.974226,2.905663,3.068563,-2499.371119
1781304600,2026-06-12 22:50:00,63459.5,63488.5,63459.4,63462.1,1.219470,0.220549,0.998921,-2498.372198
1781304900,2026-06-12 22:55:00,63462.1,63462.1,63451.6,63462.1,0.499581,15.574042,-15.074462,-2513.446660
1781305200,2026-06-12 23:00:00,63462.1,63462.1,63424.7,63424.9,0.151476,0.184494,-0.033018,-2513.479677
1781305500,2026-06-12 23:05:00,63424.8,63462.1,63416.1,63419.9,5.095456,2.317384,2.778071,-2510.701606
1781305800,2026-06-12 23:10:00,63418.2,63420.0,63415.0,63420.0,3.348488,0.737860,2.610627,-2508.090978
1781306100,2026-06-12 23:15:00,63420.0,63480.6,63402.3,63403.5,15.228846,0.426666,14.802180,-2493.288798
1781306400,2026-06-12 23:20:00,63403.5,63409.6,63385.4,63406.7,0.278117,0.260270,0.017847,-2493.270951
1781306700,2026-06-12 23:25:00,63414.0,63440.4,63405.3,63419.2,0.559091,0.107946,0.451144,-2492.819807
1781307000,2026-06-12 23:30:00,63414.2,63446.6,63406.1,63432.8,1.072910,0.145673,0.927237,-2491.892570
1781307300,2026-06-12 23:35:00,63411.1,63466.0,63408.7,63445.3,2.322815,0.159669,2.163146,-2489.729424
1781307600,2026-06-12 23:40:00,63449.9,63532.6,63449.9,63480.1,3.127604,0.124512,3.003092,-2486.726331
1781307900,2026-06-12 23:45:00,63480.1,63506.5,63479.3,63495.3,2.654325,0.338503,2.315822,-2484.410510
1781308200,2026-06-12 23:50:00,63495.3,63541.6,63495.3,63537.2,3.158693,0.052712,3.105981,-2481.304528
1781308500,2026-06-12 23:55:00,63537.1,63543.6,63537.1,63543.2,0.720923,0.114257,0.606666,-2480.697862
1781308800,2026-06-13 00:00:00,63543.3,63563.4,63533.4,63543.3,1.853569,1.248100,0.605469,-2480.092393
1781309100,2026-06-13 00:05:00,63543.2,63575.5,63519.2,63549.1,0.306434,1.134565,-0.828131,-2480.920524
1781309400,2026-06-13 00:10:00,63549.1,63563.5,63519.3,63547.4,0.176897,0.364865,-0.187968,-2481.108492
1781309700,2026-06-13 00:15:00,63547.5,63553.0,63519.4,63522.8,0.171489,0.141545,0.029944,-2481.078548
1781310000,2026-06-13 00:20:00,63522.9,63560.4,63522.8,63558.4,0.171290,0.047566,0.123724,-2480.954824
1781310300,2026-06-13 00:25:00,63558.4,63558.4,63500.0,63500.1,0.095374,0.344376,-0.249002,-2481.203826
1781310600,2026-06-13 00:30:00,63500.1,63557.3,63488.0,63539.7,1.276093,3.606448,-2.330355,-2483.534181
1781310900,2026-06-13 00:35:00,63539.8,63593.2,63506.9,63593.2,0.785107,0.204473,0.580634,-2482.953546
1781311200,2026-06-13 00:40:00,63591.6,63593.2,63558.1,63564.1,0.490118,0.119098,0.371019,-2482.582527
1781311500,2026-06-13 00:45:00,63564.0,63586.7,63541.0,63544.0,0.103278,0.095203,0.008075,-2482.574452
1781311800,2026-06-13 00:50:00,63544.0,63556.0,63530.7,63556.0,0.318068,0.076567,0.241501,-2482.332951
1781312100,2026-06-13 00:55:00,63556.0,63597.4,63556.0,63573.8,0.873177,0.202971,0.670206,-2481.662745
1781312400,2026-06-13 01:00:00,63573.8,63600.4,63573.7,63588.8,0.324574,0.428437,-0.103863,-2481.766608
1781312700,2026-06-13 01:05:00,63588.8,63644.8,63588.7,63629.9,1.606937,0.108246,1.498691,-2480.267917
1781313000,2026-06-13 01:10:00,63629.9,63633.1,63599.1,63621.2,0.216462,0.191925,0.024537,-2480.243380
1781313300,2026-06-13 01:15:00,63621.3,63630.5,63576.0,63576.0,0.285167,0.275900,0.009267,-2480.234113
1781313600,2026-06-13 01:20:00,63576.1,63620.0,63576.1,63588.3,1.005570,0.135254,0.870316,-2479.363797
1781313900,2026-06-13 01:25:00,63588.4,63622.6,63588.3,63621.9,0.551950,0.570646,-0.018697,-2479.382493
1781314200,2026-06-13 01:30:00,63622.7,63637.6,63617.3,63632.8,0.264619,0.634986,-0.370367,-2479.752860
1781314500,2026-06-13 01:35:00,63615.1,63689.4,63615.0,63656.6,0.571325,0.354679,0.216646,-2479.536214
1781314800,2026-06-13 01:40:00,63655.3,63793.2,63655.2,63725.5,6.779547,0.153820,6.625727,-2472.910487
1781315100,2026-06-13 01:45:00,63725.6,63793.2,63725.6,63772.7,0.481625,0.249445,0.232179,-2472.678308
1781315400,2026-06-13 01:50:00,63772.7,63793.2,63758.1,63770.0,0.169360,0.169563,-0.000203,-2472.678511
1781315700,2026-06-13 01:55:00,63770.3,63783.1,63759.4,63783.1,1.101484,0.134276,0.967208,-2471.711303
1781316000,2026-06-13 02:00:00,63783.0,63793.2,63747.6,63772.0,0.627404,1.252835,-0.625431,-2472.336734
1781316300,2026-06-13 02:05:00,63772.0,63786.2,63744.7,63785.9,0.301600,0.671528,-0.369928,-2472.706662
1781316600,2026-06-13 02:10:00,63786.0,63786.0,63737.4,63749.9,0.235957,1.862786,-1.626829,-2474.333491
1781316900,2026-06-13 02:15:00,63749.9,63766.0,63720.2,63763.9,0.991697,0.712547,0.279150,-2474.054341
1781317200,2026-06-13 02:20:00,63763.9,63763.9,63700.8,63724.6,0.580939,0.689518,-0.108578,-2474.162920
1781317500,2026-06-13 02:25:00,63724.6,63724.6,63675.6,63675.7,0.222698,0.588420,-0.365722,-2474.528642
1781317800,2026-06-13 02:30:00,63675.7,63690.7,63657.7,63660.7,0.192443,0.403537,-0.211094,-2474.739736
1781318100,2026-06-13 02:35:00,63660.7,63682.8,63660.7,63670.8,0.288172,0.075080,0.213092,-2474.526644
1781318400,2026-06-13 02:40:00,63670.8,63670.8,63597.0,63597.0,0.569964,0.779868,-0.209904,-2474.736548
1781318700,2026-06-13 02:45:00,63597.1,63606.3,63545.0,63545.1,0.400271,1.697118,-1.296847,-2476.033395
1781319000,2026-06-13 02:50:00,63545.1,63551.8,63525.7,63551.8,0.962310,0.561679,0.400631,-2475.632764
1781319300,2026-06-13 02:55:00,63551.8,63624.4,63551.7,63624.4,0.924118,0.009247,0.914871,-2474.717893
1781319600,2026-06-13 03:00:00,63622.0,63643.2,63621.9,63643.1,0.480487,0.093420,0.387068,-2474.330826
1781319900,2026-06-13 03:05:00,63643.2,63672.6,63643.2,63662.0,0.492639,0.634303,-0.141664,-2474.472489
1781320200,2026-06-13 03:10:00,63662.0,63662.0,63616.1,63620.1,0.289120,0.187177,0.101943,-2474.370546
1781320500,2026-06-13 03:15:00,63620.1,63641.0,63560.2,63566.5,0.315263,0.311865,0.003398,-2474.367148
1781320800,2026-06-13 03:20:00,63566.4,63581.9,63525.4,63549.3,0.284297,0.574793,-0.290497,-2474.657645
1781321100,2026-06-13 03:25:00,63547.6,63547.6,63418.5,63473.4,0.214966,5.278992,-5.064027,-2479.721672
1781321400,2026-06-13 03:30:00,63473.3,63489.7,63458.0,63463.2,0.097414,0.112663,-0.015249,-2479.736921
1781321700,2026-06-13 03:35:00,63463.2,63463.2,63463.1,63463.2,0.044653,0.008090,0.036563,-2479.700358
1781322000,2026-06-13 03:40:00,63463.2,63473.0,63450.1,63468.5,1.074896,0.247678,0.827218,-2478.873140
1781322300,2026-06-13 03:45:00,63468.5,63478.0,63468.4,63475.7,0.154378,0.040698,0.113679,-2478.759461
1781322600,2026-06-13 03:50:00,63475.7,63512.5,63469.2,63512.5,0.092457,0.146413,-0.053955,-2478.813416
1781322900,2026-06-13 03:55:00,63512.5,63522.0,63494.1,63494.3,0.101338,0.088500,0.012838,-2478.800579
1781323200,2026-06-13 04:00:00,63494.3,63528.2,63494.2,63502.3,0.433846,0.637440,-0.203595,-2479.004173
1781323500,2026-06-13 04:05:00,63502.3,63502.3,63450.1,63454.0,0.497217,0.395779,0.101438,-2478.902735
1781323800,2026-06-13 04:10:00,63453.9,63486.0,63453.9,63481.0,0.179427,0.256289,-0.076862,-2478.979597
1781324100,2026-06-13 04:15:00,63480.9,63503.0,63480.9,63503.0,0.156536,0.011259,0.145277,-2478.834320
1781324400,2026-06-13 04:20:00,63503.0,63543.2,63503.0,63526.9,0.178064,0.320578,-0.142514,-2478.976834
1781324700,2026-06-13 04:25:00,63527.0,63527.0,63517.1,63517.2,0.043118,0.060053,-0.016935,-2478.993769
1781325000,2026-06-13 04:30:00,63517.2,63543.2,63517.1,63543.2,1.042815,0.004874,1.037940,-2477.955829
1781325300,2026-06-13 04:35:00,63543.1,63583.4,63543.1,63576.3,0.576721,0.170739,0.405982,-2477.549847
1781325600,2026-06-13 04:40:00,63576.3,63586.9,63576.3,63584.4,0.162379,0.024082,0.138297,-2477.411550
1781325900,2026-06-13 04:45:00,63584.4,63603.3,63584.3,63603.2,0.092420,0.059078,0.033342,-2477.378208
1781326200,2026-06-13 04:50:00,63603.3,63604.5,63573.1,63573.2,0.050129,0.408720,-0.358590,-2477.736799
1781326500,2026-06-13 04:55:00,63573.2,63575.2,63487.0,63487.0,3.171421,0.482144,2.689277,-2475.047522
1781326800,2026-06-13 05:00:00,63487.1,63500.0,63474.8,63500.0,0.399786,0.100362,0.299424,-2474.748098
1781327100,2026-06-13 05:05:00,63500.0,63522.0,63499.9,63522.0,1.128712,0.032460,1.096252,-2473.651846
1781327400,2026-06-13 05:10:00,63522.0,63546.9,63521.9,63529.7,0.143002,10.141749,-9.998747,-2483.650593
1781327700,2026-06-13 05:15:00,63529.7,63529.7,63514.0,63523.1,0.114906,0.271705,-0.156799,-2483.807392
1781328000,2026-06-13 05:20:00,63523.2,63547.2,63513.2,63516.2,0.177882,0.234382,-0.056500,-2483.863892
1781328300,2026-06-13 05:25:00,63516.2,63551.6,63516.2,63533.1,0.150452,0.080611,0.069841,-2483.794051
1781328600,2026-06-13 05:30:00,63531.0,63545.2,63530.9,63533.8,0.157722,0.063218,0.094504,-2483.699547
1781328900,2026-06-13 05:35:00,63533.8,63533.9,63487.1,63508.9,0.377074,1.224908,-0.847835,-2484.547382
1781329200,2026-06-13 05:40:00,63524.8,63542.5,63519.1,63531.1,0.105183,0.047886,0.057297,-2484.490084
1781329500,2026-06-13 05:45:00,63541.5,63541.5,63490.2,63509.6,0.086330,0.053497,0.032833,-2484.457251
1781329800,2026-06-13 05:50:00,63509.6,63509.7,63474.3,63480.2,0.061975,3.191880,-3.129905,-2487.587155
1781330100,2026-06-13 05:55:00,63480.3,63527.8,63480.3,63527.8,0.342346,0.611542,-0.269196,-2487.856352
1781330400,2026-06-13 06:00:00,63534.7,63562.4,63527.8,63527.9,0.235441,0.292402,-0.056961,-2487.913313
1781330700,2026-06-13 06:05:00,63527.8,63560.3,63527.8,63555.1,0.100374,0.015974,0.084399,-2487.828913
1781331000,2026-06-13 06:10:00,63555.2,63555.2,63555.1,63555.2,0.056363,0.035508,0.020855,-2487.808058
1781331300,2026-06-13 06:15:00,63555.1,63555.1,63532.0,63555.0,0.455753,0.233412,0.222341,-2487.585717
1781331600,2026-06-13 06:20:00,63555.1,63592.7,63555.1,63575.3,0.201963,0.091131,0.110832,-2487.474886
1781331900,2026-06-13 06:25:00,63572.7,63640.1,63555.5,63640.1,2.636438,0.182117,2.454321,-2485.020564
1781332200,2026-06-13 06:30:00,63640.1,63650.4,63616.7,63646.8,0.666376,0.100944,0.565432,-2484.455132
1781332500,2026-06-13 06:35:00,63646.8,63646.8,63632.7,63644.7,0.087496,0.077899,0.009598,-2484.445534
1781332800,2026-06-13 06:40:00,63644.8,63644.8,63630.0,63640.4,0.141919,0.136927,0.004992,-2484.440542
1781333100,2026-06-13 06:45:00,63640.4,63648.7,63640.4,63648.7,0.077605,0.008811,0.068794,-2484.371748
1781333400,2026-06-13 06:50:00,63648.6,63687.2,63648.6,63687.1,0.229565,0.077576,0.151988,-2484.219760
1781333700,2026-06-13 06:55:00,63687.1,63687.4,63687.0,63687.4,0.584366,0.008417,0.575949,-2483.643811
1781334000,2026-06-13 07:00:00,63687.4,63687.4,63652.6,63652.7,0.044653,0.053647,-0.008994,-2483.652805
1781334300,2026-06-13 07:05:00,63652.6,63660.3,63642.7,63660.3,0.158091,0.516598,-0.358508,-2484.011313
1781334600,2026-06-13 07:10:00,63660.3,63709.1,63659.9,63686.8,0.905922,0.393845,0.512077,-2483.499236
1781334900,2026-06-13 07:15:00,63686.7,63686.8,63650.1,63673.5,0.281260,0.084713,0.196546,-2483.302690
1781335200,2026-06-13 07:20:00,63690.0,63705.9,63680.8,63687.9,0.259471,0.023504,0.235966,-2483.066724
1781335500,2026-06-13 07:25:00,63687.9,63750.0,63687.9,63738.5,2.243486,0.559151,1.684335,-2481.382389
1781335800,2026-06-13 07:30:00,63738.5,63738.5,63710.2,63710.2,0.306387,0.062182,0.244205,-2481.138184
1781336100,2026-06-13 07:35:00,63710.2,63781.4,63710.2,63781.4,1.746442,0.019413,1.727029,-2479.411155
1781336400,2026-06-13 07:40:00,63783.9,63794.2,63757.2,63794.2,1.774549,0.090926,1.683623,-2477.727531
1781336700,2026-06-13 07:45:00,63784.3,63826.8,63762.8,63784.9,2.039343,0.685960,1.353383,-2476.374148
1781337000,2026-06-13 07:50:00,63785.9,63816.3,63778.5,63799.8,1.474182,2.128081,-0.653899,-2477.028047
1781337300,2026-06-13 07:55:00,63799.8,63799.8,63773.2,63783.9,0.317110,0.060736,0.256374,-2476.771673
1781337600,2026-06-13 08:00:00,63795.2,63795.2,63766.8,63766.9,0.055787,0.051070,0.004716,-2476.766957
1781337900,2026-06-13 08:05:00,63766.9,63787.5,63746.2,63787.5,0.378282,0.101186,0.277096,-2476.489861
1781338200,2026-06-13 08:10:00,63787.6,63842.2,63750.9,63758.7,2.052978,0.269587,1.783391,-2474.706470
1781338500,2026-06-13 08:15:00,63758.7,63769.1,63758.6,63769.1,1.144505,0.002508,1.141997,-2473.564473
1781338800,2026-06-13 08:20:00,63791.4,63791.5,63736.1,63736.1,1.237156,0.246442,0.990714,-2472.573759
1781339100,2026-06-13 08:25:00,63736.2,63774.5,63736.2,63773.9,1.149064,0.005266,1.143798,-2471.429961
1781339400,2026-06-13 08:30:00,63773.9,63815.1,63767.0,63772.6,0.633692,1.690939,-1.057247,-2472.487208
1781339700,2026-06-13 08:35:00,63772.6,63857.5,63772.6,63837.1,0.811288,0.121806,0.689482,-2471.797726
1781340000,2026-06-13 08:40:00,63837.0,63865.1,63837.0,63839.0,1.334690,0.134991,1.199700,-2470.598026
1781340300,2026-06-13 08:45:00,63839.0,63839.0,63825.2,63825.3,0.219108,0.114753,0.104355,-2470.493671
1781340600,2026-06-13 08:50:00,63825.3,63825.3,63772.0,63774.0,0.057596,0.384202,-0.326606,-2470.820278
1781340900,2026-06-13 08:55:00,63774.0,63774.0,63773.9,63774.0,0.020230,0.185189,-0.164959,-2470.985236
1781341200,2026-06-13 09:00:00,63774.0,63804.6,63744.9,63760.3,0.153481,0.302798,-0.149317,-2471.134553
1781341500,2026-06-13 09:05:00,63760.2,63792.2,63760.2,63774.6,0.126891,0.174357,-0.047466,-2471.182019
1781341800,2026-06-13 09:10:00,63774.5,63777.9,63771.4,63776.1,0.363096,0.286259,0.076836,-2471.105183
1781342100,2026-06-13 09:15:00,63773.5,63797.3,63773.4,63797.3,0.244373,0.024681,0.219692,-2470.885491
1781342400,2026-06-13 09:20:00,63797.2,63817.3,63794.2,63794.5,0.383773,0.156204,0.227568,-2470.657922
1781342700,2026-06-13 09:25:00,63797.2,63797.3,63776.5,63776.6,0.021022,0.052300,-0.031278,-2470.689201
1781343000,2026-06-13 09:30:00,63776.6,63791.1,63776.5,63788.0,0.218125,0.090096,0.128029,-2470.561172
1781343300,2026-06-13 09:35:00,63776.6,63776.6,63767.2,63769.0,0.130929,0.055368,0.075561,-2470.485611
1781343600,2026-06-13 09:40:00,63769.0,63777.0,63764.9,63769.3,0.059913,1.298097,-1.238183,-2471.723795
1781343900,2026-06-13 09:45:00,63769.9,63769.9,63769.8,63769.9,0.150924,0.002351,0.148573,-2471.575222
1781344200,2026-06-13 09:50:00,63769.9,63769.9,63716.1,63725.0,0.314775,1.051767,-0.736992,-2472.312214
1781344500,2026-06-13 09:55:00,63724.9,63725.0,63712.8,63712.8,0.043269,0.041133,0.002136,-2472.310078
1781344800,2026-06-13 10:00:00,63712.9,63712.9,63703.3,63703.3,0.085528,0.080266,0.005262,-2472.304816
1781345100,2026-06-13 10:05:00,63703.3,63733.1,63703.3,63733.0,0.563054,0.105499,0.457555,-2471.847261
1781345400,2026-06-13 10:10:00,63710.7,63735.0,63710.6,63735.0,0.105069,0.004066,0.101003,-2471.746258
1781345700,2026-06-13 10:15:00,63734.9,63734.9,63719.1,63734.0,0.092421,0.082595,0.009826,-2471.736432
1781346000,2026-06-13 10:20:00,63734.0,63734.0,63733.9,63734.0,0.973924,0.035192,0.938733,-2470.797699
1781346300,2026-06-13 10:25:00,63734.0,63754.1,63734.0,63746.7,2.275022,0.101329,2.173692,-2468.624007
1781346600,2026-06-13 10:30:00,63744.7,63805.1,63744.7,63805.1,0.709455,0.007585,0.701870,-2467.922137
1781346900,2026-06-13 10:35:00,63810.2,63810.4,63792.5,63800.8,0.761750,0.138233,0.623517,-2467.298620
1781347200,2026-06-13 10:40:00,63800.8,63849.8,63798.0,63831.3,0.215504,0.107697,0.107807,-2467.190813
1781347500,2026-06-13 10:45:00,63831.4,63851.3,63831.3,63845.2,0.118373,0.021639,0.096734,-2467.094079
1781347800,2026-06-13 10:50:00,63845.2,63865.2,63797.0,63802.2,0.053176,2.692191,-2.639015,-2469.733094
1781348100,2026-06-13 10:55:00,63802.3,63802.3,63771.7,63791.0,0.086364,0.033961,0.052403,-2469.680691
1781348400,2026-06-13 11:00:00,63791.1,63840.0,63791.0,63813.5,0.728878,0.332303,0.396575,-2469.284116
1781348700,2026-06-13 11:05:00,63823.5,63871.9,63823.5,63871.9,0.143677,0.059521,0.084156,-2469.199960
1781349000,2026-06-13 11:10:00,63872.8,63888.1,63872.8,63888.0,0.248825,0.012178,0.236646,-2468.963314
1781349300,2026-06-13 11:15:00,63888.0,63911.1,63888.0,63911.1,2.192997,0.012375,2.180622,-2466.782692
1781349600,2026-06-13 11:20:00,63911.0,63915.9,63890.0,63912.2,0.184521,2.330556,-2.146035,-2468.928727
1781349900,2026-06-13 11:25:00,63912.3,63922.3,63906.0,63919.1,0.103275,0.184929,-0.081654,-2469.010381
1781350200,2026-06-13 11:30:00,63919.1,63919.1,63869.0,63873.8,0.232911,1.531296,-1.298385,-2470.308766
1781350500,2026-06-13 11:35:00,63873.8,63900.5,63858.6,63861.1,2.379447,0.315170,2.064277,-2468.244489
1781350800,2026-06-13 11:40:00,63867.5,63879.1,63867.4,63879.0,0.297682,0.029137,0.268545,-2467.975944
1781351100,2026-06-13 11:45:00,63879.0,63879.0,63871.6,63871.7,0.064784,0.203964,-0.139181,-2468.115125
1781351400,2026-06-13 11:50:00,63871.7,63874.7,63871.6,63874.7,0.071267,0.014895,0.056372,-2468.058753
1781351700,2026-06-13 11:55:00,63874.7,63922.2,63874.6,63920.7,0.306106,0.026357,0.279749,-2467.779004
1781352000,2026-06-13 12:00:00,63920.7,63922.3,63900.0,63922.3,0.343359,0.498277,-0.154918,-2467.933922
1781352300,2026-06-13 12:05:00,63922.3,63922.3,63877.4,63895.1,0.073798,0.377618,-0.303820,-2468.237742
1781352600,2026-06-13 12:10:00,63895.1,63917.9,63895.0,63913.2,0.565783,0.009818,0.555964,-2467.681777
1781352900,2026-06-13 12:15:00,63913.1,63913.1,63900.7,63911.7,0.071526,0.112536,-0.041009,-2467.722786
1781353200,2026-06-13 12:20:00,63911.8,63935.7,63909.7,63924.4,1.164032,1.033532,0.130500,-2467.592286
1781353500,2026-06-13 12:25:00,63909.8,63930.0,63909.7,63922.0,1.384297,1.270912,0.113385,-2467.478901
1781353800,2026-06-13 12:30:00,63922.1,63979.1,63922.0,63975.3,1.733401,0.208578,1.524823,-2465.954079
1781354100,2026-06-13 12:35:00,63975.2,63975.3,63975.2,63975.2,0.488396,0.032294,0.456102,-2465.497977
1781354400,2026-06-13 12:40:00,63975.3,63975.3,63975.2,63975.3,1.223582,0.039826,1.183755,-2464.314221
1781354700,2026-06-13 12:45:00,63975.3,64060.8,63975.2,64042.0,3.144162,1.483654,1.660509,-2462.653713
1781355000,2026-06-13 12:50:00,64042.0,64064.2,64023.6,64064.2,0.393406,1.678345,-1.284939,-2463.938652
1781355300,2026-06-13 12:55:00,64064.7,64164.7,64059.4,64100.0,3.609944,2.986158,0.623785,-2463.314866
1781355600,2026-06-13 13:00:00,64100.1,64100.1,64043.2,64061.2,0.140388,0.967334,-0.826946,-2464.141812
1781355900,2026-06-13 13:05:00,64061.2,64121.3,64061.2,64107.7,2.109342,0.144317,1.965025,-2462.176788
1781356200,2026-06-13 13:10:00,64107.6,64133.3,64079.3,64133.3,1.346716,7.629642,-6.282926,-2468.459714
1781356500,2026-06-13 13:15:00,64133.2,64133.3,64082.1,64082.1,0.846567,0.204933,0.641634,-2467.818079
1781356800,2026-06-13 13:20:00,64082.0,64166.2,64082.0,64165.7,2.431901,0.035693,2.396208,-2465.421871
1781357100,2026-06-13 13:25:00,64165.6,64211.3,64165.6,64178.7,4.688196,0.772457,3.915740,-2461.506131
1781357400,2026-06-13 13:30:00,64178.7,64178.7,64133.0,64172.3,0.545220,0.957962,-0.412743,-2461.918874
1781357700,2026-06-13 13:35:00,64172.2,64194.7,64172.2,64193.9,0.408849,0.144757,0.264091,-2461.654782
1781358000,2026-06-13 13:40:00,64194.0,64194.0,64145.1,64145.3,1.933954,0.475047,1.458907,-2460.195875
1781358300,2026-06-13 13:45:00,64145.2,64149.9,64043.2,64111.6,1.800663,3.362650,-1.561987,-2461.757862
1781358600,2026-06-13 13:50:00,64111.7,64111.7,64062.9,64063.0,4.077360,0.251066,3.826294,-2457.931568
1781358900,2026-06-13 13:55:00,64062.9,64069.1,64019.2,64068.9,0.732907,2.774934,-2.042026,-2459.973594
1781359200,2026-06-13 14:00:00,64069.0,64119.6,64046.4,64119.5,0.280911,0.063367,0.217544,-2459.756051
1781359500,2026-06-13 14:05:00,64119.6,64129.8,64090.6,64124.6,4.106224,4.558926,-0.452702,-2460.208753
1781359800,2026-06-13 14:10:00,64124.6,64136.2,64124.5,64133.2,1.265528,0.112176,1.153353,-2459.055401
1781360100,2026-06-13 14:15:00,64130.1,64152.8,64106.1,64106.1,7.651750,7.970149,-0.318400,-2459.373800
1781360400,2026-06-13 14:20:00,64105.0,64105.1,64082.0,64087.8,0.399233,1.516724,-1.117491,-2460.491291
1781360700,2026-06-13 14:25:00,64087.8,64095.2,64082.0,64085.0,0.629882,2.487659,-1.857777,-2462.349068
1781361000,2026-06-13 14:30:00,64085.1,64135.4,64085.1,64123.7,13.263484,5.064587,8.198897,-2454.150171
1781361300,2026-06-13 14:35:00,64119.7,64176.4,64101.6,64158.6,5.143035,9.933570,-4.790535,-2458.940706
1781361600,2026-06-13 14:40:00,64158.6,64175.2,64147.1,64147.9,0.240273,0.188890,0.051383,-2458.889323
1781361900,2026-06-13 14:45:00,64147.9,64170.0,64147.8,64169.4,0.578424,0.087043,0.491382,-2458.397941
1781362200,2026-06-13 14:50:00,64169.4,64186.1,64157.4,64183.1,0.152165,2.534953,-2.382788,-2460.780729
1781362500,2026-06-13 14:55:00,64183.2,64192.8,64183.1,64188.1,0.201643,0.146991,0.054651,-2460.726078
1781362800,2026-06-13 15:00:00,64188.1,64188.1,64139.3,64174.9,0.161851,0.403321,-0.241469,-2460.967547
1781363100,2026-06-13 15:05:00,64175.0,64226.3,64168.6,64187.7,10.431482,0.319655,10.111827,-2450.855721
1781363400,2026-06-13 15:10:00,64187.7,64250.0,64187.6,64249.5,5.056263,0.039423,5.016840,-2445.838881
1781363700,2026-06-13 15:15:00,64249.4,64266.6,64214.2,64215.0,1.554555,2.319623,-0.765068,-2446.603949
1781364000,2026-06-13 15:20:00,64215.0,64272.6,64207.9,64255.7,1.212742,0.704284,0.508457,-2446.095492
1781364300,2026-06-13 15:25:00,64255.7,64259.0,64249.9,64255.1,1.564835,0.366539,1.198296,-2444.897196
1781364600,2026-06-13 15:30:00,64252.5,64279.1,64249.1,64251.7,0.835015,2.766481,-1.931466,-2446.828661
1781364900,2026-06-13 15:35:00,64251.6,64294.0,64238.3,64293.9,3.357848,0.302111,3.055737,-2443.772924
1781365200,2026-06-13 15:40:00,64293.9,64294.0,64202.7,64202.8,0.525127,4.732549,-4.207422,-2447.980346
1781365500,2026-06-13 15:45:00,64205.7,64205.7,64168.6,64195.1,0.635127,1.000839,-0.365712,-2448.346058
1781365800,2026-06-13 15:50:00,64195.0,64274.9,64180.4,64257.7,0.310945,4.735867,-4.424922,-2452.770980
1781366100,2026-06-13 15:55:00,64253.9,64284.0,64245.1,64253.4,0.687631,14.516456,-13.828825,-2466.599805
1781366400,2026-06-13 16:00:00,64258.3,64263.4,64000.0,64015.6,1.035756,15.897723,-14.861967,-2481.461772
1781366700,2026-06-13 16:05:00,64021.3,64081.9,63969.4,64061.5,0.487665,6.352510,-5.864845,-2487.326617
1781367000,2026-06-13 16:10:00,64061.4,64074.4,64017.0,64019.9,0.985196,0.404273,0.580923,-2486.745694
1781367300,2026-06-13 16:15:00,64039.5,64060.9,63989.6,64046.4,30.332279,2.837689,27.494590,-2459.251104
1781367600,2026-06-13 16:20:00,64046.3,64046.3,63932.3,63956.0,1.008654,26.461380,-25.452726,-2484.703830
1781367900,2026-06-13 16:25:00,63955.9,64025.0,63937.4,63953.7,1.869879,2.013739,-0.143860,-2484.847690
1781368200,2026-06-13 16:30:00,63952.3,63993.1,63952.3,63957.9,5.055650,2.781921,2.273729,-2482.573961
1781368500,2026-06-13 16:35:00,63957.8,63996.2,63942.6,63990.0,0.525222,0.747290,-0.222069,-2482.796030
1781368800,2026-06-13 16:40:00,63989.9,64036.6,63989.9,64014.3,2.356000,0.046683,2.309317,-2480.486713
1781369100,2026-06-13 16:45:00,64014.3,64123.7,63903.5,63903.5,2.858127,2.377132,0.480996,-2480.005717
1781369400,2026-06-13 16:50:00,63903.5,63969.7,63893.2,63968.9,0.580048,1.272637,-0.692589,-2480.698306
1781369700,2026-06-13 16:55:00,63966.5,64000.0,63958.8,63988.5,0.446367,0.281712,0.164655,-2480.533651
1781370000,2026-06-13 17:00:00,63988.5,64000.0,63933.5,63933.9,0.215330,0.542571,-0.327241,-2480.860892
1781370300,2026-06-13 17:05:00,63933.8,63984.9,63930.1,63957.7,0.280658,0.314954,-0.034296,-2480.895188
1781370600,2026-06-13 17:10:00,63957.6,63957.6,63920.6,63925.6,0.501728,1.622548,-1.120819,-2482.016007
1781370900,2026-06-13 17:15:00,63923.7,63996.2,63915.4,63996.2,0.871520,0.171383,0.700136,-2481.315871
1781371200,2026-06-13 17:20:00,63996.2,64000.0,63996.2,64000.0,0.219782,0.008500,0.211282,-2481.104589
1781371500,2026-06-13 17:25:00,63999.9,64041.9,63974.8,64041.9,0.463521,5.373363,-4.909842,-2486.014431
1781371800,2026-06-13 17:30:00,64043.1,64082.8,64036.0,64072.4,0.684150,1.095153,-0.411003,-2486.425434
1781372100,2026-06-13 17:35:00,64072.4,64087.9,64058.6,64062.6,4.367398,0.140254,4.227143,-2482.198291
1781372400,2026-06-13 17:40:00,64064.5,64078.9,64064.4,64078.1,0.105864,0.029264,0.076600,-2482.121691
1781372700,2026-06-13 17:45:00,64078.0,64085.2,64000.0,64022.0,5.333247,3.105627,2.227620,-2479.894071
1781373000,2026-06-13 17:50:00,64021.9,64022.0,63943.2,63944.5,12.879679,1.440927,11.438752,-2468.455319
1781373300,2026-06-13 17:55:00,63944.5,63962.1,63915.0,63944.3,0.443160,0.761908,-0.318748,-2468.774066
1781373600,2026-06-13 18:00:00,63944.4,63975.3,63944.3,63962.7,1.016603,0.690640,0.325963,-2468.448104
1781373900,2026-06-13 18:05:00,63960.4,64037.4,63960.4,64037.4,0.468859,0.015340,0.453519,-2467.994585
1781374200,2026-06-13 18:10:00,64037.4,64041.3,64026.1,64039.7,5.784295,0.212256,5.572040,-2462.422545
1781374500,2026-06-13 18:15:00,64039.6,64043.2,64039.6,64043.2,0.553795,0.157167,0.396628,-2462.025917
1781374800,2026-06-13 18:20:00,64043.1,64087.7,64008.5,64087.7,0.556454,1.145497,-0.589043,-2462.614960
1781375100,2026-06-13 18:25:00,64087.6,64163.6,64087.6,64162.5,1.068650,3.765779,-2.697129,-2465.312089
1781375400,2026-06-13 18:30:00,64162.6,64175.0,64136.7,64155.8,5.070344,0.315657,4.754686,-2460.557403
1781375700,2026-06-13 18:35:00,64155.8,64221.2,64155.8,64221.2,5.756664,0.033314,5.723350,-2454.834053
1781376000,2026-06-13 18:40:00,64221.7,64247.8,64221.6,64222.8,1.675385,1.149602,0.525783,-2454.308270
1781376300,2026-06-13 18:45:00,64222.8,64239.6,64093.2,64093.2,0.199478,2.176487,-1.977009,-2456.285279
1781376600,2026-06-13 18:50:00,64080.0,64095.6,64019.6,64088.3,0.970959,0.601748,0.369211,-2455.916068
1781376900,2026-06-13 18:55:00,64089.0,64129.7,64089.0,64129.6,0.480580,0.476075,0.004505,-2455.911563
1781377200,2026-06-13 19:00:00,64129.6,64171.0,64129.5,64156.6,0.237668,1.542375,-1.304707,-2457.216270
1781377500,2026-06-13 19:05:00,64156.6,64164.5,64124.6,64164.5,0.168820,3.119788,-2.950967,-2460.167237
1781377800,2026-06-13 19:10:00,64164.5,64169.1,64137.4,64169.1,0.151475,0.095060,0.056415,-2460.110822
1781378100,2026-06-13 19:15:00,64166.0,64166.0,64120.4,64136.0,0.249918,0.278457,-0.028539,-2460.139361
1781378400,2026-06-13 19:20:00,64136.0,64156.2,64136.0,64156.1,0.253152,0.022233,0.230919,-2459.908442
1781378700,2026-06-13 19:25:00,64156.1,64158.7,64128.1,64156.1,10.215322,0.328871,9.886451,-2450.021991
1781379000,2026-06-13 19:30:00,64156.1,64158.0,64135.0,64140.2,0.158952,40.451199,-40.292248,-2490.314238
1781379300,2026-06-13 19:35:00,64140.1,64214.8,64130.0,64149.6,2.259117,10.889942,-8.630825,-2498.945064
1781379600,2026-06-13 19:40:00,64149.6,64265.4,64149.6,64251.8,2.743308,0.140073,2.603235,-2496.341829
1781379900,2026-06-13 19:45:00,64251.8,64294.0,64251.8,64294.0,7.155556,0.065702,7.089854,-2489.251975
1781380200,2026-06-13 19:50:00,64293.9,64294.0,64272.6,64293.9,0.636655,0.189024,0.447631,-2488.804344
1781380500,2026-06-13 19:55:00,64293.9,64294.0,64280.0,64281.7,2.621627,0.170738,2.450889,-2486.353455
1781380800,2026-06-13 20:00:00,64281.8,64281.8,64239.1,64240.0,0.075628,7.510523,-7.434895,-2493.788350
1781381100,2026-06-13 20:05:00,64239.9,64240.0,64206.4,64240.0,0.191362,1.546132,-1.354770,-2495.143120
1781381400,2026-06-13 20:10:00,64240.0,64250.0,64229.0,64245.0,0.554081,0.471653,0.082428,-2495.060692
1781381700,2026-06-13 20:15:00,64244.9,64250.0,64231.7,64246.8,0.442135,0.396245,0.045890,-2495.014802
1781382000,2026-06-13 20:20:00,64244.5,64244.5,64225.5,64226.7,0.124224,0.143397,-0.019172,-2495.033974
1781382300,2026-06-13 20:25:00,64226.7,64234.0,64225.1,64229.9,12.735610,0.108419,12.627191,-2482.406783
1781382600,2026-06-13 20:30:00,64230.0,64232.5,64225.1,64225.1,0.608376,0.971946,-0.363570,-2482.770354
1781382900,2026-06-13 20:35:00,64225.1,64235.9,64209.0,64217.3,0.263597,1.070712,-0.807115,-2483.577469
1781383200,2026-06-13 20:40:00,64217.3,64217.3,64217.2,64217.3,0.280263,0.014762,0.265501,-2483.311968
1781383500,2026-06-13 20:45:00,64217.2,64221.1,64217.2,64221.0,0.431674,0.033961,0.397713,-2482.914255
1781383800,2026-06-13 20:50:00,64221.1,64251.5,64221.1,64235.2,1.175873,0.708418,0.467455,-2482.446801
1781384100,2026-06-13 20:55:00,64235.2,64253.2,64235.2,64253.2,0.282056,0.024323,0.257733,-2482.189068
1781384400,2026-06-13 21:00:00,64257.2,64279.5,64253.1,64279.1,0.730397,0.497036,0.233360,-2481.955707
1781384700,2026-06-13 21:05:00,64279.0,64279.1,64253.1,64258.2,0.270135,0.154066,0.116069,-2481.839638
1781385000,2026-06-13 21:10:00,64267.3,64267.3,64205.0,64227.7,6.434650,3.421405,3.013245,-2478.826393
1781385300,2026-06-13 21:15:00,64227.6,64241.6,64200.7,64228.0,0.424285,0.159344,0.264941,-2478.561452
1781385600,2026-06-13 21:20:00,64228.0,64228.0,64205.1,64210.9,0.684755,0.040717,0.644038,-2477.917414
1781385900,2026-06-13 21:25:00,64210.9,64229.6,64210.9,64219.9,0.440339,0.054119,0.386220,-2477.531194
1781386200,2026-06-13 21:30:00,64219.9,64260.5,64219.9,64260.5,0.185181,0.928668,-0.743487,-2478.274681
1781386500,2026-06-13 21:35:00,64260.4,64294.0,64260.0,64294.0,0.235099,0.004418,0.230680,-2478.044000
1781386800,2026-06-13 21:40:00,64293.9,64750.0,64293.9,64546.1,46.084626,9.411000,36.673626,-2441.370374
1781387100,2026-06-13 21:45:00,64528.0,64549.5,64461.8,64475.7,4.720917,0.930415,3.790502,-2437.579873
1781387400,2026-06-13 21:50:00,64475.7,64501.3,64435.0,64476.9,0.501046,0.660226,-0.159180,-2437.739052
1781387700,2026-06-13 21:55:00,64476.9,64494.4,64420.9,64442.9,0.999703,1.299480,-0.299777,-2438.038829
1781388000,2026-06-13 22:00:00,64442.9,64442.9,64376.0,64411.1,3.384874,1.123100,2.261774,-2435.777055
1781388300,2026-06-13 22:05:00,64411.2,64417.4,64360.4,64391.2,0.316980,0.370263,-0.053283,-2435.830338
1781388600,2026-06-13 22:10:00,64391.2,64398.2,64360.3,64378.8,0.335702,1.175224,-0.839522,-2436.669860
1781388900,2026-06-13 22:15:00,64384.4,64400.1,64375.0,64400.1,3.255031,1.278328,1.976703,-2434.693156
1781389200,2026-06-13 22:20:00,64400.0,64438.4,64400.0,64415.0,0.363381,0.699335,-0.335953,-2435.029110
1781389500,2026-06-13 22:25:00,64415.0,64501.4,64415.0,64501.3,0.467817,0.287455,0.180363,-2434.848747
1781389800,2026-06-13 22:30:00,64501.4,64501.4,64487.0,64487.1,0.382098,0.406247,-0.024150,-2434.872897
1781390100,2026-06-13 22:35:00,64487.1,64531.8,64482.0,64482.0,0.460011,0.105544,0.354466,-2434.518430
1781390400,2026-06-13 22:40:00,64482.0,64490.0,64482.0,64488.7,0.054387,0.197693,-0.143307,-2434.661737
1781390700,2026-06-13 22:45:00,64488.7,64505.5,64463.4,64479.6,0.710767,2.015681,-1.304913,-2435.966650
1781391000,2026-06-13 22:50:00,64479.6,64484.3,64427.7,64445.1,0.510971,2.098612,-1.587641,-2437.554291
1781391300,2026-06-13 22:55:00,64445.1,64458.5,64431.0,64437.2,2.471939,3.029046,-0.557107,-2438.111399
1781391600,2026-06-13 23:00:00,64437.2,64450.0,64424.3,64435.1,0.458829,0.313717,0.145113,-2437.966286
1781391900,2026-06-13 23:05:00,64435.1,64435.1,64413.0,64413.6,8.249125,1.515518,6.733607,-2431.232679
1781392200,2026-06-13 23:10:00,64413.5,64414.0,64413.5,64414.0,2.061491,0.961662,1.099829,-2430.132850
1781392500,2026-06-13 23:15:00,64414.0,64562.6,64413.9,64549.9,3.179342,0.913576,2.265766,-2427.867084
1781392800,2026-06-13 23:20:00,64544.5,64547.9,64498.3,64498.3,0.865952,0.153153,0.712799,-2427.154285
1781393100,2026-06-13 23:25:00,64485.0,64485.1,64424.1,64428.6,0.156099,1.426181,-1.270082,-2428.424367
1781393400,2026-06-13 23:30:00,64428.7,64441.6,64428.6,64437.1,5.403725,0.199497,5.204228,-2423.220139
1781393700,2026-06-13 23:35:00,64437.1,64466.2,64437.0,64437.0,0.129309,2.224545,-2.095236,-2425.315375
1781394000,2026-06-13 23:40:00,64437.0,64437.1,64431.3,64433.8,0.158789,0.779860,-0.621071,-2425.936446
1781394300,2026-06-13 23:45:00,64431.1,64431.2,64378.9,64378.9,1.365573,5.009751,-3.644178,-2429.580624
1781394600,2026-06-13 23:50:00,64379.0,64393.2,64366.2,64393.1,2.668730,0.200669,2.468061,-2427.112563
1781394900,2026-06-13 23:55:00,64393.2,64428.0,64393.2,64404.0,0.519178,1.674551,-1.155372,-2428.267936
1781395200,2026-06-14 00:00:00,64415.6,64415.6,64371.7,64386.1,19.524467,0.678751,18.845716,-2409.422220
1781395500,2026-06-14 00:05:00,64386.1,64440.1,64386.1,64396.1,5.026645,0.356603,4.670042,-2404.752178
1781395800,2026-06-14 00:10:00,64396.1,64396.1,64396.0,64396.1,0.126450,0.018317,0.108134,-2404.644044
1781396100,2026-06-14 00:15:00,64396.1,64425.0,64367.1,64378.1,25.861797,3.224243,22.637554,-2382.006490
1781396400,2026-06-14 00:20:00,64378.0,64458.1,64378.0,64441.0,1.175369,0.697516,0.477853,-2381.528637
1781396700,2026-06-14 00:25:00,64441.0,64491.2,64430.4,64455.7,0.382191,0.328138,0.054053,-2381.474585
1781397000,2026-06-14 00:30:00,64447.9,64512.8,64447.8,64512.5,0.744427,0.077986,0.666441,-2380.808144
1781397300,2026-06-14 00:35:00,64512.5,64537.7,64512.5,64537.7,0.138734,0.034977,0.103757,-2380.704386
1781397600,2026-06-14 00:40:00,64537.7,64538.4,64525.1,64538.3,0.142396,0.187276,-0.044880,-2380.749266
1781397900,2026-06-14 00:45:00,64538.2,64544.7,64538.2,64544.6,0.134119,0.039175,0.094944,-2380.654323
1781398200,2026-06-14 00:50:00,64544.5,64544.6,64499.9,64500.0,0.121346,9.436260,-9.314914,-2389.969237
1781398500,2026-06-14 00:55:00,64500.0,64535.2,64500.0,64535.2,0.579616,0.093069,0.486546,-2389.482690
1781398800,2026-06-14 01:00:00,64534.6,64543.4,64500.0,64503.1,0.871096,0.149532,0.721564,-2388.761126
1781399100,2026-06-14 01:05:00,64503.1,64600.0,64503.0,64596.7,0.816609,0.288251,0.528358,-2388.232768
1781399400,2026-06-14 01:10:00,64596.7,64651.6,64596.7,64611.0,1.418205,0.145499,1.272706,-2386.960062
1781399700,2026-06-14 01:15:00,64611.0,64670.1,64610.9,64623.1,2.057116,0.109384,1.947731,-2385.012330
1781400000,2026-06-14 01:20:00,64623.1,64650.2,64620.0,64625.2,1.314948,0.257802,1.057146,-2383.955184
1781400300,2026-06-14 01:25:00,64625.3,64643.3,64605.9,64616.4,4.170316,1.690311,2.480005,-2381.475180
1781400600,2026-06-14 01:30:00,64616.5,64616.5,64572.6,64572.7,0.171375,2.411631,-2.240256,-2383.715436
1781400900,2026-06-14 01:35:00,64572.7,64580.6,64540.2,64546.9,0.345994,0.128857,0.217137,-2383.498299
1781401200,2026-06-14 01:40:00,64546.8,64590.1,64546.8,64559.1,0.233265,0.681204,-0.447938,-2383.946237
1781401500,2026-06-14 01:45:00,64559.1,64612.1,64559.0,64612.1,1.184634,0.009841,1.174793,-2382.771444
1781401800,2026-06-14 01:50:00,64612.1,64614.2,64600.1,64608.9,0.175538,0.164382,0.011156,-2382.760288
1781402100,2026-06-14 01:55:00,64608.9,64608.9,64560.9,64560.9,0.441517,0.332268,0.109250,-2382.651038
1781402400,2026-06-14 02:00:00,64559.5,64573.3,64533.4,64573.3,0.389513,2.186399,-1.796886,-2384.447924
1781402700,2026-06-14 02:05:00,64573.3,64600.9,64573.2,64585.3,0.162469,2.196234,-2.033765,-2386.481689
1781403000,2026-06-14 02:10:00,64570.8,64606.8,64570.8,64602.1,0.221124,0.100610,0.120514,-2386.361175
1781403300,2026-06-14 02:15:00,64602.0,64602.1,64587.0,64590.0,0.108846,0.099735,0.009111,-2386.352064
1781403600,2026-06-14 02:20:00,64590.8,64590.8,64559.5,64559.5,0.456373,0.159079,0.297294,-2386.054770
1781403900,2026-06-14 02:25:00,64558.0,64558.1,64501.0,64504.0,0.241103,0.923050,-0.681947,-2386.736717
1781404200,2026-06-14 02:30:00,64504.1,64533.2,64504.0,64530.1,0.181089,0.113241,0.067848,-2386.668870
1781404500,2026-06-14 02:35:00,64530.0,64530.1,64511.0,64527.0,0.142282,0.091583,0.050699,-2386.618171
1781404800,2026-06-14 02:40:00,64527.0,64527.0,64494.1,64494.2,0.133693,0.548456,-0.414762,-2387.032933
1781405100,2026-06-14 02:45:00,64494.2,64494.2,64453.3,64472.2,0.125709,0.894533,-0.768824,-2387.801757
1781405400,2026-06-14 02:50:00,64472.3,64481.8,64452.1,64466.5,0.160802,0.125441,0.035362,-2387.766395
1781405700,2026-06-14 02:55:00,64466.6,64474.0,64466.5,64473.9,0.116096,0.090584,0.025512,-2387.740883
1781406000,2026-06-14 03:00:00,64474.0,64480.2,64442.7,64467.5,0.375960,0.297208,0.078752,-2387.662131
1781406300,2026-06-14 03:05:00,64467.5,64476.7,64450.9,64450.9,0.274102,0.151717,0.122385,-2387.539745
1781406600,2026-06-14 03:10:00,64452.3,64493.2,64452.3,64476.3,0.423648,1.219172,-0.795524,-2388.335270
1781406900,2026-06-14 03:15:00,64476.3,64507.2,64476.2,64507.1,0.150111,0.048191,0.101920,-2388.233350
1781407200,2026-06-14 03:20:00,64507.2,64507.6,64507.1,64507.2,0.738292,0.079979,0.658312,-2387.575037
1781407500,2026-06-14 03:25:00,64507.2,64507.2,64507.1,64507.1,0.079216,0.018522,0.060695,-2387.514343
1781407800,2026-06-14 03:30:00,64507.2,64510.1,64507.1,64507.2,0.631193,0.881383,-0.250190,-2387.764533
1781408100,2026-06-14 03:35:00,64507.1,64507.2,64467.4,64467.4,0.040521,3.529298,-3.488778,-2391.253310
1781408400,2026-06-14 03:40:00,64467.4,64467.4,64450.5,64459.1,2.064753,0.083665,1.981089,-2389.272221
1781408700,2026-06-14 03:45:00,64459.1,64464.8,64459.0,64459.1,0.063074,0.492430,-0.429356,-2389.701577
1781409000,2026-06-14 03:50:00,64459.3,64490.9,64459.3,64490.7,0.644979,0.170653,0.474325,-2389.227252
1781409300,2026-06-14 03:55:00,64490.3,64512.8,64490.2,64512.8,0.474635,0.056152,0.418483,-2388.808769
1781409600,2026-06-14 04:00:00,64512.8,64519.1,64500.0,64500.5,0.217326,0.095230,0.122097,-2388.686673
1781409900,2026-06-14 04:05:00,64500.5,64500.5,64490.2,64490.3,0.091746,3.266119,-3.174373,-2391.861046
1781410200,2026-06-14 04:10:00,64490.2,64490.3,64464.3,64467.5,0.354703,0.340918,0.013785,-2391.847261
1781410500,2026-06-14 04:15:00,64467.5,64494.8,64467.5,64493.4,0.200844,0.032180,0.168664,-2391.678596
1781410800,2026-06-14 04:20:00,64493.4,64493.4,64467.5,64467.5,0.115577,9.041250,-8.925673,-2400.604269
1781411100,2026-06-14 04:25:00,64469.2,64469.2,64459.2,64459.2,0.097408,0.240141,-0.142733,-2400.747002
1781411400,2026-06-14 04:30:00,64459.3,64459.3,64449.4,64449.5,0.078036,0.134566,-0.056530,-2400.803532
1781411700,2026-06-14 04:35:00,64449.5,64449.5,64414.1,64414.1,0.103994,1.052787,-0.948794,-2401.752326
1781412000,2026-06-14 04:40:00,64414.1,64414.1,64370.1,64370.2,0.080099,0.624117,-0.544019,-2402.296344
1781412300,2026-06-14 04:45:00,64370.2,64370.2,64320.1,64359.7,0.604083,3.353645,-2.749562,-2405.045906
1781412600,2026-06-14 04:50:00,64359.6,64359.7,64320.1,64320.2,0.342410,0.200747,0.141663,-2404.904244
1781412900,2026-06-14 04:55:00,64320.1,64357.1,64320.1,64320.2,0.332976,0.406502,-0.073526,-2404.977770
1781413200,2026-06-14 05:00:00,64320.2,64359.0,64320.1,64353.2,0.260319,0.217006,0.043312,-2404.934457
1781413500,2026-06-14 05:05:00,64351.7,64356.4,64345.0,64345.0,0.174059,0.482898,-0.308840,-2405.243297
1781413800,2026-06-14 05:10:00,64343.8,64343.9,64320.1,64330.5,0.165183,0.138321,0.026862,-2405.216435
1781414100,2026-06-14 05:15:00,64332.4,64332.4,64332.3,64332.4,0.050726,0.015568,0.035158,-2405.181277
1781414400,2026-06-14 05:20:00,64332.4,64333.8,64317.0,64333.1,0.425457,0.459797,-0.034340,-2405.215617
1781414700,2026-06-14 05:25:00,64333.1,64333.1,64280.3,64280.4,0.152422,5.034543,-4.882121,-2410.097738
1781415000,2026-06-14 05:30:00,64280.4,64283.4,64280.3,64280.4,0.134646,0.483820,-0.349174,-2410.446912
1781415300,2026-06-14 05:35:00,64280.4,64316.0,64280.3,64316.0,3.372377,0.042186,3.330191,-2407.116721
1781415600,2026-06-14 05:40:00,64316.0,64382.3,64316.0,64353.3,2.086980,0.235429,1.851551,-2405.265170
1781415900,2026-06-14 05:45:00,64353.3,64353.3,64326.6,64332.8,1.972500,0.190650,1.781850,-2403.483320
1781416200,2026-06-14 05:50:00,64332.8,64356.6,64332.7,64356.5,0.136300,0.009231,0.127070,-2403.356251
1781416500,2026-06-14 05:55:00,64356.6,64356.6,64331.7,64331.7,0.187865,0.165939,0.021926,-2403.334325
1781416800,2026-06-14 06:00:00,64331.7,64406.2,64331.6,64398.8,1.953091,0.599366,1.353725,-2401.980600
1781417100,2026-06-14 06:05:00,64398.8,64439.3,64393.2,64439.2,0.659087,0.516603,0.142484,-2401.838116
1781417400,2026-06-14 06:10:00,64439.2,64445.1,64425.8,64438.9,0.268032,0.555771,-0.287739,-2402.125855
1781417700,2026-06-14 06:15:00,64438.8,64438.9,64422.3,64429.1,1.033067,0.049523,0.983544,-2401.142311
1781418000,2026-06-14 06:20:00,64429.1,64429.1,64353.2,64353.2,3.307756,0.241541,3.066215,-2398.076096
1781418300,2026-06-14 06:25:00,64353.2,64353.2,64320.1,64346.6,0.328876,0.093382,0.235495,-2397.840601
1781418600,2026-06-14 06:30:00,64352.4,64357.8,64300.0,64300.0,1.060086,0.784324,0.275762,-2397.564840
1781418900,2026-06-14 06:35:00,64300.0,64300.0,64238.0,64238.1,0.205455,14.003681,-13.798226,-2411.363066
1781419200,2026-06-14 06:40:00,64238.1,64254.7,64234.0,64234.0,0.448870,0.250616,0.198254,-2411.164812
1781419500,2026-06-14 06:45:00,64234.0,64246.8,64234.0,64246.8,2.489001,0.290439,2.198563,-2408.966249
1781419800,2026-06-14 06:50:00,64238.2,64246.1,64237.3,64238.0,0.181647,0.044350,0.137297,-2408.828952
1781420100,2026-06-14 06:55:00,64238.1,64260.9,64238.0,64257.5,0.385229,0.354883,0.030347,-2408.798605
1781420400,2026-06-14 07:00:00,64257.5,64257.5,64257.4,64257.4,0.137858,0.007960,0.129899,-2408.668707
1781420700,2026-06-14 07:05:00,64257.4,64257.4,64210.9,64211.0,0.839064,2.439873,-1.600809,-2410.269516
1781421000,2026-06-14 07:10:00,64210.9,64211.0,64206.1,64209.4,0.026993,0.266657,-0.239664,-2410.509180
1781421300,2026-06-14 07:15:00,64205.3,64270.0,64205.2,64270.0,1.331225,0.053368,1.277858,-2409.231322
1781421600,2026-06-14 07:20:00,64270.0,64320.1,64270.0,64320.1,0.636158,0.022842,0.613316,-2408.618006
1781421900,2026-06-14 07:25:00,64320.1,64320.1,64320.0,64320.0,0.048127,0.164707,-0.116579,-2408.734585
1781422200,2026-06-14 07:30:00,64320.1,64320.1,64300.0,64305.8,0.320572,0.173364,0.147208,-2408.587377
1781422500,2026-06-14 07:35:00,64305.8,64305.9,64259.0,64287.3,0.079629,0.246903,-0.167274,-2408.754651
1781422800,2026-06-14 07:40:00,64287.3,64287.3,64287.2,64287.3,0.115245,0.079043,0.036202,-2408.718450
1781423100,2026-06-14 07:45:00,64287.3,64370.1,64287.2,64370.0,0.268342,0.097775,0.170567,-2408.547883
1781423400,2026-06-14 07:50:00,64370.1,64382.9,64370.1,64382.8,0.575696,0.442234,0.133461,-2408.414422
1781423700,2026-06-14 07:55:00,64382.8,64411.8,64382.8,64409.8,0.714460,5.177025,-4.462565,-2412.876987
1781424000,2026-06-14 08:00:00,64409.8,64409.8,64365.9,64366.0,0.248541,0.163503,0.085039,-2412.791948
1781424300,2026-06-14 08:05:00,64366.0,64420.1,64366.0,64420.0,6.771920,0.009953,6.761966,-2406.029981
1781424600,2026-06-14 08:10:00,64420.0,64420.1,64407.0,64407.1,0.042794,0.217599,-0.174805,-2406.204787
1781424900,2026-06-14 08:15:00,64407.1,64470.1,64407.1,64470.1,0.934117,0.313924,0.620193,-2405.584594
1781425200,2026-06-14 08:20:00,64470.1,64470.1,64463.6,64463.6,0.029653,0.395954,-0.366300,-2405.950894
1781425500,2026-06-14 08:25:00,64463.7,64463.7,64437.0,64450.3,0.214267,0.277589,-0.063322,-2406.014216
1781425800,2026-06-14 08:30:00,64450.3,64462.0,64420.4,64424.9,0.375134,0.328128,0.047006,-2405.967210
1781426100,2026-06-14 08:35:00,64424.9,64470.1,64424.9,64437.0,0.621770,0.121668,0.500102,-2405.467108
1781426400,2026-06-14 08:40:00,64434.3,64442.8,64434.3,64442.7,0.058169,0.023571,0.034598,-2405.432510
1781426700,2026-06-14 08:45:00,64442.8,64445.8,64440.1,64440.1,0.005346,0.215432,-0.210086,-2405.642596
1781427000,2026-06-14 08:50:00,64440.1,64440.3,64423.9,64436.9,0.130957,0.252775,-0.121818,-2405.764413
1781427300,2026-06-14 08:55:00,64436.9,64436.9,64430.3,64430.3,0.068313,0.189083,-0.120770,-2405.885183
1781427600,2026-06-14 09:00:00,64430.4,64430.4,64389.5,64430.3,0.221260,0.522357,-0.301097,-2406.186280
1781427900,2026-06-14 09:05:00,64430.4,64442.8,64427.4,64427.4,0.269334,0.439886,-0.170552,-2406.356831
1781428200,2026-06-14 09:10:00,64427.5,64427.5,64406.5,64406.6,0.081952,0.973398,-0.891446,-2407.248277
1781428500,2026-06-14 09:15:00,64406.6,64406.6,64307.7,64307.7,0.188918,3.678232,-3.489314,-2410.737591
1781428800,2026-06-14 09:20:00,64300.1,64318.2,64300.0,64318.2,0.144415,0.238545,-0.094130,-2410.831721
1781429100,2026-06-14 09:25:00,64318.1,64318.1,64314.0,64315.1,0.128179,0.359001,-0.230822,-2411.062544
1781429400,2026-06-14 09:30:00,64315.1,64466.7,64315.0,64435.5,1.768160,0.138644,1.629516,-2409.433028
1781429700,2026-06-14 09:35:00,64435.6,64465.4,64435.5,64465.3,0.232414,0.056749,0.175665,-2409.257363
1781430000,2026-06-14 09:40:00,64465.3,64550.1,64465.3,64517.2,1.315791,1.228211,0.087580,-2409.169782
1781430300,2026-06-14 09:45:00,64517.2,64537.6,64517.2,64533.4,0.069397,0.006167,0.063231,-2409.106552
1781430600,2026-06-14 09:50:00,64533.4,64570.1,64533.4,64566.1,3.693253,0.402649,3.290604,-2405.815948
1781430900,2026-06-14 09:55:00,64566.2,64570.1,64566.2,64570.0,0.037370,0.006602,0.030768,-2405.785179
1781431200,2026-06-14 10:00:00,64570.1,64570.1,64533.4,64533.5,0.921227,1.514385,-0.593158,-2406.378337
1781431500,2026-06-14 10:05:00,64533.5,64533.5,64485.4,64505.0,0.077842,0.326093,-0.248251,-2406.626589
1781431800,2026-06-14 10:10:00,64505.0,64529.6,64470.2,64494.0,0.594939,0.229992,0.364947,-2406.261641
1781432100,2026-06-14 10:15:00,64494.0,64523.7,64493.9,64521.4,0.079859,0.089586,-0.009727,-2406.271368
1781432400,2026-06-14 10:20:00,64521.4,64597.3,64521.4,64597.3,0.177372,0.158952,0.018420,-2406.252948
1781432700,2026-06-14 10:25:00,64597.2,64597.3,64559.0,64563.5,0.141456,0.390282,-0.248826,-2406.501774
1781433000,2026-06-14 10:30:00,64563.4,64612.8,64563.4,64612.7,1.675016,0.146440,1.528576,-2404.973198
1781433300,2026-06-14 10:35:00,64612.7,64620.0,64596.2,64598.8,0.154167,0.433554,-0.279387,-2405.252585
1781433600,2026-06-14 10:40:00,64598.9,64598.9,64568.9,64571.9,0.285277,0.196748,0.088529,-2405.164056
1781433900,2026-06-14 10:45:00,64572.4,64577.5,64540.1,64540.1,0.068907,0.346062,-0.277155,-2405.441211
1781434200,2026-06-14 10:50:00,64521.6,64531.3,64521.6,64531.1,0.209971,0.044023,0.165948,-2405.275263
1781434500,2026-06-14 10:55:00,64531.2,64531.2,64500.0,64500.1,0.158065,0.744776,-0.586711,-2405.861974
1781434800,2026-06-14 11:00:00,64500.1,64500.1,64420.1,64426.8,0.120409,1.802266,-1.681858,-2407.543832
1781435100,2026-06-14 11:05:00,64453.3,64490.9,64420.7,64490.8,0.084837,0.096052,-0.011214,-2407.555046
1781435400,2026-06-14 11:10:00,64490.7,64545.6,64490.7,64539.3,0.209792,0.395606,-0.185813,-2407.740859
1781435700,2026-06-14 11:15:00,64537.0,64537.1,64500.0,64500.1,0.111855,0.176437,-0.064583,-2407.805442
1781436000,2026-06-14 11:20:00,64500.1,64524.8,64500.0,64524.8,0.333150,0.158225,0.174925,-2407.630517
1781436300,2026-06-14 11:25:00,64524.8,64558.1,64524.7,64558.1,0.149291,0.042438,0.106853,-2407.523664
1781436600,2026-06-14 11:30:00,64558.0,64576.0,64528.4,64575.9,0.852833,1.604347,-0.751514,-2408.275178
1781436900,2026-06-14 11:35:00,64575.9,64600.4,64575.9,64600.4,0.080245,0.053112,0.027134,-2408.248044
1781437200,2026-06-14 11:40:00,64600.4,64600.4,64576.5,64588.3,0.629835,3.748807,-3.118972,-2411.367016
1781437500,2026-06-14 11:45:00,64588.3,64588.4,64577.9,64578.0,0.181728,1.169849,-0.988121,-2412.355137
1781437800,2026-06-14 11:50:00,64577.9,64600.0,64577.9,64580.0,0.314004,3.137121,-2.823117,-2415.178254
1781438100,2026-06-14 11:55:00,64580.1,64580.1,64521.4,64521.5,0.038141,0.341993,-0.303852,-2415.482105
1781438400,2026-06-14 12:00:00,64521.5,64528.8,64520.0,64528.7,0.212680,0.286465,-0.073786,-2415.555891
1781438700,2026-06-14 12:05:00,64528.7,64528.8,64470.1,64470.2,0.396637,0.126114,0.270523,-2415.285368
1781439000,2026-06-14 12:10:00,64470.1,64481.8,64437.0,64468.4,0.579264,1.530491,-0.951227,-2416.236595
1781439300,2026-06-14 12:15:00,64454.1,64475.4,64435.2,64435.2,0.413106,0.304773,0.108333,-2416.128262
1781439600,2026-06-14 12:20:00,64440.4,64469.7,64440.4,64469.7,0.164363,7.304008,-7.139645,-2423.267907
1781439900,2026-06-14 12:25:00,64469.7,64469.8,64430.1,64432.4,0.063072,0.328801,-0.265729,-2423.533635
1781440200,2026-06-14 12:30:00,64432.3,64435.4,64350.1,64360.6,0.089286,1.624408,-1.535122,-2425.068757
1781440500,2026-06-14 12:35:00,64361.3,64361.3,64303.1,64309.3,0.088637,0.730274,-0.641637,-2425.710394
1781440800,2026-06-14 12:40:00,64309.3,64333.3,64309.2,64330.1,0.217746,0.425926,-0.208180,-2425.918574
1781441100,2026-06-14 12:45:00,64330.2,64342.8,64281.2,64296.5,0.277117,2.416489,-2.139372,-2428.057946
1781441400,2026-06-14 12:50:00,64296.6,64296.6,64270.1,64270.1,0.221572,0.208486,0.013086,-2428.044860
1781441700,2026-06-14 12:55:00,64272.3,64283.0,64272.2,64282.9,0.317337,0.068118,0.249219,-2427.795641
1781442000,2026-06-14 13:00:00,64283.0,64358.8,64282.9,64309.2,1.054745,0.652005,0.402740,-2427.392901
1781442300,2026-06-14 13:05:00,64309.2,64337.0,64304.8,64304.8,0.280251,0.070697,0.209554,-2427.183346
1781442600,2026-06-14 13:10:00,64304.7,64310.7,64273.7,64308.1,3.522389,12.341142,-8.818753,-2436.002099
1781442900,2026-06-14 13:15:00,64308.1,64357.7,64300.1,64300.1,0.978153,6.429400,-5.451247,-2441.453346
1781443200,2026-06-14 13:20:00,64300.1,64300.1,64284.4,64284.7,0.053695,0.289054,-0.235359,-2441.688705
1781443500,2026-06-14 13:25:00,64284.8,64284.8,64235.5,64238.4,0.048269,0.833079,-0.784810,-2442.473515
1781443800,2026-06-14 13:30:00,64238.5,64272.4,64218.6,64221.7,0.568960,2.387511,-1.818551,-2444.292066
1781444100,2026-06-14 13:35:00,64239.5,64288.6,64226.6,64256.5,0.652918,0.079915,0.573003,-2443.719063
1781444400,2026-06-14 13:40:00,64256.5,64351.4,64255.9,64341.1,7.958488,0.329673,7.628816,-2436.090248
1781444700,2026-06-14 13:45:00,64341.1,64341.1,64278.8,64278.9,0.242092,0.352005,-0.109914,-2436.200161
1781445000,2026-06-14 13:50:00,64278.9,64278.9,64263.3,64269.1,0.173261,0.148646,0.024615,-2436.175546
1781445300,2026-06-14 13:55:00,64269.1,64292.1,64267.7,64272.8,0.263611,0.047292,0.216318,-2435.959228
1781445600,2026-06-14 14:00:00,64272.8,64288.6,64250.0,64269.3,0.294160,0.130433,0.163726,-2435.795502
1781445900,2026-06-14 14:05:00,64287.2,64302.7,64266.3,64266.3,0.367343,0.229683,0.137660,-2435.657841
1781446200,2026-06-14 14:10:00,64266.3,64282.1,64232.3,64282.0,0.457662,0.054650,0.403012,-2435.254829
1781446500,2026-06-14 14:15:00,64282.0,64282.1,64220.1,64257.0,0.556147,2.178169,-1.622022,-2436.876851
1781446800,2026-06-14 14:20:00,64257.0,64272.5,64210.9,64241.5,14.426589,17.548600,-3.122011,-2439.998862
1781447100,2026-06-14 14:25:00,64240.3,64240.3,64120.1,64130.2,1.461000,6.993079,-5.532079,-2445.530941
1781447400,2026-06-14 14:30:00,64130.1,64130.1,63940.4,63968.3,3.224136,13.687279,-10.463143,-2455.994084
1781447700,2026-06-14 14:35:00,63968.3,63968.4,63864.4,63892.3,3.067737,10.896274,-7.828537,-2463.822621
1781448000,2026-06-14 14:40:00,63892.2,63946.4,63862.6,63890.6,1.842490,2.392943,-0.550453,-2464.373074
1781448300,2026-06-14 14:45:00,63890.6,63948.0,63857.6,63858.2,0.675211,0.497342,0.177869,-2464.195205
1781448600,2026-06-14 14:50:00,63858.3,63936.1,63850.7,63895.4,0.479447,2.900199,-2.420752,-2466.615957
1781448900,2026-06-14 14:55:00,63893.6,63941.5,63872.2,63941.5,2.199604,10.054374,-7.854770,-2474.470727
1781449200,2026-06-14 15:00:00,63942.3,64106.8,63942.2,64094.9,5.699920,4.821238,0.878683,-2473.592044
1781449500,2026-06-14 15:05:00,64096.9,64106.1,64085.5,64085.5,12.831349,0.696518,12.134830,-2461.457214
1781449800,2026-06-14 15:10:00,64085.6,64085.6,64050.3,64081.6,1.050989,0.995866,0.055123,-2461.402091
1781450100,2026-06-14 15:15:00,64081.5,64081.6,63978.0,64001.7,0.251045,3.407964,-3.156919,-2464.559010
1781450400,2026-06-14 15:20:00,64007.4,64060.0,63994.0,64044.6,1.258053,0.410948,0.847105,-2463.711904
1781450700,2026-06-14 15:25:00,64044.6,64046.1,63970.2,64024.0,1.781836,0.662985,1.118851,-2462.593054
1781451000,2026-06-14 15:30:00,64024.0,64024.0,63974.7,63979.1,0.857813,0.085303,0.772510,-2461.820543
1781451300,2026-06-14 15:35:00,63993.6,64064.0,63993.6,64021.0,0.268381,0.146752,0.121629,-2461.698914
1781451600,2026-06-14 15:40:00,64019.6,64025.1,64000.9,64010.0,0.273775,0.385956,-0.112181,-2461.811095
1781451900,2026-06-14 15:45:00,64010.1,64010.1,63974.6,63996.1,5.132942,0.041762,5.091181,-2456.719914
1781452200,2026-06-14 15:50:00,63996.1,64022.0,63996.0,64022.0,0.282272,0.058303,0.223969,-2456.495945
1781452500,2026-06-14 15:55:00,64022.0,64025.0,63982.4,63982.4,2.128253,0.841006,1.287247,-2455.208698
1781452800,2026-06-14 16:00:00,63983.9,64018.3,63983.8,63986.2,0.191105,1.571745,-1.380640,-2456.589338
1781453100,2026-06-14 16:05:00,63986.2,64026.7,63986.1,64001.8,0.770275,0.209332,0.560942,-2456.028396
1781453400,2026-06-14 16:10:00,63992.3,64091.0,63992.3,64087.0,15.723342,0.337060,15.386282,-2440.642114
1781453700,2026-06-14 16:15:00,64087.0,64089.9,64062.1,64070.2,0.431097,1.268226,-0.837129,-2441.479243
1781454000,2026-06-14 16:20:00,64070.2,64125.2,64070.2,64125.2,0.872962,0.177216,0.695746,-2440.783498
1781454300,2026-06-14 16:25:00,64125.2,64155.8,64107.8,64107.9,0.923903,0.346531,0.577373,-2440.206125
1781454600,2026-06-14 16:30:00,64108.0,64170.7,64107.9,64154.8,6.426488,2.751211,3.675277,-2436.530848
1781454900,2026-06-14 16:35:00,64154.8,64156.0,64127.2,64127.2,0.301405,6.414425,-6.113020,-2442.643869
1781455200,2026-06-14 16:40:00,64127.3,64129.3,64114.3,64121.7,0.481286,0.457527,0.023759,-2442.620110
1781455500,2026-06-14 16:45:00,64121.6,64121.7,63982.5,63982.5,2.147798,5.617142,-3.469345,-2446.089455
1781455800,2026-06-14 16:50:00,63979.8,63989.8,63920.4,63920.4,1.407976,2.843798,-1.435822,-2447.525276
1781456100,2026-06-14 16:55:00,63920.1,63934.5,63900.0,63915.4,0.274183,1.336917,-1.062735,-2448.588011
1781456400,2026-06-14 17:00:00,63915.4,63988.2,63880.3,63985.8,0.208418,5.469408,-5.260990,-2453.849001
1781456700,2026-06-14 17:05:00,63985.8,63985.8,63898.2,63909.2,2.566027,0.318421,2.247606,-2451.601395
1781457000,2026-06-14 17:10:00,63909.2,63934.0,63901.9,63927.1,0.278682,0.296411,-0.017729,-2451.619124
1781457300,2026-06-14 17:15:00,63927.1,63951.1,63927.0,63936.3,0.272538,0.196146,0.076392,-2451.542732
1781457600,2026-06-14 17:20:00,63936.3,63936.3,63894.1,63901.4,0.774215,0.749316,0.024899,-2451.517833
1781457900,2026-06-14 17:25:00,63901.4,63901.4,63874.6,63881.0,0.377571,8.604520,-8.226950,-2459.744783
1781458200,2026-06-14 17:30:00,63881.0,63913.1,63870.2,63913.1,0.159010,0.945740,-0.786730,-2460.531512
1781458500,2026-06-14 17:35:00,63913.1,63913.1,63729.8,63745.2,0.387514,5.848237,-5.460723,-2465.992235
1781458800,2026-06-14 17:40:00,63745.1,63820.7,63745.1,63813.0,1.829003,0.140421,1.688582,-2464.303653
1781459100,2026-06-14 17:45:00,63813.0,63832.5,63752.9,63752.9,0.748454,2.667230,-1.918775,-2466.222429
1781459400,2026-06-14 17:50:00,63758.0,63758.0,63724.7,63731.2,0.221338,0.212680,0.008658,-2466.213771
1781459700,2026-06-14 17:55:00,63731.2,63731.3,63665.0,63702.2,0.759210,12.849635,-12.090426,-2478.304197
1781460000,2026-06-14 18:00:00,63702.3,63726.5,63681.6,63720.0,13.989043,1.404429,12.584614,-2465.719583
1781460300,2026-06-14 18:05:00,63720.0,63745.8,63668.8,63707.7,2.302663,0.328285,1.974377,-2463.745206
1781460600,2026-06-14 18:10:00,63704.4,63704.5,63679.1,63691.4,0.735614,1.328699,-0.593085,-2464.338291
1781460900,2026-06-14 18:15:00,63691.4,63740.4,63643.3,63666.2,1.325813,1.958444,-0.632631,-2464.970921
1781461200,2026-06-14 18:20:00,63666.2,63694.5,63657.5,63686.3,0.982903,1.888644,-0.905741,-2465.876662
1781461500,2026-06-14 18:25:00,63686.3,63710.1,63674.2,63695.1,1.218789,1.226586,-0.007796,-2465.884458
1781461800,2026-06-14 18:30:00,63695.1,63742.9,63695.0,63720.2,0.698627,0.220768,0.477858,-2465.406600
1781462100,2026-06-14 18:35:00,63720.2,63749.5,63720.1,63749.5,0.486747,0.042927,0.443820,-2464.962780
1781462400,2026-06-14 18:40:00,63749.4,63749.9,63735.0,63740.0,0.383296,0.426483,-0.043187,-2465.005967
1781462700,2026-06-14 18:45:00,63739.1,63749.4,63739.1,63749.4,8.804241,0.306483,8.497759,-2456.508208
1781463000,2026-06-14 18:50:00,63749.3,63769.1,63742.7,63769.1,1.927691,0.488362,1.439329,-2455.068879
1781463300,2026-06-14 18:55:00,63769.0,63782.2,63769.0,63777.3,0.088406,0.061053,0.027352,-2455.041526
1781463600,2026-06-14 19:00:00,63777.3,63782.5,63771.8,63782.4,0.548599,0.492987,0.055612,-2454.985914
1781463900,2026-06-14 19:05:00,63782.5,63782.5,63712.0,63729.1,0.411147,2.432036,-2.020889,-2457.006803
1781464200,2026-06-14 19:10:00,63729.1,63789.0,63729.0,63757.9,1.114271,44.454192,-43.339921,-2500.346724
1781464500,2026-06-14 19:15:00,63757.9,63816.8,63757.6,63812.5,0.335864,0.500037,-0.164173,-2500.510897
1781464800,2026-06-14 19:20:00,63812.7,63812.7,63766.2,63770.2,1.336837,0.732455,0.604382,-2499.906515
1781465100,2026-06-14 19:25:00,63770.3,63777.8,63747.8,63761.4,3.115130,0.920707,2.194424,-2497.712091
1781465400,2026-06-14 19:30:00,63761.4,63780.9,63755.0,63780.9,0.128784,0.162899,-0.034115,-2497.746206
1781465700,2026-06-14 19:35:00,63780.8,63786.8,63780.8,63786.7,4.152960,0.103642,4.049318,-2493.696888
1781466000,2026-06-14 19:40:00,63786.7,63786.7,63720.9,63722.2,0.093206,0.357033,-0.263827,-2493.960715
1781466300,2026-06-14 19:45:00,63722.1,63725.2,63722.1,63725.2,0.089865,0.022321,0.067545,-2493.893170
1781466600,2026-06-14 19:50:00,63725.1,63741.0,63725.1,63741.0,0.180133,0.024444,0.155690,-2493.737481
1781466900,2026-06-14 19:55:00,63735.3,63750.0,63735.2,63750.0,0.181205,0.189066,-0.007861,-2493.745342
1781467200,2026-06-14 20:00:00,63750.0,63827.2,63749.9,63790.6,3.707466,1.707688,1.999778,-2491.745563
1781467500,2026-06-14 20:05:00,63790.6,63793.9,63750.2,63765.7,0.140759,1.225740,-1.084981,-2492.830544
1781467800,2026-06-14 20:10:00,63765.8,63787.8,63765.7,63782.6,0.496699,0.584629,-0.087931,-2492.918475
1781468100,2026-06-14 20:15:00,63782.5,63807.5,63769.9,63807.2,0.336608,2.888607,-2.552000,-2495.470474
1781468400,2026-06-14 20:20:00,63807.2,63877.5,63807.1,63877.5,0.940044,0.311640,0.628404,-2494.842070
1781468700,2026-06-14 20:25:00,63885.5,63904.7,63869.9,63900.1,0.592424,0.461026,0.131399,-2494.710672
1781469000,2026-06-14 20:30:00,63900.1,63932.2,63900.0,63931.6,0.386940,0.315922,0.071018,-2494.639653
1781469300,2026-06-14 20:35:00,63931.7,64077.7,63931.7,63993.4,8.414088,3.030038,5.384051,-2489.255603
1781469600,2026-06-14 20:40:00,63993.4,64014.4,63988.7,64013.3,0.179432,0.040720,0.138712,-2489.116891
1781469900,2026-06-14 20:45:00,64013.3,64013.3,63992.4,64007.8,2.007987,0.588180,1.419807,-2487.697084
1781470200,2026-06-14 20:50:00,64004.1,64051.0,64004.0,64006.3,0.299625,0.438838,-0.139212,-2487.836296
1781470500,2026-06-14 20:55:00,64006.4,64014.2,63967.9,63975.3,0.079028,2.357104,-2.278076,-2490.114372
1781470800,2026-06-14 21:00:00,63975.3,64000.8,63975.3,64000.1,0.145678,0.056231,0.089447,-2490.024925
1781471100,2026-06-14 21:05:00,64000.1,64000.1,64000.0,64000.0,0.046677,0.297147,-0.250470,-2490.275395
1781471400,2026-06-14 21:10:00,64000.1,64069.0,64000.0,64069.0,0.280484,0.137318,0.143166,-2490.132229
1781471700,2026-06-14 21:15:00,64069.1,64933.0,64069.1,64686.7,81.216862,5.322585,75.894277,-2414.237952
1781472000,2026-06-14 21:20:00,64686.8,64814.2,64620.1,64737.4,8.105643,6.487516,1.618127,-2412.619826
1781472300,2026-06-14 21:25:00,64737.5,64900.3,64570.1,64736.9,19.164716,5.464910,13.699806,-2398.920020
1781472600,2026-06-14 21:30:00,64738.5,64921.9,64648.6,64910.4,6.429533,1.536382,4.893151,-2394.026869
1781472900,2026-06-14 21:35:00,64910.4,64937.4,64820.6,64937.4,1.901914,14.186298,-12.284384,-2406.311253
1781473200,2026-06-14 21:40:00,64937.5,65385.0,64937.5,65248.0,93.757437,42.498884,51.258553,-2355.052701
1781473500,2026-06-14 21:45:00,65232.5,65414.1,65232.5,65358.0,6.545130,3.905759,2.639371,-2352.413330
1781473800,2026-06-14 21:50:00,65359.3,65632.9,65359.3,65413.1,63.617170,6.316439,57.300731,-2295.112598
1781474100,2026-06-14 21:55:00,65410.1,65450.0,65270.1,65273.3,8.575033,37.226031,-28.650998,-2323.763597
1781474400,2026-06-14 22:00:00,65273.4,65483.1,65240.9,65241.0,17.041153,5.346388,11.694764,-2312.068833
1781474700,2026-06-14 22:05:00,65244.4,65262.3,64923.7,64999.4,4.691684,10.760459,-6.068775,-2318.137607
1781475000,2026-06-14 22:10:00,64999.5,65259.9,64928.2,65086.9,11.917992,14.907328,-2.989335,-2321.126942
1781475300,2026-06-14 22:15:00,65086.8,65124.5,64970.2,65124.5,3.931802,4.187210,-0.255408,-2321.382351
1781475600,2026-06-14 22:20:00,65143.4,65205.7,65071.1,65183.1,4.402460,4.734591,-0.332131,-2321.714482
1781475900,2026-06-14 22:25:00,65183.0,65204.5,65086.9,65172.8,0.944596,1.817749,-0.873153,-2322.587635
1781476200,2026-06-14 22:30:00,65172.8,65247.1,65147.9,65235.0,5.002029,4.338842,0.663187,-2321.924448
1781476500,2026-06-14 22:35:00,65234.9,65387.6,65234.9,65303.2,24.177667,11.590891,12.586776,-2309.337672
1781476800,2026-06-14 22:40:00,65303.3,65481.5,65303.2,65419.0,40.432277,2.087255,38.345022,-2270.992650
1781477100,2026-06-14 22:45:00,65419.0,65438.8,65354.9,65414.0,2.988737,1.223031,1.765706,-2269.226945
1781477400,2026-06-14 22:50:00,65414.0,65442.9,65372.5,65435.0,5.850762,4.786030,1.064732,-2268.162213
1781477700,2026-06-14 22:55:00,65410.4,65410.7,65309.9,65380.6,3.518305,1.732593,1.785712,-2266.376501
1781478000,2026-06-14 23:00:00,65380.5,65398.6,65255.5,65261.2,5.908771,4.684607,1.224164,-2265.152337
1781478300,2026-06-14 23:05:00,65256.4,65484.2,65221.9,65399.3,5.097302,2.210712,2.886590,-2262.265747
1781478600,2026-06-14 23:10:00,65398.0,65565.6,65397.8,65526.4,12.487196,1.247178,11.240018,-2251.025729
1781478900,2026-06-14 23:15:00,65527.5,65602.9,65521.0,65522.2,2.606472,1.900723,0.705750,-2250.319979
1781479200,2026-06-14 23:20:00,65522.2,65548.5,65465.4,65520.1,5.001723,22.354371,-17.352648,-2267.672627
1781479500,2026-06-14 23:25:00,65520.0,65704.6,65520.0,65659.4,4.045887,1.358600,2.687287,-2264.985340
1781479800,2026-06-14 23:30:00,65659.4,65720.0,65499.6,65636.6,5.053890,6.385409,-1.331518,-2266.316858
1781480100,2026-06-14 23:35:00,65636.5,65636.6,65563.2,65563.2,7.040958,0.601479,6.439479,-2259.877380
1781480400,2026-06-14 23:40:00,65563.2,65596.6,65535.0,65540.9,0.342131,3.714654,-3.372523,-2263.249903
1781480700,2026-06-14 23:45:00,65540.1,65648.0,65540.1,65648.0,52.582920,1.814282,50.768637,-2212.481266
1781481000,2026-06-14 23:50:00,65644.8,65710.1,65616.9,65710.0,0.230398,0.655597,-0.425199,-2212.906464
1781481300,2026-06-14 23:55:00,65710.0,65750.0,65710.0,65715.1,10.950274,1.610864,9.339410,-2203.567055
1781481600,2026-06-15 00:00:00,65715.1,65730.8,65602.5,65631.9,3.989905,6.487997,-2.498092,-2206.065147
1781481900,2026-06-15 00:05:00,65631.8,65754.6,65631.8,65723.4,23.193556,1.029295,22.164261,-2183.900886
1781482200,2026-06-15 00:10:00,65723.4,65847.0,65703.3,65847.0,3.364636,1.273101,2.091535,-2181.809351
1781482500,2026-06-15 00:15:00,65846.9,65847.0,65667.0,65691.4,3.370873,3.024144,0.346729,-2181.462622
1781482800,2026-06-15 00:20:00,65691.3,65742.7,65652.0,65674.1,1.001893,2.353605,-1.351712,-2182.814333
1781483100,2026-06-15 00:25:00,65674.1,65753.6,65674.1,65732.9,0.901806,2.374553,-1.472747,-2184.287080
1781483400,2026-06-15 00:30:00,65735.6,65737.9,65525.2,65579.9,5.506009,19.214796,-13.708787,-2197.995867
1781483700,2026-06-15 00:35:00,65579.9,65580.0,65485.8,65497.3,1.166378,2.186481,-1.020104,-2199.015971
1781484000,2026-06-15 00:40:00,65496.0,65506.7,65467.8,65496.1,0.498390,2.706485,-2.208096,-2201.224066
1781484300,2026-06-15 00:45:00,65496.0,65570.1,65472.3,65530.5,3.504629,1.086517,2.418112,-2198.805954
1781484600,2026-06-15 00:50:00,65530.4,65545.5,65511.0,65539.2,5.424227,0.312354,5.111874,-2193.694081
1781484900,2026-06-15 00:55:00,65539.1,65612.0,65539.1,65580.2,1.506285,0.838193,0.668092,-2193.025989
1781485200,2026-06-15 01:00:00,65580.2,65582.3,65328.0,65336.4,4.887658,10.390490,-5.502832,-2198.528821
1781485500,2026-06-15 01:05:00,65336.4,65470.1,65321.7,65427.7,2.596166,2.480826,0.115340,-2198.413481
1781485800,2026-06-15 01:10:00,65434.0,65470.0,65383.5,65470.0,0.357850,0.058824,0.299026,-2198.114454
1781486100,2026-06-15 01:15:00,65470.0,65484.6,65420.5,65461.4,1.094081,1.078591,0.015489,-2198.098965
1781486400,2026-06-15 01:20:00,65461.4,65461.5,65370.1,65408.8,0.613587,2.213906,-1.600319,-2199.699284
1781486700,2026-06-15 01:25:00,65408.8,65408.9,65340.6,65358.8,0.241570,0.316319,-0.074749,-2199.774033
1781487000,2026-06-15 01:30:00,65365.1,65452.7,65358.5,65438.8,1.556280,0.280293,1.275987,-2198.498046
1781487300,2026-06-15 01:35:00,65438.7,65696.5,65432.2,65678.2,3.754564,0.239743,3.514820,-2194.983225
1781487600,2026-06-15 01:40:00,65675.0,65675.5,65603.7,65675.5,2.362446,0.537711,1.824735,-2193.158491
1781487900,2026-06-15 01:45:00,65675.4,65675.5,65590.0,65590.0,0.405211,0.141116,0.264094,-2192.894396
1781488200,2026-06-15 01:50:00,65591.4,65591.4,65460.8,65476.9,0.865033,1.169559,-0.304526,-2193.198922
1781488500,2026-06-15 01:55:00,65475.8,65491.7,65451.8,65461.9,0.174044,0.596512,-0.422468,-2193.621390
1781488800,2026-06-15 02:00:00,65461.9,65526.0,65423.6,65526.0,0.550628,0.117702,0.432926,-2193.188464
1781489100,2026-06-15 02:05:00,65515.5,65600.0,65515.5,65580.7,3.408846,1.371595,2.037251,-2191.151213
1781489400,2026-06-15 02:10:00,65580.7,65624.9,65580.6,65613.8,1.551891,3.194805,-1.642913,-2192.794126
1781489700,2026-06-15 02:15:00,65613.8,65715.3,65613.8,65658.4,4.570491,0.875483,3.695008,-2189.099118
1781490000,2026-06-15 02:20:00,65658.3,65679.8,65636.5,65667.0,0.444569,0.180589,0.263980,-2188.835138
1781490300,2026-06-15 02:25:00,65667.0,65667.1,65594.6,65602.2,0.229199,0.478221,-0.249021,-2189.084160
1781490600,2026-06-15 02:30:00,65602.1,65634.4,65548.4,65548.4,0.069551,1.730166,-1.660614,-2190.744774
1781490900,2026-06-15 02:35:00,65548.3,65629.5,65548.3,65607.0,1.193900,0.050964,1.142936,-2189.601838
1781491200,2026-06-15 02:40:00,65609.3,65609.4,65548.4,65548.4,0.121885,0.553031,-0.431146,-2190.032984
1781491500,2026-06-15 02:45:00,65548.3,65548.3,65428.1,65460.6,2.815414,6.023533,-3.208119,-2193.241103
1781491800,2026-06-15 02:50:00,65460.5,65476.5,65420.1,65420.2,3.155299,0.611350,2.543949,-2190.697154
1781492100,2026-06-15 02:55:00,65420.1,65420.2,65402.0,65420.2,0.090279,1.747163,-1.656884,-2192.354038
1781492400,2026-06-15 03:00:00,65420.2,65518.2,65410.2,65518.2,0.386909,0.164537,0.222372,-2192.131666
1781492700,2026-06-15 03:05:00,65518.1,65546.8,65505.2,65532.1,0.245329,0.394400,-0.149070,-2192.280736
1781493000,2026-06-15 03:10:00,65532.1,65670.1,65532.1,65670.1,6.945574,0.212333,6.733241,-2185.547495
1781493300,2026-06-15 03:15:00,65672.1,65691.9,65653.8,65670.1,4.448101,0.143825,4.304277,-2181.243219
1781493600,2026-06-15 03:20:00,65660.2,65685.0,65650.0,65662.7,0.126346,0.132426,-0.006080,-2181.249298
1781493900,2026-06-15 03:25:00,65662.8,65696.1,65662.8,65696.0,0.130747,0.126951,0.003795,-2181.245503
1781494200,2026-06-15 03:30:00,65693.8,65707.0,65685.1,65707.0,0.612666,0.591012,0.021654,-2181.223850
1781494500,2026-06-15 03:35:00,65706.9,65740.6,65665.1,65679.2,1.204758,1.923046,-0.718288,-2181.942138
1781494800,2026-06-15 03:40:00,65680.7,65870.0,65680.7,65870.0,14.403263,0.573749,13.829514,-2168.112623
1781495100,2026-06-15 03:45:00,65869.9,65906.6,65807.9,65890.0,8.486097,15.500779,-7.014682,-2175.127305
1781495400,2026-06-15 03:50:00,65890.0,65943.0,65890.0,65919.4,3.082133,52.978398,-49.896264,-2225.023570
1781495700,2026-06-15 03:55:00,65922.7,65935.6,65890.0,65890.0,1.117169,13.035693,-11.918524,-2236.942094
1781496000,2026-06-15 04:00:00,65890.1,65890.1,65754.9,65780.5,0.126610,72.537010,-72.410400,-2309.352493
1781496300,2026-06-15 04:05:00,65780.5,65780.6,65735.4,65761.2,2.611313,0.762695,1.848619,-2307.503875
1781496600,2026-06-15 04:10:00,65763.3,65763.4,65684.3,65688.4,0.117580,0.906009,-0.788429,-2308.292304
1781496900,2026-06-15 04:15:00,65688.4,65752.8,65686.8,65739.5,5.135675,0.010256,5.125419,-2303.166885
1781497200,2026-06-15 04:20:00,65739.4,65739.5,65721.7,65724.6,0.242209,0.427807,-0.185598,-2303.352483
1781497500,2026-06-15 04:25:00,65725.8,65725.8,65676.6,65685.8,0.391711,2.764025,-2.372314,-2305.724797
1781497800,2026-06-15 04:30:00,65685.8,65710.1,65670.1,65684.3,0.494100,11.326496,-10.832396,-2316.557193
1781498100,2026-06-15 04:35:00,65684.3,65684.3,65629.8,65650.0,0.400563,0.831051,-0.430487,-2316.987680
1781498400,2026-06-15 04:40:00,65649.9,65650.0,65622.7,65640.0,1.575726,1.261899,0.313826,-2316.673854
1781498700,2026-06-15 04:45:00,65639.9,65657.2,65630.2,65650.0,0.703748,0.044364,0.659384,-2316.014470
1781499000,2026-06-15 04:50:00,65649.9,65657.2,65633.1,65633.2,0.245849,0.129038,0.116810,-2315.897660
1781499300,2026-06-15 04:55:00,65633.1,65634.3,65610.6,65610.7,0.101138,0.594775,-0.493637,-2316.391297
1781499600,2026-06-15 05:00:00,65610.7,65610.7,65600.0,65600.1,0.841513,0.634599,0.206915,-2316.184382
1781499900,2026-06-15 05:05:00,65600.0,65640.5,65600.0,65604.1,1.325329,0.084565,1.240763,-2314.943619
1781500200,2026-06-15 05:10:00,65604.1,65661.8,65604.0,65653.6,1.710750,0.205953,1.504798,-2313.438821
1781500500,2026-06-15 05:15:00,65653.5,65678.2,65653.5,65674.9,0.921089,0.131472,0.789616,-2312.649205
1781500800,2026-06-15 05:20:00,65676.4,65820.1,65676.4,65791.5,1.351664,0.047601,1.304063,-2311.345142
1781501100,2026-06-15 05:25:00,65790.2,65801.2,65719.5,65794.6,0.612956,0.282388,0.330567,-2311.014575
1781501400,2026-06-15 05:30:00,65794.6,65794.6,65725.8,65745.2,1.270473,0.534852,0.735621,-2310.278953
1781501700,2026-06-15 05:35:00,65747.1,65767.6,65676.4,65697.3,0.338106,10.262257,-9.924150,-2320.203104
1781502000,2026-06-15 05:40:00,65697.2,65709.3,65685.7,65685.7,1.813443,0.677146,1.136297,-2319.066807
1781502300,2026-06-15 05:45:00,65684.9,65743.3,65675.7,65719.9,0.639845,1.231455,-0.591610,-2319.658417
1781502600,2026-06-15 05:50:00,65722.6,65811.9,65720.6,65805.0,0.382208,1.105903,-0.723696,-2320.382113
1781502900,2026-06-15 05:55:00,65801.7,65820.1,65799.2,65820.1,2.130133,0.306433,1.823699,-2318.558414
1781503200,2026-06-15 06:00:00,65820.1,65820.1,65789.9,65816.8,0.346904,0.038469,0.308436,-2318.249978
1781503500,2026-06-15 06:05:00,65816.9,65887.0,65816.9,65829.1,4.234476,0.731845,3.502631,-2314.747347
1781503800,2026-06-15 06:10:00,65829.1,65863.6,65820.0,65842.9,1.161769,0.640837,0.520931,-2314.226416
1781504100,2026-06-15 06:15:00,65842.8,65877.4,65822.8,65834.8,1.661088,6.419657,-4.758568,-2318.984984
1781504400,2026-06-15 06:20:00,65834.7,65889.9,65834.7,65880.7,1.417030,0.348444,1.068586,-2317.916398
1781504700,2026-06-15 06:25:00,65880.6,65924.3,65880.6,65910.1,1.722854,2.227936,-0.505082,-2318.421480
1781505000,2026-06-15 06:30:00,65910.1,65910.1,65781.3,65781.3,5.026730,1.633033,3.393697,-2315.027783
1781505300,2026-06-15 06:35:00,65781.2,65781.2,65751.3,65769.6,0.601574,2.129085,-1.527511,-2316.555294
1781505600,2026-06-15 06:40:00,65769.5,65782.9,65738.6,65769.5,1.696973,0.361739,1.335234,-2315.220060
1781505900,2026-06-15 06:45:00,65773.7,65848.6,65762.7,65842.0,1.359348,0.126488,1.232860,-2313.987201
1781506200,2026-06-15 06:50:00,65842.7,65851.2,65814.8,65817.3,0.602836,0.269033,0.333803,-2313.653397
1781506500,2026-06-15 06:55:00,65817.6,65817.6,65778.1,65778.1,0.020151,8.070220,-8.050069,-2321.703467
1781506800,2026-06-15 07:00:00,65778.1,65778.1,65660.0,65718.7,0.571912,2.764653,-2.192741,-2323.896208
1781507100,2026-06-15 07:05:00,65734.9,65776.8,65720.0,65765.0,9.799504,21.229623,-11.430119,-2335.326327
1781507400,2026-06-15 07:10:00,65766.9,65829.3,65747.9,65793.9,2.606165,0.085870,2.520295,-2332.806032
1781507700,2026-06-15 07:15:00,65793.8,65873.8,65789.5,65871.0,1.948927,0.106941,1.841985,-2330.964046
1781508000,2026-06-15 07:20:00,65870.9,65943.0,65824.5,65942.9,2.903627,0.196240,2.707387,-2328.256660
1781508300,2026-06-15 07:25:00,65942.9,65950.0,65903.5,65935.1,7.603426,0.444327,7.159099,-2321.097561
1781508600,2026-06-15 07:30:00,65935.1,65935.1,65718.6,65730.3,0.243426,2.331294,-2.087868,-2323.185428
1781508900,2026-06-15 07:35:00,65731.6,65731.7,65702.2,65702.3,0.098296,0.171464,-0.073167,-2323.258596
1781509200,2026-06-15 07:40:00,65702.2,65702.3,65689.4,65692.3,0.455669,0.185670,0.270000,-2322.988596
1781509500,2026-06-15 07:45:00,65692.4,65692.4,65671.5,65678.4,1.266420,0.808856,0.457565,-2322.531031
1781509800,2026-06-15 07:50:00,65671.5,65711.5,65638.6,65711.5,5.033992,0.365997,4.667995,-2317.863036
1781510100,2026-06-15 07:55:00,65711.4,65731.7,65602.1,65622.4,0.616593,2.161987,-1.545394,-2319.408429
1781510400,2026-06-15 08:00:00,65622.3,65700.0,65600.0,65700.0,1.688316,1.720782,-0.032466,-2319.440895
1781510700,2026-06-15 08:05:00,65700.0,65700.0,65643.5,65654.8,0.038771,1.941534,-1.902763,-2321.343658
1781511000,2026-06-15 08:10:00,65654.8,65686.6,65654.7,65662.5,27.650827,0.256810,27.394017,-2293.949641
1781511300,2026-06-15 08:15:00,65662.4,65695.0,65640.1,65640.1,9.065876,0.196789,8.869087,-2285.080554
1781511600,2026-06-15 08:20:00,65640.0,65640.0,65581.8,65586.6,8.505365,0.929293,7.576072,-2277.504482
1781511900,2026-06-15 08:25:00,65586.6,65650.0,65570.8,65616.1,3.668918,0.936506,2.732412,-2274.772070
1781512200,2026-06-15 08:30:00,65616.1,65681.8,65616.0,65676.2,0.417983,6.088283,-5.670299,-2280.442369
1781512500,2026-06-15 08:35:00,65676.1,65683.5,65660.3,65660.3,0.070320,0.048348,0.021972,-2280.420397
1781512800,2026-06-15 08:40:00,65660.2,65736.3,65650.3,65720.8,22.413226,0.095340,22.317886,-2258.102511
1781513100,2026-06-15 08:45:00,65720.7,65738.6,65720.7,65721.8,0.218473,0.701219,-0.482746,-2258.585258
1781513400,2026-06-15 08:50:00,65720.8,65720.8,65603.7,65624.2,0.273971,1.500998,-1.227027,-2259.812285
1781513700,2026-06-15 08:55:00,65621.2,65666.8,65621.1,65625.2,0.323152,0.356176,-0.033024,-2259.845309
1781514000,2026-06-15 09:00:00,65623.8,65645.5,65623.7,65629.0,0.213727,0.203610,0.010116,-2259.835192
1781514300,2026-06-15 09:05:00,65627.6,65667.9,65627.5,65651.9,0.378474,0.014777,0.363697,-2259.471496
1781514600,2026-06-15 09:10:00,65662.5,65662.5,65627.6,65637.4,0.150651,0.730704,-0.580053,-2260.051549
1781514900,2026-06-15 09:15:00,65637.3,65738.5,65633.6,65716.9,0.441755,0.047131,0.394624,-2259.656925
1781515200,2026-06-15 09:20:00,65716.8,65716.8,65627.5,65627.6,0.309076,0.136682,0.172394,-2259.484531
1781515500,2026-06-15 09:25:00,65627.6,65646.9,65609.6,65609.6,0.749631,1.285643,-0.536012,-2260.020543
1781515800,2026-06-15 09:30:00,65609.5,65609.6,65526.3,65526.4,0.209729,2.914236,-2.704507,-2262.725050
1781516100,2026-06-15 09:35:00,65526.6,65526.7,65463.6,65484.7,0.206605,1.559746,-1.353141,-2264.078192
1781516400,2026-06-15 09:40:00,65484.7,65553.2,65484.7,65526.4,0.332256,0.110211,0.222045,-2263.856146
1781516700,2026-06-15 09:45:00,65526.4,65526.4,65473.3,65506.9,0.069491,1.182415,-1.112925,-2264.969071
1781517000,2026-06-15 09:50:00,65507.1,65532.7,65507.1,65525.9,0.152349,0.184339,-0.031991,-2265.001061
1781517300,2026-06-15 09:55:00,65525.8,65560.4,65516.7,65550.7,1.571604,0.560616,1.010988,-2263.990074
1781517600,2026-06-15 10:00:00,65550.8,65588.6,65539.4,65588.6,1.166047,0.554652,0.611395,-2263.378679
1781517900,2026-06-15 10:05:00,65588.5,65666.1,65588.5,65666.1,4.355630,0.071988,4.283642,-2259.095037
1781518200,2026-06-15 10:10:00,65666.2,65712.8,65664.3,65697.6,16.881858,0.051765,16.830093,-2242.264944
1781518500,2026-06-15 10:15:00,65697.5,65697.5,65657.6,65670.2,0.379383,0.419589,-0.040206,-2242.305149
1781518800,2026-06-15 10:20:00,65670.1,65710.7,65667.0,65704.9,1.228001,0.192165,1.035836,-2241.269313
1781519100,2026-06-15 10:25:00,65704.6,65704.8,65673.0,65678.6,2.462111,2.439768,0.022343,-2241.246970
1781519400,2026-06-15 10:30:00,65678.5,65689.5,65669.1,65678.3,5.059613,0.100896,4.958717,-2236.288253
1781519700,2026-06-15 10:35:00,65678.3,65680.0,65678.3,65680.0,5.579779,0.004391,5.575389,-2230.712864
1781520000,2026-06-15 10:40:00,65679.9,65735.5,65679.9,65718.3,19.069045,0.118664,18.950381,-2211.762484
1781520300,2026-06-15 10:45:00,65718.6,65726.0,65703.4,65720.6,3.212628,0.575548,2.637080,-2209.125403
1781520600,2026-06-15 10:50:00,65720.5,65870.5,65692.7,65821.0,10.900279,2.099165,8.801114,-2200.324289
1781520900,2026-06-15 10:55:00,65821.0,65904.8,65790.9,65870.8,9.005707,5.529713,3.475993,-2196.848296
1781521200,2026-06-15 11:00:00,65874.1,65914.5,65818.9,65867.7,3.237551,0.460881,2.776670,-2194.071625
1781521500,2026-06-15 11:05:00,65856.7,65955.0,65856.7,65917.9,16.009516,20.181547,-4.172031,-2198.243656
1781521800,2026-06-15 11:10:00,65931.5,65955.0,65903.4,65903.5,13.419568,5.916288,7.503280,-2190.740376
1781522100,2026-06-15 11:15:00,65903.5,66273.8,65887.9,66215.7,26.259221,3.414459,22.844762,-2167.895613
1781522400,2026-06-15 11:20:00,66202.5,66300.0,66142.2,66276.0,33.173719,53.491605,-20.317885,-2188.213499
1781522700,2026-06-15 11:25:00,66275.9,66330.4,66184.1,66214.8,5.271541,3.811842,1.459698,-2186.753800
1781523000,2026-06-15 11:30:00,66214.7,66266.4,66129.9,66215.7,2.586285,1.946985,0.639299,-2186.114501
1781523300,2026-06-15 11:35:00,66215.7,66215.7,66100.0,66174.3,4.734713,3.358017,1.376696,-2184.737805
1781523600,2026-06-15 11:40:00,66174.3,66179.5,66124.4,66124.4,1.479411,1.120031,0.359380,-2184.378425
1781523900,2026-06-15 11:45:00,66124.4,66161.5,66105.0,66125.8,1.474929,0.532592,0.942338,-2183.436087
1781524200,2026-06-15 11:50:00,66125.9,66209.5,66113.7,66209.1,0.782700,0.598787,0.183913,-2183.252174
1781524500,2026-06-15 11:55:00,66209.0,66216.0,66150.3,66197.5,5.905859,3.004446,2.901413,-2180.350761
1781524800,2026-06-15 12:00:00,66197.5,66200.0,66110.9,66111.0,0.566537,1.273794,-0.707257,-2181.058018
1781525100,2026-06-15 12:05:00,66110.9,66188.6,66071.5,66166.5,2.380874,2.411319,-0.030445,-2181.088463
1781525400,2026-06-15 12:10:00,66166.5,66259.7,66166.4,66241.3,1.967232,0.301527,1.665704,-2179.422759
1781525700,2026-06-15 12:15:00,66241.3,66294.3,66141.2,66275.0,4.051354,1.067889,2.983465,-2176.439293
1781526000,2026-06-15 12:20:00,66275.0,66275.0,66159.0,66256.5,0.829961,7.280786,-6.450825,-2182.890118
1781526300,2026-06-15 12:25:00,66256.4,66260.8,66199.1,66249.7,1.960659,6.153364,-4.192704,-2187.082823
1781526600,2026-06-15 12:30:00,66249.6,66272.2,66159.0,66220.1,1.834580,2.127325,-0.292745,-2187.375567
1781526900,2026-06-15 12:35:00,66220.0,66290.2,66202.6,66286.7,2.942826,0.610839,2.331987,-2185.043580
1781527200,2026-06-15 12:40:00,66285.2,66436.8,66285.2,66436.8,30.119855,10.950783,19.169071,-2165.874509
1781527500,2026-06-15 12:45:00,66436.7,66482.4,66394.4,66475.3,2.747598,4.062249,-1.314651,-2167.189160
1781527800,2026-06-15 12:50:00,66468.8,66578.1,66463.9,66570.4,6.779852,13.820308,-7.040456,-2174.229616
1781528100,2026-06-15 12:55:00,66570.3,66571.8,66512.7,66535.5,28.538427,15.195937,13.342490,-2160.887126
1781528400,2026-06-15 13:00:00,66535.6,66580.7,66444.0,66499.9,15.537479,3.030976,12.506503,-2148.380623
1781528700,2026-06-15 13:05:00,66499.9,66651.6,66499.9,66553.0,18.689778,4.772403,13.917374,-2134.463249
1781529000,2026-06-15 13:10:00,66553.0,66614.2,66551.4,66578.3,1.919717,5.583362,-3.663646,-2138.126894
1781529300,2026-06-15 13:15:00,66578.3,66778.8,66556.3,66778.8,9.693670,6.446895,3.246776,-2134.880119
1781529600,2026-06-15 13:20:00,66778.7,66868.7,66743.6,66868.7,10.500704,4.382625,6.118079,-2128.762040
1781529900,2026-06-15 13:25:00,66864.9,66900.0,66799.0,66806.9,6.837221,8.073812,-1.236591,-2129.998631
1781530200,2026-06-15 13:30:00,66806.9,66831.9,66598.9,66789.1,15.526533,178.448806,-162.922273,-2292.920903
1781530500,2026-06-15 13:35:00,66789.2,66831.9,66600.6,66600.6,4.817902,13.945054,-9.127152,-2302.048055
1781530800,2026-06-15 13:40:00,66600.6,66600.6,66438.7,66520.2,10.967043,19.310244,-8.343202,-2310.391257
1781531100,2026-06-15 13:45:00,66520.2,66580.2,66456.1,66565.3,3.479488,4.646232,-1.166744,-2311.558001
1781531400,2026-06-15 13:50:00,66565.2,66620.1,66397.1,66404.5,4.449946,2.410586,2.039360,-2309.518640
1781531700,2026-06-15 13:55:00,66404.4,66445.0,66366.4,66412.4,1.428721,7.192573,-5.763853,-2315.282493
1781532000,2026-06-15 14:00:00,66405.5,66405.5,66249.6,66307.5,3.976043,9.655821,-5.679778,-2320.962271
1781532300,2026-06-15 14:05:00,66307.3,66389.0,66290.2,66326.9,2.238693,1.437417,0.801276,-2320.160995
1781532600,2026-06-15 14:10:00,66327.0,66388.6,66261.3,66388.6,0.986091,15.698844,-14.712753,-2334.873748
1781532900,2026-06-15 14:15:00,66388.6,66522.4,66388.4,66502.4,16.916729,8.229627,8.687101,-2326.186647
1781533200,2026-06-15 14:20:00,66502.4,66502.5,66378.5,66378.6,2.344519,5.164044,-2.819525,-2329.006172
1781533500,2026-06-15 14:25:00,66378.5,66500.0,66359.4,66500.0,3.404520,0.699588,2.704932,-2326.301240
1781533800,2026-06-15 14:30:00,66500.0,66522.6,66438.3,66491.8,29.524660,1.770143,27.754517,-2298.546723
1781534100,2026-06-15 14:35:00,66491.7,66510.7,66394.5,66449.4,2.589161,7.685887,-5.096726,-2303.643449
1781534400,2026-06-15 14:40:00,66449.4,66504.7,66449.4,66488.7,4.946049,0.364367,4.581681,-2299.061767
1781534700,2026-06-15 14:45:00,66488.6,66619.7,66488.6,66577.4,5.953734,0.436670,5.517064,-2293.544703
1781535000,2026-06-15 14:50:00,66577.5,66602.1,66567.3,66587.0,1.394312,4.519868,-3.125556,-2296.670259
1781535300,2026-06-15 14:55:00,66587.1,66627.1,66550.9,66551.2,7.808389,0.340925,7.467464,-2289.202795
1781535600,2026-06-15 15:00:00,66551.5,66638.6,66534.9,66586.3,1.310779,1.173986,0.136793,-2289.066002
1781535900,2026-06-15 15:05:00,66586.3,66625.0,66586.3,66623.5,2.081007,0.780179,1.300828,-2287.765174
1781536200,2026-06-15 15:10:00,66623.6,66623.6,66573.0,66585.7,2.205803,1.621227,0.584576,-2287.180599
1781536500,2026-06-15 15:15:00,66585.6,66672.9,66548.9,66672.9,7.404862,2.965850,4.439013,-2282.741586
1781536800,2026-06-15 15:20:00,66672.9,66685.2,66603.2,66616.8,12.754242,5.380459,7.373782,-2275.367804
1781537100,2026-06-15 15:25:00,66616.8,66670.6,66611.3,66615.5,7.822246,0.597951,7.224296,-2268.143508
1781537400,2026-06-15 15:30:00,66614.3,66688.6,66588.6,66620.0,2.729520,3.845274,-1.115754,-2269.259262
1781537700,2026-06-15 15:35:00,66619.9,66850.2,66614.2,66765.3,24.760177,2.194155,22.566022,-2246.693240
1781538000,2026-06-15 15:40:00,66757.7,66866.7,66757.7,66866.7,9.636350,1.500337,8.136013,-2238.557227
1781538300,2026-06-15 15:45:00,66866.7,67182.4,66866.7,67145.2,47.595663,3.324433,44.271231,-2194.285996
1781538600,2026-06-15 15:50:00,67152.3,67241.7,67113.5,67210.4,43.077124,3.442871,39.634253,-2154.651743
1781538900,2026-06-15 15:55:00,67210.3,67244.4,67149.9,67243.2,21.056022,1.225046,19.830976,-2134.820767
1781539200,2026-06-15 16:00:00,67243.1,67263.5,67105.0,67120.5,6.205234,19.794894,-13.589660,-2148.410426
1781539500,2026-06-15 16:05:00,67122.8,67148.6,67079.5,67148.6,24.302233,19.187541,5.114692,-2143.295734
1781539800,2026-06-15 16:10:00,67148.7,67252.2,67148.7,67222.3,8.097036,7.410859,0.686176,-2142.609558
1781540100,2026-06-15 16:15:00,67225.4,67225.4,67070.4,67070.4,1.734627,6.093007,-4.358380,-2146.967938
1781540400,2026-06-15 16:20:00,67074.6,67185.5,67070.3,67185.5,3.855877,0.741703,3.114175,-2143.853763
1781540700,2026-06-15 16:25:00,67185.4,67192.8,67110.9,67152.5,1.614755,2.093816,-0.479061,-2144.332824
1781541000,2026-06-15 16:30:00,67152.6,67230.0,67150.0,67185.8,8.382939,2.648840,5.734099,-2138.598725
1781541300,2026-06-15 16:35:00,67185.7,67220.3,67118.2,67133.6,2.788869,6.042143,-3.253274,-2141.851999
1781541600,2026-06-15 16:40:00,67133.5,67205.0,67121.9,67144.2,0.847223,2.975181,-2.127958,-2143.979958
1781541900,2026-06-15 16:45:00,67144.1,67175.0,67060.1,67071.1,1.488963,5.036096,-3.547133,-2147.527091
1781542200,2026-06-15 16:50:00,67071.0,67110.0,67066.3,67110.0,1.578645,0.993864,0.584781,-2146.942310
1781542500,2026-06-15 16:55:00,67109.9,67169.8,67109.9,67145.1,2.472231,0.907872,1.564359,-2145.377951
1781542800,2026-06-15 17:00:00,67145.1,67145.1,66814.5,66833.9,4.526931,21.102941,-16.576011,-2161.953962
1781543100,2026-06-15 17:05:00,66833.9,66920.0,66812.6,66812.6,1.072722,4.065814,-2.993092,-2164.947054
1781543400,2026-06-15 17:10:00,66812.5,66856.3,66731.8,66849.1,5.255550,11.727500,-6.471950,-2171.419004
1781543700,2026-06-15 17:15:00,66849.0,66938.6,66831.8,66880.6,6.170184,1.561139,4.609044,-2166.809960
1781544000,2026-06-15 17:20:00,66880.5,66880.5,66747.7,66819.8,4.482557,4.170601,0.311956,-2166.498003
1781544300,2026-06-15 17:25:00,66819.7,66863.2,66778.6,66788.4,9.979750,9.179351,0.800399,-2165.697604
1781544600,2026-06-15 17:30:00,66788.4,66819.3,66660.5,66737.4,1.376009,2.685911,-1.309903,-2167.007506
1781544900,2026-06-15 17:35:00,66736.8,66838.0,66725.2,66838.0,4.336853,0.440660,3.896193,-2163.111313
1781545200,2026-06-15 17:40:00,66837.9,66888.6,66806.8,66866.1,4.945519,3.360752,1.584767,-2161.526546
1781545500,2026-06-15 17:45:00,66866.1,66888.5,66825.4,66880.8,0.588709,1.865639,-1.276930,-2162.803476
1781545800,2026-06-15 17:50:00,66880.0,66901.4,66834.3,66884.9,11.576421,0.657034,10.919387,-2151.884088
1781546100,2026-06-15 17:55:00,66885.0,66885.0,66816.4,66816.4,0.487212,0.979512,-0.492300,-2152.376389
1781546400,2026-06-15 18:00:00,66821.7,66821.7,66766.0,66781.1,6.915645,1.774706,5.140939,-2147.235450
1781546700,2026-06-15 18:05:00,66781.0,66888.6,66767.3,66767.8,3.015199,1.765409,1.249790,-2145.985660
1781547000,2026-06-15 18:10:00,66769.2,66775.4,66700.0,66775.4,0.962742,1.595866,-0.633124,-2146.618784
1781547300,2026-06-15 18:15:00,66775.5,66835.2,66770.8,66802.1,3.032315,0.099752,2.932564,-2143.686220
1781547600,2026-06-15 18:20:00,66802.1,66838.6,66802.1,66838.6,0.460493,1.665505,-1.205012,-2144.891232
1781547900,2026-06-15 18:25:00,66838.5,66838.6,66779.0,66803.5,2.421324,1.710565,0.710758,-2144.180474
1781548200,2026-06-15 18:30:00,66803.4,66838.6,66726.3,66808.2,5.387064,2.099906,3.287158,-2140.893316
1781548500,2026-06-15 18:35:00,66813.5,66813.5,66780.3,66804.4,1.013218,0.212311,0.800907,-2140.092409
1781548800,2026-06-15 18:40:00,66804.3,66804.4,66768.0,66773.6,1.830633,0.446882,1.383751,-2138.708658
1781549100,2026-06-15 18:45:00,66769.6,66894.4,66769.6,66872.7,8.912119,4.167492,4.744627,-2133.964031
1781549400,2026-06-15 18:50:00,66869.9,66871.5,66790.2,66820.8,4.553571,4.216821,0.336750,-2133.627281
1781549700,2026-06-15 18:55:00,66825.5,66845.5,66738.6,66738.8,1.147869,1.339124,-0.191255,-2133.818536
1781550000,2026-06-15 19:00:00,66738.7,66832.9,66691.6,66832.9,0.970966,0.533670,0.437297,-2133.381239
1781550300,2026-06-15 19:05:00,66828.4,66838.6,66797.2,66836.9,1.392076,0.407073,0.985003,-2132.396236
1781550600,2026-06-15 19:10:00,66835.9,66866.7,66828.6,66831.7,1.563579,0.136476,1.427103,-2130.969133
1781550900,2026-06-15 19:15:00,66832.5,66860.0,66372.8,66385.8,3.150479,11.137673,-7.987194,-2138.956327
1781551200,2026-06-15 19:20:00,66385.7,66554.1,66338.6,66539.6,6.651252,4.644361,2.006891,-2136.949436
1781551500,2026-06-15 19:25:00,66546.4,66629.6,66496.8,66500.8,0.901407,1.605277,-0.703870,-2137.653306
1781551800,2026-06-15 19:30:00,66501.8,66647.4,66501.7,66645.2,1.214471,2.476595,-1.262125,-2138.915431
1781552100,2026-06-15 19:35:00,66645.4,66653.8,66584.8,66649.6,0.475740,1.521649,-1.045909,-2139.961340
1781552400,2026-06-15 19:40:00,66653.4,66688.6,66636.7,66688.5,3.724294,2.626155,1.098140,-2138.863200
1781552700,2026-06-15 19:45:00,66688.6,66700.0,66552.3,66587.7,1.993650,1.081428,0.912222,-2137.950978
1781553000,2026-06-15 19:50:00,66587.6,66628.4,66547.2,66611.0,1.206793,15.344648,-14.137854,-2152.088832
1781553300,2026-06-15 19:55:00,66611.0,66623.6,66476.9,66555.0,5.522410,6.106334,-0.583923,-2152.672756
1781553600,2026-06-15 20:00:00,66562.9,66588.6,66464.2,66546.8,2.380490,9.785690,-7.405199,-2160.077955
1781553900,2026-06-15 20:05:00,66546.7,66582.5,66523.6,66559.1,2.919437,0.222850,2.696587,-2157.381368
1781554200,2026-06-15 20:10:00,66559.1,66559.1,66523.9,66525.0,4.068216,2.926913,1.141303,-2156.240065
1781554500,2026-06-15 20:15:00,66530.3,66530.4,66500.0,66516.0,3.419344,2.122590,1.296754,-2154.943311
1781554800,2026-06-15 20:20:00,66516.0,66563.6,66501.0,66530.6,1.916543,15.751529,-13.834986,-2168.778297
1781555100,2026-06-15 20:25:00,66530.5,66568.9,66514.9,66540.8,5.745870,0.182322,5.563549,-2163.214748
1781555400,2026-06-15 20:30:00,66540.9,66649.3,66540.8,66639.0,77.967997,5.734208,72.233789,-2090.980959
1781555700,2026-06-15 20:35:00,66639.1,66641.3,66602.2,66618.8,0.718642,0.239396,0.479246,-2090.501713
1781556000,2026-06-15 20:40:00,66630.1,66642.0,66560.0,66563.0,0.662062,1.126277,-0.464215,-2090.965928
1781556300,2026-06-15 20:45:00,66563.0,66563.0,66472.3,66481.2,0.541665,3.208526,-2.666861,-2093.632789
1781556600,2026-06-15 20:50:00,66481.3,66530.6,66480.2,66500.2,0.961366,1.501062,-0.539696,-2094.172485
1781556900,2026-06-15 20:55:00,66496.9,66500.0,66475.8,66477.2,1.627102,6.082552,-4.455450,-2098.627935
1781557200,2026-06-15 21:00:00,66490.5,66494.0,66467.0,66475.0,1.170927,3.336323,-2.165396,-2100.793332
1781557500,2026-06-15 21:05:00,66474.9,66498.9,66385.2,66421.3,0.937641,40.556694,-39.619053,-2140.412385
1781557800,2026-06-15 21:10:00,66425.4,66488.6,66409.9,66467.5,1.574951,4.907501,-3.332550,-2143.744935
1781558100,2026-06-15 21:15:00,66467.6,66498.2,66467.5,66494.8,3.854366,12.290042,-8.435676,-2152.180611
1781558400,2026-06-15 21:20:00,66497.5,66534.6,66497.4,66534.6,0.500820,2.153240,-1.652421,-2153.833032
1781558700,2026-06-15 21:25:00,66530.0,66530.0,66350.1,66362.1,2.114316,3.130770,-1.016453,-2154.849485
1781559000,2026-06-15 21:30:00,66362.2,66429.4,66300.1,66405.9,15.279382,4.291786,10.987596,-2143.861889
1781559300,2026-06-15 21:35:00,66406.0,66434.7,66394.8,66396.3,0.796669,2.671562,-1.874893,-2145.736782
1781559600,2026-06-15 21:40:00,66396.2,66413.5,66384.1,66384.1,0.888949,0.137001,0.751947,-2144.984835
1781559900,2026-06-15 21:45:00,66406.0,66406.0,66349.8,66358.8,0.830900,1.840168,-1.009268,-2145.994103
1781560200,2026-06-15 21:50:00,66358.7,66402.8,66358.7,66364.7,1.106750,2.134676,-1.027926,-2147.022029
1781560500,2026-06-15 21:55:00,66364.7,66381.9,66331.7,66331.7,8.465638,0.214257,8.251381,-2138.770648
1781560800,2026-06-15 22:00:00,66331.7,66417.3,66331.6,66408.2,2.355786,0.743961,1.611825,-2137.158823
1781561100,2026-06-15 22:05:00,66408.2,66424.2,66399.9,66424.1,5.809198,3.251257,2.557941,-2134.600882
1781561400,2026-06-15 22:10:00,66410.7,66431.7,66343.7,66343.8,0.760624,0.923956,-0.163332,-2134.764215
1781561700,2026-06-15 22:15:00,66343.8,66376.1,66327.0,66338.7,1.087190,0.219007,0.868182,-2133.896032
1781562000,2026-06-15 22:20:00,66333.9,66361.5,66183.5,66195.1,1.212669,16.693343,-15.480674,-2149.376707
1781562300,2026-06-15 22:25:00,66186.2,66205.4,66071.1,66126.9,4.436889,10.517338,-6.080450,-2155.457156
1781562600,2026-06-15 22:30:00,66127.0,66238.6,66066.1,66213.0,2.533731,3.466215,-0.932485,-2156.389641
1781562900,2026-06-15 22:35:00,66212.9,66288.6,66188.1,66275.8,1.608720,4.971016,-3.362296,-2159.751937
1781563200,2026-06-15 22:40:00,66275.7,66322.1,66219.8,66243.4,1.919571,10.014922,-8.095351,-2167.847288
1781563500,2026-06-15 22:45:00,66243.5,66287.2,66155.9,66181.0,0.992752,3.996906,-3.004155,-2170.851443
1781563800,2026-06-15 22:50:00,66169.0,66243.2,66168.9,66182.3,0.293958,1.978794,-1.684837,-2172.536280
1781564100,2026-06-15 22:55:00,66182.3,66219.5,66163.2,66165.0,3.235176,0.216052,3.019124,-2169.517156
1781564400,2026-06-15 23:00:00,66165.0,66192.8,66140.8,66163.2,0.422118,0.446634,-0.024516,-2169.541671
1781564700,2026-06-15 23:05:00,66163.2,66242.2,66163.2,66200.0,1.200184,0.366186,0.833998,-2168.707673
1781565000,2026-06-15 23:10:00,66200.0,66234.8,66200.0,66219.6,1.214957,0.216053,0.998904,-2167.708769
1781565300,2026-06-15 23:15:00,66219.6,66253.2,66138.6,66152.4,1.005177,1.474763,-0.469586,-2168.178355
1781565600,2026-06-15 23:20:00,66152.2,66169.3,66107.1,66108.6,0.760592,6.402501,-5.641910,-2173.820265
1781565900,2026-06-15 23:25:00,66111.6,66224.7,66111.6,66193.7,2.514162,0.053094,2.461068,-2171.359197
1781566200,2026-06-15 23:30:00,66193.7,66199.5,66135.7,66153.1,0.497201,0.619217,-0.122016,-2171.481213
1781566500,2026-06-15 23:35:00,66154.2,66194.1,66092.7,66169.7,1.440268,0.412481,1.027787,-2170.453426
1781566800,2026-06-15 23:40:00,66169.6,66231.9,66140.1,66227.8,3.000357,1.791605,1.208752,-2169.244674
1781567100,2026-06-15 23:45:00,66238.6,66255.8,66199.4,66237.0,1.193894,0.847284,0.346610,-2168.898063
1781567400,2026-06-15 23:50:00,66237.1,66312.7,66237.1,66294.8,1.108987,0.266910,0.842077,-2168.055986
1781567700,2026-06-15 23:55:00,66300.3,66318.1,66282.8,66284.3,0.593772,0.827548,-0.233776,-2168.289762
1781568000,2026-06-16 00:00:00,66284.3,66288.7,66232.1,66277.5,8.587563,0.988519,7.599045,-2160.690717
1781568300,2026-06-16 00:05:00,66277.5,66356.0,66272.2,66345.4,7.612461,0.360198,7.252264,-2153.438454
1781568600,2026-06-16 00:10:00,66345.4,66382.5,66344.5,66355.7,12.729102,0.949632,11.779470,-2141.658984
1781568900,2026-06-16 00:15:00,66364.9,66388.6,66331.1,66353.7,13.866884,2.090834,11.776050,-2129.882934
1781569200,2026-06-16 00:20:00,66353.7,66353.8,66248.6,66250.3,10.944932,3.834708,7.110224,-2122.772710
1781569500,2026-06-16 00:25:00,66250.4,66286.2,66218.6,66218.8,5.383464,3.319739,2.063725,-2120.708985
1781569800,2026-06-16 00:30:00,66218.9,66332.2,66218.8,66297.5,5.397279,0.615162,4.782117,-2115.926868
1781570100,2026-06-16 00:35:00,66293.3,66348.7,66293.3,66340.5,3.479102,0.192177,3.286926,-2112.639943
1781570400,2026-06-16 00:40:00,66340.5,66422.4,66340.4,66376.9,3.221718,0.754411,2.467307,-2110.172636
1781570700,2026-06-16 00:45:00,66376.9,66401.7,66340.5,66340.5,6.144094,0.665742,5.478353,-2104.694283
1781571000,2026-06-16 00:50:00,66327.0,66327.0,66267.1,66297.0,2.043285,1.641997,0.401288,-2104.292995
1781571300,2026-06-16 00:55:00,66294.9,66300.5,66204.2,66215.2,2.310962,1.176473,1.134489,-2103.158506
1781571600,2026-06-16 01:00:00,66213.4,66290.6,66209.2,66288.7,1.411905,1.152937,0.258967,-2102.899539
1781571900,2026-06-16 01:05:00,66288.6,66319.1,66258.1,66262.8,7.987335,0.413236,7.574099,-2095.325440
1781572200,2026-06-16 01:10:00,66262.8,66279.8,66237.1,66247.1,0.677520,0.476006,0.201514,-2095.123926
1781572500,2026-06-16 01:15:00,66247.1,66261.1,66221.1,66242.0,0.378075,0.554756,-0.176681,-2095.300606
1781572800,2026-06-16 01:20:00,66237.1,66311.8,66237.1,66284.7,0.597637,0.113979,0.483658,-2094.816948
1781573100,2026-06-16 01:25:00,66284.6,66346.8,66284.6,66343.5,3.179737,0.414869,2.764867,-2092.052081
1781573400,2026-06-16 01:30:00,66343.5,66375.5,66326.8,66348.3,3.659330,0.239264,3.420066,-2088.632015
1781573700,2026-06-16 01:35:00,66349.3,66368.8,66330.0,66367.2,3.708920,0.462520,3.246399,-2085.385615
1781574000,2026-06-16 01:40:00,66367.2,66367.2,66330.1,66330.1,2.172929,1.135818,1.037111,-2084.348504
1781574300,2026-06-16 01:45:00,66330.1,66350.7,66330.0,66348.1,3.731962,0.790520,2.941442,-2081.407063
1781574600,2026-06-16 01:50:00,66348.1,66381.5,66329.2,66343.1,3.541557,0.293832,3.247726,-2078.159337
1781574900,2026-06-16 01:55:00,66343.1,66344.7,66298.3,66305.4,8.257646,4.193957,4.063688,-2074.095649
1781575200,2026-06-16 02:00:00,66305.4,66332.2,66246.2,66292.7,1.379106,0.861050,0.518056,-2073.577592
1781575500,2026-06-16 02:05:00,66293.8,66323.1,66270.3,66270.3,1.266742,1.357183,-0.090441,-2073.668034
1781575800,2026-06-16 02:10:00,66270.3,66270.4,66025.5,66032.3,2.637668,7.301790,-4.664122,-2078.332156
1781576100,2026-06-16 02:15:00,66031.9,66111.9,66018.1,66024.2,0.400689,0.724970,-0.324281,-2078.656437
1781576400,2026-06-16 02:20:00,66022.9,66033.4,65984.7,66016.4,0.218792,14.442908,-14.224116,-2092.880553
1781576700,2026-06-16 02:25:00,66016.4,66016.4,65720.4,65753.8,4.361078,15.288848,-10.927770,-2103.808323
1781577000,2026-06-16 02:30:00,65745.0,65884.3,65713.7,65763.9,0.771208,4.972981,-4.201772,-2108.010095
1781577300,2026-06-16 02:35:00,65763.9,65869.3,65763.9,65840.8,1.686816,0.321486,1.365330,-2106.644765
1781577600,2026-06-16 02:40:00,65840.9,65869.3,65817.7,65844.3,17.617854,0.355367,17.262487,-2089.382279
1781577900,2026-06-16 02:45:00,65844.3,65851.3,65829.0,65830.1,4.164334,1.655732,2.508602,-2086.873677
1781578200,2026-06-16 02:50:00,65830.1,65835.5,65773.5,65773.5,3.586366,0.676254,2.910112,-2083.963565
1781578500,2026-06-16 02:55:00,65773.4,65773.4,65644.4,65702.5,1.963355,4.700595,-2.737240,-2086.700805
1781578800,2026-06-16 03:00:00,65702.5,65801.1,65639.0,65790.9,1.968123,10.006076,-8.037953,-2094.738757
1781579100,2026-06-16 03:05:00,65796.9,65813.6,65700.0,65743.6,0.811168,1.981456,-1.170288,-2095.909045
1781579400,2026-06-16 03:10:00,65743.6,65780.1,65743.6,65768.5,4.273881,0.772929,3.500952,-2092.408093
1781579700,2026-06-16 03:15:00,65768.6,65779.4,65713.6,65737.9,1.003212,1.532548,-0.529335,-2092.937428
1781580000,2026-06-16 03:20:00,65741.0,65794.4,65628.5,65763.2,0.797563,11.924272,-11.126709,-2104.064137
1781580300,2026-06-16 03:25:00,65766.2,65973.2,65766.2,65941.9,16.061503,0.924944,15.136559,-2088.927578
1781580600,2026-06-16 03:30:00,65940.4,66017.3,65940.4,66005.9,2.112045,0.443513,1.668532,-2087.259046
1781580900,2026-06-16 03:35:00,66006.2,66023.6,65990.2,66018.0,0.792022,0.784547,0.007475,-2087.251571
1781581200,2026-06-16 03:40:00,66018.0,66084.6,66018.0,66084.6,1.331685,0.179805,1.151880,-2086.099691
1781581500,2026-06-16 03:45:00,66084.5,66110.0,66084.5,66110.0,0.677680,0.096387,0.581293,-2085.518398
1781581800,2026-06-16 03:50:00,66110.0,66110.0,66057.0,66060.9,0.489664,0.532446,-0.042781,-2085.561179
1781582100,2026-06-16 03:55:00,66061.0,66110.0,66056.1,66109.9,0.279792,0.297616,-0.017825,-2085.579004
1781582400,2026-06-16 04:00:00,66110.0,66214.0,66109.9,66214.0,6.254653,0.082813,6.171841,-2079.407163
1781582700,2026-06-16 04:05:00,66214.0,66239.6,66118.3,66149.6,6.651019,0.607317,6.043702,-2073.363462
1781583000,2026-06-16 04:10:00,66149.6,66151.4,66096.0,66110.2,0.408654,0.218202,0.190451,-2073.173010
1781583300,2026-06-16 04:15:00,66110.2,66110.2,66078.4,66085.2,0.448700,0.523245,-0.074545,-2073.247555
1781583600,2026-06-16 04:20:00,66091.3,66091.3,66007.5,66049.5,0.174938,0.777333,-0.602395,-2073.849950
1781583900,2026-06-16 04:25:00,66049.4,66049.4,65944.2,65944.3,0.408729,0.682758,-0.274029,-2074.123979
1781584200,2026-06-16 04:30:00,65944.2,65944.2,65778.5,65834.3,0.357413,5.297102,-4.939689,-2079.063668
1781584500,2026-06-16 04:35:00,65834.3,65849.7,65818.7,65834.3,0.234481,0.114507,0.119974,-2078.943694
1781584800,2026-06-16 04:40:00,65834.3,65865.3,65813.1,65829.6,2.060327,0.222373,1.837954,-2077.105739
1781585100,2026-06-16 04:45:00,65834.2,65860.9,65816.0,65833.7,0.325794,0.238420,0.087375,-2077.018365
1781585400,2026-06-16 04:50:00,65833.6,65858.4,65811.9,65821.8,3.023580,0.765294,2.258286,-2074.760079
1781585700,2026-06-16 04:55:00,65821.8,65868.9,65780.4,65818.6,3.203303,3.756710,-0.553407,-2075.313486
1781586000,2026-06-16 05:00:00,65818.6,65959.4,65818.5,65919.9,0.757180,4.512269,-3.755089,-2079.068574
1781586300,2026-06-16 05:05:00,65923.0,65954.3,65881.8,65926.8,0.142850,4.536589,-4.393739,-2083.462313
1781586600,2026-06-16 05:10:00,65926.8,66028.8,65926.7,65994.7,0.410793,3.881743,-3.470950,-2086.933263
1781586900,2026-06-16 05:15:00,65994.6,66039.1,65936.0,66028.3,7.683790,1.611976,6.071814,-2080.861448
1781587200,2026-06-16 05:20:00,66028.4,66062.1,66021.5,66051.7,0.734657,11.643704,-10.909047,-2091.770496
1781587500,2026-06-16 05:25:00,66051.7,66051.7,66007.8,66034.9,0.107049,0.384714,-0.277665,-2092.048161
1781587800,2026-06-16 05:30:00,66034.9,66053.9,65976.7,65980.3,1.569622,0.286478,1.283144,-2090.765017
1781588100,2026-06-16 05:35:00,65983.1,66079.2,65983.0,66079.2,0.185297,1.870196,-1.684899,-2092.449916
1781588400,2026-06-16 05:40:00,66079.1,66079.1,66036.9,66041.5,0.077769,0.867549,-0.789780,-2093.239696
1781588700,2026-06-16 05:45:00,66041.5,66094.5,66022.3,66031.4,0.676131,0.211399,0.464732,-2092.774964
1781589000,2026-06-16 05:50:00,66031.4,66096.3,66022.2,66022.2,0.540775,1.358581,-0.817806,-2093.592770
1781589300,2026-06-16 05:55:00,66011.7,66047.2,66011.7,66034.1,0.306123,1.015646,-0.709522,-2094.302292
1781589600,2026-06-16 06:00:00,66034.1,66124.5,66034.0,66100.9,0.040132,0.355317,-0.315185,-2094.617478
1781589900,2026-06-16 06:05:00,66100.8,66131.4,66062.0,66131.4,15.051790,0.431605,14.620185,-2079.997293
1781590200,2026-06-16 06:10:00,66131.4,66156.2,66107.7,66146.3,0.611310,0.545621,0.065689,-2079.931603
1781590500,2026-06-16 06:15:00,66146.3,66206.2,66120.1,66196.1,1.225288,0.335814,0.889474,-2079.042129
1781590800,2026-06-16 06:20:00,66196.0,66221.8,66182.8,66203.0,6.089692,0.297898,5.791794,-2073.250335
1781591100,2026-06-16 06:25:00,66202.9,66299.9,66202.9,66299.9,4.379613,2.072489,2.307124,-2070.943211
1781591400,2026-06-16 06:30:00,66300.0,66343.9,66260.6,66290.3,10.931146,0.203571,10.727575,-2060.215636
1781591700,2026-06-16 06:35:00,66305.4,66508.6,66305.4,66434.6,20.550115,2.022095,18.528020,-2041.687616
1781592000,2026-06-16 06:40:00,66435.0,66435.1,66370.6,66370.6,4.477309,1.507086,2.970223,-2038.717393
1781592300,2026-06-16 06:45:00,66367.9,66431.6,66367.8,66431.6,1.412812,0.316020,1.096792,-2037.620601
1781592600,2026-06-16 06:50:00,66431.6,66488.6,66431.5,66462.9,4.074138,0.095456,3.978682,-2033.641919
1781592900,2026-06-16 06:55:00,66462.8,66480.0,66410.4,66410.5,0.367995,0.762845,-0.394850,-2034.036769
1781593200,2026-06-16 07:00:00,66410.5,66421.3,66333.9,66369.6,2.080608,3.075080,-0.994471,-2035.031241
1781593500,2026-06-16 07:05:00,66369.6,66491.0,66369.6,66433.5,9.662707,0.166405,9.496302,-2025.534939
1781593800,2026-06-16 07:10:00,66451.9,66463.1,66337.4,66337.4,7.705833,1.989159,5.716674,-2019.818265
1781594100,2026-06-16 07:15:00,66328.6,66438.6,66288.6,66411.9,6.044207,0.338874,5.705333,-2014.112932
1781594400,2026-06-16 07:20:00,66411.9,66415.5,66289.7,66336.5,3.089022,1.079217,2.009805,-2012.103127
1781594700,2026-06-16 07:25:00,66354.4,66354.5,66310.8,66310.8,0.043395,0.315353,-0.271958,-2012.375085
1781595000,2026-06-16 07:30:00,66308.3,66356.1,66288.6,66335.9,0.079194,0.559620,-0.480426,-2012.855511
1781595300,2026-06-16 07:35:00,66335.9,66374.4,66320.9,66342.4,0.120655,5.099790,-4.979136,-2017.834647
1781595600,2026-06-16 07:40:00,66342.5,66384.8,66288.6,66288.6,0.655279,1.018693,-0.363414,-2018.198061
1781595900,2026-06-16 07:45:00,66288.6,66313.8,66281.8,66287.7,0.204878,0.868382,-0.663504,-2018.861565
1781596200,2026-06-16 07:50:00,66287.6,66335.9,66287.6,66320.7,0.032432,20.346798,-20.314366,-2039.175931
1781596500,2026-06-16 07:55:00,66321.5,66340.5,66320.9,66336.4,2.156603,0.265098,1.891505,-2037.284426
1781596800,2026-06-16 08:00:00,66336.5,66388.6,66321.4,66323.4,0.737459,0.211206,0.526254,-2036.758172
1781597100,2026-06-16 08:05:00,66323.4,66347.9,66323.3,66343.9,0.046416,2.226084,-2.179668,-2038.937840
1781597400,2026-06-16 08:10:00,66343.9,66438.6,66343.9,66422.9,0.989387,0.465200,0.524187,-2038.413653
1781597700,2026-06-16 08:15:00,66422.9,66516.6,66422.9,66450.6,3.234103,0.390548,2.843555,-2035.570098
1781598000,2026-06-16 08:20:00,66450.7,66450.7,66338.7,66448.7,4.892521,6.869967,-1.977445,-2037.547543
1781598300,2026-06-16 08:25:00,66448.6,66501.8,66436.6,66501.8,0.655889,0.167570,0.488318,-2037.059225
1781598600,2026-06-16 08:30:00,66501.8,66562.1,66501.8,66562.0,5.832100,16.389029,-10.556930,-2047.616154
1781598900,2026-06-16 08:35:00,66562.0,66588.6,66472.5,66480.5,0.737550,8.329236,-7.591686,-2055.207840
1781599200,2026-06-16 08:40:00,66480.5,66579.8,66480.5,66579.8,1.188612,0.194255,0.994357,-2054.213483
1781599500,2026-06-16 08:45:00,66578.2,66588.6,66531.7,66588.6,0.531777,0.167160,0.364616,-2053.848867
1781599800,2026-06-16 08:50:00,66588.6,66908.8,66588.6,66908.8,11.565429,0.329535,11.235895,-2042.612972
1781600100,2026-06-16 08:55:00,66916.9,66922.4,66842.1,66844.8,0.393406,0.601601,-0.208195,-2042.821168
1781600400,2026-06-16 09:00:00,66844.8,66860.2,66757.6,66788.9,11.519280,0.966469,10.552811,-2032.268357
1781600700,2026-06-16 09:05:00,66788.9,66805.2,66715.7,66732.5,0.383497,4.138438,-3.754941,-2036.023298
1781601000,2026-06-16 09:10:00,66732.5,66732.5,66700.0,66700.1,0.974088,0.249879,0.724209,-2035.299089
1781601300,2026-06-16 09:15:00,66700.1,66700.1,66589.1,66589.1,1.554722,3.663721,-2.108999,-2037.408089
1781601600,2026-06-16 09:20:00,66589.1,66612.0,66518.2,66612.0,0.443443,2.092464,-1.649021,-2039.057110
1781601900,2026-06-16 09:25:00,66611.9,66627.9,66558.3,66570.7,0.178287,0.456465,-0.278178,-2039.335288
1781602200,2026-06-16 09:30:00,66570.7,66671.8,66568.0,66671.8,1.036726,0.472631,0.564095,-2038.771193
1781602500,2026-06-16 09:35:00,66671.7,66671.7,66548.5,66579.0,0.148398,0.430267,-0.281869,-2039.053062
1781602800,2026-06-16 09:40:00,66579.0,66643.2,66579.0,66643.2,0.145009,0.148002,-0.002993,-2039.056055
1781603100,2026-06-16 09:45:00,66643.1,66671.8,66488.6,66488.6,0.158341,2.517869,-2.359528,-2041.415583
1781603400,2026-06-16 09:50:00,66488.6,66526.8,66440.3,66522.0,1.088552,0.556334,0.532218,-2040.883365
1781603700,2026-06-16 09:55:00,66522.0,66538.9,66450.0,66470.3,1.554975,2.724637,-1.169663,-2042.053028
1781604000,2026-06-16 10:00:00,66470.3,66484.0,66456.1,66476.9,0.170690,0.314466,-0.143776,-2042.196804
1781604300,2026-06-16 10:05:00,66476.8,66541.8,66476.8,66540.8,2.038156,0.344551,1.693605,-2040.503199
1781604600,2026-06-16 10:10:00,66540.9,66540.9,66486.6,66496.1,0.298468,1.563550,-1.265082,-2041.768282
1781604900,2026-06-16 10:15:00,66496.1,66576.0,66496.1,66560.1,0.453787,0.787055,-0.333268,-2042.101550
1781605200,2026-06-16 10:20:00,66560.1,66716.8,66560.1,66657.0,6.780866,0.259076,6.521790,-2035.579760
1781605500,2026-06-16 10:25:00,66657.0,66657.0,66603.6,66634.4,1.116692,0.107618,1.009074,-2034.570685
1781605800,2026-06-16 10:30:00,66634.3,66634.3,66538.6,66614.6,0.726638,0.912718,-0.186080,-2034.756765
1781606100,2026-06-16 10:35:00,66616.5,66616.5,66577.4,66577.5,0.109526,0.668254,-0.558729,-2035.315494
1781606400,2026-06-16 10:40:00,66577.4,66577.4,66544.7,66570.4,0.207843,0.350891,-0.143047,-2035.458541
1781606700,2026-06-16 10:45:00,66570.4,66578.6,66496.7,66530.3,3.810761,6.261121,-2.450360,-2037.908901
1781607000,2026-06-16 10:50:00,66530.4,66570.4,66506.4,66535.5,1.269486,0.900278,0.369208,-2037.539694
1781607300,2026-06-16 10:55:00,66535.5,66535.5,66450.0,66473.5,0.152737,0.826433,-0.673696,-2038.213389
1781607600,2026-06-16 11:00:00,66473.5,66584.9,66466.5,66545.7,0.064764,0.245006,-0.180242,-2038.393631
1781607900,2026-06-16 11:05:00,66517.9,66525.5,66428.9,66448.6,2.546743,0.818928,1.727816,-2036.665816
1781608200,2026-06-16 11:10:00,66448.6,66471.4,66421.0,66459.9,0.081937,1.486563,-1.404626,-2038.070442
1781608500,2026-06-16 11:15:00,66459.9,66513.2,66459.8,66512.2,2.640715,0.518961,2.121755,-2035.948687
1781608800,2026-06-16 11:20:00,66512.1,66525.5,66388.6,66413.9,0.431483,6.762048,-6.330566,-2042.279253
1781609100,2026-06-16 11:25:00,66414.3,66435.5,66366.9,66435.4,0.074309,0.979761,-0.905453,-2043.184705
1781609400,2026-06-16 11:30:00,66435.5,66435.6,66366.8,66366.8,0.231566,0.553151,-0.321585,-2043.506291
1781609700,2026-06-16 11:35:00,66366.8,66366.8,66337.0,66348.4,2.443716,0.938763,1.504953,-2042.001337
1781610000,2026-06-16 11:40:00,66348.5,66363.4,66348.5,66360.0,0.293458,0.147262,0.146196,-2041.855141
1781610300,2026-06-16 11:45:00,66360.0,66377.8,66335.0,66376.4,2.966372,0.370360,2.596013,-2039.259128
1781610600,2026-06-16 11:50:00,66376.3,66416.0,66334.5,66359.5,0.218648,0.778894,-0.560247,-2039.819375
1781610900,2026-06-16 11:55:00,66359.6,66434.4,66359.5,66434.4,0.088656,0.188296,-0.099640,-2039.919016
1781611200,2026-06-16 12:00:00,66434.4,66438.6,66383.6,66383.6,0.354437,2.603783,-2.249346,-2042.168361
1781611500,2026-06-16 12:05:00,66381.9,66460.7,66378.3,66446.8,1.537718,2.735689,-1.197971,-2043.366333
1781611800,2026-06-16 12:10:00,66450.1,66515.7,66450.1,66503.2,0.850028,0.162425,0.687603,-2042.678729
1781612100,2026-06-16 12:15:00,66505.1,66607.5,66505.1,66600.3,2.346560,0.628576,1.717984,-2040.960745
1781612400,2026-06-16 12:20:00,66600.3,66622.4,66510.5,66510.5,11.981371,2.229128,9.752243,-2031.208502
1781612700,2026-06-16 12:25:00,66510.4,66557.6,66510.4,66533.1,0.662457,1.273204,-0.610746,-2031.819248
1781613000,2026-06-16 12:30:00,66533.1,66748.4,66512.2,66723.5,5.480687,2.636066,2.844620,-2028.974628
1781613300,2026-06-16 12:35:00,66723.5,66723.5,66550.7,66577.2,0.627099,5.410597,-4.783498,-2033.758126
1781613600,2026-06-16 12:40:00,66577.1,66577.1,66400.2,66438.9,0.441102,3.926401,-3.485299,-2037.243425
1781613900,2026-06-16 12:45:00,66438.9,66450.5,66341.3,66370.1,0.336281,6.779883,-6.443602,-2043.687027
1781614200,2026-06-16 12:50:00,66365.9,66399.6,66313.8,66387.4,0.447434,3.076286,-2.628853,-2046.315879
1781614500,2026-06-16 12:55:00,66387.3,66402.4,66341.4,66379.3,0.294269,0.214804,0.079464,-2046.236415
1781614800,2026-06-16 13:00:00,66379.3,66413.4,66332.5,66372.3,0.131410,8.358081,-8.226671,-2054.463086
1781615100,2026-06-16 13:05:00,66372.3,66372.3,66100.0,66142.4,0.552067,8.970936,-8.418869,-2062.881956
1781615400,2026-06-16 13:10:00,66142.4,66154.7,65954.9,66154.7,1.007443,3.355394,-2.347951,-2065.229907
1781615700,2026-06-16 13:15:00,66154.6,66215.0,66152.2,66200.1,2.938894,2.683957,0.254937,-2064.974969
1781616000,2026-06-16 13:20:00,66200.1,66200.1,66051.9,66119.5,0.409731,3.646705,-3.236974,-2068.211943
1781616300,2026-06-16 13:25:00,66119.4,66119.4,65968.1,65968.2,0.308980,7.027745,-6.718765,-2074.930708
1781616600,2026-06-16 13:30:00,65968.2,66116.0,65902.3,65943.8,16.904797,4.663925,12.240873,-2062.689835
1781616900,2026-06-16 13:35:00,65925.7,66027.0,65876.5,65988.7,2.147155,6.076231,-3.929076,-2066.618911
1781617200,2026-06-16 13:40:00,65983.3,66096.4,65975.9,66076.5,0.604861,1.828119,-1.223258,-2067.842169
1781617500,2026-06-16 13:45:00,66072.7,66131.4,66042.0,66127.2,2.170527,0.905548,1.264979,-2066.577190
1781617800,2026-06-16 13:50:00,66140.9,66140.9,65943.3,65985.3,0.813622,18.875696,-18.062074,-2084.639264
1781618100,2026-06-16 13:55:00,65977.2,66059.4,65977.2,66000.0,0.284271,1.231313,-0.947042,-2085.586306
1781618400,2026-06-16 14:00:00,66000.1,66172.1,66000.0,66172.1,1.164349,2.554927,-1.390578,-2086.976884
1781618700,2026-06-16 14:05:00,66168.4,66207.2,66000.0,66054.5,9.672018,21.891042,-12.219023,-2099.195908
1781619000,2026-06-16 14:10:00,66059.1,66100.5,65974.2,65974.5,1.059983,3.453445,-2.393462,-2101.589370
1781619300,2026-06-16 14:15:00,65974.6,66012.7,65645.0,65673.2,3.845801,39.314671,-35.468869,-2137.058240
1781619600,2026-06-16 14:20:00,65656.7,65700.0,65449.5,65600.0,94.503107,40.022490,54.480617,-2082.577623
1781619900,2026-06-16 14:25:00,65600.0,65694.6,65515.5,65515.5,55.989596,16.657728,39.331868,-2043.245755
1781620200,2026-06-16 14:30:00,65507.7,65570.8,65289.8,65513.5,10.014372,61.293330,-51.278958,-2094.524713
1781620500,2026-06-16 14:35:00,65512.9,65642.4,65501.2,65600.0,32.170971,42.662021,-10.491050,-2105.015763
1781620800,2026-06-16 14:40:00,65600.0,65686.1,65590.2,65621.1,9.909839,2.694506,7.215333,-2097.800430
1781621100,2026-06-16 14:45:00,65621.0,65700.1,65580.2,65604.2,6.494577,6.987959,-0.493382,-2098.293812
1781621400,2026-06-16 14:50:00,65608.9,65688.3,65600.4,65637.6,1.740194,2.332441,-0.592247,-2098.886059
1781621700,2026-06-16 14:55:00,65642.3,65685.8,65569.6,65591.7,1.079206,0.736838,0.342368,-2098.543691
1781622000,2026-06-16 15:00:00,65591.8,65684.0,65573.0,65610.1,5.094221,2.863296,2.230925,-2096.312766
1781622300,2026-06-16 15:05:00,65610.0,65785.8,65610.0,65742.7,16.964639,5.221721,11.742918,-2084.569848
1781622600,2026-06-16 15:10:00,65743.2,65817.3,65719.3,65804.3,0.890620,0.673753,0.216867,-2084.352980
1781622900,2026-06-16 15:15:00,65804.3,65849.5,65741.9,65742.0,1.641511,2.876338,-1.234827,-2085.587808
1781623200,2026-06-16 15:20:00,65740.0,65752.8,65675.7,65720.7,2.251262,7.414899,-5.163636,-2090.751444
1781623500,2026-06-16 15:25:00,65720.7,65775.7,65666.3,65758.5,0.471488,0.349393,0.122095,-2090.629349
1781623800,2026-06-16 15:30:00,65772.6,65838.9,65750.6,65782.1,0.504944,7.696125,-7.191180,-2097.820529
1781624100,2026-06-16 15:35:00,65794.5,65952.2,65774.2,65788.5,7.310163,7.836602,-0.526439,-2098.346968
1781624400,2026-06-16 15:40:00,65788.2,65827.1,65784.2,65784.2,0.888850,0.210678,0.678172,-2097.668797
1781624700,2026-06-16 15:45:00,65784.3,65784.3,65650.8,65752.5,4.258018,3.192998,1.065020,-2096.603777
1781625000,2026-06-16 15:50:00,65752.8,65914.7,65752.8,65887.1,2.170882,2.201040,-0.030158,-2096.633934
1781625300,2026-06-16 15:55:00,65887.5,65932.2,65811.8,65816.4,3.720513,2.298521,1.421992,-2095.211942
1781625600,2026-06-16 16:00:00,65816.4,65898.7,65814.9,65846.1,4.340191,2.201409,2.138782,-2093.073160
1781625900,2026-06-16 16:05:00,65846.1,65850.0,65762.6,65778.5,0.365599,6.702436,-6.336837,-2099.409997
1781626200,2026-06-16 16:10:00,65791.4,65820.2,65731.7,65731.8,1.049500,0.547204,0.502296,-2098.907701
1781626500,2026-06-16 16:15:00,65732.0,65749.2,65685.6,65707.0,0.767360,3.444586,-2.677226,-2101.584927
1781626800,2026-06-16 16:20:00,65702.6,65749.2,65702.6,65749.2,1.460420,2.249974,-0.789554,-2102.374481
1781627100,2026-06-16 16:25:00,65749.2,65749.2,65662.1,65727.1,0.474232,4.987375,-4.513143,-2106.887624
1781627400,2026-06-16 16:30:00,65727.1,65734.0,65642.1,65664.9,2.601959,7.508314,-4.906355,-2111.793979
1781627700,2026-06-16 16:35:00,65667.8,65817.2,65667.8,65817.2,7.379992,10.706732,-3.326740,-2115.120719
1781628000,2026-06-16 16:40:00,65810.6,65810.6,65738.6,65756.3,0.831352,1.877291,-1.045939,-2116.166657
1781628300,2026-06-16 16:45:00,65756.3,65761.3,65655.8,65668.3,0.441072,14.018629,-13.577557,-2129.744215
1781628600,2026-06-16 16:50:00,65665.5,65705.9,65651.4,65673.1,0.152229,2.360295,-2.208066,-2131.952281
1781628900,2026-06-16 16:55:00,65661.9,65733.5,65660.4,65700.7,0.908422,2.745129,-1.836707,-2133.788988
1781629200,2026-06-16 17:00:00,65703.1,65744.8,65700.0,65700.1,0.556207,1.345123,-0.788916,-2134.577904
1781629500,2026-06-16 17:05:00,65700.1,65764.2,65683.9,65710.2,1.837900,3.094728,-1.256828,-2135.834732
1781629800,2026-06-16 17:10:00,65710.1,65784.0,65710.1,65736.2,0.594140,0.535931,0.058208,-2135.776524
1781630100,2026-06-16 17:15:00,65730.3,65792.8,65716.8,65730.4,1.272016,1.650797,-0.378781,-2136.155305
1781630400,2026-06-16 17:20:00,65742.8,65749.7,65654.2,65730.3,0.670095,1.242844,-0.572748,-2136.728053
1781630700,2026-06-16 17:25:00,65730.3,65755.5,65684.9,65694.8,0.898264,0.955568,-0.057304,-2136.785357
1781631000,2026-06-16 17:30:00,65689.7,65761.2,65663.3,65755.8,1.092834,0.213915,0.878920,-2135.906438
1781631300,2026-06-16 17:35:00,65755.8,65755.8,65665.7,65670.4,0.334234,2.023824,-1.689591,-2137.596028
1781631600,2026-06-16 17:40:00,65670.5,65702.2,65665.6,65701.9,2.016972,0.682891,1.334081,-2136.261947
1781631900,2026-06-16 17:45:00,65695.8,65875.7,65690.8,65875.6,2.234351,2.274966,-0.040615,-2136.302562
1781632200,2026-06-16 17:50:00,65875.7,65952.3,65861.5,65900.4,9.944674,1.411982,8.532692,-2127.769870
1781632500,2026-06-16 17:55:00,65900.0,65935.7,65844.7,65920.5,1.552796,1.786606,-0.233810,-2128.003680
1781632800,2026-06-16 18:00:00,65920.5,66753.2,65891.9,66049.1,119.251642,15.480054,103.771588,-2024.232092
1781633100,2026-06-16 18:05:00,66058.3,66080.7,66020.6,66038.4,24.131161,1.373771,22.757390,-2001.474702
1781633400,2026-06-16 18:10:00,66038.5,66093.0,66038.4,66084.4,1.376819,3.537862,-2.161043,-2003.635744
1781633700,2026-06-16 18:15:00,66083.9,66084.0,65967.8,66047.9,1.435625,0.851378,0.584247,-2003.051497
1781634000,2026-06-16 18:20:00,66042.5,66042.5,65861.5,65861.5,2.598725,4.423278,-1.824552,-2004.876050
1781634300,2026-06-16 18:25:00,65863.5,65870.7,65813.9,65853.3,3.753460,0.782225,2.971234,-2001.904816
1781634600,2026-06-16 18:30:00,65857.5,65905.7,65854.3,65863.4,0.305811,0.108894,0.196918,-2001.707898
1781634900,2026-06-16 18:35:00,65868.9,65868.9,65750.3,65772.0,0.632745,0.476953,0.155792,-2001.552106
1781635200,2026-06-16 18:40:00,65776.5,65803.1,65749.5,65791.6,0.749120,2.593935,-1.844816,-2003.396922
1781635500,2026-06-16 18:45:00,65795.5,65848.3,65794.2,65838.2,6.597444,0.964901,5.632543,-1997.764378
1781635800,2026-06-16 18:50:00,65838.2,65865.3,65801.8,65812.4,0.992114,1.134311,-0.142197,-1997.906576
1781636100,2026-06-16 18:55:00,65818.1,65819.4,65768.9,65771.8,0.304030,0.462324,-0.158294,-1998.064870
1781636400,2026-06-16 19:00:00,65771.9,65771.9,65610.0,65650.3,1.897723,9.050036,-7.152313,-2005.217183
1781636700,2026-06-16 19:05:00,65652.9,65721.7,65610.0,65704.7,0.821304,0.181600,0.639704,-2004.577479
1781637000,2026-06-16 19:10:00,65704.4,65704.4,65610.0,65613.0,0.302481,1.623888,-1.321407,-2005.898887
1781637300,2026-06-16 19:15:00,65613.2,65613.2,65500.1,65578.2,0.408273,12.997900,-12.589627,-2018.488514
1781637600,2026-06-16 19:20:00,65580.0,65659.1,65579.4,65640.9,0.492710,0.663382,-0.170672,-2018.659187
1781637900,2026-06-16 19:25:00,65640.9,65659.2,65621.0,65643.1,0.215496,2.223416,-2.007920,-2020.667106
1781638200,2026-06-16 19:30:00,65643.1,65724.2,65641.4,65643.0,1.442560,0.920232,0.522328,-2020.144778
1781638500,2026-06-16 19:35:00,65647.8,65665.9,65552.6,65556.6,1.460926,1.086568,0.374359,-2019.770420
1781638800,2026-06-16 19:40:00,65554.0,65585.9,65539.1,65582.8,3.895895,0.773794,3.122101,-2016.648319
1781639100,2026-06-16 19:45:00,65591.0,65665.2,65579.1,65587.5,18.900698,2.017611,16.883087,-1999.765232
1781639400,2026-06-16 19:50:00,65587.6,65614.5,65521.0,65547.0,0.613761,2.547153,-1.933392,-2001.698624
1781639700,2026-06-16 19:55:00,65547.9,65603.8,65514.2,65603.8,2.380847,1.123267,1.257579,-2000.441045
1781640000,2026-06-16 20:00:00,65613.0,65613.0,65526.1,65581.3,2.762535,1.390741,1.371794,-1999.069251
1781640300,2026-06-16 20:05:00,65582.1,65591.3,65538.3,65588.7,1.501333,1.412228,0.089105,-1998.980146
1781640600,2026-06-16 20:10:00,65588.7,65703.6,65588.7,65703.6,5.268508,10.120217,-4.851709,-2003.831854
1781640900,2026-06-16 20:15:00,65701.0,65738.6,65688.4,65722.2,1.553303,0.203927,1.349376,-2002.482478
1781641200,2026-06-16 20:20:00,65727.0,65788.6,65720.4,65720.7,0.794401,0.640221,0.154180,-2002.328298
1781641500,2026-06-16 20:25:00,65720.5,65720.5,65638.6,65663.6,1.085581,0.268785,0.816796,-2001.511502
1781641800,2026-06-16 20:30:00,65661.6,65717.9,65661.6,65717.9,0.613663,0.181081,0.432582,-2001.078920
1781642100,2026-06-16 20:35:00,65721.9,65744.5,65688.0,65744.4,0.666255,2.381310,-1.715055,-2002.793975
1781642400,2026-06-16 20:40:00,65744.4,65781.6,65742.1,65781.1,0.324214,0.194488,0.129726,-2002.664249
1781642700,2026-06-16 20:45:00,65781.1,65788.5,65770.4,65782.7,0.489277,0.444208,0.045069,-2002.619180
1781643000,2026-06-16 20:50:00,65782.7,65811.7,65769.8,65795.7,1.173258,0.098325,1.074933,-2001.544247
1781643300,2026-06-16 20:55:00,65793.7,65795.7,65785.0,65790.9,0.135148,0.415262,-0.280114,-2001.824361
1781643600,2026-06-16 21:00:00,65790.9,65804.1,65773.0,65784.8,2.099756,0.296860,1.802897,-2000.021464
1781643900,2026-06-16 21:05:00,65799.2,65859.9,65787.0,65859.8,1.712614,3.148996,-1.436382,-2001.457846
1781644200,2026-06-16 21:10:00,65859.9,65859.9,65809.5,65854.1,0.346094,0.314252,0.031843,-2001.426003
1781644500,2026-06-16 21:15:00,65856.3,65857.1,65667.8,65699.2,0.530019,5.779410,-5.249391,-2006.675395
1781644800,2026-06-16 21:20:00,65704.1,65706.0,65671.8,65692.0,0.439127,0.479565,-0.040438,-2006.715833
1781645100,2026-06-16 21:25:00,65691.9,65691.9,65652.5,65669.9,1.544673,4.699072,-3.154399,-2009.870231
1781645400,2026-06-16 21:30:00,65666.1,65691.2,65662.0,65665.8,0.417605,0.085543,0.332062,-2009.538169
1781645700,2026-06-16 21:35:00,65666.7,65666.7,65590.1,65590.1,3.967280,1.614574,2.352706,-2007.185464
1781646000,2026-06-16 21:40:00,65591.8,65666.7,65589.9,65666.7,1.351392,0.794967,0.556425,-2006.629039
1781646300,2026-06-16 21:45:00,65667.9,65713.2,65649.1,65711.3,2.824602,0.162652,2.661950,-2003.967088
1781646600,2026-06-16 21:50:00,65711.2,65726.0,65711.2,65711.7,0.522569,0.070391,0.452178,-2003.514910
1781646900,2026-06-16 21:55:00,65711.5,65721.4,65701.8,65715.8,1.041030,2.351838,-1.310809,-2004.825719
1781647200,2026-06-16 22:00:00,65715.9,65719.4,65656.8,65691.2,0.519083,0.783035,-0.263952,-2005.089671
1781647500,2026-06-16 22:05:00,65694.3,65717.2,65687.0,65708.1,3.647475,1.366837,2.280637,-2002.809034
1781647800,2026-06-16 22:10:00,65707.9,65810.8,65707.9,65780.1,2.312091,0.171036,2.141055,-2000.667979
1781648100,2026-06-16 22:15:00,65776.4,65821.8,65766.8,65816.3,0.582245,0.377576,0.204669,-2000.463310
1781648400,2026-06-16 22:20:00,65823.0,65823.1,65644.3,65644.3,0.760067,8.788893,-8.028825,-2008.492135
1781648700,2026-06-16 22:25:00,65653.7,65711.3,65653.6,65710.5,4.226118,0.310266,3.915851,-2004.576284
1781649000,2026-06-16 22:30:00,65710.5,65720.7,65642.3,65659.0,0.219569,0.126601,0.092968,-2004.483316
1781649300,2026-06-16 22:35:00,65659.0,65679.8,65642.1,65674.4,0.937056,0.378013,0.559044,-2003.924273
1781649600,2026-06-16 22:40:00,65674.4,65698.0,65652.8,65657.5,0.067835,0.203244,-0.135408,-2004.059681
1781649900,2026-06-16 22:45:00,65657.5,65657.5,65621.2,65627.3,0.174108,16.960495,-16.786387,-2020.846068
1781650200,2026-06-16 22:50:00,65627.3,65671.5,65627.2,65671.5,0.285989,0.032025,0.253964,-2020.592103
1781650500,2026-06-16 22:55:00,65668.4,65722.6,65668.3,65714.7,0.326679,0.073074,0.253605,-2020.338498
1781650800,2026-06-16 23:00:00,65714.7,65759.8,65711.6,65747.9,2.356605,0.066343,2.290262,-2018.048236
1781651100,2026-06-16 23:05:00,65747.9,65766.9,65706.9,65712.3,0.242647,0.163436,0.079212,-2017.969024
1781651400,2026-06-16 23:10:00,65712.3,65714.4,65670.2,65705.9,0.423432,0.129243,0.294190,-2017.674834
1781651700,2026-06-16 23:15:00,65705.7,65705.8,65630.7,65639.5,0.175868,0.592707,-0.416839,-2018.091672
1781652000,2026-06-16 23:20:00,65630.0,65630.0,65588.6,65606.9,0.070730,0.251707,-0.180977,-2018.272649
1781652300,2026-06-16 23:25:00,65606.9,65676.3,65606.9,65669.4,1.010658,0.357325,0.653333,-2017.619316
1781652600,2026-06-16 23:30:00,65674.0,65696.9,65662.3,65696.9,0.351176,0.039920,0.311256,-2017.308060
1781652900,2026-06-16 23:35:00,65708.7,65711.8,65686.4,65696.6,0.584240,0.094416,0.489823,-2016.818236
1781653200,2026-06-16 23:40:00,65696.8,65696.8,65650.9,65659.3,5.316615,0.123618,5.192997,-2011.625239
1781653500,2026-06-16 23:45:00,65659.2,65659.2,65600.1,65600.1,0.153580,0.470574,-0.316994,-2011.942234
1781653800,2026-06-16 23:50:00,65600.1,65617.1,65585.0,65611.8,0.441065,0.875324,-0.434259,-2012.376493
1781654100,2026-06-16 23:55:00,65609.7,65611.8,65575.4,65609.5,0.175008,0.212627,-0.037619,-2012.414112
1781654400,2026-06-17 00:00:00,65609.6,65691.7,65609.5,65649.7,6.417034,5.380696,1.036338,-2011.377774
1781654700,2026-06-17 00:05:00,65643.8,65676.9,65643.7,65676.9,0.087710,0.705996,-0.618286,-2011.996061
1781655000,2026-06-17 00:10:00,65676.9,65738.6,65676.9,65699.6,0.600114,0.044409,0.555705,-2011.440355
1781655300,2026-06-17 00:15:00,65698.4,65730.8,65660.0,65728.8,0.209509,0.225575,-0.016066,-2011.456421
1781655600,2026-06-17 00:20:00,65728.7,65728.8,65660.0,65665.1,0.310072,0.277079,0.032993,-2011.423428
1781655900,2026-06-17 00:25:00,65665.1,65688.1,65657.3,65666.7,3.158778,0.243444,2.915334,-2008.508094
1781656200,2026-06-17 00:30:00,65666.7,65762.5,65641.4,65750.9,0.814784,0.313454,0.501329,-2008.006765
1781656500,2026-06-17 00:35:00,65750.8,65766.9,65712.1,65739.6,0.173729,0.051606,0.122123,-2007.884641
1781656800,2026-06-17 00:40:00,65739.6,65788.6,65739.6,65769.4,3.335071,0.375164,2.959908,-2004.924733
1781657100,2026-06-17 00:45:00,65769.4,65784.3,65750.7,65774.0,1.224525,0.404682,0.819843,-2004.104890
1781657400,2026-06-17 00:50:00,65774.0,65774.0,65646.3,65661.5,0.870528,3.026303,-2.155775,-2006.260665
1781657700,2026-06-17 00:55:00,65661.6,65708.3,65655.5,65655.5,1.291570,0.383304,0.908267,-2005.352398
1781658000,2026-06-17 01:00:00,65655.5,65759.3,65632.8,65735.0,0.893805,0.634954,0.258851,-2005.093547
1781658300,2026-06-17 01:05:00,65735.1,65762.7,65705.0,65744.4,0.491132,0.139361,0.351771,-2004.741777
1781658600,2026-06-17 01:10:00,65744.3,65744.3,65714.7,65734.6,0.181162,0.076154,0.105007,-2004.636769
1781658900,2026-06-17 01:15:00,65734.6,65742.7,65532.7,65535.2,15.316325,2.861140,12.455185,-1992.181585
1781659200,2026-06-17 01:20:00,65542.4,65565.7,65433.3,65511.1,1.394593,7.574515,-6.179922,-1998.361507
1781659500,2026-06-17 01:25:00,65511.1,65527.1,65479.5,65527.1,0.312597,0.184254,0.128342,-1998.233164
1781659800,2026-06-17 01:30:00,65527.1,65549.7,65494.6,65538.4,0.357769,1.169914,-0.812145,-1999.045309
1781660100,2026-06-17 01:35:00,65540.3,65636.5,65540.3,65616.0,0.361453,0.131971,0.229482,-1998.815827
1781660400,2026-06-17 01:40:00,65614.6,65743.8,65614.6,65699.7,2.204047,0.280647,1.923400,-1996.892428
1781660700,2026-06-17 01:45:00,65699.7,65810.9,65699.7,65810.9,0.662764,0.539046,0.123718,-1996.768710
1781661000,2026-06-17 01:50:00,65824.9,65833.7,65768.1,65810.3,0.218259,0.270954,-0.052696,-1996.821406
1781661300,2026-06-17 01:55:00,65810.3,65896.9,65810.3,65885.6,3.009123,1.110735,1.898387,-1994.923018
1781661600,2026-06-17 02:00:00,65885.6,65885.6,65824.3,65839.9,0.372125,0.450373,-0.078248,-1995.001266
1781661900,2026-06-17 02:05:00,65839.9,65839.9,65788.6,65803.5,0.474720,0.677560,-0.202840,-1995.204106
1781662200,2026-06-17 02:10:00,65803.4,65845.5,65782.5,65839.9,0.319434,0.855541,-0.536107,-1995.740213
1781662500,2026-06-17 02:15:00,65839.8,65863.7,65813.6,65830.3,4.161070,1.051052,3.110018,-1992.630195
1781662800,2026-06-17 02:20:00,65830.3,66080.2,65830.3,66007.2,12.385767,1.984082,10.401684,-1982.228511
1781663100,2026-06-17 02:25:00,66007.1,66025.2,65947.1,66025.2,0.330779,0.168722,0.162057,-1982.066454
1781663400,2026-06-17 02:30:00,66039.4,66039.4,65862.6,65862.6,2.981865,1.412273,1.569593,-1980.496861
1781663700,2026-06-17 02:35:00,65862.5,65862.5,65740.9,65740.9,5.096179,1.577229,3.518949,-1976.977912
1781664000,2026-06-17 02:40:00,65738.7,65816.7,65738.7,65803.5,0.357664,0.335101,0.022563,-1976.955349
1781664300,2026-06-17 02:45:00,65803.5,65838.9,65783.7,65826.1,0.163016,0.131489,0.031527,-1976.923822
1781664600,2026-06-17 02:50:00,65824.3,65852.5,65773.8,65803.2,0.252725,0.559968,-0.307243,-1977.231065
1781664900,2026-06-17 02:55:00,65803.1,65857.6,65793.7,65846.3,0.182664,0.292425,-0.109761,-1977.340826
1781665200,2026-06-17 03:00:00,65846.3,65846.3,65782.3,65805.3,0.498031,0.045500,0.452531,-1976.888295
1781665500,2026-06-17 03:05:00,65805.4,65834.4,65793.6,65797.0,0.098184,1.744904,-1.646720,-1978.535015
1781665800,2026-06-17 03:10:00,65797.0,65797.0,65760.6,65771.7,0.299843,0.091072,0.208771,-1978.326244
1781666100,2026-06-17 03:15:00,65771.6,65771.6,65676.0,65716.2,0.435183,4.911728,-4.476545,-1982.802790
1781666400,2026-06-17 03:20:00,65716.2,65716.2,65668.0,65668.1,0.246036,0.501716,-0.255680,-1983.058470
1781666700,2026-06-17 03:25:00,65668.1,65732.3,65668.0,65726.2,0.177398,0.137212,0.040186,-1983.018283
1781667000,2026-06-17 03:30:00,65721.7,65809.7,65720.7,65790.1,1.205490,1.043626,0.161865,-1982.856419
1781667300,2026-06-17 03:35:00,65790.1,65790.1,65755.3,65756.0,0.085800,0.297304,-0.211504,-1983.067923
1781667600,2026-06-17 03:40:00,65756.1,65776.0,65743.2,65743.2,0.165445,0.144859,0.020587,-1983.047336
1781667900,2026-06-17 03:45:00,65743.2,65773.2,65724.2,65773.2,0.110626,0.065516,0.045110,-1983.002226
1781668200,2026-06-17 03:50:00,65746.3,65798.0,65746.3,65779.0,0.233448,0.049114,0.184334,-1982.817893
1781668500,2026-06-17 03:55:00,65779.1,65784.8,65744.3,65781.5,0.097963,0.432926,-0.334963,-1983.152856
1781668800,2026-06-17 04:00:00,65781.5,65809.5,65770.5,65793.2,0.109992,0.041453,0.068539,-1983.084317
1781669100,2026-06-17 04:05:00,65793.2,65819.7,65793.2,65801.4,0.102873,0.023394,0.079479,-1983.004838
1781669400,2026-06-17 04:10:00,65801.3,65833.4,65759.8,65765.7,0.264349,2.486109,-2.221760,-1985.226598
1781669700,2026-06-17 04:15:00,65765.8,65788.1,65746.9,65746.9,0.089611,0.737048,-0.647437,-1985.874036
1781670000,2026-06-17 04:20:00,65746.9,65836.6,65746.8,65836.5,0.149907,0.021445,0.128462,-1985.745574
1781670300,2026-06-17 04:25:00,65836.5,65836.5,65805.7,65836.4,1.179969,0.106588,1.073382,-1984.672192
1781670600,2026-06-17 04:30:00,65836.5,65852.5,65802.1,65844.5,2.600753,0.125589,2.475164,-1982.197028
1781670900,2026-06-17 04:35:00,65844.6,65859.5,65824.4,65859.5,0.043649,0.426468,-0.382820,-1982.579848
1781671200,2026-06-17 04:40:00,65859.5,65883.3,65859.4,65863.7,1.440448,0.049951,1.390497,-1981.189350
1781671500,2026-06-17 04:45:00,65863.7,65977.4,65863.6,65975.5,3.128302,0.036867,3.091435,-1978.097915
1781671800,2026-06-17 04:50:00,65975.5,65980.1,65883.6,65888.2,0.171027,0.348701,-0.177675,-1978.275590
1781672100,2026-06-17 04:55:00,65888.4,65888.4,65838.6,65838.6,0.092153,0.481015,-0.388862,-1978.664452
1781672400,2026-06-17 05:00:00,65838.7,65883.3,65807.2,65883.3,0.241218,2.118242,-1.877024,-1980.541476
1781672700,2026-06-17 05:05:00,65883.3,65920.2,65754.6,65757.3,0.550526,0.843991,-0.293465,-1980.834941
1781673000,2026-06-17 05:10:00,65755.2,65755.3,65738.6,65749.7,0.503511,0.150495,0.353016,-1980.481925
1781673300,2026-06-17 05:15:00,65749.7,65749.7,65715.7,65718.8,0.180013,0.545175,-0.365162,-1980.847086
1781673600,2026-06-17 05:20:00,65718.7,65743.5,65691.9,65738.7,0.151936,0.591069,-0.439133,-1981.286220
1781673900,2026-06-17 05:25:00,65738.7,65796.8,65738.7,65796.8,0.056741,0.144461,-0.087720,-1981.373939
1781674200,2026-06-17 05:30:00,65796.8,65807.3,65771.1,65780.2,1.091912,0.610925,0.480987,-1980.892952
1781674500,2026-06-17 05:35:00,65798.5,65809.3,65783.2,65809.2,0.162920,0.042440,0.120481,-1980.772471
1781674800,2026-06-17 05:40:00,65809.1,65861.8,65809.1,65861.0,0.699106,0.008976,0.690130,-1980.082341
1781675100,2026-06-17 05:45:00,65861.0,65869.0,65789.9,65792.2,0.060281,0.226133,-0.165852,-1980.248193
1781675400,2026-06-17 05:50:00,65792.2,65800.0,65727.7,65727.7,0.110551,0.559330,-0.448780,-1980.696973
1781675700,2026-06-17 05:55:00,65724.6,65782.7,65714.0,65782.1,0.090448,0.233125,-0.142677,-1980.839650
1781676000,2026-06-17 06:00:00,65777.2,65777.3,65724.6,65767.3,0.104546,0.146708,-0.042162,-1980.881812
1781676300,2026-06-17 06:05:00,65771.3,65791.1,65762.4,65773.6,0.123364,0.040923,0.082441,-1980.799371
1781676600,2026-06-17 06:10:00,65773.5,65803.0,65770.3,65803.0,0.375840,0.038477,0.337362,-1980.462009
1781676900,2026-06-17 06:15:00,65798.3,65829.4,65774.5,65819.6,0.095750,0.041894,0.053857,-1980.408152
1781677200,2026-06-17 06:20:00,65828.3,65828.3,65782.8,65782.9,1.699359,3.142307,-1.442948,-1981.851100
1781677500,2026-06-17 06:25:00,65782.9,65782.9,65605.0,65605.1,0.277271,1.277849,-1.000578,-1982.851678
1781677800,2026-06-17 06:30:00,65605.1,65665.8,65571.1,65654.1,0.173279,1.393777,-1.220497,-1984.072176
1781678100,2026-06-17 06:35:00,65654.1,65675.0,65593.2,65593.2,0.035471,0.111471,-0.076000,-1984.148176
1781678400,2026-06-17 06:40:00,65593.2,65612.7,65511.4,65574.8,0.281092,2.042150,-1.761058,-1985.909234
1781678700,2026-06-17 06:45:00,65574.8,65611.6,65553.1,65611.6,1.145184,0.089971,1.055213,-1984.854022
1781679000,2026-06-17 06:50:00,65611.6,65611.6,65595.0,65595.0,0.044897,1.036381,-0.991484,-1985.845505
1781679300,2026-06-17 06:55:00,65588.8,65588.8,65552.2,65555.2,0.335833,0.346776,-0.010943,-1985.856448
1781679600,2026-06-17 07:00:00,65558.3,65558.3,65510.7,65522.3,0.156700,1.600133,-1.443433,-1987.299881
1781679900,2026-06-17 07:05:00,65522.3,65583.2,65486.5,65583.2,0.596997,14.904189,-14.307192,-2001.607074
1781680200,2026-06-17 07:10:00,65583.3,65626.1,65583.3,65620.1,0.409633,0.054508,0.355126,-2001.251948
1781680500,2026-06-17 07:15:00,65620.1,65632.2,65569.9,65569.9,0.434291,0.581066,-0.146775,-2001.398723
1781680800,2026-06-17 07:20:00,65569.8,65569.8,65408.5,65454.6,1.269128,1.797814,-0.528686,-2001.927408
1781681100,2026-06-17 07:25:00,65439.9,65493.5,65439.9,65487.3,0.286517,1.041273,-0.754756,-2002.682164
1781681400,2026-06-17 07:30:00,65489.6,65511.8,65471.0,65491.1,0.446232,0.761380,-0.315147,-2002.997311
1781681700,2026-06-17 07:35:00,65491.0,65491.1,65451.0,65456.0,0.260170,0.762258,-0.502087,-2003.499399
1781682000,2026-06-17 07:40:00,65444.8,65483.6,65416.7,65483.6,0.230700,0.462530,-0.231830,-2003.731228
1781682300,2026-06-17 07:45:00,65483.5,65483.5,65383.7,65398.3,2.404019,2.631742,-0.227723,-2003.958951
1781682600,2026-06-17 07:50:00,65398.4,65403.6,65150.0,65228.4,13.422896,19.359292,-5.936396,-2009.895348
1781682900,2026-06-17 07:55:00,65239.6,65521.5,65239.6,65472.2,5.095757,0.618062,4.477695,-2005.417653
1781683200,2026-06-17 08:00:00,65472.2,65497.3,65389.0,65406.8,0.174373,1.224404,-1.050031,-2006.467684
1781683500,2026-06-17 08:05:00,65406.9,65428.7,65359.6,65362.9,0.202382,0.878430,-0.676048,-2007.143732
1781683800,2026-06-17 08:10:00,65362.9,65362.9,65270.5,65274.2,0.738970,2.042964,-1.303993,-2008.447726
1781684100,2026-06-17 08:15:00,65275.8,65299.3,65209.9,65227.7,0.431101,4.181671,-3.750570,-2012.198295
1781684400,2026-06-17 08:20:00,65227.7,65300.3,65173.9,65277.2,0.176754,7.634604,-7.457850,-2019.656145
1781684700,2026-06-17 08:25:00,65280.8,65326.7,65267.8,65267.8,0.124513,0.858884,-0.734371,-2020.390517
1781685000,2026-06-17 08:30:00,65267.8,65267.8,65100.0,65132.9,0.306635,2.806626,-2.499991,-2022.890508
1781685300,2026-06-17 08:35:00,65133.1,65133.2,64913.0,64922.9,1.708288,79.221629,-77.513340,-2100.403848
1781685600,2026-06-17 08:40:00,64928.2,65005.4,64854.5,64854.5,1.023156,3.376048,-2.352892,-2102.756740
1781685900,2026-06-17 08:45:00,64855.0,64926.1,64800.0,64828.6,5.639281,29.564418,-23.925136,-2126.681877
1781686200,2026-06-17 08:50:00,64828.6,64898.2,64791.4,64865.8,0.852773,7.790563,-6.937790,-2133.619667
1781686500,2026-06-17 08:55:00,64865.7,64947.8,64857.0,64871.6,0.375572,0.165868,0.209704,-2133.409963
1781686800,2026-06-17 09:00:00,64871.6,64959.2,64857.1,64938.3,2.838541,0.189029,2.649512,-2130.760451
1781687100,2026-06-17 09:05:00,64938.2,64938.2,64880.9,64912.9,16.466385,0.371053,16.095332,-2114.665119
1781687400,2026-06-17 09:10:00,64912.9,64956.4,64887.8,64919.8,0.304398,0.617929,-0.313530,-2114.978650
1781687700,2026-06-17 09:15:00,64919.8,64964.6,64882.5,64964.6,0.193995,0.229408,-0.035413,-2115.014062
1781688000,2026-06-17 09:20:00,64964.6,64981.5,64880.9,64940.2,3.154207,0.146547,3.007661,-2112.006402
1781688300,2026-06-17 09:25:00,64940.1,65000.0,64931.2,64980.6,1.012785,0.184531,0.828254,-2111.178147
1781688600,2026-06-17 09:30:00,64980.5,65000.0,64922.1,64942.6,1.073350,0.273717,0.799633,-2110.378514
1781688900,2026-06-17 09:35:00,64931.7,64936.9,64888.6,64922.1,4.136360,11.950386,-7.814026,-2118.192540
1781689200,2026-06-17 09:40:00,64922.2,64922.2,64899.0,64915.9,0.087991,0.590677,-0.502686,-2118.695226
1781689500,2026-06-17 09:45:00,64899.0,64922.2,64895.1,64922.2,0.295586,0.685443,-0.389856,-2119.085082
1781689800,2026-06-17 09:50:00,64922.2,64943.8,64833.0,64833.0,1.054180,3.059396,-2.005217,-2121.090299
1781690100,2026-06-17 09:55:00,64833.1,64844.8,64781.3,64844.8,2.772027,1.558403,1.213624,-2119.876674
1781690400,2026-06-17 10:00:00,64844.8,64924.1,64781.1,64790.2,0.139952,0.588816,-0.448864,-2120.325539
1781690700,2026-06-17 10:05:00,64790.3,64829.9,64777.0,64790.0,0.327692,2.871781,-2.544090,-2122.869628
1781691000,2026-06-17 10:10:00,64800.0,64851.1,64799.9,64818.1,0.165025,0.386361,-0.221335,-2123.090964
1781691300,2026-06-17 10:15:00,64818.1,64895.0,64807.2,64831.4,0.699333,1.063260,-0.363927,-2123.454891
1781691600,2026-06-17 10:20:00,64831.5,64913.2,64811.6,64877.7,0.218070,0.254395,-0.036325,-2123.491216
1781691900,2026-06-17 10:25:00,64877.6,64877.7,64853.0,64874.2,2.426032,0.157603,2.268429,-2121.222787
1781692200,2026-06-17 10:30:00,64874.2,64915.7,64874.2,64890.7,0.781643,0.232333,0.549309,-2120.673478
1781692500,2026-06-17 10:35:00,64890.7,64890.7,64853.0,64853.0,0.087817,1.750999,-1.663182,-2122.336659
1781692800,2026-06-17 10:40:00,64852.9,64873.1,64816.5,64863.7,0.751539,0.773800,-0.022261,-2122.358920
1781693100,2026-06-17 10:45:00,64863.7,64873.9,64800.0,64818.8,0.574450,10.184949,-9.610499,-2131.969419
1781693400,2026-06-17 10:50:00,64819.0,64839.2,64777.0,64777.0,1.695322,2.875063,-1.179741,-2133.149160
1781693700,2026-06-17 10:55:00,64777.1,64777.1,64721.5,64736.4,0.683404,2.033376,-1.349972,-2134.499132
1781694000,2026-06-17 11:00:00,64736.4,64792.2,64638.2,64659.2,2.259680,2.038775,0.220905,-2134.278227
1781694300,2026-06-17 11:05:00,64659.2,64670.6,64507.6,64627.6,2.262987,16.197112,-13.934125,-2148.212352
1781694600,2026-06-17 11:10:00,64627.7,64627.7,64539.4,64539.4,0.213207,0.504149,-0.290942,-2148.503294
1781694900,2026-06-17 11:15:00,64539.5,64566.6,64516.6,64559.7,1.367119,0.826023,0.541096,-2147.962199
1781695200,2026-06-17 11:20:00,64559.6,64650.9,64559.6,64586.8,0.222630,0.398496,-0.175865,-2148.138064
1781695500,2026-06-17 11:25:00,64586.8,64667.2,64565.2,64650.1,4.072853,0.509784,3.563070,-2144.574995
1781695800,2026-06-17 11:30:00,64650.0,64773.9,64606.0,64671.9,42.459185,0.369768,42.089416,-2102.485578
1781696100,2026-06-17 11:35:00,64671.9,64703.6,64638.6,64683.7,0.800470,0.460556,0.339914,-2102.145664
1781696400,2026-06-17 11:40:00,64683.7,64741.6,64683.7,64741.6,0.418984,0.985113,-0.566129,-2102.711794
1781696700,2026-06-17 11:45:00,64734.0,64788.6,64733.9,64777.6,0.243636,9.984010,-9.740374,-2112.452168
1781697000,2026-06-17 11:50:00,64777.7,64818.2,64777.6,64790.0,13.734627,7.286022,6.448605,-2106.003563
1781697300,2026-06-17 11:55:00,64790.0,64808.8,64752.0,64752.0,0.528204,0.759337,-0.231133,-2106.234696
1781697600,2026-06-17 12:00:00,64752.5,64768.5,64704.4,64758.5,2.103549,4.645002,-2.541453,-2108.776149
1781697900,2026-06-17 12:05:00,64763.9,64809.6,64757.5,64799.8,0.462632,15.124133,-14.661501,-2123.437649
1781698200,2026-06-17 12:10:00,64797.1,64800.0,64741.1,64790.2,0.110603,3.548210,-3.437607,-2126.875256
1781698500,2026-06-17 12:15:00,64790.3,64795.4,64744.2,64779.9,0.359591,5.218664,-4.859073,-2131.734329
1781698800,2026-06-17 12:20:00,64779.9,64780.0,64596.5,64641.2,0.263732,6.770373,-6.506641,-2138.240970
1781699100,2026-06-17 12:25:00,64641.1,64679.0,64595.9,64628.3,1.804365,5.909594,-4.105229,-2142.346199
1781699400,2026-06-17 12:30:00,64628.3,64731.3,64552.0,64697.5,2.185762,4.334861,-2.149099,-2144.495298
1781699700,2026-06-17 12:35:00,64711.0,64794.9,64711.0,64749.4,1.932706,2.645126,-0.712420,-2145.207718
1781700000,2026-06-17 12:40:00,64752.9,64847.1,64752.8,64847.1,0.988273,0.988974,-0.000701,-2145.208418
1781700300,2026-06-17 12:45:00,64847.0,65038.6,64847.0,64958.4,80.837984,2.415659,78.422324,-2066.786094
1781700600,2026-06-17 12:50:00,64958.4,64971.4,64900.0,64902.2,0.022553,1.335980,-1.313427,-2068.099521
1781700900,2026-06-17 12:55:00,64902.2,65004.3,64902.2,64995.8,2.160608,0.140665,2.019943,-2066.079578
1781701200,2026-06-17 13:00:00,64995.8,64995.8,64946.9,64965.3,0.562423,3.183495,-2.621072,-2068.700650
1781701500,2026-06-17 13:05:00,64964.1,65010.7,64929.4,64942.4,3.550515,0.759445,2.791070,-2065.909580
1781701800,2026-06-17 13:10:00,64942.4,65015.0,64942.3,65014.9,1.980770,0.196411,1.784360,-2064.125221
1781702100,2026-06-17 13:15:00,65015.0,65015.0,64973.4,65000.5,7.647350,9.367727,-1.720377,-2065.845597
1781702400,2026-06-17 13:20:00,65000.4,65000.5,64838.6,64851.3,0.261777,3.339563,-3.077786,-2068.923383
1781702700,2026-06-17 13:25:00,64850.1,64878.1,64826.5,64851.4,1.663521,2.158386,-0.494866,-2069.418249
1781703000,2026-06-17 13:30:00,64877.7,65015.0,64787.0,64963.2,2.440937,6.110673,-3.669736,-2073.087985
1781703300,2026-06-17 13:35:00,64963.1,65187.4,64963.1,65161.3,10.153939,4.651544,5.502395,-2067.585590
1781703600,2026-06-17 13:40:00,65161.4,65275.2,65130.1,65208.3,7.467251,1.111818,6.355433,-2061.230157
1781703900,2026-06-17 13:45:00,65219.4,65306.5,65212.2,65244.9,2.156278,2.649788,-0.493509,-2061.723666
1781704200,2026-06-17 13:50:00,65245.0,65300.0,65160.3,65269.1,4.188980,43.675246,-39.486266,-2101.209932
1781704500,2026-06-17 13:55:00,65269.2,65293.9,65197.3,65232.1,1.276505,0.988725,0.287781,-2100.922151
1781704800,2026-06-17 14:00:00,65232.2,65232.2,65138.6,65141.5,1.141976,7.875265,-6.733289,-2107.655441
1781705100,2026-06-17 14:05:00,65141.4,65297.4,65097.5,65152.4,3.733327,1.005323,2.728004,-2104.927437
1781705400,2026-06-17 14:10:00,65152.5,65288.6,65147.7,65288.6,1.044408,0.150671,0.893738,-2104.033699
1781705700,2026-06-17 14:15:00,65288.6,65388.6,65192.4,65211.9,9.528140,2.483021,7.045120,-2096.988579
1781706000,2026-06-17 14:20:00,65211.8,65245.2,65156.7,65213.2,0.755921,0.892162,-0.136241,-2097.124820
1781706300,2026-06-17 14:25:00,65213.2,65213.2,65094.9,65190.2,0.240741,2.744134,-2.503393,-2099.628213
1781706600,2026-06-17 14:30:00,65197.3,65238.6,65114.5,65150.0,0.554868,1.299261,-0.744393,-2100.372606
1781706900,2026-06-17 14:35:00,65150.1,65170.4,65039.4,65043.6,1.591764,1.642050,-0.050287,-2100.422892
1781707200,2026-06-17 14:40:00,65049.8,65138.6,64995.2,65071.3,0.408124,6.984781,-6.576657,-2106.999549
1781707500,2026-06-17 14:45:00,65071.4,65119.4,64733.4,65029.1,5.525323,30.437433,-24.912110,-2131.911659
1781707800,2026-06-17 14:50:00,65029.3,65222.6,65029.2,65217.1,12.694302,0.604214,12.090088,-2119.821571
1781708100,2026-06-17 14:55:00,65217.0,65222.6,65038.6,65064.8,1.236591,0.792594,0.443997,-2119.377574
1781708400,2026-06-17 15:00:00,65056.9,65162.5,65056.9,65137.5,0.704669,3.043679,-2.339009,-2121.716583
1781708700,2026-06-17 15:05:00,65131.4,65134.5,64938.7,64938.7,1.354942,6.631674,-5.276732,-2126.993315
1781709000,2026-06-17 15:10:00,64950.1,65188.6,64950.1,65183.6,2.392115,0.903475,1.488641,-2125.504674
1781709300,2026-06-17 15:15:00,65178.7,65247.9,65144.7,65153.0,1.816936,0.176150,1.640786,-2123.863888
1781709600,2026-06-17 15:20:00,65176.8,65321.6,65168.1,65313.9,3.603675,0.342199,3.261476,-2120.602413
1781709900,2026-06-17 15:25:00,65313.9,65353.6,65257.9,65277.8,0.862454,0.644034,0.218420,-2120.383993
1781710200,2026-06-17 15:30:00,65284.9,65338.6,65219.2,65338.4,1.257390,1.594670,-0.337281,-2120.721273
1781710500,2026-06-17 15:35:00,65336.7,65455.6,65289.5,65433.8,4.547375,0.185264,4.362112,-2116.359161
1781710800,2026-06-17 15:40:00,65432.4,65460.9,65362.3,65427.2,0.934133,0.309031,0.625101,-2115.734060
1781711100,2026-06-17 15:45:00,65427.3,65645.1,65427.3,65645.1,9.283425,15.325946,-6.042522,-2121.776582
1781711400,2026-06-17 15:50:00,65647.1,65800.0,65638.4,65642.5,5.857034,1.471443,4.385591,-2117.390991
1781711700,2026-06-17 15:55:00,65642.5,65716.3,65611.3,65703.5,19.937993,5.680778,14.257215,-2103.133776
1781712000,2026-06-17 16:00:00,65703.5,65799.8,65698.7,65777.1,1.521001,0.465514,1.055487,-2102.078289
1781712300,2026-06-17 16:05:00,65786.6,65816.6,65729.6,65763.0,2.518990,0.691187,1.827804,-2100.250485
1781712600,2026-06-17 16:10:00,65753.1,65808.3,65664.7,65802.5,3.192749,0.733029,2.459721,-2097.790764
1781712900,2026-06-17 16:15:00,65796.6,65987.5,65781.7,65874.5,14.004155,3.727317,10.276838,-2087.513927
1781713200,2026-06-17 16:20:00,65876.8,65897.3,65834.3,65897.3,11.790775,1.955255,9.835520,-2077.678407
1781713500,2026-06-17 16:25:00,65897.4,66370.9,65897.4,66204.2,48.400250,7.232355,41.167896,-2036.510511
1781713800,2026-06-17 16:30:00,66206.8,66236.4,65938.6,65938.7,7.989686,13.287618,-5.297931,-2041.808442
1781714100,2026-06-17 16:35:00,65947.2,66029.7,65896.9,65960.8,0.517914,2.531434,-2.013520,-2043.821962
1781714400,2026-06-17 16:40:00,65966.2,65988.6,65873.2,65924.1,3.258130,1.634380,1.623750,-2042.198213
1781714700,2026-06-17 16:45:00,65924.1,65970.9,65854.2,65894.9,1.895937,10.973857,-9.077919,-2051.276132
1781715000,2026-06-17 16:50:00,65889.4,65896.9,65802.1,65875.2,5.274341,1.816358,3.457983,-2047.818149
1781715300,2026-06-17 16:55:00,65875.2,65892.1,65800.6,65814.2,1.440710,5.220028,-3.779318,-2051.597467
1781715600,2026-06-17 17:00:00,65814.3,65888.3,65800.6,65858.6,1.268841,0.571261,0.697581,-2050.899887
1781715900,2026-06-17 17:05:00,65838.1,65921.9,65747.5,65867.0,54.736040,3.093732,51.642308,-1999.257578
1781716200,2026-06-17 17:10:00,65865.1,65900.0,65821.2,65837.5,5.301522,15.814194,-10.512671,-2009.770250
1781716500,2026-06-17 17:15:00,65819.6,65900.0,65788.6,65893.1,10.687484,0.044215,10.643269,-1999.126981
1781716800,2026-06-17 17:20:00,65888.2,65914.4,65846.2,65914.4,0.803234,0.044457,0.758777,-1998.368203
1781717100,2026-06-17 17:25:00,65921.0,65946.8,65897.6,65919.9,1.600901,0.045004,1.555896,-1996.812307
1781717400,2026-06-17 17:30:00,65920.9,65946.9,65893.4,65906.1,1.208299,0.779461,0.428838,-1996.383469
1781717700,2026-06-17 17:35:00,65905.5,65910.7,65849.9,65888.8,2.809348,8.551333,-5.741985,-2002.125455
1781718000,2026-06-17 17:40:00,65884.3,65884.9,65784.5,65810.9,0.814965,3.903565,-3.088599,-2005.214054
1781718300,2026-06-17 17:45:00,65810.7,65870.7,65755.7,65802.2,5.157862,11.335010,-6.177148,-2011.391202
1781718600,2026-06-17 17:50:00,65805.1,66069.5,65800.2,66057.2,6.106586,6.356173,-0.249587,-2011.640789
1781718900,2026-06-17 17:55:00,66054.0,66134.6,65979.6,66039.8,5.823522,12.520750,-6.697228,-2018.338017
1781719200,2026-06-17 18:00:00,66051.9,66053.7,65188.6,65230.7,151.228238,176.911931,-25.683693,-2044.021710
1781719500,2026-06-17 18:05:00,65252.6,65439.9,64787.0,65425.5,11.007311,10.072772,0.934539,-2043.087171
1781719800,2026-06-17 18:10:00,65438.9,65472.2,65238.6,65258.8,2.386705,4.897304,-2.510599,-2045.597770
1781720100,2026-06-17 18:15:00,65248.2,65396.5,65238.6,65388.6,7.502672,3.067136,4.435536,-2041.162234
1781720400,2026-06-17 18:20:00,65392.7,65484.0,65311.8,65311.8,1.931848,2.096177,-0.164329,-2041.326563
1781720700,2026-06-17 18:25:00,65334.6,65388.6,65258.8,65354.7,3.887292,4.532023,-0.644731,-2041.971294
1781721000,2026-06-17 18:30:00,65358.4,65573.5,65240.4,65245.3,10.269259,7.867662,2.401597,-2039.569697
1781721300,2026-06-17 18:35:00,65264.3,65638.8,65264.3,65555.4,13.747423,0.573775,13.173649,-2026.396049
1781721600,2026-06-17 18:40:00,65538.7,66000.0,65532.1,65997.7,13.284763,7.471262,5.813501,-2020.582548
1781721900,2026-06-17 18:45:00,65968.1,65999.8,65774.7,65888.4,18.350171,5.489388,12.860783,-2007.721765
1781722200,2026-06-17 18:50:00,65877.1,65973.9,65838.7,65839.1,3.005629,2.224085,0.781544,-2006.940221
1781722500,2026-06-17 18:55:00,65838.6,65838.6,65316.9,65480.7,4.650016,15.338182,-10.688166,-2017.628387
1781722800,2026-06-17 19:00:00,65468.6,65621.5,65388.6,65402.8,2.967281,3.584480,-0.617200,-2018.245586
1781723100,2026-06-17 19:05:00,65412.7,65439.4,65150.0,65150.1,3.524596,11.620733,-8.096136,-2026.341723
1781723400,2026-06-17 19:10:00,65150.1,65338.6,65064.1,65322.8,5.292228,4.588908,0.703320,-2025.638403
1781723700,2026-06-17 19:15:00,65318.3,65320.4,64729.3,64729.3,1.912121,22.013881,-20.101761,-2045.740164
1781724000,2026-06-17 19:20:00,64729.2,64913.1,64527.4,64584.3,6.005149,18.007422,-12.002273,-2057.742437
1781724300,2026-06-17 19:25:00,64587.5,64800.0,64310.2,64419.8,16.646501,24.275120,-7.628619,-2065.371056
1781724600,2026-06-17 19:30:00,64445.1,64638.0,64340.5,64400.1,7.845629,13.058523,-5.212895,-2070.583951
1781724900,2026-06-17 19:35:00,64401.2,64529.8,64221.4,64226.7,8.631546,24.803276,-16.171730,-2086.755680
1781725200,2026-06-17 19:40:00,64237.9,64237.9,64122.4,64129.4,18.621342,35.064874,-16.443533,-2103.199213
1781725500,2026-06-17 19:45:00,64149.9,64238.2,64103.3,64117.5,9.902217,27.318862,-17.416645,-2120.615858
1781725800,2026-06-17 19:50:00,64123.5,64250.0,64001.0,64137.3,15.944369,44.801236,-28.856867,-2149.472725
1781726100,2026-06-17 19:55:00,64123.5,64250.0,64115.0,64250.0,11.193189,8.531254,2.661935,-2146.810790
1781726400,2026-06-17 20:00:00,64250.0,64377.0,64141.2,64368.9,13.273434,1.704415,11.569019,-2135.241772
1781726700,2026-06-17 20:05:00,64368.9,64388.4,64278.4,64317.7,4.350549,2.725677,1.624872,-2133.616899
1781727000,2026-06-17 20:10:00,64320.0,64363.7,64164.7,64164.7,6.648728,1.848997,4.799731,-2128.817169
1781727300,2026-06-17 20:15:00,64178.9,64281.6,64157.2,64276.3,7.773518,5.653907,2.119611,-2126.697558
1781727600,2026-06-17 20:20:00,64272.1,64333.7,64259.4,64316.5,5.997034,0.624448,5.372586,-2121.324972
1781727900,2026-06-17 20:25:00,64330.5,64400.0,64288.6,64311.3,20.957071,1.357999,19.599072,-2101.725900
1781728200,2026-06-17 20:30:00,64313.1,64417.4,64288.6,64372.1,3.050597,0.909850,2.140747,-2099.585152
1781728500,2026-06-17 20:35:00,64372.0,64434.1,64325.0,64325.1,4.482225,0.870470,3.611755,-2095.973398
1781728800,2026-06-17 20:40:00,64325.1,64337.2,64186.3,64186.3,3.599061,2.831126,0.767935,-2095.205463
1781729100,2026-06-17 20:45:00,64186.0,64272.6,64150.0,64271.1,3.343820,3.741273,-0.397453,-2095.602915
1781729400,2026-06-17 20:50:00,64271.0,64284.6,64225.7,64225.7,1.330971,0.446603,0.884368,-2094.718547
1781729700,2026-06-17 20:55:00,64235.2,64385.2,64235.2,64381.2,6.700820,15.655647,-8.954827,-2103.673375
1781730000,2026-06-17 21:00:00,64381.4,64401.8,64247.4,64303.1,1.186603,0.850960,0.335643,-2103.337732
1781730300,2026-06-17 21:05:00,64303.1,64352.2,64223.6,64309.5,2.803360,0.773620,2.029740,-2101.307992
1781730600,2026-06-17 21:10:00,64309.5,64309.5,64251.8,64266.2,0.632714,0.299860,0.332854,-2100.975138
1781730900,2026-06-17 21:15:00,64268.0,64307.5,64231.5,64273.0,1.806748,1.040355,0.766392,-2100.208746
1781731200,2026-06-17 21:20:00,64272.9,64331.9,64263.6,64301.4,2.050114,9.808104,-7.757990,-2107.966736
1781731500,2026-06-17 21:25:00,64310.1,64310.1,64206.7,64211.5,0.870625,1.834359,-0.963734,-2108.930470
1781731800,2026-06-17 21:30:00,64214.5,64303.7,64214.4,64303.7,2.222123,0.650958,1.571165,-2107.359305
1781732100,2026-06-17 21:35:00,64301.2,64349.0,64295.3,64323.0,6.326837,0.942387,5.384450,-2101.974854
1781732400,2026-06-17 21:40:00,64322.6,64322.6,64108.9,64150.1,1.951308,4.018374,-2.067066,-2104.041921
1781732700,2026-06-17 21:45:00,64150.0,64216.2,64088.5,64162.0,4.545371,13.921187,-9.375816,-2113.417737
1781733000,2026-06-17 21:50:00,64164.2,64227.7,64153.3,64227.7,3.083578,3.067623,0.015954,-2113.401782
1781733300,2026-06-17 21:55:00,64225.4,64228.0,64153.9,64193.5,1.198617,0.625689,0.572928,-2112.828855
1781733600,2026-06-17 22:00:00,64193.5,64193.5,63866.5,63953.2,6.607754,10.798351,-4.190596,-2117.019451
1781733900,2026-06-17 22:05:00,63944.7,64140.8,63944.7,64132.8,2.821848,12.180905,-9.359057,-2126.378509
1781734200,2026-06-17 22:10:00,64140.5,64190.6,64047.1,64047.1,6.523025,2.023627,4.499397,-2121.879111
1781734500,2026-06-17 22:15:00,64045.7,64147.2,64021.9,64095.4,0.619092,1.161871,-0.542780,-2122.421891
1781734800,2026-06-17 22:20:00,64095.4,64232.9,64095.4,64232.0,0.920558,5.910672,-4.990114,-2127.412005
1781735100,2026-06-17 22:25:00,64232.9,64315.2,64232.9,64295.1,4.447607,4.217119,0.230488,-2127.181516
1781735400,2026-06-17 22:30:00,64308.7,64334.3,64307.8,64334.3,3.591633,0.282665,3.308968,-2123.872548
1781735700,2026-06-17 22:35:00,64334.2,64365.2,64292.1,64292.1,3.570089,1.853653,1.716436,-2122.156112
1781736000,2026-06-17 22:40:00,64294.5,64340.3,64190.9,64212.3,1.263114,2.074530,-0.811416,-2122.967528
1781736300,2026-06-17 22:45:00,64221.9,64352.8,64205.6,64338.4,0.602747,0.427300,0.175447,-2122.792081
1781736600,2026-06-17 22:50:00,64338.1,64360.7,64332.9,64340.7,1.209387,1.423033,-0.213646,-2123.005727
1781736900,2026-06-17 22:55:00,64339.7,64339.7,64243.4,64243.4,0.566668,0.405979,0.160689,-2122.845038
1781737200,2026-06-17 23:00:00,64243.4,64360.3,64240.1,64349.9,4.419528,0.687304,3.732224,-2119.112814
1781737500,2026-06-17 23:05:00,64349.9,64349.9,64198.6,64258.2,3.052058,0.756298,2.295759,-2116.817055
1781737800,2026-06-17 23:10:00,64258.1,64274.9,64221.3,64254.1,2.181445,0.299643,1.881802,-2114.935253
1781738100,2026-06-17 23:15:00,64258.2,64400.0,64258.2,64399.9,1.653051,15.806483,-14.153432,-2129.088685
1781738400,2026-06-17 23:20:00,64400.0,64438.5,64362.4,64417.2,0.535546,3.850970,-3.315425,-2132.404109
1781738700,2026-06-17 23:25:00,64423.5,64477.5,64420.6,64444.4,2.651039,0.953640,1.697399,-2130.706711
1781739000,2026-06-17 23:30:00,64444.5,64461.2,64400.0,64408.2,1.315857,0.513006,0.802851,-2129.903859
1781739300,2026-06-17 23:35:00,64407.6,64407.6,64364.8,64390.4,0.167728,0.824041,-0.656313,-2130.560172
1781739600,2026-06-17 23:40:00,64393.9,64397.7,64344.5,64391.7,2.695466,0.439298,2.256168,-2128.304005
1781739900,2026-06-17 23:45:00,64386.7,64451.4,64353.0,64417.5,0.348650,10.160773,-9.812123,-2138.116127
1781740200,2026-06-17 23:50:00,64417.5,64458.1,64410.3,64458.1,0.484484,0.137922,0.346562,-2137.769565
1781740500,2026-06-17 23:55:00,64458.1,64458.1,64387.7,64454.8,3.656171,1.685555,1.970615,-2135.798950
1781740800,2026-06-18 00:00:00,64452.0,64555.2,64424.8,64553.5,18.628394,1.281201,17.347193,-2118.451757
1781741100,2026-06-18 00:05:00,64551.3,64574.4,64509.8,64545.6,2.262792,0.532745,1.730047,-2116.721710
1781741400,2026-06-18 00:10:00,64545.1,64589.6,64543.0,64576.5,2.551443,0.517744,2.033699,-2114.688011
1781741700,2026-06-18 00:15:00,64576.6,64628.0,64566.7,64625.0,4.714736,0.541265,4.173471,-2110.514540
1781742000,2026-06-18 00:20:00,64624.9,64636.1,64579.1,64580.3,2.005249,0.247420,1.757829,-2108.756711
1781742300,2026-06-18 00:25:00,64580.2,64580.2,64490.9,64537.3,0.162446,0.771495,-0.609050,-2109.365761
1781742600,2026-06-18 00:30:00,64537.3,64629.2,64534.3,64556.6,1.233851,0.471438,0.762413,-2108.603348
1781742900,2026-06-18 00:35:00,64556.6,64567.3,64457.7,64491.0,0.607517,1.630408,-1.022890,-2109.626239
1781743200,2026-06-18 00:40:00,64495.9,64532.9,64451.8,64532.8,0.822065,1.138580,-0.316514,-2109.942753
1781743500,2026-06-18 00:45:00,64532.9,64558.0,64526.6,64547.6,0.305454,0.195590,0.109864,-2109.832888
1781743800,2026-06-18 00:50:00,64547.6,64547.6,64460.1,64472.7,0.178967,0.251473,-0.072506,-2109.905394
1781744100,2026-06-18 00:55:00,64472.7,64472.7,64405.5,64412.7,0.506273,0.533953,-0.027680,-2109.933074
1781744400,2026-06-18 01:00:00,64412.7,64590.9,64412.6,64570.4,0.707503,2.103134,-1.395630,-2111.328704
1781744700,2026-06-18 01:05:00,64570.4,64674.9,64544.0,64658.2,56.707431,0.348891,56.358540,-2054.970164
1781745000,2026-06-18 01:10:00,64657.5,64740.9,64657.5,64665.1,1.160603,0.244621,0.915983,-2054.054181
1781745300,2026-06-18 01:15:00,64665.2,64665.2,64590.9,64591.0,0.223408,0.729394,-0.505986,-2054.560168
1781745600,2026-06-18 01:20:00,64591.0,64650.8,64591.0,64598.9,1.250692,2.656565,-1.405873,-2055.966041
1781745900,2026-06-18 01:25:00,64598.9,64618.9,64575.5,64602.6,0.140937,0.355329,-0.214391,-2056.180432
1781746200,2026-06-18 01:30:00,64602.6,64688.0,64602.5,64622.9,1.273745,0.667717,0.606028,-2055.574405
1781746500,2026-06-18 01:35:00,64622.8,64622.8,64557.7,64560.7,1.136024,0.221180,0.914844,-2054.659560
1781746800,2026-06-18 01:40:00,64560.7,64582.3,64548.2,64564.1,0.498215,0.403624,0.094591,-2054.564969
1781747100,2026-06-18 01:45:00,64564.1,64564.1,64464.6,64464.6,0.597935,2.141305,-1.543370,-2056.108339
1781747400,2026-06-18 01:50:00,64464.6,64466.0,64414.9,64455.6,0.285647,4.220790,-3.935143,-2060.043482
1781747700,2026-06-18 01:55:00,64457.0,64502.5,64446.6,64496.8,0.359414,0.395236,-0.035821,-2060.079303
1781748000,2026-06-18 02:00:00,64496.7,64566.2,64496.7,64565.1,0.752843,0.593551,0.159292,-2059.920011
1781748300,2026-06-18 02:05:00,64565.2,64602.6,64526.9,64534.9,0.532865,0.513710,0.019154,-2059.900857
1781748600,2026-06-18 02:10:00,64534.8,64534.8,64470.9,64507.0,2.862472,0.519504,2.342967,-2057.557890
1781748900,2026-06-18 02:15:00,64507.0,64507.0,64434.6,64486.9,0.206604,1.092275,-0.885670,-2058.443560
1781749200,2026-06-18 02:20:00,64486.8,64640.9,64486.8,64640.8,0.809728,1.272798,-0.463070,-2058.906630
1781749500,2026-06-18 02:25:00,64640.9,64683.2,64636.0,64636.1,0.502704,0.760848,-0.258144,-2059.164774
1781749800,2026-06-18 02:30:00,64636.1,64681.6,64622.6,64622.7,0.253291,9.193383,-8.940092,-2068.104866
1781750100,2026-06-18 02:35:00,64622.7,64690.9,64616.2,64690.9,0.358363,3.586261,-3.227897,-2071.332764
1781750400,2026-06-18 02:40:00,64690.9,64699.5,64690.2,64699.3,0.578577,0.080191,0.498385,-2070.834378
1781750700,2026-06-18 02:45:00,64699.4,64707.0,64650.7,64660.1,0.216754,6.573205,-6.356451,-2077.190829
1781751000,2026-06-18 02:50:00,64659.8,64671.6,64633.2,64635.7,0.367950,8.045225,-7.677274,-2084.868104
1781751300,2026-06-18 02:55:00,64635.7,64649.9,64616.8,64634.6,0.229459,0.664819,-0.435361,-2085.303465
1781751600,2026-06-18 03:00:00,64631.4,64631.4,64484.0,64518.5,0.320365,0.949587,-0.629222,-2085.932686
1781751900,2026-06-18 03:05:00,64518.4,64554.9,64502.0,64502.0,0.457987,0.148353,0.309633,-2085.623053
1781752200,2026-06-18 03:10:00,64502.1,64502.9,64452.9,64458.4,0.120586,0.731010,-0.610424,-2086.233477
1781752500,2026-06-18 03:15:00,64458.4,64458.4,64440.9,64441.0,0.315746,0.635450,-0.319705,-2086.553182
1781752800,2026-06-18 03:20:00,64441.0,64441.0,64335.0,64335.0,0.820813,3.819274,-2.998461,-2089.551643
1781753100,2026-06-18 03:25:00,64334.4,64334.4,64262.5,64262.5,0.118833,0.443577,-0.324744,-2089.876387
1781753400,2026-06-18 03:30:00,64261.5,64324.8,64252.8,64255.9,0.538853,0.192204,0.346649,-2089.529738
1781753700,2026-06-18 03:35:00,64257.3,64286.1,64218.7,64252.0,1.066015,11.158878,-10.092863,-2099.622601
1781754000,2026-06-18 03:40:00,64255.8,64255.8,64198.5,64247.2,7.122902,0.384070,6.738832,-2092.883769
1781754300,2026-06-18 03:45:00,64247.1,64273.3,64236.2,64268.6,0.251811,0.326898,-0.075087,-2092.958856
1781754600,2026-06-18 03:50:00,64268.6,64322.8,64268.5,64288.4,0.502075,0.397876,0.104199,-2092.854657
1781754900,2026-06-18 03:55:00,64288.2,64288.3,64203.8,64203.8,11.330652,1.235613,10.095039,-2082.759619
1781755200,2026-06-18 04:00:00,64203.9,64266.0,64149.4,64149.4,0.177163,0.906279,-0.729116,-2083.488735
1781755500,2026-06-18 04:05:00,64149.4,64183.3,64024.4,64060.3,0.196720,6.193821,-5.997101,-2089.485836
1781755800,2026-06-18 04:10:00,64062.9,64078.3,63773.5,63876.5,8.340243,12.012897,-3.672654,-2093.158489
1781756100,2026-06-18 04:15:00,63875.4,64043.9,63851.9,63851.9,3.556862,2.310770,1.246092,-2091.912398
1781756400,2026-06-18 04:20:00,63848.9,63945.0,63801.0,63909.5,1.651758,1.490935,0.160823,-2091.751575
1781756700,2026-06-18 04:25:00,63909.8,63960.3,63859.4,63887.0,0.374541,2.196262,-1.821721,-2093.573296
1781757000,2026-06-18 04:30:00,63875.4,63912.3,63839.4,63860.0,0.225252,5.597160,-5.371908,-2098.945204
1781757300,2026-06-18 04:35:00,63860.3,63919.9,63845.2,63873.1,0.289369,0.510432,-0.221063,-2099.166267
1781757600,2026-06-18 04:40:00,63873.0,63873.0,63813.7,63817.1,3.130587,0.244896,2.885691,-2096.280575
1781757900,2026-06-18 04:45:00,63817.0,63823.4,63762.3,63797.3,1.138544,18.082861,-16.944317,-2113.224892
1781758200,2026-06-18 04:50:00,63779.8,63850.7,63768.9,63845.2,0.472210,0.329150,0.143061,-2113.081832
1781758500,2026-06-18 04:55:00,63845.2,63895.1,63829.5,63832.7,0.141814,0.224633,-0.082819,-2113.164650
1781758800,2026-06-18 05:00:00,63815.7,63824.5,63673.9,63673.9,2.275881,13.455504,-11.179623,-2124.344274
1781759100,2026-06-18 05:05:00,63682.0,63693.8,63643.4,63692.1,1.976762,2.749710,-0.772948,-2125.117222
1781759400,2026-06-18 05:10:00,63692.1,63887.4,63692.1,63849.2,1.075707,2.421012,-1.345304,-2126.462526
1781759700,2026-06-18 05:15:00,63851.7,63912.0,63839.2,63910.0,5.528474,0.282976,5.245498,-2121.217028
1781760000,2026-06-18 05:20:00,63910.0,63920.8,63854.9,63854.9,0.397320,1.272875,-0.875554,-2122.092582
1781760300,2026-06-18 05:25:00,63856.2,63931.9,63856.2,63872.6,0.506245,0.961035,-0.454790,-2122.547372
1781760600,2026-06-18 05:30:00,63868.0,63910.7,63850.0,63865.7,0.196616,0.973454,-0.776838,-2123.324210
1781760900,2026-06-18 05:35:00,63883.8,63940.9,63790.9,63849.5,0.823431,1.189968,-0.366536,-2123.690746
1781761200,2026-06-18 05:40:00,63849.5,63920.0,63849.5,63864.0,3.862868,0.425215,3.437654,-2120.253092
1781761500,2026-06-18 05:45:00,63860.3,63860.7,63838.0,63838.1,0.825509,1.631115,-0.805606,-2121.058698
1781761800,2026-06-18 05:50:00,63838.1,63855.4,63819.0,63855.4,3.371904,0.131694,3.240210,-2117.818488
1781762100,2026-06-18 05:55:00,63855.4,63931.6,63855.4,63923.8,0.232675,0.045054,0.187621,-2117.630867
1781762400,2026-06-18 06:00:00,63923.8,64010.4,63869.6,63995.5,1.218091,0.452391,0.765701,-2116.865167
1781762700,2026-06-18 06:05:00,64000.1,64000.8,63840.9,63842.9,0.434865,2.967830,-2.532965,-2119.398132
1781763000,2026-06-18 06:10:00,63842.9,63890.8,63826.8,63887.2,0.218650,1.318070,-1.099420,-2120.497552
1781763300,2026-06-18 06:15:00,63887.3,63913.2,63778.7,63799.4,0.218086,0.782785,-0.564699,-2121.062251
1781763600,2026-06-18 06:20:00,63799.4,63890.9,63799.4,63868.9,1.335512,0.189048,1.146464,-2119.915787
1781763900,2026-06-18 06:25:00,63868.9,63907.8,63863.7,63906.4,0.280766,3.606299,-3.325533,-2123.241321
1781764200,2026-06-18 06:30:00,63906.5,64014.0,63906.5,63985.9,1.327666,0.516073,0.811593,-2122.429728
1781764500,2026-06-18 06:35:00,63985.9,63993.2,63961.6,63989.7,0.209755,0.620788,-0.411033,-2122.840761
1781764800,2026-06-18 06:40:00,63989.4,64030.8,63989.3,64030.8,0.379746,0.199936,0.179809,-2122.660952
1781765100,2026-06-18 06:45:00,64030.7,64040.9,64015.6,64040.9,1.357170,0.703010,0.654160,-2122.006791
1781765400,2026-06-18 06:50:00,64040.9,64049.3,64000.0,64011.3,1.464610,0.258637,1.205973,-2120.800818
1781765700,2026-06-18 06:55:00,64011.3,64029.5,64002.6,64019.6,0.252747,7.124011,-6.871265,-2127.672083
1781766000,2026-06-18 07:00:00,64019.7,64029.0,64019.6,64026.5,0.042942,0.091514,-0.048572,-2127.720655
1781766300,2026-06-18 07:05:00,64013.8,64018.5,63994.5,64006.7,0.014239,0.861467,-0.847227,-2128.567882
1781766600,2026-06-18 07:10:00,64006.6,64049.3,63957.2,64049.3,0.661179,0.365344,0.295835,-2128.272047
1781766900,2026-06-18 07:15:00,64024.1,64118.5,64024.1,64106.9,1.091406,0.259254,0.832152,-2127.439896
1781767200,2026-06-18 07:20:00,64107.0,64201.8,64107.0,64183.6,1.664779,0.100293,1.564487,-2125.875409
1781767500,2026-06-18 07:25:00,64186.1,64249.4,64186.1,64236.4,10.204056,0.752178,9.451878,-2116.423531
1781767800,2026-06-18 07:30:00,64236.5,64238.3,64196.0,64217.4,1.899537,0.079792,1.819744,-2114.603786
1781768100,2026-06-18 07:35:00,64217.3,64365.2,64217.3,64365.1,3.958627,0.983164,2.975463,-2111.628323
1781768400,2026-06-18 07:40:00,64365.2,64371.2,64345.6,64364.7,1.207654,0.037029,1.170625,-2110.457699
1781768700,2026-06-18 07:45:00,64364.7,64419.3,64364.6,64413.4,0.650140,0.118983,0.531157,-2109.926542
1781769000,2026-06-18 07:50:00,64413.4,64416.5,64381.3,64393.9,0.463995,1.768494,-1.304499,-2111.231041
1781769300,2026-06-18 07:55:00,64394.8,64434.8,64377.0,64434.8,1.080751,0.039616,1.041134,-2110.189906
1781769600,2026-06-18 08:00:00,64434.8,64434.8,64321.1,64321.1,0.279943,0.175728,0.104215,-2110.085691
1781769900,2026-06-18 08:05:00,64321.2,64561.1,64319.9,64554.4,7.978948,7.126924,0.852025,-2109.233666
1781770200,2026-06-18 08:10:00,64550.0,64563.9,64441.0,64477.3,2.415089,0.494132,1.920957,-2107.312709
1781770500,2026-06-18 08:15:00,64477.3,64540.0,64456.3,64531.6,3.655638,0.057336,3.598302,-2103.714407
1781770800,2026-06-18 08:20:00,64526.4,64526.5,64468.8,64506.1,0.459650,0.101640,0.358010,-2103.356397
1781771100,2026-06-18 08:25:00,64506.1,64516.6,64506.0,64515.9,0.075297,0.253472,-0.178175,-2103.534572
1781771400,2026-06-18 08:30:00,64514.7,64527.7,64484.0,64488.5,8.136002,1.551499,6.584503,-2096.950068
1781771700,2026-06-18 08:35:00,64488.5,64510.0,64468.7,64500.0,8.437176,0.144315,8.292861,-2088.657207
1781772000,2026-06-18 08:40:00,64502.9,64510.4,64457.1,64459.4,0.201463,0.180891,0.020571,-2088.636636
1781772300,2026-06-18 08:45:00,64459.3,64459.3,64409.9,64443.2,2.050243,0.486589,1.563654,-2087.072982
1781772600,2026-06-18 08:50:00,64443.3,64443.3,64381.2,64383.1,0.048526,0.580132,-0.531607,-2087.604588
1781772900,2026-06-18 08:55:00,64383.2,64383.2,64318.1,64326.4,0.914259,0.956228,-0.041969,-2087.646557
1781773200,2026-06-18 09:00:00,64326.4,64342.6,64255.6,64304.1,0.325723,1.287171,-0.961448,-2088.608005
1781773500,2026-06-18 09:05:00,64304.1,64304.2,64300.1,64301.6,0.605100,0.881290,-0.276190,-2088.884195
1781773800,2026-06-18 09:10:00,64301.6,64329.6,64250.1,64329.6,0.937471,0.866368,0.071103,-2088.813093
1781774100,2026-06-18 09:15:00,64329.4,64410.0,64329.4,64410.0,0.818903,0.497265,0.321637,-2088.491455
1781774400,2026-06-18 09:20:00,64409.9,64423.9,64371.5,64371.5,11.119523,0.048298,11.071225,-2077.420230
1781774700,2026-06-18 09:25:00,64366.9,64366.9,64191.0,64198.4,0.756238,2.567309,-1.811071,-2079.231301
1781775000,2026-06-18 09:30:00,64198.4,64254.8,64163.5,64252.9,0.777029,0.556776,0.220253,-2079.011048
1781775300,2026-06-18 09:35:00,64252.8,64252.8,64205.8,64231.4,0.054035,1.070786,-1.016751,-2080.027799
1781775600,2026-06-18 09:40:00,64231.3,64242.1,64224.3,64229.8,0.068583,0.319960,-0.251377,-2080.279176
1781775900,2026-06-18 09:45:00,64229.8,64265.1,64208.7,64212.0,0.196800,0.116019,0.080781,-2080.198395
1781776200,2026-06-18 09:50:00,64211.9,64211.9,64195.9,64203.9,0.040865,0.627743,-0.586878,-2080.785273
1781776500,2026-06-18 09:55:00,64200.3,64200.3,64157.0,64157.0,0.252588,0.828418,-0.575830,-2081.361103
1781776800,2026-06-18 10:00:00,64157.1,64157.1,64087.8,64125.1,0.262989,4.176180,-3.913191,-2085.274294
1781777100,2026-06-18 10:05:00,64125.0,64125.0,64005.0,64005.0,1.759907,3.567323,-1.807417,-2087.081711
1781777400,2026-06-18 10:10:00,64005.0,64008.8,63952.0,63952.0,0.925127,27.190841,-26.265714,-2113.347425
1781777700,2026-06-18 10:15:00,63951.9,63994.5,63911.2,63913.4,0.372668,1.822091,-1.449424,-2114.796849
1781778000,2026-06-18 10:20:00,63913.4,63948.5,63872.8,63872.8,0.124629,1.303149,-1.178520,-2115.975368
1781778300,2026-06-18 10:25:00,63872.9,63930.0,63872.9,63911.1,0.265840,1.299146,-1.033305,-2117.008674
1781778600,2026-06-18 10:30:00,63911.1,63961.9,63900.1,63961.9,0.711123,1.837467,-1.126343,-2118.135017
1781778900,2026-06-18 10:35:00,63961.9,63982.9,63911.9,63977.4,0.276621,2.106961,-1.830340,-2119.965358
1781779200,2026-06-18 10:40:00,63977.4,64020.2,63951.8,63951.8,0.408330,0.849300,-0.440970,-2120.406328
1781779500,2026-06-18 10:45:00,63951.7,64004.2,63951.7,63967.8,0.188104,2.009803,-1.821699,-2122.228027
1781779800,2026-06-18 10:50:00,63967.8,64159.8,63967.7,64106.7,1.114008,0.351538,0.762470,-2121.465557
1781780100,2026-06-18 10:55:00,64106.7,64115.1,64025.1,64025.1,0.229329,0.607518,-0.378189,-2121.843746
1781780400,2026-06-18 11:00:00,64018.9,64140.9,64018.8,64094.6,0.109555,0.442123,-0.332568,-2122.176314
1781780700,2026-06-18 11:05:00,64097.8,64097.8,64008.6,64020.9,0.135440,0.955780,-0.820340,-2122.996654
1781781000,2026-06-18 11:10:00,64015.8,64015.8,63944.2,63978.7,1.254878,1.074513,0.180365,-2122.816290
1781781300,2026-06-18 11:15:00,63978.7,63990.7,63940.9,63941.0,0.256648,1.845890,-1.589242,-2124.405532
1781781600,2026-06-18 11:20:00,63940.9,63941.0,63860.2,63872.4,0.120050,1.874396,-1.754346,-2126.159878
1781781900,2026-06-18 11:25:00,63869.5,64028.0,63869.4,63999.9,0.929761,0.457569,0.472192,-2125.687686
1781782200,2026-06-18 11:30:00,64000.0,64011.2,63958.1,63990.4,0.398656,1.155087,-0.756431,-2126.444116
1781782500,2026-06-18 11:35:00,63990.4,63994.3,63891.0,63898.0,0.622750,0.497381,0.125370,-2126.318747
1781782800,2026-06-18 11:40:00,63898.1,63918.0,63819.3,63912.0,1.325418,5.249848,-3.924430,-2130.243177
1781783100,2026-06-18 11:45:00,63911.9,63982.0,63832.1,63832.1,1.075495,12.817977,-11.742482,-2141.985659
1781783400,2026-06-18 11:50:00,63832.1,63901.8,63825.6,63896.9,1.200939,1.575316,-0.374376,-2142.360035
1781783700,2026-06-18 11:55:00,63897.0,63930.5,63884.9,63910.1,0.557325,0.452625,0.104700,-2142.255335
1781784000,2026-06-18 12:00:00,63910.1,63969.0,63886.5,63935.3,5.293987,6.057322,-0.763335,-2143.018670
1781784300,2026-06-18 12:05:00,63935.2,63935.3,63870.6,63917.1,0.194039,0.072521,0.121519,-2142.897152
1781784600,2026-06-18 12:10:00,63909.8,63971.8,63909.8,63935.3,0.230354,0.613309,-0.382955,-2143.280107
1781784900,2026-06-18 12:15:00,63935.3,64007.7,63931.2,64006.6,2.405199,0.194347,2.210852,-2141.069255
1781785200,2026-06-18 12:20:00,64003.1,64087.6,64003.1,64076.9,1.891140,0.213550,1.677591,-2139.391664
1781785500,2026-06-18 12:25:00,64076.3,64130.8,64070.6,64130.8,5.299907,0.154966,5.144941,-2134.246723
1781785800,2026-06-18 12:30:00,64132.8,64202.0,64077.4,64135.7,5.089320,3.398422,1.690899,-2132.555825
1781786100,2026-06-18 12:35:00,64134.2,64171.8,64108.2,64110.0,0.823894,0.370537,0.453357,-2132.102468
1781786400,2026-06-18 12:40:00,64109.8,64180.0,64109.8,64180.0,1.662795,0.138670,1.524124,-2130.578344
1781786700,2026-06-18 12:45:00,64179.9,64264.9,64179.9,64264.9,7.912071,0.194838,7.717234,-2122.861110
1781787000,2026-06-18 12:50:00,64264.9,64272.6,64220.6,64250.6,0.165473,0.786172,-0.620699,-2123.481809
1781787300,2026-06-18 12:55:00,64250.7,64318.9,64250.7,64307.1,2.885285,1.205008,1.680277,-2121.801531
1781787600,2026-06-18 13:00:00,64308.0,64308.1,64213.4,64263.9,1.736989,2.933575,-1.196585,-2122.998117
1781787900,2026-06-18 13:05:00,64264.0,64335.8,64264.0,64335.3,1.690589,6.782274,-5.091686,-2128.089803
1781788200,2026-06-18 13:10:00,64335.5,64365.2,64311.8,64333.2,0.496957,0.140886,0.356071,-2127.733731
1781788500,2026-06-18 13:15:00,64333.1,64365.2,64270.2,64271.4,0.382996,1.105653,-0.722658,-2128.456389
1781788800,2026-06-18 13:20:00,64271.3,64325.8,64263.8,64263.9,1.567435,0.758957,0.808478,-2127.647911
1781789100,2026-06-18 13:25:00,64263.9,64355.4,64258.5,64295.0,4.235455,3.504544,0.730911,-2126.916999
1781789400,2026-06-18 13:30:00,64295.0,64295.1,64082.8,64082.8,3.176784,5.623627,-2.446842,-2129.363842
1781789700,2026-06-18 13:35:00,64081.3,64081.3,63950.1,63980.9,0.544626,6.309728,-5.765101,-2135.128943
1781790000,2026-06-18 13:40:00,63980.9,63980.9,63812.8,63812.9,15.130338,5.260492,9.869846,-2125.259097
1781790300,2026-06-18 13:45:00,63812.1,64024.8,63732.5,64024.8,33.773763,3.703702,30.070061,-2095.189036
1781790600,2026-06-18 13:50:00,64024.7,64058.6,63978.7,64034.4,2.240912,0.413499,1.827413,-2093.361624
1781790900,2026-06-18 13:55:00,64030.2,64063.4,63795.5,63906.5,3.665563,1.936279,1.729284,-2091.632340
1781791200,2026-06-18 14:00:00,63907.6,63990.8,63854.5,63908.0,1.550579,0.468207,1.082371,-2090.549969
1781791500,2026-06-18 14:05:00,63902.9,63902.9,63750.1,63872.4,2.136584,4.857567,-2.720983,-2093.270952
1781791800,2026-06-18 14:10:00,63852.1,63852.1,63663.9,63700.9,6.770833,2.221252,4.549581,-2088.721371
1781792100,2026-06-18 14:15:00,63705.4,63890.9,63650.0,63882.5,1.678560,1.267848,0.410712,-2088.310659
1781792400,2026-06-18 14:20:00,63882.4,64115.7,63881.0,64007.2,3.850995,10.630340,-6.779346,-2095.090004
1781792700,2026-06-18 14:25:00,64007.3,64007.3,63715.0,63735.3,1.998145,3.839245,-1.841100,-2096.931104
1781793000,2026-06-18 14:30:00,63735.4,63840.9,63697.8,63809.1,1.730911,0.715309,1.015602,-2095.915502
1781793300,2026-06-18 14:35:00,63813.6,63982.6,63776.8,63982.6,2.515959,17.775386,-15.259426,-2111.174928
1781793600,2026-06-18 14:40:00,63969.0,63978.2,63790.9,63791.6,1.414808,0.804540,0.610268,-2110.564660
1781793900,2026-06-18 14:45:00,63792.6,63915.8,63788.9,63915.6,3.799939,23.965487,-20.165547,-2130.730207
1781794200,2026-06-18 14:50:00,63910.1,63910.1,63500.2,63545.8,1.496017,23.639193,-22.143177,-2152.873384
1781794500,2026-06-18 14:55:00,63544.1,63816.8,63544.1,63753.3,4.195582,5.386132,-1.190551,-2154.063934
1781794800,2026-06-18 15:00:00,63741.2,63741.2,63543.5,63611.2,3.032667,11.310623,-8.277956,-2162.341890
1781795100,2026-06-18 15:05:00,63595.3,63668.4,63500.1,63602.2,7.399802,5.768328,1.631475,-2160.710416
1781795400,2026-06-18 15:10:00,63598.6,63624.0,63500.0,63500.1,7.382266,12.108829,-4.726563,-2165.436979
1781795700,2026-06-18 15:15:00,63500.0,63517.4,63138.4,63314.5,24.017367,71.764508,-47.747141,-2213.184119
1781796000,2026-06-18 15:20:00,63315.8,63394.4,63219.3,63274.9,16.687724,22.627673,-5.939950,-2219.124069
1781796300,2026-06-18 15:25:00,63272.1,63331.7,63145.4,63150.1,5.667452,7.406139,-1.738687,-2220.862756
1781796600,2026-06-18 15:30:00,63164.1,63294.2,63121.1,63169.9,4.842567,6.787895,-1.945328,-2222.808084
1781796900,2026-06-18 15:35:00,63204.6,63204.6,62809.6,62863.0,9.693065,145.875339,-136.182274,-2358.990358
1781797200,2026-06-18 15:40:00,62862.5,62862.5,62610.5,62703.8,21.208828,13.649952,7.558876,-2351.431481
1781797500,2026-06-18 15:45:00,62703.9,62799.9,62624.1,62701.3,10.831118,3.210572,7.620546,-2343.810935
1781797800,2026-06-18 15:50:00,62697.2,62748.3,62433.2,62465.7,6.539414,14.399563,-7.860149,-2351.671084
1781798100,2026-06-18 15:55:00,62465.7,62481.0,62228.8,62297.9,6.068889,12.512995,-6.444107,-2358.115191
1781798400,2026-06-18 16:00:00,62296.5,62556.9,62274.8,62484.4,21.116117,2.453950,18.662167,-2339.453024
1781798700,2026-06-18 16:05:00,62477.8,62605.6,62477.6,62605.6,9.083463,2.229003,6.854460,-2332.598564
1781799000,2026-06-18 16:10:00,62605.6,62635.7,62559.1,62559.1,16.174384,2.850648,13.323736,-2319.274828
1781799300,2026-06-18 16:15:00,62559.2,62572.2,62442.8,62499.1,1.602693,14.209734,-12.607040,-2331.881868
1781799600,2026-06-18 16:20:00,62499.2,62673.3,62499.2,62638.9,44.826743,4.237283,40.589460,-2291.292408
1781799900,2026-06-18 16:25:00,62638.8,62649.9,62501.4,62521.6,3.085255,1.515266,1.569989,-2289.722419
1781800200,2026-06-18 16:30:00,62525.9,62543.8,62440.9,62543.6,2.567527,2.689688,-0.122161,-2289.844580
1781800500,2026-06-18 16:35:00,62550.3,62635.3,62500.0,62620.3,4.519940,3.110223,1.409717,-2288.434863
1781800800,2026-06-18 16:40:00,62628.9,62673.3,62568.4,62642.8,14.068152,2.503047,11.565105,-2276.869758
1781801100,2026-06-18 16:45:00,62642.6,62725.7,62605.3,62620.3,2.128382,0.844629,1.283753,-2275.586006
1781801400,2026-06-18 16:50:00,62624.9,62639.9,62560.5,62584.7,3.325738,2.387568,0.938170,-2274.647836
1781801700,2026-06-18 16:55:00,62584.6,62651.5,62584.6,62610.5,1.195810,0.821420,0.374390,-2274.273446
1781802000,2026-06-18 17:00:00,62616.8,62620.4,62441.1,62471.9,2.681746,47.670954,-44.989208,-2319.262654
1781802300,2026-06-18 17:05:00,62471.9,62544.8,62450.0,62489.7,2.012556,1.040224,0.972332,-2318.290322
1781802600,2026-06-18 17:10:00,62489.4,62489.4,62335.9,62425.8,3.709861,12.600017,-8.890156,-2327.180478
1781802900,2026-06-18 17:15:00,62424.2,62518.5,62407.7,62518.2,1.232485,1.238622,-0.006137,-2327.186615
1781803200,2026-06-18 17:20:00,62521.9,62522.0,62298.4,62298.5,5.545090,4.805732,0.739358,-2326.447257
1781803500,2026-06-18 17:25:00,62298.4,62509.8,62187.0,62497.4,22.619865,15.151475,7.468390,-2318.978867
1781803800,2026-06-18 17:30:00,62499.0,62643.2,62497.3,62643.2,6.060482,1.013545,5.046937,-2313.931931
1781804100,2026-06-18 17:35:00,62643.2,62643.2,62455.3,62462.9,1.816173,2.090300,-0.274127,-2314.206057
1781804400,2026-06-18 17:40:00,62459.8,62583.6,62440.9,62583.6,3.667395,0.504781,3.162613,-2311.043444
1781804700,2026-06-18 17:45:00,62574.0,62590.9,62506.1,62559.4,1.583191,0.577151,1.006040,-2310.037404
1781805000,2026-06-18 17:50:00,62559.4,62625.0,62514.9,62514.9,2.842982,0.392322,2.450660,-2307.586744
1781805300,2026-06-18 17:55:00,62520.2,62676.5,62440.9,62534.0,65.493405,10.322398,55.171007,-2252.415737
1781805600,2026-06-18 18:00:00,62534.0,62575.3,62506.4,62546.7,3.098330,4.820745,-1.722415,-2254.138152
1781805900,2026-06-18 18:05:00,62546.9,62635.5,62540.6,62633.8,0.640051,4.543920,-3.903869,-2258.042021
1781806200,2026-06-18 18:10:00,62633.7,62640.9,62610.1,62624.7,1.662147,0.839190,0.822956,-2257.219065
1781806500,2026-06-18 18:15:00,62624.5,62790.0,62535.4,62788.7,12.702397,13.587665,-0.885268,-2258.104333
1781806800,2026-06-18 18:20:00,62785.4,62879.1,62763.5,62859.2,7.979177,0.407262,7.571915,-2250.532418
1781807100,2026-06-18 18:25:00,62851.4,62882.5,62767.1,62776.7,0.803098,7.075398,-6.272300,-2256.804718
1781807400,2026-06-18 18:30:00,62775.7,62775.7,62690.9,62709.9,8.339567,7.403126,0.936441,-2255.868278
1781807700,2026-06-18 18:35:00,62710.0,62733.3,62623.4,62639.5,13.660222,2.929640,10.730582,-2245.137696
1781808000,2026-06-18 18:40:00,62639.6,62710.8,62602.8,62695.2,1.523709,1.268453,0.255256,-2244.882440
1781808300,2026-06-18 18:45:00,62702.3,62722.3,62666.5,62702.7,15.662286,1.973518,13.688767,-2231.193673
1781808600,2026-06-18 18:50:00,62702.7,62782.3,62591.0,62591.0,12.380939,3.279052,9.101888,-2222.091785
1781808900,2026-06-18 18:55:00,62591.0,62630.8,62545.5,62627.7,0.731452,1.238441,-0.506989,-2222.598774
1781809200,2026-06-18 19:00:00,62626.8,62647.9,62587.5,62587.5,3.060567,0.827094,2.233473,-2220.365301
1781809500,2026-06-18 19:05:00,62587.4,62622.4,62558.3,62591.1,0.463954,3.780914,-3.316960,-2223.682261
1781809800,2026-06-18 19:10:00,62594.8,62610.5,62554.0,62604.1,2.092328,3.363504,-1.271176,-2224.953436
1781810100,2026-06-18 19:15:00,62600.7,62636.1,62555.9,62616.3,1.107273,11.681285,-10.574012,-2235.527449
1781810400,2026-06-18 19:20:00,62615.5,62706.7,62615.0,62676.9,1.880928,0.239598,1.641330,-2233.886118
1781810700,2026-06-18 19:25:00,62676.9,62736.1,62676.8,62698.4,5.563043,1.554610,4.008434,-2229.877685
1781811000,2026-06-18 19:30:00,62700.0,62772.8,62700.0,62741.8,3.271591,2.084213,1.187378,-2228.690307
1781811300,2026-06-18 19:35:00,62737.9,62814.4,62717.4,62809.4,0.902297,0.675060,0.227237,-2228.463070
1781811600,2026-06-18 19:40:00,62809.4,62908.4,62804.7,62891.1,9.676782,0.388486,9.288297,-2219.174773
1781811900,2026-06-18 19:45:00,62885.5,62908.4,62844.7,62848.0,3.400108,3.815980,-0.415872,-2219.590645
1781812200,2026-06-18 19:50:00,62833.5,62913.8,62829.4,62913.8,5.244670,4.438947,0.805722,-2218.784923
1781812500,2026-06-18 19:55:00,62914.4,62931.7,62866.4,62866.4,3.001483,2.214899,0.786584,-2217.998339
1781812800,2026-06-18 20:00:00,62876.0,63144.3,62876.0,63144.3,33.824024,6.223894,27.600130,-2190.398209
1781813100,2026-06-18 20:05:00,63148.1,63148.1,63024.0,63030.1,7.119617,1.481175,5.638443,-2184.759766
1781813400,2026-06-18 20:10:00,63031.9,63106.3,63020.9,63098.5,8.268797,0.482921,7.785876,-2176.973890
1781813700,2026-06-18 20:15:00,63093.3,63109.7,63035.0,63103.0,3.555193,0.668028,2.887164,-2174.086726
1781814000,2026-06-18 20:20:00,63103.0,63190.9,63040.9,63041.0,4.635728,0.234843,4.400885,-2169.685841
1781814300,2026-06-18 20:25:00,63041.0,63086.5,63039.0,63048.7,5.883708,0.408651,5.475057,-2164.210784
1781814600,2026-06-18 20:30:00,63048.4,63072.5,63002.7,63062.2,2.991355,0.708122,2.283232,-2161.927552
1781814900,2026-06-18 20:35:00,63065.4,63071.6,63032.7,63055.9,2.108317,0.472975,1.635342,-2160.292210
1781815200,2026-06-18 20:40:00,63050.1,63110.0,63045.8,63066.1,0.922372,0.331256,0.591115,-2159.701095
1781815500,2026-06-18 20:45:00,63066.1,63066.1,62985.7,62985.7,0.597863,1.409727,-0.811864,-2160.512959
1781815800,2026-06-18 20:50:00,62984.6,63047.9,62984.4,63042.7,0.799029,0.175084,0.623945,-2159.889014
1781816100,2026-06-18 20:55:00,63043.7,63044.9,63006.6,63016.3,0.514042,4.021655,-3.507613,-2163.396628
1781816400,2026-06-18 21:00:00,63016.0,63036.6,63006.3,63011.6,1.114403,1.747024,-0.632621,-2164.029249
1781816700,2026-06-18 21:05:00,63011.6,63055.2,63011.6,63055.2,0.940288,0.239991,0.700296,-2163.328952
1781817000,2026-06-18 21:10:00,63051.8,63051.8,62841.0,62846.3,2.073477,25.527189,-23.453712,-2186.782664
1781817300,2026-06-18 21:15:00,62850.9,62964.1,62798.6,62949.4,3.945231,6.009106,-2.063875,-2188.846539
1781817600,2026-06-18 21:20:00,62944.4,62981.1,62932.8,62954.0,1.236767,1.171769,0.064998,-2188.781541
1781817900,2026-06-18 21:25:00,62954.0,62954.0,62866.6,62892.4,0.248281,1.128921,-0.880640,-2189.662181
1781818200,2026-06-18 21:30:00,62892.4,62919.7,62876.8,62907.8,0.173317,1.193757,-1.020440,-2190.682621
1781818500,2026-06-18 21:35:00,62907.8,62910.2,62841.0,62853.7,0.294728,0.128234,0.166494,-2190.516127
1781818800,2026-06-18 21:40:00,62853.6,62867.5,62815.7,62865.4,0.528160,0.560577,-0.032417,-2190.548544
1781819100,2026-06-18 21:45:00,62855.5,62883.5,62840.0,62855.7,0.583175,1.240150,-0.656975,-2191.205519
1781819400,2026-06-18 21:50:00,62864.7,62874.3,62814.2,62830.9,1.092692,1.038220,0.054472,-2191.151046
1781819700,2026-06-18 21:55:00,62839.0,62934.6,62838.9,62904.7,2.494377,0.613055,1.881322,-2189.269725
1781820000,2026-06-18 22:00:00,62904.7,62917.7,62852.1,62852.1,0.491050,0.768019,-0.276969,-2189.546694
1781820300,2026-06-18 22:05:00,62852.0,62864.1,62842.1,62858.8,0.480139,1.660282,-1.180143,-2190.726837
1781820600,2026-06-18 22:10:00,62858.2,62886.9,62852.0,62859.8,0.116342,0.144348,-0.028006,-2190.754843
1781820900,2026-06-18 22:15:00,62859.9,62859.9,62725.0,62725.0,0.472105,3.985580,-3.513475,-2194.268318
1781821200,2026-06-18 22:20:00,62725.0,62800.0,62721.0,62775.5,0.961509,1.524218,-0.562709,-2194.831027
1781821500,2026-06-18 22:25:00,62775.5,62800.0,62764.0,62766.8,0.483216,0.375487,0.107729,-2194.723298
1781821800,2026-06-18 22:30:00,62766.8,62786.1,62688.3,62688.4,0.304480,12.481884,-12.177404,-2206.900702
1781822100,2026-06-18 22:35:00,62688.4,62749.9,62688.4,62742.5,0.276203,39.884709,-39.608506,-2246.509209
1781822400,2026-06-18 22:40:00,62742.5,62747.7,62715.0,62746.2,0.189637,0.207886,-0.018249,-2246.527458
1781822700,2026-06-18 22:45:00,62746.2,62790.9,62715.1,62790.9,2.361760,0.501239,1.860521,-2244.666936
1781823000,2026-06-18 22:50:00,62790.9,62813.7,62778.4,62795.7,11.267170,1.580410,9.686760,-2234.980176
1781823300,2026-06-18 22:55:00,62795.7,62813.7,62795.6,62813.7,0.546182,0.014165,0.532017,-2234.448159
1781823600,2026-06-18 23:00:00,62813.7,62844.9,62773.0,62828.6,2.112389,0.430961,1.681428,-2232.766731
1781823900,2026-06-18 23:05:00,62819.2,62819.2,62742.2,62742.3,0.642368,0.389962,0.252406,-2232.514325
1781824200,2026-06-18 23:10:00,62754.7,62781.4,62694.6,62697.2,0.554239,35.723337,-35.169098,-2267.683424
1781824500,2026-06-18 23:15:00,62697.2,62750.0,62697.1,62750.0,2.709954,0.199161,2.510794,-2265.172630
1781824800,2026-06-18 23:20:00,62750.0,62773.3,62736.2,62766.2,1.376464,1.214513,0.161951,-2265.010679
1781825100,2026-06-18 23:25:00,62766.2,62802.9,62756.8,62802.9,0.159602,0.398855,-0.239252,-2265.249931
1781825400,2026-06-18 23:30:00,62807.9,62866.6,62807.9,62856.4,0.908426,0.769684,0.138742,-2265.111189
1781825700,2026-06-18 23:35:00,62856.3,62856.3,62824.0,62840.7,4.362050,0.753678,3.608371,-2261.502818
1781826000,2026-06-18 23:40:00,62840.7,62872.1,62840.7,62844.9,1.671554,0.227980,1.443574,-2260.059243
1781826300,2026-06-18 23:45:00,62844.8,62848.1,62800.0,62848.0,11.836603,0.212375,11.624228,-2248.435015
1781826600,2026-06-18 23:50:00,62848.0,62882.9,62848.0,62878.2,0.568687,0.438532,0.130155,-2248.304859
1781826900,2026-06-18 23:55:00,62878.1,62917.7,62878.1,62885.6,0.426634,0.135594,0.291040,-2248.013819
1781827200,2026-06-19 00:00:00,62885.7,62903.7,62832.0,62903.7,1.371620,0.247127,1.124494,-2246.889326
1781827500,2026-06-19 00:05:00,62903.6,62903.6,62785.1,62824.0,0.352594,3.741340,-3.388746,-2250.278072
1781827800,2026-06-19 00:10:00,62824.1,62839.0,62785.0,62790.6,0.430165,0.411713,0.018452,-2250.259619
1781828100,2026-06-19 00:15:00,62790.5,62921.2,62785.1,62897.1,0.504282,0.236919,0.267363,-2249.992257
1781828400,2026-06-19 00:20:00,62897.0,62897.1,62836.6,62879.6,0.474825,0.521677,-0.046852,-2250.039109
1781828700,2026-06-19 00:25:00,62879.6,62902.2,62850.2,62879.6,1.913543,0.338956,1.574588,-2248.464521
1781829000,2026-06-19 00:30:00,62897.0,62970.4,62897.0,62970.4,13.150911,0.230568,12.920344,-2235.544178
1781829300,2026-06-19 00:35:00,62970.4,62970.4,62937.1,62937.3,0.331938,0.246863,0.085075,-2235.459103
1781829600,2026-06-19 00:40:00,62937.3,62990.6,62937.3,62990.6,0.398512,0.233608,0.164904,-2235.294199
1781829900,2026-06-19 00:45:00,62990.8,63016.6,62954.0,62980.3,5.270127,1.487980,3.782147,-2231.512051
1781830200,2026-06-19 00:50:00,62997.0,62997.0,62932.3,62947.3,0.253063,0.497303,-0.244240,-2231.756291
1781830500,2026-06-19 00:55:00,62947.2,62947.2,62913.6,62946.9,0.241530,0.187566,0.053964,-2231.702327
1781830800,2026-06-19 01:00:00,62946.9,63016.6,62926.2,63001.5,0.278381,4.424774,-4.146393,-2235.848720
1781831100,2026-06-19 01:05:00,63002.0,63018.6,62913.5,62913.5,0.253270,0.157679,0.095591,-2235.753129
1781831400,2026-06-19 01:10:00,62913.6,62913.6,62846.0,62902.0,1.406482,2.452376,-1.045895,-2236.799024
1781831700,2026-06-19 01:15:00,62902.0,63033.4,62902.0,62970.1,1.409802,0.878174,0.531628,-2236.267395
1781832000,2026-06-19 01:20:00,62970.1,63012.0,62955.3,62961.7,0.468351,0.727745,-0.259394,-2236.526790
1781832300,2026-06-19 01:25:00,62961.6,62961.6,62859.6,62859.6,0.350198,1.028457,-0.678259,-2237.205048
1781832600,2026-06-19 01:30:00,62859.7,62889.3,62796.0,62796.0,0.315599,1.788877,-1.473278,-2238.678326
1781832900,2026-06-19 01:35:00,62796.1,62855.2,62796.0,62825.6,1.388277,0.980967,0.407311,-2238.271015
1781833200,2026-06-19 01:40:00,62825.6,62850.9,62811.7,62850.9,0.714038,0.043306,0.670732,-2237.600283
1781833500,2026-06-19 01:45:00,62850.9,62885.2,62850.9,62861.9,0.101999,0.223309,-0.121309,-2237.721593
1781833800,2026-06-19 01:50:00,62861.9,62927.4,62861.9,62927.4,1.285603,0.060290,1.225313,-2236.496280
1781834100,2026-06-19 01:55:00,62927.4,62961.3,62927.4,62952.3,0.626076,1.573456,-0.947379,-2237.443659
1781834400,2026-06-19 02:00:00,62956.5,63024.6,62956.5,63024.5,12.595087,0.358457,12.236630,-2225.207030
1781834700,2026-06-19 02:05:00,63024.5,63040.5,62971.4,62978.5,0.202421,0.486950,-0.284530,-2225.491560
1781835000,2026-06-19 02:10:00,62978.5,62991.7,62939.7,62960.0,0.090515,0.398519,-0.308004,-2225.799564
1781835300,2026-06-19 02:15:00,62960.0,62994.5,62920.0,62920.0,0.097350,0.151257,-0.053907,-2225.853471
1781835600,2026-06-19 02:20:00,62911.4,62973.8,62894.6,62958.6,0.414808,1.397330,-0.982522,-2226.835993
1781835900,2026-06-19 02:25:00,62962.7,62962.8,62878.7,62884.9,1.267259,2.016526,-0.749266,-2227.585259
1781836200,2026-06-19 02:30:00,62884.9,62952.5,62876.6,62931.8,0.382188,0.480242,-0.098054,-2227.683313
1781836500,2026-06-19 02:35:00,62931.3,62951.7,62852.4,62865.7,0.107080,0.562643,-0.455563,-2228.138876
1781836800,2026-06-19 02:40:00,62865.6,62877.0,62860.5,62876.9,0.296778,0.680667,-0.383890,-2228.522766
1781837100,2026-06-19 02:45:00,62877.0,62877.0,62840.9,62873.9,0.289347,0.765216,-0.475869,-2228.998635
1781837400,2026-06-19 02:50:00,62873.9,62924.6,62852.3,62918.1,0.435049,0.899469,-0.464419,-2229.463054
1781837700,2026-06-19 02:55:00,62918.1,62944.2,62897.9,62944.2,1.417195,0.185969,1.231226,-2228.231828
1781838000,2026-06-19 03:00:00,62944.2,62963.4,62911.4,62922.1,0.195838,1.066312,-0.870474,-2229.102303
1781838300,2026-06-19 03:05:00,62922.1,62922.1,62842.8,62842.8,0.232496,0.704781,-0.472285,-2229.574587
1781838600,2026-06-19 03:10:00,62841.0,62841.0,62657.8,62668.0,0.172954,14.828145,-14.655192,-2244.229779
1781838900,2026-06-19 03:15:00,62670.0,62688.7,62335.7,62440.9,8.048988,55.145310,-47.096323,-2291.326102
1781839200,2026-06-19 03:20:00,62454.0,62769.0,62454.0,62769.0,5.347597,29.311426,-23.963829,-2315.289931
1781839500,2026-06-19 03:25:00,62769.0,62778.6,62710.8,62774.7,0.414507,0.198182,0.216325,-2315.073607
1781839800,2026-06-19 03:30:00,62771.0,62771.0,62679.4,62689.5,0.654392,0.185299,0.469093,-2314.604514
1781840100,2026-06-19 03:35:00,62689.4,62691.3,62589.4,62589.4,0.643962,0.791372,-0.147410,-2314.751924
1781840400,2026-06-19 03:40:00,62589.3,62615.0,62554.2,62615.0,3.761856,0.537647,3.224209,-2311.527715
1781840700,2026-06-19 03:45:00,62615.0,62637.2,62572.9,62598.4,1.033719,61.038837,-60.005117,-2371.532832
1781841000,2026-06-19 03:50:00,62598.4,62713.5,62598.4,62688.7,1.084484,0.042200,1.042284,-2370.490548
1781841300,2026-06-19 03:55:00,62688.6,62740.9,62685.7,62695.3,0.156602,1.823200,-1.666598,-2372.157146
1781841600,2026-06-19 04:00:00,62695.3,62707.5,62570.1,62570.2,12.311109,1.432349,10.878760,-2361.278387
1781841900,2026-06-19 04:05:00,62570.1,62716.5,62570.1,62716.5,0.444086,0.099347,0.344738,-2360.933648
1781842200,2026-06-19 04:10:00,62710.1,62797.8,62710.1,62797.7,0.802231,0.016913,0.785318,-2360.148330
1781842500,2026-06-19 04:15:00,62797.7,62840.9,62717.1,62717.1,1.501729,0.137897,1.363832,-2358.784498
1781842800,2026-06-19 04:20:00,62717.2,62717.2,62656.5,62700.3,0.141690,4.262070,-4.120380,-2362.904878
1781843100,2026-06-19 04:25:00,62700.3,62700.4,62660.0,62666.3,0.898395,0.463077,0.435318,-2362.469561
1781843400,2026-06-19 04:30:00,62663.7,62663.8,62479.9,62496.7,0.643050,1.942872,-1.299822,-2363.769383
1781843700,2026-06-19 04:35:00,62496.8,62529.2,62486.0,62493.8,0.055488,0.367607,-0.312119,-2364.081502
1781844000,2026-06-19 04:40:00,62495.0,62552.3,62495.0,62547.2,0.258220,0.144740,0.113480,-2363.968022
1781844300,2026-06-19 04:45:00,62547.2,62590.4,62525.2,62588.1,0.206360,0.271367,-0.065007,-2364.033029
1781844600,2026-06-19 04:50:00,62590.9,62618.9,62455.5,62455.5,0.443793,1.725025,-1.281231,-2365.314260
1781844900,2026-06-19 04:55:00,62460.9,62460.9,62349.9,62387.0,46.899939,14.007580,32.892359,-2332.421901
1781845200,2026-06-19 05:00:00,62386.6,62532.6,62386.5,62529.5,2.279154,0.454716,1.824438,-2330.597463
1781845500,2026-06-19 05:05:00,62529.5,62600.9,62529.5,62600.9,1.742165,0.014790,1.727375,-2328.870088
1781845800,2026-06-19 05:10:00,62600.9,62602.9,62554.7,62602.9,0.431102,1.694362,-1.263260,-2330.133349
1781846100,2026-06-19 05:15:00,62602.9,62602.9,62520.5,62528.4,0.349111,0.776466,-0.427355,-2330.560703
1781846400,2026-06-19 05:20:00,62531.3,62570.2,62520.2,62543.9,0.240098,0.086235,0.153864,-2330.406839
1781846700,2026-06-19 05:25:00,62543.8,62584.8,62528.2,62544.8,0.248367,0.198060,0.050307,-2330.356532
1781847000,2026-06-19 05:30:00,62544.8,62605.0,62500.5,62525.2,0.183218,0.967552,-0.784334,-2331.140867
1781847300,2026-06-19 05:35:00,62528.4,62579.4,62528.4,62541.1,0.485882,0.354564,0.131318,-2331.009549
1781847600,2026-06-19 05:40:00,62541.1,62583.8,62541.1,62583.8,0.616427,0.257550,0.358878,-2330.650671
1781847900,2026-06-19 05:45:00,62583.8,62650.8,62583.8,62650.8,0.728482,0.019775,0.708706,-2329.941965
1781848200,2026-06-19 05:50:00,62649.3,62674.2,62639.1,62667.0,0.661391,0.787314,-0.125923,-2330.067887
1781848500,2026-06-19 05:55:00,62667.0,62667.0,62666.9,62667.0,0.365351,0.016461,0.348890,-2329.718997
1781848800,2026-06-19 06:00:00,62667.0,62750.0,62666.9,62750.0,2.707149,0.048718,2.658431,-2327.060566
1781849100,2026-06-19 06:05:00,62750.0,62771.1,62724.9,62750.0,2.140157,2.052387,0.087770,-2326.972796
1781849400,2026-06-19 06:10:00,62750.0,62771.1,62714.0,62771.1,0.062487,0.123669,-0.061182,-2327.033978
1781849700,2026-06-19 06:15:00,62771.1,62780.5,62714.1,62722.6,3.766723,0.235797,3.530926,-2323.503053
1781850000,2026-06-19 06:20:00,62722.7,62760.1,62700.0,62760.1,2.670257,2.988817,-0.318560,-2323.821613
1781850300,2026-06-19 06:25:00,62760.0,62772.6,62758.0,62772.6,0.057095,0.116550,-0.059454,-2323.881067
1781850600,2026-06-19 06:30:00,62772.6,62800.0,62750.0,62760.9,1.098181,0.262447,0.835734,-2323.045334
1781850900,2026-06-19 06:35:00,62760.8,62760.8,62690.9,62691.0,0.280404,1.394805,-1.114401,-2324.159735
1781851200,2026-06-19 06:40:00,62691.0,62764.0,62686.2,62764.0,0.860699,0.665549,0.195150,-2323.964585
1781851500,2026-06-19 06:45:00,62762.9,62762.9,62711.4,62728.0,0.098238,0.026580,0.071659,-2323.892926
1781851800,2026-06-19 06:50:00,62728.0,62800.0,62727.1,62800.0,0.353501,1.032887,-0.679386,-2324.572312
1781852100,2026-06-19 06:55:00,62800.0,62846.5,62799.9,62830.7,1.565508,0.276435,1.289073,-2323.283239
1781852400,2026-06-19 07:00:00,62830.8,62846.5,62777.3,62777.4,0.124263,1.232866,-1.108603,-2324.391842
1781852700,2026-06-19 07:05:00,62777.4,62793.7,62763.4,62793.7,0.046744,0.032151,0.014593,-2324.377248
1781853000,2026-06-19 07:10:00,62793.6,62793.6,62729.6,62729.6,0.075841,0.369139,-0.293297,-2324.670546
1781853300,2026-06-19 07:15:00,62727.2,62734.2,62668.1,62668.2,0.093951,0.553565,-0.459614,-2325.130160
1781853600,2026-06-19 07:20:00,62668.2,62731.6,62668.1,62703.8,0.335750,0.038853,0.296897,-2324.833263
1781853900,2026-06-19 07:25:00,62703.9,62765.3,62678.0,62678.1,0.060964,0.071326,-0.010362,-2324.843625
1781854200,2026-06-19 07:30:00,62678.1,62770.7,62627.6,62628.6,0.587945,0.740389,-0.152445,-2324.996069
1781854500,2026-06-19 07:35:00,62628.5,62628.6,62453.2,62472.9,0.769735,2.880702,-2.110967,-2327.107036
1781854800,2026-06-19 07:40:00,62472.9,62477.1,62448.0,62469.9,1.645317,0.171821,1.473496,-2325.633540
1781855100,2026-06-19 07:45:00,62489.9,62496.9,62455.6,62469.9,0.692197,0.198220,0.493977,-2325.139563
1781855400,2026-06-19 07:50:00,62470.0,62604.6,62469.9,62536.3,0.587971,1.424822,-0.836852,-2325.976414
1781855700,2026-06-19 07:55:00,62553.3,62565.3,62550.4,62555.2,0.135820,0.122494,0.013326,-2325.963088
1781856000,2026-06-19 08:00:00,62555.2,62587.8,62534.8,62587.7,1.378974,3.039160,-1.660186,-2327.623274
1781856300,2026-06-19 08:05:00,62563.1,62563.7,62532.3,62535.5,0.085907,0.103863,-0.017956,-2327.641231
1781856600,2026-06-19 08:10:00,62535.5,62598.0,62500.1,62597.9,0.115841,3.623350,-3.507509,-2331.148739
1781856900,2026-06-19 08:15:00,62598.0,62598.0,62542.9,62581.8,0.097206,0.107086,-0.009880,-2331.158619
1781857200,2026-06-19 08:20:00,62584.9,62640.9,62584.8,62640.9,0.162063,0.004512,0.157550,-2331.001069
1781857500,2026-06-19 08:25:00,62640.9,62640.9,62605.1,62605.2,0.235090,1.204417,-0.969327,-2331.970396
1781857800,2026-06-19 08:30:00,62605.2,62640.9,62600.0,62600.1,0.310301,0.036079,0.274222,-2331.696174
1781858100,2026-06-19 08:35:00,62600.1,62698.1,62600.1,62698.1,0.849505,0.093351,0.756155,-2330.940019
1781858400,2026-06-19 08:40:00,62699.9,62699.9,62540.9,62583.7,0.478157,2.711055,-2.232898,-2333.172917
1781858700,2026-06-19 08:45:00,62583.7,62604.1,62583.0,62588.2,0.443743,0.103775,0.339968,-2332.832948
1781859000,2026-06-19 08:50:00,62583.1,62600.2,62541.0,62541.0,0.035765,0.046541,-0.010777,-2332.843725
1781859300,2026-06-19 08:55:00,62541.0,62541.0,62521.7,62528.4,1.066944,0.880317,0.186627,-2332.657098
1781859600,2026-06-19 09:00:00,62534.2,62591.4,62511.1,62511.1,0.162323,0.465115,-0.302792,-2332.959890
1781859900,2026-06-19 09:05:00,62511.1,62511.1,62433.2,62433.2,1.632879,1.945319,-0.312439,-2333.272329
1781860200,2026-06-19 09:10:00,62433.1,62433.1,62268.5,62365.9,2.293667,5.344020,-3.050353,-2336.322682
1781860500,2026-06-19 09:15:00,62365.9,62406.3,62356.4,62356.4,0.429216,0.132328,0.296888,-2336.025794
1781860800,2026-06-19 09:20:00,62356.3,62356.4,62268.6,62356.4,1.036008,2.832881,-1.796873,-2337.822667
1781861100,2026-06-19 09:25:00,62356.4,62368.7,62293.5,62324.0,0.365304,0.442917,-0.077614,-2337.900281
1781861400,2026-06-19 09:30:00,62324.0,62390.9,62324.0,62386.1,1.382056,0.308911,1.073144,-2336.827137
1781861700,2026-06-19 09:35:00,62387.9,62406.3,62350.0,62394.5,3.801188,0.553115,3.248073,-2333.579064
1781862000,2026-06-19 09:40:00,62402.1,62418.8,62355.4,62364.7,0.277418,2.718768,-2.441350,-2336.020414
1781862300,2026-06-19 09:45:00,62364.7,62364.7,62285.7,62287.0,0.284128,2.284044,-1.999917,-2338.020331
1781862600,2026-06-19 09:50:00,62287.0,62334.6,62286.9,62324.2,1.189126,1.227945,-0.038819,-2338.059150
1781862900,2026-06-19 09:55:00,62321.2,62352.8,62302.6,62333.8,1.819336,2.646324,-0.826988,-2338.886138
1781863200,2026-06-19 10:00:00,62333.8,62361.3,62322.0,62354.9,0.113103,0.172719,-0.059616,-2338.945753
1781863500,2026-06-19 10:05:00,62354.8,62484.8,62326.0,62484.7,9.122429,0.705930,8.416498,-2330.529255
1781863800,2026-06-19 10:10:00,62484.8,62484.8,62421.2,62460.9,1.444949,0.089959,1.354990,-2329.174265
1781864100,2026-06-19 10:15:00,62478.2,62478.2,62360.6,62382.2,0.221775,4.168644,-3.946869,-2333.121134
1781864400,2026-06-19 10:20:00,62382.2,62442.3,62376.0,62388.6,0.472321,2.654597,-2.182276,-2335.303410
1781864700,2026-06-19 10:25:00,62388.5,62461.2,62370.5,62437.0,0.599063,0.320952,0.278111,-2335.025299
1781865000,2026-06-19 10:30:00,62437.0,62437.0,62370.6,62411.6,0.350387,0.180987,0.169400,-2334.855898
1781865300,2026-06-19 10:35:00,62411.6,62421.4,62370.0,62375.2,0.107974,0.119183,-0.011209,-2334.867107
1781865600,2026-06-19 10:40:00,62375.2,62393.7,62355.0,62371.3,0.373827,0.688434,-0.314607,-2335.181715
1781865900,2026-06-19 10:45:00,62362.2,62424.8,62355.0,62410.3,0.921318,0.049740,0.871577,-2334.310137
1781866200,2026-06-19 10:50:00,62410.3,62490.9,62401.2,62481.5,0.629878,0.075689,0.554189,-2333.755948
1781866500,2026-06-19 10:55:00,62481.5,62530.6,62466.4,62471.5,0.253700,0.081419,0.172282,-2333.583667
1781866800,2026-06-19 11:00:00,62471.5,62513.4,62460.9,62490.5,0.232694,0.059310,0.173384,-2333.410282
1781867100,2026-06-19 11:05:00,62490.5,62509.4,62401.3,62439.0,0.283256,0.842437,-0.559181,-2333.969464
1781867400,2026-06-19 11:10:00,62439.0,62451.4,62401.3,62403.4,0.567307,0.131081,0.436226,-2333.533238
1781867700,2026-06-19 11:15:00,62437.0,62495.8,62401.3,62495.8,0.300007,0.068644,0.231363,-2333.301875
1781868000,2026-06-19 11:20:00,62495.8,62626.9,62495.7,62597.5,65.204906,1.321228,63.883678,-2269.418197
1781868300,2026-06-19 11:25:00,62597.5,62604.6,62535.0,62588.8,62.283555,0.074740,62.208816,-2207.209382
1781868600,2026-06-19 11:30:00,62588.8,62615.2,62557.4,62573.7,0.361875,1.395480,-1.033605,-2208.242987
1781868900,2026-06-19 11:35:00,62573.6,62573.7,62534.1,62559.5,3.241152,0.238133,3.003019,-2205.239968
1781869200,2026-06-19 11:40:00,62580.3,62606.9,62566.7,62606.9,0.331465,2.165341,-1.833876,-2207.073843
1781869500,2026-06-19 11:45:00,62606.9,62616.6,62597.1,62611.3,0.566140,0.452149,0.113991,-2206.959852
1781869800,2026-06-19 11:50:00,62611.2,62611.3,62571.8,62576.0,3.121276,0.326883,2.794393,-2204.165460
1781870100,2026-06-19 11:55:00,62577.9,62584.5,62549.8,62574.0,0.255342,7.304082,-7.048740,-2211.214199
1781870400,2026-06-19 12:00:00,62574.0,62613.2,62574.0,62612.9,0.180622,1.880148,-1.699526,-2212.913726
1781870700,2026-06-19 12:05:00,62612.9,62616.5,62540.2,62616.5,3.215264,0.651572,2.563692,-2210.350034
1781871000,2026-06-19 12:10:00,62616.6,62616.6,62576.8,62580.5,0.354394,0.458880,-0.104486,-2210.454520
1781871300,2026-06-19 12:15:00,62564.3,62564.3,62440.9,62478.8,0.125890,1.431652,-1.305762,-2211.760282
1781871600,2026-06-19 12:20:00,62478.8,62521.4,62464.6,62495.4,0.327625,0.264830,0.062794,-2211.697488
1781871900,2026-06-19 12:25:00,62479.0,62506.3,62467.6,62500.8,1.312980,0.142093,1.170886,-2210.526602
1781872200,2026-06-19 12:30:00,62500.2,62500.3,62391.0,62423.2,0.619702,0.621731,-0.002028,-2210.528630
1781872500,2026-06-19 12:35:00,62423.2,62490.9,62361.7,62490.9,2.783521,4.321264,-1.537743,-2212.066373
1781872800,2026-06-19 12:40:00,62490.9,62519.6,62475.0,62475.0,0.674359,2.989445,-2.315087,-2214.381459
1781873100,2026-06-19 12:45:00,62460.6,62460.6,62236.1,62324.1,2.392916,125.702707,-123.309791,-2337.691250
1781873400,2026-06-19 12:50:00,62324.4,62790.9,62324.4,62688.8,35.470486,0.771831,34.698656,-2302.992595
1781873700,2026-06-19 12:55:00,62687.5,62790.1,62661.3,62771.2,68.810879,0.782388,68.028491,-2234.964103
1781874000,2026-06-19 13:00:00,62771.2,62831.4,62701.3,62823.8,5.180567,2.819089,2.361477,-2232.602626
1781874300,2026-06-19 13:05:00,62823.9,62920.0,62814.4,62814.5,45.639012,14.191732,31.447280,-2201.155346
1781874600,2026-06-19 13:10:00,62814.5,62814.5,62740.9,62742.2,17.429788,9.846336,7.583451,-2193.571894
1781874900,2026-06-19 13:15:00,62741.0,62750.1,62618.5,62645.8,2.930828,7.601304,-4.670476,-2198.242371
1781875200,2026-06-19 13:20:00,62645.8,62707.7,62640.1,62684.7,0.270198,0.680355,-0.410157,-2198.652527
1781875500,2026-06-19 13:25:00,62684.7,62739.4,62684.7,62739.3,0.425356,0.177147,0.248209,-2198.404318
1781875800,2026-06-19 13:30:00,62739.3,62781.1,62707.5,62779.5,0.755978,0.453034,0.302944,-2198.101375
1781876100,2026-06-19 13:35:00,62781.7,62888.5,62759.4,62888.0,6.154255,0.478563,5.675692,-2192.425683
1781876400,2026-06-19 13:40:00,62888.0,63038.6,62887.9,63018.9,8.579891,3.600649,4.979242,-2187.446441
1781876700,2026-06-19 13:45:00,63018.9,63344.5,63018.9,63239.1,20.746558,3.896800,16.849758,-2170.596682
1781877000,2026-06-19 13:50:00,63239.2,63239.2,63141.0,63162.7,1.196482,0.257551,0.938931,-2169.657751
1781877300,2026-06-19 13:55:00,63162.6,63204.6,63123.5,63148.2,1.485915,1.085074,0.400840,-2169.256911
1781877600,2026-06-19 14:00:00,63152.9,63205.9,63100.3,63172.5,1.733377,2.998862,-1.265485,-2170.522396
1781877900,2026-06-19 14:05:00,63168.9,63168.9,63005.9,63086.8,1.099393,3.121884,-2.022491,-2172.544887
1781878200,2026-06-19 14:10:00,63086.8,63103.8,62993.1,63030.3,1.050075,2.250269,-1.200194,-2173.745081
1781878500,2026-06-19 14:15:00,63033.4,63054.8,62958.1,63016.4,1.586879,54.015482,-52.428603,-2226.173684
1781878800,2026-06-19 14:20:00,63002.4,63045.2,62959.1,63035.8,2.254521,0.268331,1.986189,-2224.187495
1781879100,2026-06-19 14:25:00,63035.2,63237.8,63035.2,63219.6,2.653287,1.114391,1.538896,-2222.648599
1781879400,2026-06-19 14:30:00,63215.2,63240.9,63116.5,63175.8,1.048536,0.159771,0.888766,-2221.759833
1781879700,2026-06-19 14:35:00,63177.5,63345.6,63177.5,63261.1,6.628176,0.829243,5.798933,-2215.960900
1781880000,2026-06-19 14:40:00,63265.2,63300.0,63250.2,63251.1,9.752440,0.740296,9.012145,-2206.948755
1781880300,2026-06-19 14:45:00,63251.4,63319.5,63211.7,63245.0,3.854866,0.726491,3.128374,-2203.820381
1781880600,2026-06-19 14:50:00,63270.4,63270.4,63195.8,63211.7,0.699002,1.353191,-0.654189,-2204.474570
1781880900,2026-06-19 14:55:00,63201.8,63205.1,63150.0,63150.0,1.906937,2.126080,-0.219143,-2204.693713
1781881200,2026-06-19 15:00:00,63150.1,63153.8,63075.7,63075.8,0.246707,1.406994,-1.160287,-2205.854000
1781881500,2026-06-19 15:05:00,63075.7,63190.9,63075.7,63114.8,0.708681,46.476592,-45.767911,-2251.621912
1781881800,2026-06-19 15:10:00,63107.5,63141.4,63100.0,63119.5,0.685799,2.716366,-2.030566,-2253.652478
1781882100,2026-06-19 15:15:00,63124.5,63156.9,63052.1,63052.1,0.369861,0.636469,-0.266608,-2253.919086
1781882400,2026-06-19 15:20:00,63050.4,63070.6,62973.6,62981.8,0.464474,1.587391,-1.122918,-2255.042004
1781882700,2026-06-19 15:25:00,62970.0,63018.2,62970.0,62995.7,0.201026,1.429726,-1.228700,-2256.270704
1781883000,2026-06-19 15:30:00,62997.3,63140.9,62997.3,63140.9,0.752697,2.453952,-1.701254,-2257.971958
1781883300,2026-06-19 15:35:00,63140.9,63140.9,63042.7,63059.6,0.349519,1.409205,-1.059686,-2259.031644
1781883600,2026-06-19 15:40:00,63059.7,63214.7,63059.5,63181.4,1.913365,0.168740,1.744625,-2257.287019
1781883900,2026-06-19 15:45:00,63187.1,63220.3,63129.2,63154.9,0.275613,56.225184,-55.949572,-2313.236591
1781884200,2026-06-19 15:50:00,63153.9,63181.8,63141.3,63167.5,0.300038,2.661243,-2.361205,-2315.597796
1781884500,2026-06-19 15:55:00,63167.4,63199.9,63135.2,63151.9,0.342657,1.414972,-1.072314,-2316.670110
1781884800,2026-06-19 16:00:00,63155.0,63199.1,63090.9,63092.8,1.310067,0.423135,0.886932,-2315.783178
1781885100,2026-06-19 16:05:00,63111.5,63153.2,63040.9,63040.9,1.023506,1.331604,-0.308098,-2316.091276
1781885400,2026-06-19 16:10:00,63041.0,63327.5,63041.0,63321.4,5.247694,0.522941,4.724753,-2311.366523
1781885700,2026-06-19 16:15:00,63324.4,63324.5,63204.5,63220.0,2.151022,5.373083,-3.222062,-2314.588585
1781886000,2026-06-19 16:20:00,63215.3,63265.8,63202.6,63257.0,8.819733,0.393886,8.425847,-2306.162738
1781886300,2026-06-19 16:25:00,63256.9,63312.0,63256.9,63265.8,2.371247,0.728717,1.642530,-2304.520209
1781886600,2026-06-19 16:30:00,63265.8,63314.1,63192.0,63220.0,7.118625,4.065818,3.052808,-2301.467401
1781886900,2026-06-19 16:35:00,63220.0,63250.1,63208.7,63241.6,1.078355,0.300214,0.778141,-2300.689260
1781887200,2026-06-19 16:40:00,63241.6,63241.6,63190.9,63191.0,0.509162,0.437178,0.071984,-2300.617276
1781887500,2026-06-19 16:45:00,63190.9,63191.0,63115.1,63115.3,2.185901,3.277427,-1.091525,-2301.708801
1781887800,2026-06-19 16:50:00,63115.3,63115.4,62991.0,62993.5,2.726168,12.138159,-9.411991,-2311.120792
1781888100,2026-06-19 16:55:00,62995.1,63000.3,62884.2,62915.4,0.486775,5.155957,-4.669183,-2315.789975
1781888400,2026-06-19 17:00:00,62915.4,62940.5,62845.9,62858.7,1.253612,0.447567,0.806045,-2314.983930
1781888700,2026-06-19 17:05:00,62859.6,62950.0,62841.0,62915.7,0.297171,0.151873,0.145298,-2314.838632
1781889000,2026-06-19 17:10:00,62915.6,62948.6,62882.9,62935.1,0.231392,7.129125,-6.897733,-2321.736365
1781889300,2026-06-19 17:15:00,62942.8,63043.9,62932.5,63023.2,2.078644,0.393913,1.684731,-2320.051634
1781889600,2026-06-19 17:20:00,63032.0,63032.0,62914.9,62918.0,0.053414,19.313970,-19.260556,-2339.312191
1781889900,2026-06-19 17:25:00,62911.2,62911.2,62823.4,62850.4,0.123073,0.808887,-0.685814,-2339.998004
1781890200,2026-06-19 17:30:00,62860.2,62990.9,62860.2,62990.9,1.520254,0.181678,1.338577,-2338.659428
1781890500,2026-06-19 17:35:00,62995.4,62995.4,62952.2,62994.7,0.150732,0.799422,-0.648690,-2339.308117
1781890800,2026-06-19 17:40:00,62994.8,63040.9,62994.7,63034.3,0.670186,1.360122,-0.689936,-2339.998053
1781891100,2026-06-19 17:45:00,63034.3,63166.1,62986.3,63140.3,3.101562,0.114789,2.986773,-2337.011279
1781891400,2026-06-19 17:50:00,63140.2,63156.5,63085.7,63149.1,6.721774,10.554607,-3.832834,-2340.844113
1781891700,2026-06-19 17:55:00,63149.0,63163.1,63115.0,63155.0,2.789292,0.728227,2.061065,-2338.783048
1781892000,2026-06-19 18:00:00,63155.1,63155.1,63068.8,63079.2,0.309213,7.290171,-6.980957,-2345.764005
1781892300,2026-06-19 18:05:00,63088.6,63088.6,63050.6,63062.0,0.180792,1.078956,-0.898164,-2346.662169
1781892600,2026-06-19 18:10:00,63062.1,63091.0,63052.3,63090.9,0.340623,0.481496,-0.140873,-2346.803043
1781892900,2026-06-19 18:15:00,63091.0,63091.0,63052.5,63072.7,0.242428,0.250293,-0.007865,-2346.810908
1781893200,2026-06-19 18:20:00,63086.6,63091.0,63072.3,63072.3,0.882588,0.169712,0.712876,-2346.098031
1781893500,2026-06-19 18:25:00,63065.9,63089.1,63054.0,63057.3,0.259509,0.065316,0.194193,-2345.903838
1781893800,2026-06-19 18:30:00,63057.1,63103.4,63020.4,63103.4,7.591291,2.327737,5.263554,-2340.640284
1781894100,2026-06-19 18:35:00,63103.3,63105.0,62940.9,62941.0,5.207411,13.191568,-7.984157,-2348.624441
1781894400,2026-06-19 18:40:00,62946.3,63009.8,62946.3,62994.9,1.446513,0.084942,1.361571,-2347.262870
1781894700,2026-06-19 18:45:00,63001.9,63016.3,62987.2,63006.0,0.153588,0.171729,-0.018141,-2347.281011
1781895000,2026-06-19 18:50:00,63006.1,63017.1,62955.9,63017.1,0.409068,0.047109,0.361959,-2346.919052
1781895300,2026-06-19 18:55:00,63017.0,63078.1,62987.0,63061.6,1.798442,0.169908,1.628534,-2345.290518
1781895600,2026-06-19 19:00:00,63061.6,63064.5,62987.2,63031.3,3.384787,0.429124,2.955663,-2342.334855
1781895900,2026-06-19 19:05:00,63043.9,63052.8,62970.8,62980.9,0.456864,0.216427,0.240438,-2342.094417
1781896200,2026-06-19 19:10:00,62978.8,63001.1,62952.2,62998.7,0.126934,0.190804,-0.063870,-2342.158287
1781896500,2026-06-19 19:15:00,62998.8,63004.8,62954.6,62954.9,1.596958,2.007985,-0.411028,-2342.569315
1781896800,2026-06-19 19:20:00,62954.9,62969.5,62940.9,62947.1,0.328833,0.283493,0.045340,-2342.523975
1781897100,2026-06-19 19:25:00,62947.2,62958.0,62890.9,62931.3,0.168053,0.380267,-0.212214,-2342.736189
1781897400,2026-06-19 19:30:00,62931.3,62952.2,62915.7,62928.3,0.174318,0.235921,-0.061603,-2342.797792
1781897700,2026-06-19 19:35:00,62928.2,62963.1,62914.4,62923.6,2.007221,0.093716,1.913505,-2340.884287
1781898000,2026-06-19 19:40:00,62923.7,62946.0,62919.2,62945.9,4.365530,0.832646,3.532884,-2337.351403
1781898300,2026-06-19 19:45:00,62945.9,62980.3,62934.0,62968.4,1.942500,1.661344,0.281156,-2337.070247
1781898600,2026-06-19 19:50:00,62969.9,63065.8,62968.7,63044.5,1.539776,0.228525,1.311251,-2335.758996
1781898900,2026-06-19 19:55:00,63044.6,63044.6,62945.3,62973.4,0.425691,0.108450,0.317241,-2335.441755
1781899200,2026-06-19 20:00:00,62973.3,63012.3,62961.9,62967.8,0.161805,1.106364,-0.944559,-2336.386314
1781899500,2026-06-19 20:05:00,62961.9,63027.3,62961.8,63007.6,0.277955,0.205460,0.072494,-2336.313819
1781899800,2026-06-19 20:10:00,63011.4,63024.1,63007.8,63013.8,0.171017,0.152152,0.018865,-2336.294954
1781900100,2026-06-19 20:15:00,63013.7,63013.8,62966.6,62969.1,0.235058,3.662880,-3.427822,-2339.722776
1781900400,2026-06-19 20:20:00,62966.5,62968.3,62902.2,62963.3,0.337497,1.243703,-0.906206,-2340.628981
1781900700,2026-06-19 20:25:00,62966.9,63024.4,62966.9,63019.7,0.451401,0.185960,0.265441,-2340.363540
1781901000,2026-06-19 20:30:00,63020.4,63036.2,62970.2,62990.5,0.444266,0.474871,-0.030605,-2340.394146
1781901300,2026-06-19 20:35:00,62990.5,63012.0,62982.5,62982.5,0.267236,0.405952,-0.138715,-2340.532861
1781901600,2026-06-19 20:40:00,62980.6,63031.8,62976.5,63031.8,0.716981,0.286158,0.430823,-2340.102038
1781901900,2026-06-19 20:45:00,63036.2,63140.9,63031.8,63105.6,17.216903,1.334030,15.882873,-2324.219165
1781902200,2026-06-19 20:50:00,63105.6,63140.9,63105.6,63128.9,0.518632,0.446847,0.071785,-2324.147380
1781902500,2026-06-19 20:55:00,63128.9,63201.9,63125.0,63185.1,1.497927,0.304151,1.193776,-2322.953604
1781902800,2026-06-19 21:00:00,63186.4,63186.4,63100.1,63103.5,0.152400,1.285179,-1.132779,-2324.086383
1781903100,2026-06-19 21:05:00,63103.5,63148.8,63094.2,63144.8,0.124157,1.104779,-0.980621,-2325.067004
1781903400,2026-06-19 21:10:00,63144.7,63201.9,63144.7,63201.8,0.718524,1.679273,-0.960749,-2326.027753
1781903700,2026-06-19 21:15:00,63201.7,63201.7,63182.5,63183.5,0.222476,0.476639,-0.254163,-2326.281916
1781904000,2026-06-19 21:20:00,63183.6,63184.0,63140.1,63154.8,0.188312,0.410286,-0.221974,-2326.503890
1781904300,2026-06-19 21:25:00,63154.8,63154.8,63097.9,63100.3,0.711705,0.464694,0.247011,-2326.256879
1781904600,2026-06-19 21:30:00,63101.1,63112.3,63070.7,63070.7,0.779888,0.398602,0.381286,-2325.875593
1781904900,2026-06-19 21:35:00,63070.6,63098.8,63053.5,63053.5,0.169915,0.345141,-0.175227,-2326.050819
1781905200,2026-06-19 21:40:00,63053.5,63073.1,63040.9,63040.9,1.304069,0.423874,0.880195,-2325.170624
1781905500,2026-06-19 21:45:00,63040.9,63070.3,63040.9,63058.7,0.312086,0.516578,-0.204492,-2325.375116
1781905800,2026-06-19 21:50:00,63058.4,63070.3,63009.0,63015.5,0.712923,0.314896,0.398027,-2324.977089
1781906100,2026-06-19 21:55:00,63015.5,63015.5,62995.7,63013.3,0.262326,0.563948,-0.301622,-2325.278711
1781906400,2026-06-19 22:00:00,63013.4,63053.3,62997.5,63015.9,1.024624,0.221292,0.803333,-2324.475378
1781906700,2026-06-19 22:05:00,63025.3,63025.4,62991.9,63017.5,0.192591,0.981099,-0.788509,-2325.263887
1781907000,2026-06-19 22:10:00,63017.4,63040.1,62997.0,63037.5,0.234259,0.226595,0.007664,-2325.256222
1781907300,2026-06-19 22:15:00,63037.4,63127.4,63037.3,63126.2,4.678198,0.185567,4.492632,-2320.763591
1781907600,2026-06-19 22:20:00,63126.2,63232.2,63126.1,63220.6,3.398821,2.336265,1.062556,-2319.701035
1781907900,2026-06-19 22:25:00,63220.6,63236.0,63204.4,63204.8,0.119549,1.499942,-1.380393,-2321.081427
1781908200,2026-06-19 22:30:00,63204.8,63204.8,63186.7,63201.7,0.155026,0.510352,-0.355326,-2321.436754
1781908500,2026-06-19 22:35:00,63201.7,63212.4,63167.5,63212.3,1.220593,1.013785,0.206808,-2321.229946
1781908800,2026-06-19 22:40:00,63217.2,63255.0,63202.9,63255.0,11.375895,0.513146,10.862749,-2310.367197
1781909100,2026-06-19 22:45:00,63254.9,63300.5,63249.0,63300.0,10.208880,1.612467,8.596413,-2301.770784
1781909400,2026-06-19 22:50:00,63300.1,63300.1,63253.4,63284.5,0.147458,9.992660,-9.845202,-2311.615986
1781909700,2026-06-19 22:55:00,63284.5,63286.8,63249.8,63250.0,0.223902,0.196212,0.027690,-2311.588296
1781910000,2026-06-19 23:00:00,63250.0,63276.1,63230.4,63239.6,5.270544,0.124825,5.145719,-2306.442577
1781910300,2026-06-19 23:05:00,63237.4,63237.4,63230.9,63237.4,0.255887,0.001377,0.254510,-2306.188066
1781910600,2026-06-19 23:10:00,63237.3,63237.3,63219.8,63230.0,0.197623,0.026716,0.170907,-2306.017159
1781910900,2026-06-19 23:15:00,63229.9,63230.0,63222.1,63230.0,2.445367,0.019103,2.426264,-2303.590895
1781911200,2026-06-19 23:20:00,63237.4,63242.0,63225.5,63241.9,0.147630,0.083967,0.063663,-2303.527233
1781911500,2026-06-19 23:25:00,63242.0,63276.0,63234.2,63256.5,0.396947,0.202217,0.194731,-2303.332502
1781911800,2026-06-19 23:30:00,63257.5,63290.0,63245.8,63279.8,0.477157,0.035667,0.441490,-2302.891012
1781912100,2026-06-19 23:35:00,63279.7,63291.7,63251.5,63270.4,10.660249,0.226390,10.433859,-2292.457153
1781912400,2026-06-19 23:40:00,63271.6,63278.4,63250.4,63278.4,12.283232,0.119235,12.163996,-2280.293157
1781912700,2026-06-19 23:45:00,63276.0,63276.0,63242.5,63272.3,0.424510,0.014999,0.409511,-2279.883646
1781913000,2026-06-19 23:50:00,63269.4,63294.1,63246.6,63284.9,0.253060,2.091716,-1.838656,-2281.722302
1781913300,2026-06-19 23:55:00,63281.1,63590.9,63281.1,63486.4,30.088978,7.671478,22.417500,-2259.304802
1781913600,2026-06-20 00:00:00,63486.3,63546.5,63470.2,63470.2,1.261481,2.664954,-1.403473,-2260.708275
1781913900,2026-06-20 00:05:00,63470.1,63521.0,63415.5,63453.7,1.355791,2.305828,-0.950037,-2261.658312
1781914200,2026-06-20 00:10:00,63453.6,63460.3,63412.0,63460.3,0.489144,0.055292,0.433852,-2261.224460
1781914500,2026-06-20 00:15:00,63460.3,63494.5,63442.3,63442.3,0.103287,0.083358,0.019929,-2261.204531
1781914800,2026-06-20 00:20:00,63442.4,63470.3,63412.0,63470.3,0.132432,0.376063,-0.243631,-2261.448162
1781915100,2026-06-20 00:25:00,63470.3,63579.8,63470.3,63558.0,12.261710,0.155610,12.106100,-2249.342062
1781915400,2026-06-20 00:30:00,63558.0,63719.6,63527.3,63712.1,25.866201,0.424467,25.441733,-2223.900329
1781915700,2026-06-20 00:35:00,63712.1,63717.6,63536.8,63536.9,21.518713,4.785019,16.733694,-2207.166635
1781916000,2026-06-20 00:40:00,63536.8,63560.1,63483.0,63560.1,3.972080,2.358976,1.613105,-2205.553530
1781916300,2026-06-20 00:45:00,63560.0,63560.0,63490.2,63534.3,1.201787,17.304701,-16.102915,-2221.656445
1781916600,2026-06-20 00:50:00,63534.2,63534.3,63470.9,63534.2,1.306165,1.348599,-0.042434,-2221.698879
1781916900,2026-06-20 00:55:00,63534.3,63534.3,63474.4,63474.4,0.118244,0.205086,-0.086842,-2221.785721
1781917200,2026-06-20 01:00:00,63474.4,63477.3,63440.9,63446.5,0.742318,0.183422,0.558896,-2221.226825
1781917500,2026-06-20 01:05:00,63446.5,63471.8,63390.9,63391.0,0.267583,0.819368,-0.551786,-2221.778611
1781917800,2026-06-20 01:10:00,63390.9,63404.5,63376.8,63394.8,0.150153,4.578670,-4.428516,-2226.207127
1781918100,2026-06-20 01:15:00,63394.7,63423.6,63384.1,63422.9,0.209304,0.188064,0.021240,-2226.185887
1781918400,2026-06-20 01:20:00,63423.5,63446.4,63407.1,63407.1,3.342420,0.094369,3.248050,-2222.937837
1781918700,2026-06-20 01:25:00,63407.1,63460.9,63346.8,63460.9,0.279604,0.180191,0.099413,-2222.838423
1781919000,2026-06-20 01:30:00,63460.9,63560.0,63452.2,63531.6,2.478387,0.330788,2.147598,-2220.690825
1781919300,2026-06-20 01:35:00,63531.5,63548.6,63494.5,63548.6,0.317648,0.266154,0.051493,-2220.639332
1781919600,2026-06-20 01:40:00,63548.5,63548.5,63480.1,63510.7,0.781741,0.156000,0.625741,-2220.013591
1781919900,2026-06-20 01:45:00,63510.6,63529.8,63494.7,63509.3,4.305646,0.078602,4.227044,-2215.786547
1781920200,2026-06-20 01:50:00,63509.3,63525.5,63506.2,63514.7,0.138886,2.523984,-2.385097,-2218.171644
1781920500,2026-06-20 01:55:00,63514.8,63516.8,63510.6,63512.2,0.202988,0.028769,0.174219,-2217.997425
1781920800,2026-06-20 02:00:00,63512.1,63512.1,63461.6,63465.8,0.599938,0.557276,0.042663,-2217.954762
1781921100,2026-06-20 02:05:00,63465.9,63465.9,63440.9,63441.4,0.151477,0.696747,-0.545269,-2218.500032
1781921400,2026-06-20 02:10:00,63441.4,63441.4,63413.5,63413.5,0.104793,0.105762,-0.000969,-2218.501001
1781921700,2026-06-20 02:15:00,63413.6,63413.6,63350.0,63353.0,0.205624,0.718518,-0.512894,-2219.013895
1781922000,2026-06-20 02:20:00,63353.0,63353.1,63353.0,63353.1,0.068969,0.034534,0.034436,-2218.979459
1781922300,2026-06-20 02:25:00,63353.1,63374.1,63350.1,63355.0,15.867229,0.112380,15.754849,-2203.224611
1781922600,2026-06-20 02:30:00,63355.0,63434.0,63354.9,63421.7,0.337109,0.285560,0.051548,-2203.173062
1781922900,2026-06-20 02:35:00,63421.5,63421.6,63323.4,63338.3,0.236154,4.622351,-4.386197,-2207.559260
1781923200,2026-06-20 02:40:00,63338.3,63338.5,63322.7,63338.5,0.131752,0.196124,-0.064373,-2207.623632
1781923500,2026-06-20 02:45:00,63341.2,63367.0,63338.6,63338.6,0.134093,0.092588,0.041505,-2207.582127
1781923800,2026-06-20 02:50:00,63335.5,63354.1,63293.0,63312.9,0.183903,7.684207,-7.500304,-2215.082431
1781924100,2026-06-20 02:55:00,63312.8,63312.8,63290.9,63291.0,0.092712,0.117677,-0.024965,-2215.107396
1781924400,2026-06-20 03:00:00,63291.0,63323.9,63280.0,63304.9,0.545094,1.512579,-0.967485,-2216.074881
1781924700,2026-06-20 03:05:00,63304.9,63304.9,63280.0,63280.0,0.085367,0.110385,-0.025018,-2216.099899
1781925000,2026-06-20 03:10:00,63280.1,63304.8,63280.1,63303.5,0.198081,0.069124,0.128956,-2215.970943
1781925300,2026-06-20 03:15:00,63301.3,63354.0,63301.2,63353.2,0.328060,0.010655,0.317405,-2215.653537
1781925600,2026-06-20 03:20:00,63353.2,63379.9,63326.4,63379.9,1.734263,0.185506,1.548757,-2214.104780
1781925900,2026-06-20 03:25:00,63390.9,63390.9,63380.1,63380.2,0.085831,0.093409,-0.007577,-2214.112357
1781926200,2026-06-20 03:30:00,63380.1,63390.9,63368.2,63368.3,0.063037,0.082221,-0.019185,-2214.131542
1781926500,2026-06-20 03:35:00,63368.2,63411.9,63358.0,63411.9,0.327354,0.990176,-0.662821,-2214.794364
1781926800,2026-06-20 03:40:00,63411.8,63453.7,63411.8,63429.8,1.090862,0.257776,0.833087,-2213.961277
1781927100,2026-06-20 03:45:00,63427.5,63427.5,63399.4,63425.6,1.078715,0.170166,0.908549,-2213.052727
1781927400,2026-06-20 03:50:00,63425.7,63436.2,63392.8,63392.8,0.121547,0.104010,0.017537,-2213.035190
1781927700,2026-06-20 03:55:00,63392.9,63410.9,63379.1,63410.9,0.138053,0.026579,0.111474,-2212.923716
1781928000,2026-06-20 04:00:00,63410.9,63435.9,63369.2,63369.3,6.676986,0.097269,6.579718,-2206.343999
1781928300,2026-06-20 04:05:00,63369.3,63404.4,63363.8,63363.8,0.061089,3.634036,-3.572947,-2209.916946
1781928600,2026-06-20 04:10:00,63363.7,63363.8,63356.2,63356.3,0.163517,1.039566,-0.876049,-2210.792995
1781928900,2026-06-20 04:15:00,63356.4,63431.0,63356.3,63431.0,0.524922,0.065011,0.459911,-2210.333084
1781929200,2026-06-20 04:20:00,63431.0,63443.0,63423.5,63442.8,0.146722,2.071777,-1.925055,-2212.258139
1781929500,2026-06-20 04:25:00,63442.7,63490.9,63442.7,63490.8,0.388291,0.138397,0.249893,-2212.008245
1781929800,2026-06-20 04:30:00,63490.9,63490.9,63452.3,63459.5,0.491333,0.135241,0.356092,-2211.652153
1781930100,2026-06-20 04:35:00,63470.5,63490.9,63451.4,63485.0,0.071516,0.091149,-0.019633,-2211.671786
1781930400,2026-06-20 04:40:00,63485.5,63540.9,63485.4,63540.9,0.304900,0.072944,0.231955,-2211.439831
1781930700,2026-06-20 04:45:00,63540.8,63540.9,63490.0,63527.0,0.268192,0.088536,0.179656,-2211.260175
1781931000,2026-06-20 04:50:00,63527.0,63539.8,63503.7,63510.3,0.942127,0.513834,0.428293,-2210.831882
1781931300,2026-06-20 04:55:00,63510.2,63510.4,63494.6,63510.4,0.226686,0.083562,0.143124,-2210.688758
1781931600,2026-06-20 05:00:00,63512.8,63540.7,63482.4,63512.3,0.217264,0.120646,0.096618,-2210.592140
1781931900,2026-06-20 05:05:00,63512.3,63655.1,63501.2,63637.3,13.051799,0.214681,12.837118,-2197.755022
1781932200,2026-06-20 05:10:00,63637.3,63824.3,63637.2,63750.4,62.241287,5.286172,56.955115,-2140.799907
1781932500,2026-06-20 05:15:00,63750.4,63750.4,63671.7,63676.2,1.221746,0.573338,0.648408,-2140.151499
1781932800,2026-06-20 05:20:00,63676.2,63676.2,63648.7,63657.6,0.525339,0.735324,-0.209985,-2140.361484
1781933100,2026-06-20 05:25:00,63657.7,63657.7,63577.4,63577.4,0.082769,0.726115,-0.643346,-2141.004830
1781933400,2026-06-20 05:30:00,63577.5,63653.2,63577.4,63599.7,0.092082,0.802609,-0.710526,-2141.715356
1781933700,2026-06-20 05:35:00,63599.7,63633.1,63599.7,63624.2,0.158107,0.140976,0.017131,-2141.698225
1781934000,2026-06-20 05:40:00,63624.1,63624.1,63581.8,63586.5,0.041347,0.171760,-0.130413,-2141.828638
1781934300,2026-06-20 05:45:00,63586.5,63611.6,63540.9,63564.1,0.478898,0.390370,0.088528,-2141.740110
1781934600,2026-06-20 05:50:00,63564.1,63624.2,63541.0,63624.1,0.063348,0.081480,-0.018133,-2141.758243
1781934900,2026-06-20 05:55:00,63624.2,63624.2,63606.7,63622.6,1.704438,0.053977,1.650461,-2140.107782
1781935200,2026-06-20 06:00:00,63622.6,63645.5,63605.2,63619.2,0.135542,0.053937,0.081605,-2140.026177
1781935500,2026-06-20 06:05:00,63619.2,63643.1,63589.8,63589.8,0.058417,0.112781,-0.054364,-2140.080541
1781935800,2026-06-20 06:10:00,63588.5,63609.0,63588.4,63591.5,0.109348,0.195316,-0.085968,-2140.166509
1781936100,2026-06-20 06:15:00,63613.8,63613.8,63587.0,63603.6,0.066973,0.043200,0.023773,-2140.142736
1781936400,2026-06-20 06:20:00,63599.0,63670.2,63599.0,63654.8,0.121643,0.621974,-0.500331,-2140.643067
1781936700,2026-06-20 06:25:00,63648.8,63648.8,63608.1,63638.1,0.134953,0.046038,0.088915,-2140.554153
1781937000,2026-06-20 06:30:00,63638.2,63638.2,63638.1,63638.2,0.046124,0.016690,0.029434,-2140.524718
1781937300,2026-06-20 06:35:00,63638.2,63674.1,63638.1,63674.0,0.763978,0.034332,0.729646,-2139.795072
1781937600,2026-06-20 06:40:00,63674.0,63690.0,63644.5,63690.0,0.255441,0.201608,0.053833,-2139.741239
1781937900,2026-06-20 06:45:00,63689.9,63690.0,63664.8,63679.2,0.064622,0.081540,-0.016918,-2139.758157
1781938200,2026-06-20 06:50:00,63679.9,63685.3,63672.6,63682.0,0.195307,0.998760,-0.803452,-2140.561609
1781938500,2026-06-20 06:55:00,63681.9,63682.0,63668.6,63668.6,0.043814,0.199379,-0.155565,-2140.717174
1781938800,2026-06-20 07:00:00,63668.7,63668.7,63588.4,63594.0,0.265443,2.336484,-2.071041,-2142.788215
1781939100,2026-06-20 07:05:00,63591.7,63591.7,63541.0,63578.5,0.143870,0.295346,-0.151476,-2142.939691
1781939400,2026-06-20 07:10:00,63578.5,63609.4,63575.0,63603.6,0.117313,0.283248,-0.165936,-2143.105627
1781939700,2026-06-20 07:15:00,63606.7,63668.8,63606.6,63668.8,0.153130,0.126403,0.026727,-2143.078900
1781940000,2026-06-20 07:20:00,63668.9,63726.9,63663.1,63723.9,0.392548,0.255018,0.137530,-2142.941370
1781940300,2026-06-20 07:25:00,63716.1,63716.2,63685.3,63713.4,0.245417,0.118517,0.126900,-2142.814470
1781940600,2026-06-20 07:30:00,63713.5,63729.1,63662.6,63662.6,0.193948,0.326550,-0.132602,-2142.947073
1781940900,2026-06-20 07:35:00,63663.7,63700.0,63663.6,63698.8,0.156554,0.136447,0.020107,-2142.926965
1781941200,2026-06-20 07:40:00,63700.0,63722.8,63699.9,63700.0,0.128623,0.052184,0.076438,-2142.850527
1781941500,2026-06-20 07:45:00,63685.4,63705.7,63652.5,63652.5,0.176785,0.109946,0.066840,-2142.783687
1781941800,2026-06-20 07:50:00,63653.4,63683.0,63644.3,63644.3,0.142847,0.119873,0.022974,-2142.760713
1781942100,2026-06-20 07:55:00,63634.2,63645.9,63599.3,63599.4,0.078537,0.077186,0.001351,-2142.759362
1781942400,2026-06-20 08:00:00,63599.4,63599.4,63447.3,63583.3,1.679963,1.218399,0.461565,-2142.297797
1781942700,2026-06-20 08:05:00,63580.3,63580.3,63483.7,63483.8,0.019001,0.200989,-0.181988,-2142.479785
1781943000,2026-06-20 08:10:00,63483.8,63483.8,63483.7,63483.8,0.214297,0.030713,0.183584,-2142.296201
1781943300,2026-06-20 08:15:00,63483.8,63516.7,63483.8,63498.1,0.182074,0.023132,0.158942,-2142.137259
1781943600,2026-06-20 08:20:00,63498.1,63498.1,63450.2,63464.0,0.213520,0.083179,0.130341,-2142.006918
1781943900,2026-06-20 08:25:00,63464.0,63464.0,63423.5,63423.5,0.119751,0.790507,-0.670756,-2142.677675
1781944200,2026-06-20 08:30:00,63423.6,63423.6,63391.8,63421.7,0.088138,0.087983,0.000155,-2142.677519
1781944500,2026-06-20 08:35:00,63423.4,63423.5,63381.9,63400.6,2.769583,1.783840,0.985743,-2141.691776
1781944800,2026-06-20 08:40:00,63416.8,63416.8,63400.0,63400.1,0.028578,0.101422,-0.072844,-2141.764620
1781945100,2026-06-20 08:45:00,63400.0,63400.1,63344.5,63354.4,0.648577,0.442963,0.205613,-2141.559007
1781945400,2026-06-20 08:50:00,63361.8,63361.8,63340.9,63350.4,0.029244,0.018526,0.010718,-2141.548289
1781945700,2026-06-20 08:55:00,63351.7,63384.6,63351.7,63360.6,0.056002,0.037375,0.018627,-2141.529662
1781946000,2026-06-20 09:00:00,63360.7,63418.3,63360.1,63400.1,3.237085,0.176345,3.060739,-2138.468922
1781946300,2026-06-20 09:05:00,63402.2,63437.7,63387.2,63407.9,0.098272,1.865559,-1.767287,-2140.236209
1781946600,2026-06-20 09:10:00,63407.6,63469.6,63398.9,63469.5,3.310669,0.171224,3.139444,-2137.096765
1781946900,2026-06-20 09:15:00,63469.6,63474.7,63445.5,63453.8,0.211690,0.397659,-0.185969,-2137.282734
1781947200,2026-06-20 09:20:00,63455.3,63517.5,63455.3,63517.5,1.025590,0.059788,0.965802,-2136.316932
1781947500,2026-06-20 09:25:00,63514.1,63514.1,63477.5,63501.1,0.169101,0.154142,0.014959,-2136.301974
1781947800,2026-06-20 09:30:00,63501.1,63540.9,63501.1,63540.9,0.163410,0.011549,0.151861,-2136.150112
1781948100,2026-06-20 09:35:00,63540.9,63602.1,63540.9,63577.2,0.581329,0.200945,0.380384,-2135.769728
1781948400,2026-06-20 09:40:00,63581.3,63640.9,63578.9,63639.8,0.343973,0.189424,0.154549,-2135.615179
1781948700,2026-06-20 09:45:00,63639.8,63639.9,63580.8,63590.1,0.748502,0.831291,-0.082790,-2135.697969
1781949000,2026-06-20 09:50:00,63592.1,63666.4,63592.1,63666.4,3.191920,0.098727,3.093193,-2132.604775
1781949300,2026-06-20 09:55:00,63666.4,63715.8,63666.4,63673.0,2.086630,0.872374,1.214256,-2131.390519
1781949600,2026-06-20 10:00:00,63673.4,63699.4,63638.7,63684.6,0.215705,0.233798,-0.018093,-2131.408612
1781949900,2026-06-20 10:05:00,63679.0,63708.7,63630.6,63634.5,0.063372,0.230880,-0.167508,-2131.576121
1781950200,2026-06-20 10:10:00,63634.6,63634.6,63634.1,63634.1,0.029369,0.081487,-0.052118,-2131.628239
1781950500,2026-06-20 10:15:00,63634.2,63653.4,63632.7,63634.7,0.115899,0.237495,-0.121595,-2131.749835
1781950800,2026-06-20 10:20:00,63630.2,63630.3,63590.9,63591.0,0.043625,0.112775,-0.069150,-2131.818985
1781951100,2026-06-20 10:25:00,63590.9,63624.3,63590.9,63620.0,1.169419,0.048967,1.120452,-2130.698533
1781951400,2026-06-20 10:30:00,63620.0,63620.0,63584.7,63584.9,0.054125,4.299455,-4.245330,-2134.943862
1781951700,2026-06-20 10:35:00,63584.7,63584.7,63541.2,63549.7,0.247804,0.934592,-0.686787,-2135.630650
1781952000,2026-06-20 10:40:00,63555.0,63555.0,63540.9,63541.1,0.066916,0.086181,-0.019265,-2135.649914
1781952300,2026-06-20 10:45:00,63541.1,63604.1,63541.1,63602.9,0.043367,0.397428,-0.354062,-2136.003976
1781952600,2026-06-20 10:50:00,63596.2,63596.3,63571.7,63588.5,0.060697,0.058084,0.002613,-2136.001363
1781952900,2026-06-20 10:55:00,63588.6,63612.2,63588.6,63603.1,0.251422,0.846280,-0.594857,-2136.596221
1781953200,2026-06-20 11:00:00,63603.1,63647.3,63602.8,63602.8,0.891062,0.106685,0.784377,-2135.811843
1781953500,2026-06-20 11:05:00,63602.8,63607.0,63555.3,63589.7,0.151682,0.244494,-0.092812,-2135.904656
1781953800,2026-06-20 11:10:00,63599.9,63599.9,63587.1,63589.6,0.074654,0.107184,-0.032530,-2135.937186
1781954100,2026-06-20 11:15:00,63589.5,63640.0,63589.5,63607.1,0.575599,0.083207,0.492392,-2135.444794
1781954400,2026-06-20 11:20:00,63607.4,63669.8,63607.3,63669.8,2.661060,0.156247,2.504813,-2132.939981
1781954700,2026-06-20 11:25:00,63669.7,63669.7,63636.2,63637.4,0.138295,0.086645,0.051650,-2132.888331
1781955000,2026-06-20 11:30:00,63636.2,63638.6,63630.6,63634.3,0.036454,0.051578,-0.015124,-2132.903455
1781955300,2026-06-20 11:35:00,63634.2,63644.0,63634.2,63644.0,0.031888,0.030597,0.001291,-2132.902164
1781955600,2026-06-20 11:40:00,63643.9,63679.9,63643.9,63668.7,2.480242,0.001256,2.478986,-2130.423178
1781955900,2026-06-20 11:45:00,63668.6,63689.5,63653.7,63689.4,0.072481,0.219583,-0.147102,-2130.570280
1781956200,2026-06-20 11:50:00,63689.5,63727.3,63629.6,63629.6,0.379768,1.558174,-1.178406,-2131.748686
1781956500,2026-06-20 11:55:00,63629.7,63629.7,63629.6,63629.6,0.106569,0.044749,0.061821,-2131.686865
1781956800,2026-06-20 12:00:00,63629.7,63632.7,63629.6,63632.7,0.058771,0.006114,0.052657,-2131.634208
1781957100,2026-06-20 12:05:00,63632.6,63720.4,63612.2,63720.4,6.714023,0.149519,6.564504,-2125.069704
1781957400,2026-06-20 12:10:00,63720.3,63720.4,63668.8,63695.9,4.110691,0.529036,3.581654,-2121.488050
1781957700,2026-06-20 12:15:00,63693.6,63703.1,63663.7,63690.1,0.272590,0.160791,0.111799,-2121.376251
1781958000,2026-06-20 12:20:00,63690.1,63691.3,63650.2,63691.2,5.224861,0.325291,4.899570,-2116.476682
1781958300,2026-06-20 12:25:00,63691.2,63691.3,63671.8,63671.9,0.264928,0.181516,0.083412,-2116.393269
1781958600,2026-06-20 12:30:00,63671.9,63671.9,63619.3,63623.4,0.172023,0.472964,-0.300941,-2116.694210
1781958900,2026-06-20 12:35:00,63625.3,63625.3,63534.2,63535.3,1.402570,0.698815,0.703755,-2115.990455
1781959200,2026-06-20 12:40:00,63538.3,63563.8,63538.2,63563.8,0.650758,15.427803,-14.777045,-2130.767501
1781959500,2026-06-20 12:45:00,63563.7,63563.8,63538.4,63539.4,0.179647,1.806042,-1.626395,-2132.393896
1781959800,2026-06-20 12:50:00,63540.4,63540.4,63500.0,63515.4,0.207008,0.053768,0.153240,-2132.240656
1781960100,2026-06-20 12:55:00,63515.3,63597.9,63515.3,63593.7,1.265329,0.035727,1.229602,-2131.011054
1781960400,2026-06-20 13:00:00,63593.7,63593.7,63537.6,63571.2,0.197770,5.102174,-4.904404,-2135.915458
1781960700,2026-06-20 13:05:00,63571.2,63578.1,63571.1,63577.0,0.090874,0.079212,0.011662,-2135.903796
1781961000,2026-06-20 13:10:00,63571.2,63571.2,63539.1,63539.1,0.102588,5.138218,-5.035630,-2140.939426
1781961300,2026-06-20 13:15:00,63539.1,63556.6,63485.5,63488.0,0.541259,0.558567,-0.017308,-2140.956734
1781961600,2026-06-20 13:20:00,63477.5,63480.4,63251.0,63287.6,0.181217,13.035139,-12.853922,-2153.810656
1781961900,2026-06-20 13:25:00,63284.8,63298.9,63226.9,63257.8,0.625501,0.598371,0.027130,-2153.783526
1781962200,2026-06-20 13:30:00,63275.1,63340.9,63275.1,63308.1,0.426087,8.295229,-7.869142,-2161.652669
1781962500,2026-06-20 13:35:00,63304.5,63403.9,63301.4,63401.3,1.169245,0.450010,0.719235,-2160.933434
1781962800,2026-06-20 13:40:00,63401.4,63404.4,63401.3,63401.4,0.451551,0.042462,0.409089,-2160.524344
1781963100,2026-06-20 13:45:00,63401.3,63428.3,63379.4,63428.2,1.127761,0.704368,0.423393,-2160.100951
1781963400,2026-06-20 13:50:00,63428.3,63428.3,63329.4,63335.4,0.315468,0.200176,0.115292,-2159.985659
1781963700,2026-06-20 13:55:00,63335.2,63357.9,63312.1,63348.1,0.705446,0.455958,0.249489,-2159.736171
1781964000,2026-06-20 14:00:00,63345.1,63356.3,63279.9,63279.9,1.278856,3.704989,-2.426132,-2162.162303
1781964300,2026-06-20 14:05:00,63280.1,63280.1,63171.1,63180.5,0.268033,9.717182,-9.449149,-2171.611452
1781964600,2026-06-20 14:10:00,63180.5,63210.9,63141.3,63148.4,3.292065,2.174718,1.117347,-2170.494105
1781964900,2026-06-20 14:15:00,63148.5,63269.7,63148.4,63269.7,0.663332,1.117016,-0.453684,-2170.947789
1781965200,2026-06-20 14:20:00,63258.1,63290.9,63228.9,63290.9,0.398530,1.025945,-0.627415,-2171.575204
1781965500,2026-06-20 14:25:00,63290.9,63290.9,63277.6,63290.9,0.238650,0.043455,0.195195,-2171.380009
1781965800,2026-06-20 14:30:00,63290.9,63348.5,63284.7,63348.5,2.047694,2.341942,-0.294247,-2171.674257
1781966100,2026-06-20 14:35:00,63348.4,63390.9,63308.0,63342.0,2.307656,32.194533,-29.886876,-2201.561133
1781966400,2026-06-20 14:40:00,63342.2,63440.9,63286.1,63440.9,0.700048,4.370934,-3.670886,-2205.232018
1781966700,2026-06-20 14:45:00,63438.1,64141.1,63432.8,63862.2,60.145992,4.155859,55.990133,-2149.241886
1781967000,2026-06-20 14:50:00,63878.7,63942.5,63796.2,63841.7,11.405541,2.518009,8.887532,-2140.354354
1781967300,2026-06-20 14:55:00,63841.1,63919.8,63841.1,63892.7,2.471810,0.490168,1.981643,-2138.372711
1781967600,2026-06-20 15:00:00,63892.7,63966.7,63834.7,63966.7,7.422667,0.808005,6.614663,-2131.758048
1781967900,2026-06-20 15:05:00,63960.5,63960.5,63814.4,63827.6,0.144777,0.986511,-0.841734,-2132.599782
1781968200,2026-06-20 15:10:00,63823.9,63934.7,63790.9,63916.7,0.921356,0.428797,0.492559,-2132.107223
1781968500,2026-06-20 15:15:00,63933.9,64260.8,63907.4,64180.0,47.495337,6.388572,41.106765,-2091.000459
1781968800,2026-06-20 15:20:00,64164.5,64336.4,64115.9,64160.2,11.452032,1.605167,9.846865,-2081.153594
1781969100,2026-06-20 15:25:00,64159.5,64159.6,64112.7,64117.9,0.290155,0.357334,-0.067178,-2081.220773
1781969400,2026-06-20 15:30:00,64117.9,64141.5,64040.9,64074.1,0.596799,7.067424,-6.470625,-2087.691397
1781969700,2026-06-20 15:35:00,64081.0,64081.0,64026.0,64060.4,3.386068,2.719118,0.666949,-2087.024448
1781970000,2026-06-20 15:40:00,64058.9,64060.6,64012.5,64045.4,1.132752,1.092808,0.039943,-2086.984505
1781970300,2026-06-20 15:45:00,64043.4,64137.9,64043.3,64083.5,0.458586,0.234339,0.224248,-2086.760257
1781970600,2026-06-20 15:50:00,64083.5,64083.6,64023.0,64035.6,0.107678,0.818097,-0.710419,-2087.470676
1781970900,2026-06-20 15:55:00,64035.7,64074.1,64014.9,64074.1,1.381597,0.791164,0.590432,-2086.880244
1781971200,2026-06-20 16:00:00,64075.0,64103.3,63949.6,63956.3,0.673223,1.373957,-0.700734,-2087.580978
1781971500,2026-06-20 16:05:00,63966.0,63975.4,63949.5,63975.4,0.263657,2.984182,-2.720524,-2090.301502
1781971800,2026-06-20 16:10:00,63975.4,63976.2,63911.1,63922.8,0.421029,3.995759,-3.574730,-2093.876233
1781972100,2026-06-20 16:15:00,63922.7,63988.6,63922.7,63957.6,4.034524,0.540510,3.494015,-2090.382218
1781972400,2026-06-20 16:20:00,63957.6,64035.8,63924.7,63975.4,0.163373,0.044161,0.119212,-2090.263006
1781972700,2026-06-20 16:25:00,63976.2,64011.4,63909.9,63932.9,2.081908,0.372772,1.709137,-2088.553869
1781973000,2026-06-20 16:30:00,63933.8,63933.8,63857.6,63877.4,0.104209,0.715716,-0.611507,-2089.165377
1781973300,2026-06-20 16:35:00,63877.4,63984.1,63849.8,63984.1,0.141646,0.354260,-0.212614,-2089.377991
1781973600,2026-06-20 16:40:00,63982.5,63982.5,63937.2,63937.4,0.777735,0.681195,0.096540,-2089.281450
1781973900,2026-06-20 16:45:00,63937.4,63967.0,63900.7,63955.8,2.611375,0.088198,2.523176,-2086.758274
1781974200,2026-06-20 16:50:00,63950.2,63982.8,63950.2,63954.9,0.336376,0.044301,0.292075,-2086.466199
1781974500,2026-06-20 16:55:00,63954.9,63954.9,63929.7,63951.9,0.642893,0.901214,-0.258322,-2086.724521
1781974800,2026-06-20 17:00:00,63960.6,63960.6,63886.3,63894.3,0.369086,0.136642,0.232445,-2086.492076
1781975100,2026-06-20 17:05:00,63894.3,63894.3,63840.9,63840.9,0.290380,0.254316,0.036064,-2086.456012
1781975400,2026-06-20 17:10:00,63840.9,63882.7,63833.8,63882.7,0.158782,0.294007,-0.135225,-2086.591237
1781975700,2026-06-20 17:15:00,63885.6,63885.6,63819.3,63853.3,0.232411,0.080633,0.151777,-2086.439460
1781976000,2026-06-20 17:20:00,63864.2,63884.3,63825.8,63836.4,0.225300,2.243186,-2.017886,-2088.457345
1781976300,2026-06-20 17:25:00,63838.6,63920.3,63806.6,63920.3,0.532382,0.413088,0.119294,-2088.338052
1781976600,2026-06-20 17:30:00,63920.4,63953.0,63890.2,63936.6,0.571154,0.142998,0.428157,-2087.909895
1781976900,2026-06-20 17:35:00,63936.6,63936.7,63690.9,63759.5,2.212774,18.577262,-16.364487,-2104.274383
1781977200,2026-06-20 17:40:00,63762.3,63814.2,63741.6,63786.8,0.752500,0.072015,0.680484,-2103.593899
1781977500,2026-06-20 17:45:00,63786.7,63799.8,63733.1,63781.7,0.356383,0.637054,-0.280671,-2103.874569
1781977800,2026-06-20 17:50:00,63781.7,63781.7,63758.0,63766.4,0.276186,0.582424,-0.306238,-2104.180807
1781978100,2026-06-20 17:55:00,63766.3,63797.0,63766.3,63781.4,0.158545,0.709866,-0.551321,-2104.732129
1781978400,2026-06-20 18:00:00,63771.6,63840.9,63771.5,63816.3,0.635827,0.259762,0.376065,-2104.356064
1781978700,2026-06-20 18:05:00,63816.2,63816.3,63722.8,63756.3,0.198337,2.370115,-2.171778,-2106.527842
1781979000,2026-06-20 18:10:00,63756.4,63814.5,63756.4,63756.7,0.114407,0.193006,-0.078598,-2106.606440
1781979300,2026-06-20 18:15:00,63756.6,63785.6,63756.6,63781.0,0.123621,0.075373,0.048248,-2106.558192
1781979600,2026-06-20 18:20:00,63784.9,63793.8,63760.3,63793.8,0.311125,0.471952,-0.160827,-2106.719019
1781979900,2026-06-20 18:25:00,63793.8,63797.1,63784.9,63796.4,0.186083,0.038810,0.147273,-2106.571746
1781980200,2026-06-20 18:30:00,63792.8,63797.1,63773.7,63782.8,0.150532,0.139446,0.011086,-2106.560660
1781980500,2026-06-20 18:35:00,63782.7,63787.9,63759.1,63787.9,0.194260,0.122450,0.071809,-2106.488850
1781980800,2026-06-20 18:40:00,63787.8,63787.8,63714.5,63731.4,0.205343,5.865965,-5.660622,-2112.149472
1781981100,2026-06-20 18:45:00,63742.0,63762.8,63734.4,63756.0,0.409180,0.185338,0.223842,-2111.925630
1781981400,2026-06-20 18:50:00,63755.9,63755.9,63725.5,63725.6,0.703254,1.067545,-0.364291,-2112.289921
1781981700,2026-06-20 18:55:00,63725.6,63725.6,63725.5,63725.6,0.133357,0.008855,0.124502,-2112.165420
1781982000,2026-06-20 19:00:00,63725.6,63800.0,63725.5,63783.3,1.280131,2.171699,-0.891567,-2113.056987
1781982300,2026-06-20 19:05:00,63783.2,63810.3,63750.1,63810.3,0.972062,0.191174,0.780889,-2112.276098
1781982600,2026-06-20 19:10:00,63810.3,63840.9,63810.3,63822.1,0.241514,0.193145,0.048369,-2112.227729
1781982900,2026-06-20 19:15:00,63832.3,63839.0,63798.9,63808.0,0.272739,0.113384,0.159355,-2112.068375
1781983200,2026-06-20 19:20:00,63832.2,63836.7,63820.8,63835.0,0.143739,0.102255,0.041485,-2112.026890
1781983500,2026-06-20 19:25:00,63835.0,63850.1,63784.7,63795.0,2.335579,0.158100,2.177479,-2109.849411
1781983800,2026-06-20 19:30:00,63795.0,63828.7,63784.6,63820.1,0.130871,0.092014,0.038857,-2109.810555
1781984100,2026-06-20 19:35:00,63820.0,63820.1,63820.0,63820.0,0.334214,0.236982,0.097232,-2109.713322
1781984400,2026-06-20 19:40:00,63820.1,63888.0,63820.0,63870.6,1.286929,0.300633,0.986296,-2108.727027
1781984700,2026-06-20 19:45:00,63870.7,63883.1,63849.6,63860.8,2.083815,0.467477,1.616338,-2107.110689
1781985000,2026-06-20 19:50:00,63860.8,63860.8,63860.7,63860.8,0.052311,0.022419,0.029892,-2107.080797
1781985300,2026-06-20 19:55:00,63860.8,63870.1,63860.7,63867.6,1.306665,0.020944,1.285722,-2105.795075
1781985600,2026-06-20 20:00:00,63867.4,63888.0,63860.1,63860.1,0.080277,0.084055,-0.003777,-2105.798853
1781985900,2026-06-20 20:05:00,63860.2,63888.0,63860.1,63887.9,1.018570,0.135498,0.883071,-2104.915781
1781986200,2026-06-20 20:10:00,63881.0,63888.0,63880.9,63888.0,0.730381,0.006225,0.724157,-2104.191624
1781986500,2026-06-20 20:15:00,63888.0,63888.0,63869.3,63888.0,0.171038,0.119413,0.051625,-2104.140000
1781986800,2026-06-20 20:20:00,63887.9,63888.0,63867.9,63867.9,0.207083,0.202871,0.004212,-2104.135787
1781987100,2026-06-20 20:25:00,63868.0,63873.4,63844.0,63844.1,0.257152,0.521200,-0.264048,-2104.399836
1781987400,2026-06-20 20:30:00,63844.1,63844.1,63800.0,63800.1,1.373082,1.199075,0.174007,-2104.225828
1781987700,2026-06-20 20:35:00,63800.1,63802.5,63799.9,63800.0,1.017023,0.181347,0.835676,-2103.390152
1781988000,2026-06-20 20:40:00,63799.9,63822.2,63799.9,63801.6,1.021193,0.029640,0.991553,-2102.398599
1781988300,2026-06-20 20:45:00,63801.6,63810.0,63801.6,63810.0,2.017690,0.477361,1.540328,-2100.858271
1781988600,2026-06-20 20:50:00,63810.0,63853.6,63809.9,63853.6,0.963032,0.009435,0.953597,-2099.904674
1781988900,2026-06-20 20:55:00,63853.6,63853.6,63839.6,63839.6,0.043743,0.337138,-0.293396,-2100.198070
1781989200,2026-06-20 21:00:00,63839.7,63879.0,63839.6,63867.2,0.625893,3.011628,-2.385735,-2102.583805
1781989500,2026-06-20 21:05:00,63862.0,63865.8,63849.4,63865.7,0.514338,0.034053,0.480285,-2102.103520
1781989800,2026-06-20 21:10:00,63865.8,63955.8,63865.7,63916.6,2.234588,0.381516,1.853073,-2100.250447
1781990100,2026-06-20 21:15:00,63916.5,63916.6,63872.7,63885.5,0.180196,0.297006,-0.116810,-2100.367257
1781990400,2026-06-20 21:20:00,63885.5,63885.5,63856.5,63878.0,0.114939,0.389761,-0.274823,-2100.642079
1781990700,2026-06-20 21:25:00,63895.8,63900.0,63847.8,63862.7,0.144429,0.249083,-0.104654,-2100.746733
1781991000,2026-06-20 21:30:00,63862.8,63870.5,63853.7,63868.9,0.124231,0.113233,0.010998,-2100.735735
1781991300,2026-06-20 21:35:00,63868.1,63877.8,63867.8,63877.8,0.645095,0.093829,0.551267,-2100.184468
1781991600,2026-06-20 21:40:00,63877.8,63956.8,63877.7,63956.2,1.696070,0.195922,1.500148,-2098.684321
1781991900,2026-06-20 21:45:00,63956.1,63972.1,63925.9,63971.1,0.234998,0.362883,-0.127885,-2098.812205
1781992200,2026-06-20 21:50:00,63971.1,64026.0,63949.6,63957.7,2.464262,0.291302,2.172959,-2096.639246
1781992500,2026-06-20 21:55:00,63957.7,63957.7,63935.4,63935.5,0.029028,0.505897,-0.476869,-2097.116115
1781992800,2026-06-20 22:00:00,63935.5,63973.5,63914.7,63965.0,0.396334,0.217013,0.179321,-2096.936795
1781993100,2026-06-20 22:05:00,63961.6,63968.7,63942.5,63961.9,5.113833,0.230133,4.883699,-2092.053096
1781993400,2026-06-20 22:10:00,63961.0,64080.1,63935.0,64065.4,5.771220,0.935794,4.835426,-2087.217670
1781993700,2026-06-20 22:15:00,64065.4,64065.5,64009.1,64025.6,0.155553,0.234638,-0.079085,-2087.296755
1781994000,2026-06-20 22:20:00,64025.6,64126.2,64018.2,64126.2,2.221616,0.240808,1.980808,-2085.315947
1781994300,2026-06-20 22:25:00,64126.2,64234.0,64095.1,64224.8,5.477887,1.803920,3.673967,-2081.641980
1781994600,2026-06-20 22:30:00,64225.7,64264.9,64184.1,64246.3,0.417462,2.677165,-2.259702,-2083.901682
1781994900,2026-06-20 22:35:00,64246.2,64246.3,64165.8,64187.8,0.244596,0.183669,0.060927,-2083.840755
1781995200,2026-06-20 22:40:00,64187.1,64230.0,64180.6,64180.7,3.163862,0.635138,2.528723,-2081.312031
1781995500,2026-06-20 22:45:00,64204.7,64210.1,64174.2,64210.1,0.093886,0.108610,-0.014724,-2081.326755
1781995800,2026-06-20 22:50:00,64210.1,64231.8,64205.4,64224.1,3.088035,0.113178,2.974857,-2078.351898
1781996100,2026-06-20 22:55:00,64218.2,64239.2,64205.2,64205.2,0.885719,1.650382,-0.764662,-2079.116560
1781996400,2026-06-20 23:00:00,64205.2,64209.5,64177.7,64209.5,0.235892,0.340668,-0.104777,-2079.221337
1781996700,2026-06-20 23:05:00,64209.7,64212.8,64182.7,64204.3,0.231942,0.380825,-0.148884,-2079.370221
1781997000,2026-06-20 23:10:00,64204.2,64204.3,64197.8,64197.9,0.097525,0.091233,0.006292,-2079.363928
1781997300,2026-06-20 23:15:00,64197.9,64241.9,64197.8,64214.8,7.925777,5.342971,2.582805,-2076.781123
1781997600,2026-06-20 23:20:00,64214.7,64214.8,64191.3,64194.6,0.029886,0.154435,-0.124549,-2076.905672
1781997900,2026-06-20 23:25:00,64194.6,64194.6,64194.5,64194.5,0.103956,0.007376,0.096580,-2076.809092
1781998200,2026-06-20 23:30:00,64195.6,64244.0,64177.5,64177.5,8.830685,0.666263,8.164422,-2068.644670
1781998500,2026-06-20 23:35:00,64177.8,64239.1,64177.7,64238.6,0.171277,0.120288,0.050989,-2068.593681
1781998800,2026-06-20 23:40:00,64238.5,64255.2,64217.1,64255.2,2.033036,0.658250,1.374786,-2067.218895
1781999100,2026-06-20 23:45:00,64255.1,64255.2,64213.5,64220.9,0.692035,0.568312,0.123722,-2067.095173
1781999400,2026-06-20 23:50:00,64222.1,64244.4,64209.1,64244.3,0.162581,0.252764,-0.090182,-2067.185355
1781999700,2026-06-20 23:55:00,64240.3,64251.6,64227.3,64250.1,0.192823,7.132551,-6.939728,-2074.125083
1782000000,2026-06-21 00:00:00,64250.1,64250.1,64164.2,64172.3,0.510814,33.071632,-32.560818,-2106.685901
1782000300,2026-06-21 00:05:00,64172.2,64207.1,64172.2,64187.9,0.171217,1.482444,-1.311227,-2107.997128
1782000600,2026-06-21 00:10:00,64187.9,64188.1,64184.3,64188.0,0.253731,1.041386,-0.787655,-2108.784784
1782000900,2026-06-21 00:15:00,64188.1,64188.1,64161.5,64170.9,0.126077,0.136343,-0.010267,-2108.795050
1782001200,2026-06-21 00:20:00,64170.9,64223.1,64170.8,64188.1,0.125228,0.132422,-0.007195,-2108.802245
1782001500,2026-06-21 00:25:00,64188.1,64191.5,64167.2,64191.5,0.092139,0.114514,-0.022374,-2108.824619
1782001800,2026-06-21 00:30:00,64195.1,64195.1,64181.5,64185.0,0.094618,0.094084,0.000533,-2108.824086
1782002100,2026-06-21 00:35:00,64186.1,64237.6,64186.0,64223.5,0.143024,0.086463,0.056561,-2108.767525
1782002400,2026-06-21 00:40:00,64218.8,64234.0,64199.6,64228.7,3.232993,0.146224,3.086769,-2105.680756
1782002700,2026-06-21 00:45:00,64228.6,64228.7,64185.7,64208.6,1.300965,0.433973,0.866992,-2104.813764
1782003000,2026-06-21 00:50:00,64223.0,64242.6,64222.9,64223.0,0.120837,0.169743,-0.048906,-2104.862670
1782003300,2026-06-21 00:55:00,64214.0,64216.9,64208.1,64216.9,0.380096,0.176318,0.203778,-2104.658892
1782003600,2026-06-21 01:00:00,64216.9,64232.3,64209.1,64209.1,0.198338,0.073218,0.125119,-2104.533772
1782003900,2026-06-21 01:05:00,64209.1,64221.7,64191.6,64201.0,0.392635,0.126365,0.266270,-2104.267502
1782004200,2026-06-21 01:10:00,64203.9,64204.0,64183.0,64183.1,0.117946,0.059604,0.058342,-2104.209160
1782004500,2026-06-21 01:15:00,64183.1,64183.1,64183.0,64183.0,0.106288,0.025388,0.080900,-2104.128260
1782004800,2026-06-21 01:20:00,64183.1,64183.1,64165.3,64172.3,0.017280,0.656212,-0.638932,-2104.767192
1782005100,2026-06-21 01:25:00,64172.3,64172.3,64159.8,64162.6,0.070127,1.046923,-0.976796,-2105.743988
1782005400,2026-06-21 01:30:00,64162.6,64162.6,64132.1,64156.2,0.166810,0.121184,0.045626,-2105.698362
1782005700,2026-06-21 01:35:00,64156.6,64213.4,64156.5,64156.6,0.164806,0.707881,-0.543075,-2106.241436
1782006000,2026-06-21 01:40:00,64156.6,64177.1,64146.8,64177.1,0.669978,0.030106,0.639872,-2105.601565
1782006300,2026-06-21 01:45:00,64177.0,64240.0,64177.0,64200.0,0.325602,0.282943,0.042658,-2105.558906
1782006600,2026-06-21 01:50:00,64180.3,64211.8,64180.2,64192.9,0.368720,0.128183,0.240537,-2105.318369
1782006900,2026-06-21 01:55:00,64193.0,64193.0,64179.4,64188.3,0.159140,0.197442,-0.038302,-2105.356671
1782007200,2026-06-21 02:00:00,64187.2,64187.2,64150.8,64180.7,0.262282,0.439492,-0.177210,-2105.533881
1782007500,2026-06-21 02:05:00,64186.4,64186.4,64153.2,64175.3,0.185356,0.093393,0.091962,-2105.441918
1782007800,2026-06-21 02:10:00,64175.3,64180.9,64158.4,64180.9,0.168769,0.294773,-0.126004,-2105.567922
1782008100,2026-06-21 02:15:00,64180.8,64180.9,64162.8,64168.8,0.617812,0.201093,0.416719,-2105.151203
1782008400,2026-06-21 02:20:00,64168.8,64168.9,64139.8,64146.9,0.157991,0.579801,-0.421809,-2105.573012
1782008700,2026-06-21 02:25:00,64146.9,64152.7,64146.8,64152.7,0.077087,0.081395,-0.004308,-2105.577320
1782009000,2026-06-21 02:30:00,64152.6,64165.9,64152.6,64165.9,0.100488,0.009658,0.090830,-2105.486489
1782009300,2026-06-21 02:35:00,64165.9,64187.2,64165.9,64175.6,0.160963,0.229986,-0.069023,-2105.555512
1782009600,2026-06-21 02:40:00,64175.7,64175.7,64150.3,64175.6,0.173540,0.315871,-0.142331,-2105.697843
1782009900,2026-06-21 02:45:00,64175.6,64193.5,64175.6,64193.5,0.141760,0.129970,0.011790,-2105.686053
1782010200,2026-06-21 02:50:00,64193.5,64193.5,64174.8,64189.4,0.069897,0.220703,-0.150806,-2105.836859
1782010500,2026-06-21 02:55:00,64189.5,64189.5,64185.9,64185.9,0.035902,0.054058,-0.018156,-2105.855014
1782010800,2026-06-21 03:00:00,64185.9,64185.9,64172.4,64172.5,0.069472,0.080205,-0.010732,-2105.865747
1782011100,2026-06-21 03:05:00,64172.5,64178.6,64162.7,64178.6,0.602193,0.411483,0.190710,-2105.675037
1782011400,2026-06-21 03:10:00,64181.6,64218.0,64181.6,64216.9,0.157261,0.115561,0.041700,-2105.633336
1782011700,2026-06-21 03:15:00,64217.0,64245.8,64211.6,64224.7,0.226099,0.586648,-0.360549,-2105.993886
1782012000,2026-06-21 03:20:00,64223.7,64400.0,64223.6,64351.6,13.714796,0.348409,13.366387,-2092.627499
1782012300,2026-06-21 03:25:00,64339.2,64352.3,64277.5,64282.5,0.525763,0.128700,0.397063,-2092.230436
1782012600,2026-06-21 03:30:00,64280.0,64307.3,64220.7,64288.2,0.145851,0.363675,-0.217823,-2092.448259
1782012900,2026-06-21 03:35:00,64288.2,64368.7,64246.0,64343.9,3.202179,0.568921,2.633258,-2089.815001
1782013200,2026-06-21 03:40:00,64343.9,64369.2,64343.8,64369.2,2.524425,0.001212,2.523213,-2087.291788
1782013500,2026-06-21 03:45:00,64369.2,64369.2,64343.0,64360.6,0.138422,0.802400,-0.663978,-2087.955766
1782013800,2026-06-21 03:50:00,64360.6,64360.6,64328.4,64354.2,0.596525,1.689581,-1.093056,-2089.048822
1782014100,2026-06-21 03:55:00,64333.5,64361.1,64333.5,64356.7,0.194900,0.058343,0.136557,-2088.912265
1782014400,2026-06-21 04:00:00,64356.7,64356.7,64332.3,64332.4,0.221095,0.363360,-0.142265,-2089.054530
1782014700,2026-06-21 04:05:00,64332.4,64332.4,64322.8,64322.9,0.136352,0.029131,0.107221,-2088.947309
1782015000,2026-06-21 04:10:00,64322.9,64322.9,64311.1,64316.1,0.176337,0.066403,0.109934,-2088.837375
1782015300,2026-06-21 04:15:00,64316.1,64369.2,64316.0,64359.9,0.228648,0.060045,0.168604,-2088.668771
1782015600,2026-06-21 04:20:00,64359.9,64427.0,64359.9,64418.4,1.266348,0.879655,0.386693,-2088.282078
1782015900,2026-06-21 04:25:00,64418.5,64482.3,64402.0,64457.3,2.888497,0.336504,2.551993,-2085.730085
1782016200,2026-06-21 04:30:00,64457.3,64471.4,64428.8,64460.4,3.088479,1.169699,1.918780,-2083.811306
1782016500,2026-06-21 04:35:00,64460.4,64493.6,64406.1,64448.7,0.243287,9.372714,-9.129428,-2092.940733
1782016800,2026-06-21 04:40:00,64448.7,64448.7,64413.0,64415.9,0.035485,0.312765,-0.277281,-2093.218014
1782017100,2026-06-21 04:45:00,64415.8,64415.9,64390.0,64390.1,0.075208,0.089816,-0.014607,-2093.232621
1782017400,2026-06-21 04:50:00,64390.0,64390.0,64247.5,64247.7,0.127422,0.996368,-0.868946,-2094.101567
1782017700,2026-06-21 04:55:00,64247.7,64255.0,64198.0,64199.9,0.151962,0.662092,-0.510130,-2094.611697
1782018000,2026-06-21 05:00:00,64200.0,64224.9,64191.3,64194.9,0.567426,0.131592,0.435834,-2094.175863
1782018300,2026-06-21 05:05:00,64195.0,64195.0,64175.0,64188.2,0.128686,5.310866,-5.182180,-2099.358043
1782018600,2026-06-21 05:10:00,64188.2,64188.2,64162.1,64166.3,0.022275,0.069561,-0.047286,-2099.405329
1782018900,2026-06-21 05:15:00,64166.3,64166.3,64156.5,64159.4,0.027594,0.255313,-0.227719,-2099.633049
1782019200,2026-06-21 05:20:00,64159.5,64199.6,64156.4,64190.5,0.778718,0.136970,0.641748,-2098.991300
1782019500,2026-06-21 05:25:00,64190.5,64214.4,64190.4,64214.4,0.121419,0.005329,0.116091,-2098.875210
1782019800,2026-06-21 05:30:00,64214.3,64239.1,64208.1,64232.9,0.091123,0.006841,0.084282,-2098.790927
1782020100,2026-06-21 05:35:00,64232.9,64280.5,64232.8,64280.5,0.090554,0.448767,-0.358213,-2099.149140
1782020400,2026-06-21 05:40:00,64280.4,64280.4,64233.1,64233.1,0.056464,0.615070,-0.558605,-2099.707746
1782020700,2026-06-21 05:45:00,64230.0,64230.1,64172.4,64172.5,0.074692,1.133530,-1.058838,-2100.766584
1782021000,2026-06-21 05:50:00,64172.4,64172.4,64159.6,64165.1,0.409868,0.117835,0.292033,-2100.474551
1782021300,2026-06-21 05:55:00,64165.1,64172.9,64165.0,64172.7,0.174800,0.010926,0.163873,-2100.310677
1782021600,2026-06-21 06:00:00,64172.7,64172.7,64149.6,64149.6,0.198508,1.678115,-1.479607,-2101.790284
1782021900,2026-06-21 06:05:00,64149.5,64149.5,64118.3,64118.3,0.182245,0.855123,-0.672877,-2102.463161
1782022200,2026-06-21 06:10:00,64118.4,64118.4,64118.3,64118.3,0.062306,0.076483,-0.014177,-2102.477339
1782022500,2026-06-21 06:15:00,64118.4,64153.9,64118.3,64153.9,1.497649,0.293801,1.203848,-2101.273491
1782022800,2026-06-21 06:20:00,64153.9,64179.4,64153.9,64179.4,0.151722,0.000545,0.151177,-2101.122314
1782023100,2026-06-21 06:25:00,64179.4,64202.2,64179.3,64202.2,1.032272,0.044717,0.987555,-2100.134759
1782023400,2026-06-21 06:30:00,64202.3,64202.3,64175.9,64176.0,0.073997,0.909460,-0.835463,-2100.970222
1782023700,2026-06-21 06:35:00,64175.9,64224.4,64175.9,64222.6,0.147347,0.034022,0.113325,-2100.856897
1782024000,2026-06-21 06:40:00,64222.7,64240.9,64222.7,64240.8,0.240143,0.075561,0.164582,-2100.692315
1782024300,2026-06-21 06:45:00,64233.6,64233.7,64222.7,64222.8,0.166894,0.048669,0.118225,-2100.574090
1782024600,2026-06-21 06:50:00,64222.8,64222.8,64214.8,64214.9,0.036043,0.056733,-0.020690,-2100.594780
1782024900,2026-06-21 06:55:00,64214.9,64214.9,64214.8,64214.9,0.026889,0.005507,0.021382,-2100.573398
1782025200,2026-06-21 07:00:00,64214.9,64214.9,64167.7,64167.8,0.051491,0.341091,-0.289599,-2100.862997
1782025500,2026-06-21 07:05:00,64167.7,64190.8,64167.7,64181.9,0.445180,0.207270,0.237911,-2100.625087
1782025800,2026-06-21 07:10:00,64178.9,64178.9,64172.3,64173.8,0.017375,0.095619,-0.078244,-2100.703330
1782026100,2026-06-21 07:15:00,64173.7,64179.0,64172.3,64172.3,0.342624,0.961420,-0.618796,-2101.322126
1782026400,2026-06-21 07:20:00,64166.6,64166.6,64130.8,64130.9,0.073588,1.137705,-1.064116,-2102.386242
1782026700,2026-06-21 07:25:00,64130.8,64130.8,64103.1,64103.1,0.223754,1.132575,-0.908821,-2103.295063
1782027000,2026-06-21 07:30:00,64103.2,64138.4,64103.1,64133.8,0.330961,0.470887,-0.139926,-2103.434989
1782027300,2026-06-21 07:35:00,64135.7,64163.8,64134.9,64160.6,3.356233,0.927971,2.428262,-2101.006727
1782027600,2026-06-21 07:40:00,64160.6,64160.6,64130.4,64157.2,0.086156,0.126100,-0.039944,-2101.046672
1782027900,2026-06-21 07:45:00,64157.1,64170.6,64150.0,64150.1,0.096604,0.409698,-0.313094,-2101.359765
1782028200,2026-06-21 07:50:00,64155.5,64155.6,64130.0,64130.0,0.023499,0.346236,-0.322737,-2101.682502
1782028500,2026-06-21 07:55:00,64124.5,64124.5,64106.0,64120.3,0.189509,0.205832,-0.016322,-2101.698825
1782028800,2026-06-21 08:00:00,64120.3,64136.9,64120.2,64127.5,0.171371,0.148503,0.022868,-2101.675957
1782029100,2026-06-21 08:05:00,64124.6,64124.6,64049.3,64049.3,0.015780,1.430251,-1.414471,-2103.090428
1782029400,2026-06-21 08:10:00,64049.4,64081.3,64049.3,64057.4,0.202695,0.176399,0.026296,-2103.064132
1782029700,2026-06-21 08:15:00,64057.3,64057.3,64009.4,64014.5,0.025628,3.581063,-3.555435,-2106.619566
1782030000,2026-06-21 08:20:00,64014.5,64014.5,64000.0,64000.1,0.109957,0.530221,-0.420264,-2107.039830
1782030300,2026-06-21 08:25:00,64000.0,64018.7,63931.9,63974.0,0.600933,55.148512,-54.547579,-2161.587409
1782030600,2026-06-21 08:30:00,63974.0,63974.0,63888.2,63888.2,0.050428,0.825273,-0.774845,-2162.362254
1782030900,2026-06-21 08:35:00,63888.1,63904.3,63840.9,63887.6,1.525616,0.990449,0.535167,-2161.827087
1782031200,2026-06-21 08:40:00,63887.6,63887.6,63862.0,63881.0,0.176427,0.117097,0.059330,-2161.767756
1782031500,2026-06-21 08:45:00,63885.3,63885.4,63856.3,63856.3,0.223573,0.126019,0.097554,-2161.670202
1782031800,2026-06-21 08:50:00,63856.4,63889.2,63856.3,63884.7,2.586112,9.095014,-6.508902,-2168.179105
1782032100,2026-06-21 08:55:00,63883.7,63924.5,63883.6,63924.5,0.159048,0.000575,0.158473,-2168.020632
1782032400,2026-06-21 09:00:00,63924.5,63937.8,63886.3,63922.7,0.300004,5.611945,-5.311942,-2173.332573
1782032700,2026-06-21 09:05:00,63919.7,63931.9,63907.3,63907.3,0.050326,0.042348,0.007978,-2173.324596
1782033000,2026-06-21 09:10:00,63907.3,63907.4,63907.3,63907.4,0.110024,0.010957,0.099066,-2173.225530
1782033300,2026-06-21 09:15:00,63907.4,63919.3,63898.5,63898.6,0.502713,1.045372,-0.542659,-2173.768188
1782033600,2026-06-21 09:20:00,63898.5,63939.6,63898.5,63939.5,0.211401,0.078356,0.133045,-2173.635143
1782033900,2026-06-21 09:25:00,63939.5,64006.4,63939.5,63977.2,0.906539,0.052327,0.854212,-2172.780931
1782034200,2026-06-21 09:30:00,63977.3,64012.3,63977.2,64012.3,0.302861,0.007084,0.295777,-2172.485154
1782034500,2026-06-21 09:35:00,64012.3,64132.8,64012.3,64132.8,0.829244,0.229319,0.599925,-2171.885229
1782034800,2026-06-21 09:40:00,64132.7,64140.9,64027.2,64052.1,0.607823,4.432529,-3.824706,-2175.709934
1782035100,2026-06-21 09:45:00,64052.1,64066.5,64032.8,64065.3,1.672673,0.489523,1.183151,-2174.526783
1782035400,2026-06-21 09:50:00,64063.6,64110.2,64063.6,64101.8,0.149479,0.045499,0.103980,-2174.422803
1782035700,2026-06-21 09:55:00,64104.8,64140.9,64104.8,64136.6,0.703184,0.194027,0.509157,-2173.913646
1782036000,2026-06-21 10:00:00,64131.1,64162.0,64130.0,64135.1,2.187880,1.025566,1.162314,-2172.751333
1782036300,2026-06-21 10:05:00,64135.0,64188.8,64131.5,64188.7,0.750883,0.126674,0.624209,-2172.127124
1782036600,2026-06-21 10:10:00,64188.8,64190.9,64188.8,64190.8,1.757725,0.015418,1.742307,-2170.384817
1782036900,2026-06-21 10:15:00,64190.9,64190.9,64169.6,64186.1,0.060226,0.043637,0.016589,-2170.368228
1782037200,2026-06-21 10:20:00,64190.8,64307.9,64190.8,64277.9,4.407672,0.283925,4.123747,-2166.244481
1782037500,2026-06-21 10:25:00,64274.8,64274.8,64226.8,64229.0,1.207698,1.157914,0.049783,-2166.194698
1782037800,2026-06-21 10:30:00,64228.3,64260.2,64215.8,64235.0,1.189227,1.475088,-0.285862,-2166.480560
1782038100,2026-06-21 10:35:00,64235.1,64298.1,64235.1,64265.4,1.644076,1.563777,0.080299,-2166.400261
1782038400,2026-06-21 10:40:00,64265.5,64307.4,64265.4,64276.0,0.193263,0.133361,0.059902,-2166.340359
1782038700,2026-06-21 10:45:00,64276.0,64311.2,64276.0,64311.2,1.277894,0.029419,1.248475,-2165.091884
1782039000,2026-06-21 10:50:00,64311.2,64329.0,64284.1,64284.1,0.154536,0.116964,0.037572,-2165.054313
1782039300,2026-06-21 10:55:00,64284.5,64314.9,64258.7,64280.6,0.083444,6.006196,-5.922752,-2170.977064
1782039600,2026-06-21 11:00:00,64280.7,64376.0,64280.6,64329.2,0.677237,0.655940,0.021297,-2170.955767
1782039900,2026-06-21 11:05:00,64315.4,64344.9,64264.3,64344.6,4.288282,1.918751,2.369531,-2168.586237
1782040200,2026-06-21 11:10:00,64344.6,64376.0,64328.8,64344.0,0.935431,0.259250,0.676180,-2167.910056
1782040500,2026-06-21 11:15:00,64343.9,64343.9,64060.1,64127.3,1.864340,1.433983,0.430357,-2167.479699
1782040800,2026-06-21 11:20:00,64127.2,64240.9,64127.2,64223.7,3.138257,0.111947,3.026309,-2164.453390
1782041100,2026-06-21 11:25:00,64223.7,64307.9,64223.7,64307.9,0.684253,1.457713,-0.773461,-2165.226851
1782041400,2026-06-21 11:30:00,64307.9,64307.9,64190.9,64191.5,0.095992,2.204727,-2.108735,-2167.335586
1782041700,2026-06-21 11:35:00,64190.9,64212.6,64183.5,64183.9,0.056073,5.203482,-5.147410,-2172.482996
1782042000,2026-06-21 11:40:00,64183.9,64207.3,64157.0,64207.3,0.100268,4.189754,-4.089486,-2176.572482
1782042300,2026-06-21 11:45:00,64207.2,64207.3,64182.0,64201.0,0.052948,0.402134,-0.349186,-2176.921668
1782042600,2026-06-21 11:50:00,64204.0,64204.0,64047.9,64082.8,0.229443,0.665895,-0.436452,-2177.358120
1782042900,2026-06-21 11:55:00,64082.8,64082.9,64061.9,64070.3,0.088398,0.035568,0.052829,-2177.305290
1782043200,2026-06-21 12:00:00,64086.5,64131.0,64067.2,64131.0,0.686210,0.046070,0.640140,-2176.665150
1782043500,2026-06-21 12:05:00,64130.9,64157.7,64108.2,64123.4,0.294670,0.025026,0.269643,-2176.395507
1782043800,2026-06-21 12:10:00,64121.6,64123.4,64000.0,64008.9,0.303951,1.861817,-1.557866,-2177.953373
1782044100,2026-06-21 12:15:00,64008.8,64029.6,63941.8,63967.8,0.309400,2.405938,-2.096538,-2180.049911
1782044400,2026-06-21 12:20:00,63967.8,63967.8,63926.5,63939.7,0.143954,1.034212,-0.890258,-2180.940169
1782044700,2026-06-21 12:25:00,63939.8,63969.0,63939.8,63941.9,0.165127,0.076461,0.088666,-2180.851503
1782045000,2026-06-21 12:30:00,63940.1,63974.9,63934.6,63948.2,0.126849,0.389237,-0.262387,-2181.113891
1782045300,2026-06-21 12:35:00,63946.5,63946.5,63900.0,63915.6,0.629069,0.495894,0.133176,-2180.980715
1782045600,2026-06-21 12:40:00,63915.6,64008.8,63915.5,63990.3,0.251801,0.014795,0.237006,-2180.743709
1782045900,2026-06-21 12:45:00,63990.2,64006.5,63980.6,63984.5,0.325160,0.009930,0.315230,-2180.428478
1782046200,2026-06-21 12:50:00,63984.5,64090.9,63984.5,64077.6,0.554470,0.048618,0.505851,-2179.922627
1782046500,2026-06-21 12:55:00,64077.7,64140.9,64048.2,64117.5,1.004885,0.177466,0.827419,-2179.095208
1782046800,2026-06-21 13:00:00,64117.4,64117.4,64044.4,64044.4,0.096124,0.081878,0.014247,-2179.080961
1782047100,2026-06-21 13:05:00,64044.5,64107.1,64044.4,64086.0,0.094956,0.141077,-0.046121,-2179.127082
1782047400,2026-06-21 13:10:00,64086.0,64112.8,64044.4,64044.4,0.151089,0.413042,-0.261953,-2179.389035
1782047700,2026-06-21 13:15:00,64044.5,64092.0,64044.4,64091.3,0.080561,0.010335,0.070226,-2179.318809
1782048000,2026-06-21 13:20:00,64091.2,64091.3,64068.4,64081.7,0.149666,9.074289,-8.924623,-2188.243432
1782048300,2026-06-21 13:25:00,64081.8,64091.8,64073.2,64090.6,0.568724,0.059223,0.509501,-2187.733932
1782048600,2026-06-21 13:30:00,64090.8,64090.8,63954.7,63970.4,0.106594,1.392030,-1.285436,-2189.019368
1782048900,2026-06-21 13:35:00,63970.5,63973.0,63957.9,63970.4,0.076131,0.049361,0.026771,-2188.992597
1782049200,2026-06-21 13:40:00,63970.3,63974.9,63955.5,63974.9,0.132828,0.072091,0.060737,-2188.931860
1782049500,2026-06-21 13:45:00,63974.8,64002.2,63974.8,63978.6,0.099336,0.097512,0.001824,-2188.930036
1782049800,2026-06-21 13:50:00,63976.6,64022.0,63976.5,64016.4,0.095685,0.025968,0.069718,-2188.860319
1782050100,2026-06-21 13:55:00,64020.0,64063.2,64020.0,64063.2,0.114211,0.090084,0.024127,-2188.836192
1782050400,2026-06-21 14:00:00,64063.2,64064.9,64030.3,64030.3,0.082731,0.090164,-0.007433,-2188.843624
1782050700,2026-06-21 14:05:00,64030.4,64057.9,63997.9,64002.6,0.114306,0.084349,0.029957,-2188.813667
1782051000,2026-06-21 14:10:00,64003.1,64019.4,63989.2,63994.6,0.279695,1.477358,-1.197663,-2190.011331
1782051300,2026-06-21 14:15:00,63994.7,63994.7,63958.0,63958.1,0.256255,0.227807,0.028448,-2189.982882
1782051600,2026-06-21 14:20:00,63958.1,64012.0,63946.3,64011.7,0.567141,0.068105,0.499036,-2189.483846
1782051900,2026-06-21 14:25:00,64011.9,64017.2,63967.3,63967.4,0.528787,2.098391,-1.569604,-2191.053450
1782052200,2026-06-21 14:30:00,63967.4,63967.4,63940.9,63940.9,0.103581,0.283329,-0.179748,-2191.233198
1782052500,2026-06-21 14:35:00,63941.0,63983.5,63940.9,63967.6,0.576244,0.148333,0.427912,-2190.805287
1782052800,2026-06-21 14:40:00,63967.5,64000.0,63962.1,63973.1,1.243639,0.773319,0.470320,-2190.334967
1782053100,2026-06-21 14:45:00,63973.1,63973.1,63954.4,63967.4,0.093762,0.100541,-0.006779,-2190.341746
1782053400,2026-06-21 14:50:00,63970.5,64000.0,63970.4,64000.0,6.680294,0.488403,6.191891,-2184.149855
1782053700,2026-06-21 14:55:00,64000.0,64064.9,64000.0,64050.7,0.686123,0.852820,-0.166697,-2184.316552
1782054000,2026-06-21 15:00:00,64050.7,64170.5,64030.0,64146.3,12.074997,1.549056,10.525941,-2173.790611
1782054300,2026-06-21 15:05:00,64146.3,64200.0,64100.0,64145.6,0.977613,0.089400,0.888214,-2172.902398
1782054600,2026-06-21 15:10:00,64161.5,64161.5,64107.2,64127.5,0.103632,0.061010,0.042622,-2172.859776
1782054900,2026-06-21 15:15:00,64127.5,64162.4,64127.4,64139.7,0.167203,0.513224,-0.346021,-2173.205797
1782055200,2026-06-21 15:20:00,64139.7,64139.7,64106.5,64123.3,0.086103,0.153195,-0.067092,-2173.272889
1782055500,2026-06-21 15:25:00,64123.2,64194.1,64122.4,64194.1,0.108908,0.089153,0.019755,-2173.253134
1782055800,2026-06-21 15:30:00,64194.1,64194.1,64123.2,64123.2,0.180906,0.061006,0.119901,-2173.133233
1782056100,2026-06-21 15:35:00,64123.3,64190.0,64116.6,64189.9,4.314378,0.151124,4.163255,-2168.969978
1782056400,2026-06-21 15:40:00,64190.0,64261.2,64171.6,64216.9,5.055724,1.350232,3.705492,-2165.264486
1782056700,2026-06-21 15:45:00,64216.8,64237.7,64185.1,64185.1,1.114719,0.230077,0.884642,-2164.379844
1782057000,2026-06-21 15:50:00,64182.1,64188.0,64171.9,64172.2,0.216286,0.041875,0.174410,-2164.205434
1782057300,2026-06-21 15:55:00,64172.3,64172.3,64150.0,64150.1,0.150985,0.169843,-0.018857,-2164.224292
1782057600,2026-06-21 16:00:00,64150.0,64172.3,64117.9,64159.7,0.934637,0.318696,0.615941,-2163.608351
1782057900,2026-06-21 16:05:00,64159.7,64159.7,64117.7,64124.1,0.097377,0.103553,-0.006177,-2163.614528
1782058200,2026-06-21 16:10:00,64124.1,64124.1,64041.0,64060.5,0.122439,0.545847,-0.423408,-2164.037935
1782058500,2026-06-21 16:15:00,64068.1,64110.7,64043.9,64110.7,0.271368,0.158629,0.112739,-2163.925196
1782058800,2026-06-21 16:20:00,64110.6,64161.9,64108.4,64142.7,0.094496,0.057193,0.037303,-2163.887894
1782059100,2026-06-21 16:25:00,64142.7,64142.7,64097.4,64097.6,0.038991,0.349462,-0.310471,-2164.198364
1782059400,2026-06-21 16:30:00,64097.6,64110.0,63983.8,63983.9,0.149186,1.222470,-1.073285,-2165.271649
1782059700,2026-06-21 16:35:00,63983.9,64016.7,63969.2,63975.1,0.231159,1.986547,-1.755388,-2167.027037
1782060000,2026-06-21 16:40:00,63975.1,64034.7,63969.2,64030.4,0.451037,0.264631,0.186406,-2166.840631
1782060300,2026-06-21 16:45:00,64030.3,64080.3,64027.0,64079.1,0.207097,0.023378,0.183719,-2166.656912
1782060600,2026-06-21 16:50:00,64079.1,64120.3,64073.2,64073.3,1.552697,0.793431,0.759266,-2165.897646
1782060900,2026-06-21 16:55:00,64073.3,64079.9,64058.5,64059.0,0.270504,0.026441,0.244063,-2165.653583
1782061200,2026-06-21 17:00:00,64059.0,64106.1,64039.8,64106.1,0.168520,0.016683,0.151836,-2165.501747
1782061500,2026-06-21 17:05:00,64109.8,64140.7,64109.7,64132.4,0.191524,0.081311,0.110213,-2165.391534
1782061800,2026-06-21 17:10:00,64132.4,64132.4,64117.0,64132.4,0.090576,0.051200,0.039376,-2165.352158
1782062100,2026-06-21 17:15:00,64132.4,64132.4,64087.9,64097.1,0.119475,0.509884,-0.390408,-2165.742566
1782062400,2026-06-21 17:20:00,64097.7,64097.7,64082.1,64083.1,0.043472,0.039864,0.003608,-2165.738958
1782062700,2026-06-21 17:25:00,64083.1,64083.6,64021.0,64024.5,0.588279,0.219371,0.368908,-2165.370050
1782063000,2026-06-21 17:30:00,64024.5,64024.9,64013.9,64014.0,0.126685,0.059112,0.067573,-2165.302477
1782063300,2026-06-21 17:35:00,64013.9,64014.0,64000.0,64006.8,0.084692,0.041701,0.042991,-2165.259486
1782063600,2026-06-21 17:40:00,64006.8,64045.4,64000.0,64045.3,0.966211,0.189653,0.776558,-2164.482928
1782063900,2026-06-21 17:45:00,64045.3,64097.7,64045.3,64097.7,0.152758,0.305906,-0.153148,-2164.636076
1782064200,2026-06-21 17:50:00,64097.7,64097.7,64097.6,64097.6,0.095674,0.010657,0.085018,-2164.551058
1782064500,2026-06-21 17:55:00,64097.7,64097.7,63952.2,64061.2,10.372206,147.826839,-137.454633,-2302.005691
1782064800,2026-06-21 18:00:00,64059.4,64063.4,63900.0,63900.2,2.262372,1.670749,0.591623,-2301.414068
1782065100,2026-06-21 18:05:00,63900.2,63964.8,63880.5,63915.7,0.722948,0.899446,-0.176499,-2301.590567
1782065400,2026-06-21 18:10:00,63915.7,63924.2,63915.6,63924.2,0.549918,0.097282,0.452636,-2301.137930
1782065700,2026-06-21 18:15:00,63924.2,63933.5,63924.2,63931.0,4.588024,3.027121,1.560904,-2299.577027
1782066000,2026-06-21 18:20:00,63931.1,63951.1,63930.0,63942.3,0.110926,0.037582,0.073343,-2299.503683
1782066300,2026-06-21 18:25:00,63942.3,63971.5,63942.2,63963.4,0.226937,0.004884,0.222053,-2299.281630
1782066600,2026-06-21 18:30:00,63963.4,64108.7,63955.2,64069.3,3.992374,0.513833,3.478541,-2295.803089
1782066900,2026-06-21 18:35:00,64071.7,64140.9,64065.9,64133.9,3.463583,0.259401,3.204182,-2292.598907
1782067200,2026-06-21 18:40:00,64126.8,64126.9,64082.6,64098.2,0.150558,1.335017,-1.184459,-2293.783366
1782067500,2026-06-21 18:45:00,64098.1,64120.0,64073.2,64112.1,14.889374,1.779739,13.109634,-2280.673731
1782067800,2026-06-21 18:50:00,64112.1,64131.5,64060.9,64131.5,20.187356,0.618962,19.568394,-2261.105337
1782068100,2026-06-21 18:55:00,64127.8,64127.8,64100.0,64114.3,0.331693,0.374419,-0.042726,-2261.148063
1782068400,2026-06-21 19:00:00,64114.9,64207.7,64113.8,64113.8,0.840096,12.202957,-11.362861,-2272.510924
1782068700,2026-06-21 19:05:00,64100.1,64105.7,64100.0,64100.1,0.112170,0.598170,-0.485999,-2272.996923
1782069000,2026-06-21 19:10:00,64100.1,64157.1,64100.0,64146.3,0.136357,6.091450,-5.955093,-2278.952016
1782069300,2026-06-21 19:15:00,64146.3,64146.3,64111.4,64138.6,0.109705,0.119883,-0.010177,-2278.962194
1782069600,2026-06-21 19:20:00,64138.7,64156.5,64138.6,64138.7,0.099662,0.085611,0.014051,-2278.948142
1782069900,2026-06-21 19:25:00,64138.7,64158.8,64138.6,64139.2,0.149037,0.123396,0.025640,-2278.922502
1782070200,2026-06-21 19:30:00,64139.3,64162.6,64138.7,64138.7,0.445218,0.557434,-0.112216,-2279.034718
1782070500,2026-06-21 19:35:00,64138.7,64138.7,64105.0,64133.6,0.085266,0.200041,-0.114775,-2279.149493
1782070800,2026-06-21 19:40:00,64133.6,64142.7,64133.6,64133.7,0.073954,0.777632,-0.703678,-2279.853171
1782071100,2026-06-21 19:45:00,64133.6,64133.7,64105.4,64124.5,0.244826,12.040290,-11.795464,-2291.648634
1782071400,2026-06-21 19:50:00,64130.6,64148.5,64130.6,64139.4,0.103598,0.644755,-0.541157,-2292.189791
1782071700,2026-06-21 19:55:00,64139.4,64139.5,64134.8,64136.6,0.850890,0.271539,0.579351,-2291.610440
1782072000,2026-06-21 20:00:00,64136.6,64136.6,64106.3,64111.0,0.071851,0.268596,-0.196746,-2291.807186
1782072300,2026-06-21 20:05:00,64111.0,64187.4,64110.9,64156.3,0.223585,0.165245,0.058340,-2291.748846
1782072600,2026-06-21 20:10:00,64155.7,64155.7,64054.7,64089.6,1.205688,2.832480,-1.626792,-2293.375638
1782072900,2026-06-21 20:15:00,64089.7,64089.7,63981.4,63991.1,2.318374,2.636517,-0.318143,-2293.693781
1782073200,2026-06-21 20:20:00,63994.6,64049.1,63994.6,64042.8,2.098314,2.230102,-0.131788,-2293.825568
1782073500,2026-06-21 20:25:00,64042.9,64042.9,64015.6,64031.9,0.124509,0.028239,0.096270,-2293.729298
1782073800,2026-06-21 20:30:00,64031.9,64053.6,63977.1,63977.2,0.053247,0.398917,-0.345670,-2294.074969
1782074100,2026-06-21 20:35:00,63977.2,63996.6,63950.0,63950.0,0.129301,0.120523,0.008778,-2294.066191
1782074400,2026-06-21 20:40:00,63950.0,63950.0,63890.9,63897.4,0.348992,0.747495,-0.398503,-2294.464694
1782074700,2026-06-21 20:45:00,63897.3,63897.3,63617.1,63672.8,0.350078,17.224884,-16.874806,-2311.339500
1782075000,2026-06-21 20:50:00,63672.9,63767.6,63640.1,63767.0,10.853379,0.320498,10.532881,-2300.806618
1782075300,2026-06-21 20:55:00,63767.1,63767.1,63684.2,63758.1,0.441154,1.241329,-0.800175,-2301.606794
1782075600,2026-06-21 21:00:00,63758.1,63800.1,63756.9,63757.0,1.100186,1.010275,0.089911,-2301.516883
1782075900,2026-06-21 21:05:00,63757.0,63757.0,63490.7,63490.7,0.592329,12.156670,-11.564341,-2313.081224
1782076200,2026-06-21 21:10:00,63490.8,63583.2,63458.8,63542.2,0.778757,3.993159,-3.214401,-2316.295625
1782076500,2026-06-21 21:15:00,63542.1,63600.0,63440.9,63506.7,2.339980,0.985699,1.354281,-2314.941344
1782076800,2026-06-21 21:20:00,63506.7,63690.9,63506.7,63619.4,0.913067,1.341961,-0.428894,-2315.370238
1782077100,2026-06-21 21:25:00,63619.3,63660.1,63564.1,63618.7,0.611544,3.782634,-3.171091,-2318.541329
1782077400,2026-06-21 21:30:00,63614.9,63690.9,63614.1,63690.8,0.365784,0.026579,0.339205,-2318.202124
1782077700,2026-06-21 21:35:00,63690.8,63872.4,63640.1,63864.8,13.994737,0.326330,13.668407,-2304.533716
1782078000,2026-06-21 21:40:00,63864.8,63872.8,63797.5,63798.5,1.379524,0.463145,0.916380,-2303.617337
1782078300,2026-06-21 21:45:00,63798.4,63854.9,63757.8,63808.5,3.932790,3.416181,0.516609,-2303.100728
1782078600,2026-06-21 21:50:00,63810.6,63810.6,63719.5,63738.1,0.239964,1.329560,-1.089596,-2304.190324
1782078900,2026-06-21 21:55:00,63738.1,63738.1,63701.7,63729.4,0.185325,0.090569,0.094757,-2304.095567
1782079200,2026-06-21 22:00:00,63729.7,63770.0,63591.1,63711.7,1.835389,0.875347,0.960041,-2303.135526
1782079500,2026-06-21 22:05:00,63714.2,63719.6,63528.8,63528.8,0.367920,3.387673,-3.019753,-2306.155279
1782079800,2026-06-21 22:10:00,63521.2,63592.1,63506.6,63552.0,0.326990,4.548483,-4.221493,-2310.376771
1782080100,2026-06-21 22:15:00,63556.6,63678.2,63556.6,63618.7,15.282554,0.282009,15.000545,-2295.376226
1782080400,2026-06-21 22:20:00,63618.9,63687.5,63590.5,63655.1,0.155607,2.226268,-2.070661,-2297.446887
1782080700,2026-06-21 22:25:00,63647.5,63690.9,63629.8,63647.5,0.172929,0.027155,0.145774,-2297.301113
1782081000,2026-06-21 22:30:00,63648.4,63648.4,63506.6,63506.6,0.446861,1.189011,-0.742150,-2298.043263
1782081300,2026-06-21 22:35:00,63506.6,63558.5,63506.6,63545.6,0.159471,0.076712,0.082760,-2297.960503
1782081600,2026-06-21 22:40:00,63539.0,63607.5,63520.7,63597.3,0.411393,0.024063,0.387330,-2297.573173
1782081900,2026-06-21 22:45:00,63594.4,63619.8,63580.1,63612.7,0.708332,0.055258,0.653074,-2296.920099
1782082200,2026-06-21 22:50:00,63625.8,63720.1,63625.7,63720.1,0.893262,0.256618,0.636644,-2296.283455
1782082500,2026-06-21 22:55:00,63720.1,63868.1,63704.1,63725.1,148.704607,0.919506,147.785101,-2148.498354
1782082800,2026-06-21 23:00:00,63725.1,63725.1,63551.8,63606.2,0.300137,2.527623,-2.227486,-2150.725841
1782083100,2026-06-21 23:05:00,63612.4,63685.5,63612.4,63685.5,31.740209,0.513716,31.226493,-2119.499348
1782083400,2026-06-21 23:10:00,63685.4,63688.6,63615.7,63636.3,43.784997,2.213438,41.571559,-2077.927789
1782083700,2026-06-21 23:15:00,63636.2,63674.8,63613.3,63663.6,31.637878,3.550761,28.087118,-2049.840671
1782084000,2026-06-21 23:20:00,63663.5,63716.8,63657.2,63708.6,0.505494,0.282733,0.222761,-2049.617910
1782084300,2026-06-21 23:25:00,63708.7,63708.7,63565.1,63565.1,0.145910,0.336756,-0.190847,-2049.808757
1782084600,2026-06-21 23:30:00,63565.8,63579.6,63278.3,63321.2,2.052764,27.833367,-25.780603,-2075.589360
1782084900,2026-06-21 23:35:00,63321.8,63332.6,63247.5,63310.9,2.955554,12.077603,-9.122049,-2084.711409
1782085200,2026-06-21 23:40:00,63300.3,63340.5,63240.9,63241.0,0.356099,1.379410,-1.023311,-2085.734720
1782085500,2026-06-21 23:45:00,63242.0,63295.9,63214.0,63274.8,0.506123,1.467345,-0.961222,-2086.695942
1782085800,2026-06-21 23:50:00,63274.9,63312.5,63225.8,63225.8,1.727664,1.826914,-0.099250,-2086.795191
1782086100,2026-06-21 23:55:00,63224.8,63264.0,63224.7,63234.0,0.576146,0.091068,0.485077,-2086.310114
1782086400,2026-06-22 00:00:00,63234.0,63381.6,63234.0,63360.5,1.721382,0.583099,1.138282,-2085.171832
1782086700,2026-06-22 00:05:00,63360.5,63490.9,63360.5,63490.9,2.502964,0.478907,2.024057,-2083.147774
1782087000,2026-06-22 00:10:00,63490.9,63519.5,63366.9,63441.2,0.644530,5.772631,-5.128100,-2088.275875
1782087300,2026-06-22 00:15:00,63441.1,63666.2,63419.1,63562.5,3.256323,0.214925,3.041398,-2085.234477
1782087600,2026-06-22 00:20:00,63562.2,63597.0,63473.4,63558.4,0.339258,0.730110,-0.390852,-2085.625329
1782087900,2026-06-22 00:25:00,63566.1,63640.8,63555.5,63640.8,0.538759,0.079276,0.459484,-2085.165845
1782088200,2026-06-22 00:30:00,63640.8,63742.6,63631.4,63664.0,2.941883,0.557917,2.383966,-2082.781880
1782088500,2026-06-22 00:35:00,63664.0,64000.0,63664.0,63900.9,8.056624,2.061486,5.995138,-2076.786742
1782088800,2026-06-22 00:40:00,63900.9,63936.8,63841.0,63852.1,1.543293,0.699028,0.844265,-2075.942477
1782089100,2026-06-22 00:45:00,63849.9,63920.0,63778.4,63781.8,4.029261,0.820592,3.208669,-2072.733807
1782089400,2026-06-22 00:50:00,63784.8,63784.9,63671.3,63725.2,0.789059,0.652990,0.136069,-2072.597738
1782089700,2026-06-22 00:55:00,63725.1,63840.8,63725.1,63822.6,1.132853,0.293048,0.839805,-2071.757933
1782090000,2026-06-22 01:00:00,63822.6,63920.0,63822.6,63870.5,136.025267,1.031651,134.993616,-1936.764317
1782090300,2026-06-22 01:05:00,63870.5,63932.6,63814.0,63814.0,10.654548,0.236205,10.418344,-1926.345973
1782090600,2026-06-22 01:10:00,63814.0,63858.1,63785.3,63798.0,0.471041,0.409963,0.061078,-1926.284896
1782090900,2026-06-22 01:15:00,63798.0,64070.2,63798.0,64004.8,4.071644,1.213501,2.858143,-1923.426752
1782091200,2026-06-22 01:20:00,63990.4,64342.0,63990.4,64250.4,36.579951,1.722497,34.857454,-1888.569298
1782091500,2026-06-22 01:25:00,64261.6,64704.1,64261.6,64581.9,104.672680,5.257150,99.415530,-1789.153768
1782091800,2026-06-22 01:30:00,64578.8,64623.3,64390.9,64390.9,2.509943,3.024141,-0.514198,-1789.667966
1782092100,2026-06-22 01:35:00,64391.0,64440.5,64303.4,64440.0,3.582159,0.947925,2.634234,-1787.033733
1782092400,2026-06-22 01:40:00,64440.8,64557.9,64390.9,64441.9,0.883143,1.202073,-0.318930,-1787.352663
1782092700,2026-06-22 01:45:00,64441.8,64530.1,64408.9,64530.1,0.328922,0.964857,-0.635935,-1787.988598
1782093000,2026-06-22 01:50:00,64533.0,64574.9,64485.2,64574.9,3.525809,1.193084,2.332724,-1785.655874
1782093300,2026-06-22 01:55:00,64575.0,64614.4,64481.6,64540.0,10.634167,6.040916,4.593251,-1781.062622
1782093600,2026-06-22 02:00:00,64535.1,64574.7,64431.7,64504.6,0.477107,0.236675,0.240432,-1780.822190
1782093900,2026-06-22 02:05:00,64504.5,64510.7,64450.1,64450.1,0.951728,0.622045,0.329683,-1780.492507
1782094200,2026-06-22 02:10:00,64450.1,64500.2,64440.0,64499.9,0.076565,2.725698,-2.649133,-1783.141640
1782094500,2026-06-22 02:15:00,64480.0,64558.6,64442.2,64548.4,0.794962,3.169148,-2.374186,-1785.515826
1782094800,2026-06-22 02:20:00,64548.4,64548.4,64439.6,64454.8,0.172101,0.198360,-0.026259,-1785.542085
1782095100,2026-06-22 02:25:00,64454.8,64500.0,64447.3,64474.4,14.319912,2.379852,11.940060,-1773.602026
1782095400,2026-06-22 02:30:00,64474.4,64489.0,64436.6,64436.6,0.063588,0.900870,-0.837282,-1774.439307
1782095700,2026-06-22 02:35:00,64436.7,64474.1,64390.9,64462.5,0.171287,10.694997,-10.523710,-1784.963017
1782096000,2026-06-22 02:40:00,64462.5,64499.9,64418.7,64426.0,0.219658,0.382709,-0.163052,-1785.126069
1782096300,2026-06-22 02:45:00,64426.0,64426.0,64327.1,64330.0,0.057104,1.089723,-1.032619,-1786.158688
1782096600,2026-06-22 02:50:00,64329.9,64331.4,64210.9,64213.1,0.222966,2.058751,-1.835785,-1787.994472
1782096900,2026-06-22 02:55:00,64213.1,64251.9,64173.4,64173.4,0.523186,2.462452,-1.939266,-1789.933739
1782097200,2026-06-22 03:00:00,64182.1,64182.1,63840.9,64066.5,1.735587,5.989578,-4.253992,-1794.187731
1782097500,2026-06-22 03:05:00,64066.5,64081.9,63923.9,63999.9,0.065908,1.062375,-0.996466,-1795.184197
1782097800,2026-06-22 03:10:00,63999.8,64066.6,63959.9,63987.3,0.426537,2.209397,-1.782859,-1796.967056
1782098100,2026-06-22 03:15:00,63987.4,64240.9,63987.4,64233.6,4.218809,0.107312,4.111497,-1792.855559
1782098400,2026-06-22 03:20:00,64231.8,64272.6,64172.5,64272.6,3.180893,0.336500,2.844393,-1790.011166
1782098700,2026-06-22 03:25:00,64272.6,64357.4,64163.9,64202.0,2.172239,1.105373,1.066866,-1788.944300
1782099000,2026-06-22 03:30:00,64202.0,64340.9,64177.5,64193.3,0.860297,0.705757,0.154540,-1788.789760
1782099300,2026-06-22 03:35:00,64193.4,64193.4,64123.0,64169.2,0.376292,0.954428,-0.578136,-1789.367897
1782099600,2026-06-22 03:40:00,64166.0,64166.1,64090.9,64090.9,0.018334,0.153189,-0.134855,-1789.502752
1782099900,2026-06-22 03:45:00,64090.9,64110.4,64044.9,64108.8,0.132651,0.934350,-0.801700,-1790.304451
1782100200,2026-06-22 03:50:00,64108.8,64126.9,64036.8,64049.3,0.036429,5.625550,-5.589121,-1795.893573
1782100500,2026-06-22 03:55:00,64049.7,64049.7,63857.5,63895.2,0.166022,8.782368,-8.616345,-1804.509918
1782100800,2026-06-22 04:00:00,63895.2,63930.3,63796.2,63920.6,0.894840,2.276174,-1.381334,-1805.891252
1782101100,2026-06-22 04:05:00,63920.6,63932.6,63848.6,63888.5,0.141180,0.890782,-0.749602,-1806.640854
1782101400,2026-06-22 04:10:00,63888.4,63939.2,63864.7,63901.4,0.068191,0.745913,-0.677722,-1807.318576
1782101700,2026-06-22 04:15:00,63901.4,63932.3,63829.3,63829.3,0.066063,1.283770,-1.217708,-1808.536284
1782102000,2026-06-22 04:20:00,63829.4,63940.9,63829.4,63940.9,0.591966,0.069493,0.522473,-1808.013811
1782102300,2026-06-22 04:25:00,63940.8,63940.8,63858.3,63897.0,0.063726,0.073353,-0.009627,-1808.023438
1782102600,2026-06-22 04:30:00,63897.0,63940.9,63897.0,63940.9,1.228088,1.022878,0.205211,-1807.818227
1782102900,2026-06-22 04:35:00,63940.9,63983.6,63929.1,63944.8,0.352647,0.099358,0.253289,-1807.564939
1782103200,2026-06-22 04:40:00,63927.2,63927.3,63880.4,63880.4,0.791061,0.432798,0.358264,-1807.206675
1782103500,2026-06-22 04:45:00,63880.4,63988.8,63880.4,63984.9,0.920878,0.193545,0.727332,-1806.479343
1782103800,2026-06-22 04:50:00,63985.1,64006.6,63950.3,64006.6,0.446390,0.021250,0.425140,-1806.054203
1782104100,2026-06-22 04:55:00,64007.6,64022.0,64003.8,64022.0,0.168820,0.217216,-0.048397,-1806.102600
1782104400,2026-06-22 05:00:00,64022.0,64038.7,64009.4,64022.1,0.077121,1.058645,-0.981523,-1807.084123
1782104700,2026-06-22 05:05:00,64022.1,64159.7,64022.1,64159.7,2.670785,0.079386,2.591399,-1804.492724
1782105000,2026-06-22 05:10:00,64159.6,64203.2,64150.4,64203.2,1.472023,0.902384,0.569639,-1803.923085
1782105300,2026-06-22 05:15:00,64203.2,64203.2,64159.7,64176.6,4.248328,2.251089,1.997239,-1801.925846
1782105600,2026-06-22 05:20:00,64192.6,64192.6,64148.7,64156.3,0.089466,1.037012,-0.947546,-1802.873392
1782105900,2026-06-22 05:25:00,64156.3,64169.9,64130.6,64166.0,0.064979,2.181431,-2.116453,-1804.989845
1782106200,2026-06-22 05:30:00,64162.8,64197.5,64102.7,64160.3,8.936133,1.092690,7.843443,-1797.146401
1782106500,2026-06-22 05:35:00,64160.2,64184.6,64150.0,64163.1,0.560573,0.144619,0.415954,-1796.730447
1782106800,2026-06-22 05:40:00,64156.6,64240.9,64156.6,64200.0,1.066921,3.149861,-2.082940,-1798.813387
1782107100,2026-06-22 05:45:00,64200.0,64200.0,64150.0,64172.1,0.060943,0.697464,-0.636521,-1799.449908
1782107400,2026-06-22 05:50:00,64172.1,64172.1,64118.5,64118.6,0.009350,0.077423,-0.068073,-1799.517981
1782107700,2026-06-22 05:55:00,64118.6,64172.5,64118.5,64158.4,8.163970,0.173905,7.990066,-1791.527915
1782108000,2026-06-22 06:00:00,64158.4,64197.4,64102.5,64102.5,0.072461,1.457080,-1.384619,-1792.912534
1782108300,2026-06-22 06:05:00,64102.6,64238.2,64090.9,64238.2,0.858684,0.104918,0.753766,-1792.158769
1782108600,2026-06-22 06:10:00,64238.1,64238.1,64140.2,64150.2,0.035260,0.057301,-0.022041,-1792.180810
1782108900,2026-06-22 06:15:00,64150.2,64159.8,64057.2,64078.1,0.039601,0.695796,-0.656196,-1792.837005
1782109200,2026-06-22 06:20:00,64078.2,64084.6,64013.9,64084.6,1.077275,1.431191,-0.353916,-1793.190922
1782109500,2026-06-22 06:25:00,64084.5,64084.5,64030.5,64046.0,0.080114,0.130589,-0.050475,-1793.241396
1782109800,2026-06-22 06:30:00,64046.0,64065.3,64000.0,64009.5,1.086391,0.203315,0.883076,-1792.358321
1782110100,2026-06-22 06:35:00,64009.5,64009.5,63927.2,63971.3,0.204561,0.939886,-0.735325,-1793.093646
1782110400,2026-06-22 06:40:00,63971.3,63991.6,63957.4,63957.4,0.051971,0.022847,0.029124,-1793.064522
1782110700,2026-06-22 06:45:00,63940.5,63955.4,63927.0,63927.0,0.243466,0.076630,0.166836,-1792.897685
1782111000,2026-06-22 06:50:00,63922.7,63922.7,63890.9,63922.5,0.238570,0.018054,0.220516,-1792.677169
1782111300,2026-06-22 06:55:00,63922.5,63941.2,63911.0,63922.6,0.235411,2.139233,-1.903821,-1794.580991
1782111600,2026-06-22 07:00:00,63922.7,64040.3,63891.0,64040.3,0.585194,0.731089,-0.145895,-1794.726886
1782111900,2026-06-22 07:05:00,64040.9,64045.7,63992.3,64030.3,0.318270,0.582170,-0.263901,-1794.990786
1782112200,2026-06-22 07:10:00,64030.6,64168.2,64030.6,64143.1,1.743968,0.763547,0.980421,-1794.010365
1782112500,2026-06-22 07:15:00,64143.1,64178.4,64129.0,64148.4,0.114618,1.181711,-1.067094,-1795.077459
1782112800,2026-06-22 07:20:00,64148.5,64225.6,64148.5,64165.8,1.234992,0.265754,0.969238,-1794.108220
1782113100,2026-06-22 07:25:00,64163.7,64212.6,64162.8,64178.1,1.127952,0.340274,0.787678,-1793.320542
1782113400,2026-06-22 07:30:00,64178.1,64290.9,64173.8,64223.2,2.925255,0.334189,2.591066,-1790.729477
1782113700,2026-06-22 07:35:00,64223.1,64274.1,64223.1,64245.0,1.011282,3.136333,-2.125052,-1792.854528
1782114000,2026-06-22 07:40:00,64244.9,64244.9,64181.7,64183.8,0.019328,1.129556,-1.110229,-1793.964757
1782114300,2026-06-22 07:45:00,64183.8,64185.1,64183.8,64183.9,0.221874,0.094028,0.127845,-1793.836912
1782114600,2026-06-22 07:50:00,64183.8,64183.9,64090.9,64104.3,0.499606,1.040989,-0.541383,-1794.378294
1782114900,2026-06-22 07:55:00,64120.0,64136.9,64118.5,64120.0,0.017135,0.444486,-0.427351,-1794.805645
1782115200,2026-06-22 08:00:00,64120.0,64156.6,64063.1,64063.1,0.571127,0.154796,0.416330,-1794.389315
1782115500,2026-06-22 08:05:00,64063.1,64196.8,64040.9,64196.8,0.383375,0.058876,0.324499,-1794.064816
1782115800,2026-06-22 08:10:00,64202.4,64218.4,64154.8,64218.4,0.182440,0.207115,-0.024674,-1794.089490
1782116100,2026-06-22 08:15:00,64234.2,64234.2,64176.9,64209.0,0.013144,0.091994,-0.078850,-1794.168340
1782116400,2026-06-22 08:20:00,64191.3,64268.7,64191.3,64201.4,0.867319,0.336690,0.530629,-1793.637711
1782116700,2026-06-22 08:25:00,64194.9,64194.9,64122.6,64122.6,0.124334,0.558952,-0.434618,-1794.072329
1782117000,2026-06-22 08:30:00,64122.6,64169.4,64098.2,64102.6,0.879823,0.340768,0.539055,-1793.533274
1782117300,2026-06-22 08:35:00,64102.6,64109.4,63981.9,64022.4,3.122648,2.093690,1.028958,-1792.504316
1782117600,2026-06-22 08:40:00,64022.5,64176.0,64022.5,64176.0,0.773952,0.276040,0.497912,-1792.006404
1782117900,2026-06-22 08:45:00,64182.7,64201.8,64040.9,64096.6,0.298112,1.948716,-1.650604,-1793.657008
1782118200,2026-06-22 08:50:00,64096.6,64100.0,64071.7,64071.8,0.016997,0.216813,-0.199816,-1793.856824
1782118500,2026-06-22 08:55:00,64071.7,64089.8,64071.7,64089.8,0.022900,0.120333,-0.097434,-1793.954258
1782118800,2026-06-22 09:00:00,64089.8,64184.2,64089.7,64178.1,20.170372,0.859114,19.311258,-1774.643000
1782119100,2026-06-22 09:05:00,64178.0,64178.1,64073.1,64092.4,0.010389,0.482839,-0.472451,-1775.115451
1782119400,2026-06-22 09:10:00,64092.4,64145.3,64092.4,64111.1,0.998234,0.317935,0.680299,-1774.435152
1782119700,2026-06-22 09:15:00,64111.2,64114.9,64081.1,64081.1,0.008425,1.580326,-1.571902,-1776.007053
1782120000,2026-06-22 09:20:00,64081.1,64088.6,64061.1,64062.2,0.033185,0.129030,-0.095845,-1776.102898
1782120300,2026-06-22 09:25:00,64062.3,64063.6,64033.4,64036.4,0.357641,0.312654,0.044988,-1776.057910
1782120600,2026-06-22 09:30:00,64036.5,64103.2,64036.4,64076.6,0.104259,0.175045,-0.070786,-1776.128697
1782120900,2026-06-22 09:35:00,64076.5,64076.5,63990.9,63992.0,0.068101,1.130203,-1.062102,-1777.190799
1782121200,2026-06-22 09:40:00,63991.8,64048.2,63991.8,64048.2,0.065861,0.756201,-0.690340,-1777.881139
1782121500,2026-06-22 09:45:00,64048.2,64058.2,64025.2,64058.1,0.058997,0.021004,0.037993,-1777.843146
1782121800,2026-06-22 09:50:00,64058.1,64069.1,64041.9,64069.1,0.082988,0.027260,0.055727,-1777.787419
1782122100,2026-06-22 09:55:00,64069.0,64069.1,64055.9,64064.1,0.018469,0.059394,-0.040925,-1777.828344
1782122400,2026-06-22 10:00:00,64066.1,64137.2,64066.0,64137.2,0.118360,0.375286,-0.256927,-1778.085271
1782122700,2026-06-22 10:05:00,64137.2,64191.4,64123.2,64190.7,1.337541,0.813873,0.523668,-1777.561603
1782123000,2026-06-22 10:10:00,64190.8,64190.8,64153.1,64153.2,0.058796,0.830120,-0.771324,-1778.332927
1782123300,2026-06-22 10:15:00,64153.1,64168.2,64112.0,64112.0,0.012470,0.086539,-0.074069,-1778.406996
1782123600,2026-06-22 10:20:00,64109.3,64129.4,64091.0,64106.7,0.130583,0.795222,-0.664639,-1779.071635
1782123900,2026-06-22 10:25:00,64106.7,64112.3,64106.6,64112.2,0.014814,0.006741,0.008073,-1779.063562
1782124200,2026-06-22 10:30:00,64112.3,64126.9,64094.1,64101.2,0.069024,0.140183,-0.071159,-1779.134721
1782124500,2026-06-22 10:35:00,64102.8,64102.9,64064.2,64064.2,0.020902,0.334010,-0.313108,-1779.447829
1782124800,2026-06-22 10:40:00,64063.0,64063.1,64025.4,64025.5,0.075999,0.284422,-0.208422,-1779.656251
1782125100,2026-06-22 10:45:00,64025.4,64081.6,64025.4,64081.6,0.109075,0.036692,0.072383,-1779.583868
1782125400,2026-06-22 10:50:00,64081.7,64087.8,64081.7,64087.7,0.029767,0.490042,-0.460275,-1780.044143
1782125700,2026-06-22 10:55:00,64087.7,64089.1,64049.9,64049.9,6.376614,8.357140,-1.980526,-1782.024668
1782126000,2026-06-22 11:00:00,64050.0,64086.4,64034.8,64086.4,26.033423,0.072870,25.960553,-1756.064116
1782126300,2026-06-22 11:05:00,64086.5,64311.2,64086.4,64260.0,22.694442,0.475238,22.219205,-1733.844911
1782126600,2026-06-22 11:10:00,64259.9,64290.9,64168.5,64244.2,1.766984,0.960945,0.806040,-1733.038871
1782126900,2026-06-22 11:15:00,64244.1,64249.0,64164.6,64208.0,0.551100,1.179717,-0.628616,-1733.667488
1782127200,2026-06-22 11:20:00,64209.5,64264.8,64169.6,64264.8,1.432005,0.083511,1.348494,-1732.318994
1782127500,2026-06-22 11:25:00,64264.8,64380.7,64224.7,64300.3,4.887866,0.693472,4.194394,-1728.124600
1782127800,2026-06-22 11:30:00,64299.5,64560.6,64299.4,64535.1,13.256877,3.148428,10.108450,-1718.016151
1782128100,2026-06-22 11:35:00,64535.1,64682.6,64519.1,64583.4,7.439251,2.745203,4.694048,-1713.322103
1782128400,2026-06-22 11:40:00,64578.2,64584.2,64504.9,64554.2,4.423479,6.106015,-1.682535,-1715.004638
1782128700,2026-06-22 11:45:00,64552.8,64698.2,64503.1,64698.2,5.040921,3.414444,1.626478,-1713.378160
1782129000,2026-06-22 11:50:00,64698.1,64698.1,64563.5,64584.8,5.238545,1.536210,3.702335,-1709.675825
1782129300,2026-06-22 11:55:00,64589.2,64610.3,64557.0,64590.8,4.484132,0.357907,4.126225,-1705.549600
1782129600,2026-06-22 12:00:00,64590.9,64827.2,64527.5,64699.3,45.711176,6.719119,38.992058,-1666.557542
1782129900,2026-06-22 12:05:00,64699.3,64720.8,64645.8,64645.8,1.834246,0.667015,1.167232,-1665.390311
1782130200,2026-06-22 12:10:00,64645.9,64712.7,64639.4,64699.7,6.441683,0.250505,6.191179,-1659.199132
1782130500,2026-06-22 12:15:00,64697.0,64711.4,64632.9,64669.6,1.026811,1.287992,-0.261181,-1659.460313
1782130800,2026-06-22 12:20:00,64666.0,64920.7,64664.8,64892.5,8.611103,1.273688,7.337415,-1652.122898
1782131100,2026-06-22 12:25:00,64881.0,64903.6,64842.4,64878.8,6.517685,3.665716,2.851970,-1649.270929
1782131400,2026-06-22 12:30:00,64888.4,64888.4,64779.4,64883.3,4.094980,1.173598,2.921382,-1646.349547
1782131700,2026-06-22 12:35:00,64883.3,65032.9,64880.2,65032.9,23.986848,3.080657,20.906192,-1625.443355
1782132000,2026-06-22 12:40:00,65031.2,65105.1,64986.0,64992.2,4.629774,0.431410,4.198364,-1621.244992
1782132300,2026-06-22 12:45:00,64992.2,65294.9,64924.5,65118.3,193.408162,0.463089,192.945073,-1428.299919
1782132600,2026-06-22 12:50:00,65118.2,65142.0,65059.2,65059.2,12.013517,6.724499,5.289018,-1423.010901
1782132900,2026-06-22 12:55:00,65052.1,65136.0,65026.0,65100.1,2.135167,7.974743,-5.839576,-1428.850476
1782133200,2026-06-22 13:00:00,65100.1,65100.1,65000.0,65080.9,1.965239,9.220402,-7.255163,-1436.105639
1782133500,2026-06-22 13:05:00,65069.4,65069.5,64972.2,64987.0,1.554380,1.769511,-0.215131,-1436.320770
1782133800,2026-06-22 13:10:00,64997.4,65129.8,64997.4,65070.0,16.286780,0.700046,15.586734,-1420.734036
1782134100,2026-06-22 13:15:00,65069.9,65089.9,65021.9,65021.9,1.650637,4.086915,-2.436278,-1423.170315
1782134400,2026-06-22 13:20:00,65021.9,65033.9,64981.5,65033.9,1.730940,1.626133,0.104808,-1423.065507
1782134700,2026-06-22 13:25:00,65033.8,65033.8,64872.6,64925.7,1.527976,3.285031,-1.757055,-1424.822562
1782135000,2026-06-22 13:30:00,64925.8,65182.7,64919.4,65040.8,10.117144,19.074657,-8.957513,-1433.780075
1782135300,2026-06-22 13:35:00,65040.7,65277.8,65040.7,65212.0,8.136520,8.239739,-0.103219,-1433.883294
1782135600,2026-06-22 13:40:00,65212.0,65377.1,65150.9,65338.1,6.162749,6.910489,-0.747740,-1434.631034
1782135900,2026-06-22 13:45:00,65336.9,65475.8,65313.6,65432.0,5.252103,5.339631,-0.087528,-1434.718562
1782136200,2026-06-22 13:50:00,65428.2,65517.5,65425.1,65455.2,11.107436,5.180480,5.926955,-1428.791606
1782136500,2026-06-22 13:55:00,65455.2,65502.0,65431.1,65502.0,2.371330,2.747641,-0.376311,-1429.167917
1782136800,2026-06-22 14:00:00,65503.6,65542.1,65337.2,65356.8,2.921302,8.178306,-5.257004,-1434.424921
1782137100,2026-06-22 14:05:00,65356.7,65373.6,65240.9,65241.4,3.718390,3.003199,0.715191,-1433.709730
1782137400,2026-06-22 14:10:00,65241.0,65320.8,65208.9,65230.7,1.081386,1.601799,-0.520413,-1434.230143
1782137700,2026-06-22 14:15:00,65230.7,65230.7,65090.9,65091.0,1.204510,6.623938,-5.419428,-1439.649571
1782138000,2026-06-22 14:20:00,65090.9,65134.5,64948.4,64983.0,10.857126,2.009896,8.847230,-1430.802341
1782138300,2026-06-22 14:25:00,64983.0,65021.1,64896.1,64896.1,0.487472,3.983363,-3.495891,-1434.298232
1782138600,2026-06-22 14:30:00,64896.2,64990.8,64808.6,64947.1,7.968172,21.705111,-13.736938,-1448.035170
1782138900,2026-06-22 14:35:00,64948.3,64990.9,64795.9,64864.2,3.609248,8.851535,-5.242287,-1453.277457
1782139200,2026-06-22 14:40:00,64864.1,64908.5,64816.1,64861.9,0.296449,2.275506,-1.979057,-1455.256514
1782139500,2026-06-22 14:45:00,64853.1,64947.8,64790.9,64947.8,2.310178,4.682911,-2.372733,-1457.629246
1782139800,2026-06-22 14:50:00,64947.9,64985.2,64847.8,64847.8,3.448125,6.358430,-2.910305,-1460.539552
1782140100,2026-06-22 14:55:00,64847.8,64929.8,64776.0,64909.5,1.242362,1.495557,-0.253195,-1460.792747
1782140400,2026-06-22 15:00:00,64909.5,65062.6,64907.5,65020.4,3.747312,0.917028,2.830284,-1457.962463
1782140700,2026-06-22 15:05:00,65005.0,65005.1,64847.6,64956.4,0.764067,2.240157,-1.476090,-1459.438553
1782141000,2026-06-22 15:10:00,64956.3,65038.8,64904.5,65012.8,13.958193,21.988924,-8.030731,-1467.469284
1782141300,2026-06-22 15:15:00,65012.8,65035.3,64891.1,64894.9,2.113421,0.560497,1.552924,-1465.916360
1782141600,2026-06-22 15:20:00,64901.6,64954.0,64869.1,64951.8,1.212748,1.102107,0.110641,-1465.805719
1782141900,2026-06-22 15:25:00,64951.8,65000.0,64922.8,64972.6,1.849038,6.308689,-4.459651,-1470.265370
1782142200,2026-06-22 15:30:00,64972.6,65040.9,64954.0,65014.3,11.229511,2.218339,9.011172,-1461.254198
1782142500,2026-06-22 15:35:00,65009.8,65041.0,64951.0,64971.4,1.423570,3.608092,-2.184521,-1463.438720
1782142800,2026-06-22 15:40:00,64980.3,65026.3,64979.9,65000.0,3.598515,1.194809,2.403705,-1461.035014
1782143100,2026-06-22 15:45:00,65000.0,65008.9,64791.3,64824.3,0.463133,3.181711,-2.718577,-1463.753591
1782143400,2026-06-22 15:50:00,64824.4,64852.4,64741.8,64765.9,0.483197,6.902316,-6.419120,-1470.172711
1782143700,2026-06-22 15:55:00,64769.2,64770.1,64695.3,64762.4,1.839036,9.413004,-7.573968,-1477.746679
1782144000,2026-06-22 16:00:00,64768.0,64784.4,64617.3,64670.3,2.408706,50.453373,-48.044667,-1525.791346
1782144300,2026-06-22 16:05:00,64670.2,64670.3,64581.2,64596.1,2.410480,3.581177,-1.170696,-1526.962043
1782144600,2026-06-22 16:10:00,64596.1,64690.8,64596.1,64651.3,0.459626,0.245650,0.213976,-1526.748067
1782144900,2026-06-22 16:15:00,64651.3,64685.6,64574.5,64662.2,3.794044,1.750411,2.043633,-1524.704434
1782145200,2026-06-22 16:20:00,64670.3,64713.1,64639.0,64639.1,2.341886,2.089764,0.252122,-1524.452311
1782145500,2026-06-22 16:25:00,64639.0,64639.1,64574.0,64611.4,0.814270,5.472506,-4.658236,-1529.110547
1782145800,2026-06-22 16:30:00,64611.5,64611.5,64582.9,64587.6,0.727256,0.423276,0.303980,-1528.806567
1782146100,2026-06-22 16:35:00,64586.9,64586.9,64529.0,64556.4,0.899704,19.653792,-18.754088,-1547.560655
1782146400,2026-06-22 16:40:00,64556.5,64556.5,64478.0,64507.8,1.782814,5.261830,-3.479016,-1551.039671
1782146700,2026-06-22 16:45:00,64507.7,64585.0,64441.8,64521.1,2.130397,1.595688,0.534709,-1550.504962
1782147000,2026-06-22 16:50:00,64521.1,64688.6,64521.1,64688.6,5.190790,0.504493,4.686297,-1545.818665
1782147300,2026-06-22 16:55:00,64683.9,64708.2,64650.5,64658.6,4.636683,0.311197,4.325486,-1541.493179
1782147600,2026-06-22 17:00:00,64658.6,64714.9,64590.9,64663.8,69.043761,2.495439,66.548322,-1474.944858
1782147900,2026-06-22 17:05:00,64663.9,64663.9,64562.1,64576.6,0.794493,1.226273,-0.431780,-1475.376638
1782148200,2026-06-22 17:10:00,64576.2,64620.6,64576.2,64597.5,4.284810,0.088193,4.196617,-1471.180021
1782148500,2026-06-22 17:15:00,64605.5,64626.4,64550.7,64557.9,0.500353,0.346624,0.153730,-1471.026291
1782148800,2026-06-22 17:20:00,64557.9,64557.9,64457.0,64518.2,2.037743,1.355560,0.682184,-1470.344107
1782149100,2026-06-22 17:25:00,64518.3,64518.3,64471.8,64471.9,1.140337,0.212938,0.927399,-1469.416709
1782149400,2026-06-22 17:30:00,64471.8,64471.8,64326.6,64393.7,1.263721,4.581124,-3.317402,-1472.734111
1782149700,2026-06-22 17:35:00,64392.4,64433.9,64334.1,64408.3,0.730115,0.286408,0.443707,-1472.290404
1782150000,2026-06-22 17:40:00,64402.5,64411.0,64337.2,64360.9,1.315704,1.308105,0.007599,-1472.282805
1782150300,2026-06-22 17:45:00,64358.5,64439.3,64358.5,64435.7,1.763096,0.579140,1.183956,-1471.098849
1782150600,2026-06-22 17:50:00,64435.7,64582.0,64432.7,64582.0,2.000071,0.314965,1.685106,-1469.413744
1782150900,2026-06-22 17:55:00,64582.0,64582.0,64535.1,64539.9,11.375567,1.163096,10.212471,-1459.201272
1782151200,2026-06-22 18:00:00,64542.5,64635.3,64541.5,64630.5,2.018944,1.489666,0.529278,-1458.671995
1782151500,2026-06-22 18:05:00,64630.5,64645.7,64575.5,64592.5,5.971131,3.221348,2.749783,-1455.922212
1782151800,2026-06-22 18:10:00,64592.5,64613.6,64592.5,64601.1,0.451909,12.221145,-11.769236,-1467.691448
1782152100,2026-06-22 18:15:00,64599.8,64646.6,64577.0,64577.0,2.175201,11.046434,-8.871233,-1476.562681
1782152400,2026-06-22 18:20:00,64577.0,64617.6,64564.2,64610.2,6.018581,2.847058,3.171522,-1473.391158
1782152700,2026-06-22 18:25:00,64610.6,64610.6,64502.9,64521.4,0.863521,1.425208,-0.561687,-1473.952845
1782153000,2026-06-22 18:30:00,64521.5,64551.9,64507.1,64507.1,2.114536,4.666023,-2.551487,-1476.504332
1782153300,2026-06-22 18:35:00,64501.7,64546.5,64465.9,64471.1,1.017706,0.450246,0.567461,-1475.936872
1782153600,2026-06-22 18:40:00,64471.2,64471.2,64441.0,64441.0,1.809598,1.548276,0.261322,-1475.675550
1782153900,2026-06-22 18:45:00,64443.7,64444.3,64323.4,64420.1,6.989950,9.229991,-2.240041,-1477.915591
1782154200,2026-06-22 18:50:00,64420.2,64420.2,64334.3,64354.5,0.798609,7.129591,-6.330981,-1484.246573
1782154500,2026-06-22 18:55:00,64341.6,64341.6,64255.0,64266.5,0.584916,5.215246,-4.630329,-1488.876902
1782154800,2026-06-22 19:00:00,64266.5,64323.3,64266.4,64288.9,1.095281,0.270622,0.824659,-1488.052243
1782155100,2026-06-22 19:05:00,64288.9,64323.4,64250.0,64256.4,0.471668,0.289051,0.182617,-1487.869626
1782155400,2026-06-22 19:10:00,64256.4,64342.6,64250.0,64341.0,10.573690,0.335096,10.238594,-1477.631032
1782155700,2026-06-22 19:15:00,64342.3,64342.4,64266.7,64332.8,20.521268,7.179644,13.341624,-1464.289408
1782156000,2026-06-22 19:20:00,64340.4,64362.3,64294.7,64311.3,16.578630,0.322993,16.255637,-1448.033771
1782156300,2026-06-22 19:25:00,64311.4,64311.4,64234.3,64274.0,1.647791,10.129001,-8.481209,-1456.514981
1782156600,2026-06-22 19:30:00,64285.6,64368.4,64282.1,64323.5,4.339337,0.192333,4.147003,-1452.367977
1782156900,2026-06-22 19:35:00,64323.6,64375.2,64319.8,64340.3,21.223246,0.756558,20.466688,-1431.901289
1782157200,2026-06-22 19:40:00,64338.0,64350.9,64329.3,64332.6,0.204930,2.197907,-1.992977,-1433.894266
1782157500,2026-06-22 19:45:00,64332.6,64332.6,64215.0,64273.3,2.446015,7.913398,-5.467383,-1439.361649
1782157800,2026-06-22 19:50:00,64282.2,64390.9,64278.4,64372.7,0.730645,1.083995,-0.353350,-1439.715000
1782158100,2026-06-22 19:55:00,64387.3,64433.1,64385.9,64426.9,1.951463,0.948539,1.002924,-1438.712076
1782158400,2026-06-22 20:00:00,64415.5,64567.2,64408.7,64567.2,30.282534,1.252213,29.030321,-1409.681755
1782158700,2026-06-22 20:05:00,64563.3,64590.9,64440.9,64474.3,2.350581,0.489894,1.860687,-1407.821068
1782159000,2026-06-22 20:10:00,64471.1,64473.2,64421.3,64461.3,1.846189,0.284740,1.561449,-1406.259618
1782159300,2026-06-22 20:15:00,64459.4,64475.6,64437.1,64438.7,1.073246,0.501429,0.571818,-1405.687801
1782159600,2026-06-22 20:20:00,64438.6,64438.6,64357.4,64361.5,0.274460,2.099371,-1.824911,-1407.512712
1782159900,2026-06-22 20:25:00,64361.5,64361.6,64291.0,64325.7,6.478752,7.938991,-1.460239,-1408.972951
1782160200,2026-06-22 20:30:00,64325.8,64377.8,64325.8,64374.3,1.574339,0.111164,1.463175,-1407.509775
1782160500,2026-06-22 20:35:00,64374.4,64425.5,64341.9,64417.8,1.384924,0.459343,0.925580,-1406.584195
1782160800,2026-06-22 20:40:00,64417.9,64433.1,64408.4,64427.5,0.748334,0.144592,0.603742,-1405.980453
1782161100,2026-06-22 20:45:00,64413.6,64413.6,64385.8,64400.1,1.354672,0.222411,1.132261,-1404.848192
1782161400,2026-06-22 20:50:00,64400.0,64400.1,64336.6,64340.5,0.623811,6.073752,-5.449941,-1410.298133
1782161700,2026-06-22 20:55:00,64340.4,64369.3,64340.4,64364.9,1.268842,0.434257,0.834586,-1409.463547
1782162000,2026-06-22 21:00:00,64360.1,64410.2,64354.6,64358.4,6.190145,4.254496,1.935649,-1407.527898
1782162300,2026-06-22 21:05:00,64357.7,64357.8,64323.9,64324.0,0.354265,1.547267,-1.193002,-1408.720901
1782162600,2026-06-22 21:10:00,64322.7,64332.5,64278.6,64332.5,0.288434,1.625442,-1.337007,-1410.057908
1782162900,2026-06-22 21:15:00,64332.5,64332.5,64265.9,64282.6,0.476538,1.430121,-0.953583,-1411.011491
1782163200,2026-06-22 21:20:00,64282.5,64282.5,64190.9,64210.5,0.295794,6.226841,-5.931048,-1416.942539
1782163500,2026-06-22 21:25:00,64210.5,64239.5,64210.5,64237.1,0.202245,0.009095,0.193150,-1416.749389
1782163800,2026-06-22 21:30:00,64237.1,64237.2,64216.1,64233.9,0.352755,0.064335,0.288420,-1416.460969
1782164100,2026-06-22 21:35:00,64234.0,64250.9,64085.9,64110.5,1.990491,3.816576,-1.826085,-1418.287054
1782164400,2026-06-22 21:40:00,64123.6,64159.4,64113.4,64115.2,0.791922,0.303399,0.488523,-1417.798531
1782164700,2026-06-22 21:45:00,64115.1,64190.9,64115.1,64177.0,0.697792,0.889498,-0.191706,-1417.990238
1782165000,2026-06-22 21:50:00,64176.7,64215.7,64161.7,64171.2,1.694723,0.114045,1.580678,-1416.409560
1782165300,2026-06-22 21:55:00,64171.1,64240.9,64171.1,64240.9,0.468453,0.046645,0.421808,-1415.987752
1782165600,2026-06-22 22:00:00,64240.8,64318.3,64240.8,64303.9,1.167647,0.075359,1.092288,-1414.895464
1782165900,2026-06-22 22:05:00,64301.1,64301.1,64208.0,64269.7,1.015656,0.180101,0.835556,-1414.059909
1782166200,2026-06-22 22:10:00,64269.6,64288.8,64240.1,64240.1,0.362678,0.074976,0.287701,-1413.772208
1782166500,2026-06-22 22:15:00,64240.0,64240.1,64194.2,64203.1,0.625649,0.044311,0.581338,-1413.190869
1782166800,2026-06-22 22:20:00,64208.1,64208.1,64134.5,64176.5,0.520308,1.389312,-0.869004,-1414.059874
1782167100,2026-06-22 22:25:00,64176.6,64176.6,63858.4,63949.1,1.435518,33.796364,-32.360846,-1446.420720
1782167400,2026-06-22 22:30:00,63955.9,64053.9,63884.1,64053.8,6.724185,2.975602,3.748583,-1442.672137
1782167700,2026-06-22 22:35:00,64053.9,64053.9,63787.0,63833.5,3.567200,13.023444,-9.456244,-1452.128381
1782168000,2026-06-22 22:40:00,63833.5,63890.9,63742.6,63765.3,1.859748,2.344962,-0.485214,-1452.613595
1782168300,2026-06-22 22:45:00,63765.2,63853.1,63765.2,63850.0,1.092432,0.255417,0.837015,-1451.776580
1782168600,2026-06-22 22:50:00,63850.0,63899.1,63850.0,63899.1,4.058691,3.380400,0.678291,-1451.098289
1782168900,2026-06-22 22:55:00,63899.2,63920.8,63846.0,63891.8,0.857251,1.665566,-0.808315,-1451.906604
1782169200,2026-06-22 23:00:00,63897.4,63923.0,63850.0,63913.7,7.623576,15.903608,-8.280031,-1460.186635
1782169500,2026-06-22 23:05:00,63913.7,63940.9,63890.0,63939.5,0.202258,3.755552,-3.553294,-1463.739929
1782169800,2026-06-22 23:10:00,63939.5,63939.5,63890.0,63890.0,0.079601,2.609189,-2.529589,-1466.269517
1782170100,2026-06-22 23:15:00,63890.0,63890.0,63826.9,63853.0,0.605273,16.279441,-15.674168,-1481.943685
1782170400,2026-06-22 23:20:00,63852.9,63940.9,63852.9,63922.4,0.516718,1.031245,-0.514527,-1482.458213
1782170700,2026-06-22 23:25:00,63922.3,63987.4,63922.3,63967.9,0.718512,0.039280,0.679232,-1481.778981
1782171000,2026-06-22 23:30:00,63967.8,63967.8,63892.8,63912.6,0.680047,0.154542,0.525505,-1481.253476
1782171300,2026-06-22 23:35:00,63912.5,63966.3,63900.9,63940.8,1.217840,0.097369,1.120471,-1480.133005
1782171600,2026-06-22 23:40:00,63940.8,63955.2,63912.6,63916.7,2.112819,0.121976,1.990843,-1478.142162
1782171900,2026-06-22 23:45:00,63916.6,63942.1,63887.2,63887.2,0.509566,0.265437,0.244129,-1477.898033
1782172200,2026-06-22 23:50:00,63887.2,63962.2,63887.2,63962.2,1.395460,0.056286,1.339175,-1476.558858
1782172500,2026-06-22 23:55:00,63962.3,63976.2,63943.3,63953.6,4.745807,0.730566,4.015241,-1472.543618
1782172800,2026-06-23 00:00:00,63953.6,63953.6,63899.3,63945.9,0.209728,0.119226,0.090502,-1472.453116
1782173100,2026-06-23 00:05:00,63945.9,63953.5,63868.9,63869.0,0.240712,0.260683,-0.019971,-1472.473086
1782173400,2026-06-23 00:10:00,63868.9,63889.5,63825.9,63889.5,1.308169,4.020637,-2.712467,-1475.185554
1782173700,2026-06-23 00:15:00,63889.5,63925.5,63837.7,63837.7,2.151331,0.138903,2.012429,-1473.173125
1782174000,2026-06-23 00:20:00,63837.6,63837.6,63783.1,63789.4,0.482175,2.458793,-1.976618,-1475.149743
1782174300,2026-06-23 00:25:00,63789.3,63828.4,63756.3,63791.6,5.395958,2.277695,3.118263,-1472.031480
1782174600,2026-06-23 00:30:00,63788.5,63940.8,63788.5,63939.7,1.086341,0.766239,0.320101,-1471.711379
1782174900,2026-06-23 00:35:00,63939.8,63939.8,63891.0,63924.8,0.138014,3.075277,-2.937263,-1474.648641
1782175200,2026-06-23 00:40:00,63924.7,64040.9,63924.7,64040.8,53.385871,0.063413,53.322459,-1421.326183
1782175500,2026-06-23 00:45:00,64040.8,64040.9,63980.9,64024.1,1.350450,0.305482,1.044967,-1420.281216
1782175800,2026-06-23 00:50:00,64024.1,64075.4,64024.1,64044.7,0.449232,1.482406,-1.033174,-1421.314389
1782176100,2026-06-23 00:55:00,64036.8,64075.3,64022.8,64075.3,0.132785,0.153730,-0.020944,-1421.335333
1782176400,2026-06-23 01:00:00,64075.3,64200.0,64068.4,64128.7,4.970148,1.182677,3.787471,-1417.547863
1782176700,2026-06-23 01:05:00,64128.7,64179.3,64110.4,64135.5,1.111035,0.293604,0.817431,-1416.730432
1782177000,2026-06-23 01:10:00,64141.8,64186.0,64141.8,64160.9,0.174948,0.076550,0.098398,-1416.632034
1782177300,2026-06-23 01:15:00,64160.9,64160.9,64104.9,64122.6,0.088618,0.153676,-0.065058,-1416.697092
1782177600,2026-06-23 01:20:00,64122.6,64200.0,64091.0,64091.0,0.183978,0.448654,-0.264676,-1416.961768
1782177900,2026-06-23 01:25:00,64091.0,64125.8,64090.9,64122.2,0.179998,3.604444,-3.424445,-1420.386214
1782178200,2026-06-23 01:30:00,64137.8,64168.5,64077.2,64077.2,0.750417,0.835627,-0.085210,-1420.471424
1782178500,2026-06-23 01:35:00,64071.7,64071.7,63940.9,64001.9,0.715193,1.613210,-0.898017,-1421.369441
1782178800,2026-06-23 01:40:00,63993.9,64030.8,63973.7,63977.7,0.810699,0.491340,0.319359,-1421.050082
1782179100,2026-06-23 01:45:00,63979.4,63979.5,63861.6,63873.2,0.559729,0.800353,-0.240625,-1421.290706
1782179400,2026-06-23 01:50:00,63873.3,64032.7,63842.8,64032.7,2.546921,1.848129,0.698792,-1420.591914
1782179700,2026-06-23 01:55:00,64036.0,64090.9,64036.0,64090.8,0.979571,0.031631,0.947940,-1419.643974
1782180000,2026-06-23 02:00:00,64090.9,64117.4,64057.7,64071.1,0.492271,0.214116,0.278154,-1419.365819
1782180300,2026-06-23 02:05:00,64089.8,64089.8,64018.0,64018.0,0.307337,0.204575,0.102762,-1419.263058
1782180600,2026-06-23 02:10:00,64018.0,64063.8,63978.1,64041.8,0.188099,0.333265,-0.145166,-1419.408224
1782180900,2026-06-23 02:15:00,64046.8,64128.1,64046.8,64104.1,0.496240,0.318275,0.177965,-1419.230259
1782181200,2026-06-23 02:20:00,64104.0,64129.8,64091.2,64094.5,0.285775,0.162102,0.123672,-1419.106587
1782181500,2026-06-23 02:25:00,64093.8,64140.9,64093.7,64096.6,0.316062,0.918082,-0.602019,-1419.708606
1782181800,2026-06-23 02:30:00,64096.6,64140.9,64096.5,64140.0,0.359858,0.363699,-0.003840,-1419.712446
1782182100,2026-06-23 02:35:00,64140.0,64140.9,64107.8,64119.3,0.188518,0.270170,-0.081652,-1419.794099
1782182400,2026-06-23 02:40:00,64116.9,64150.0,64116.9,64137.6,8.176179,0.227209,7.948970,-1411.845128
1782182700,2026-06-23 02:45:00,64137.5,64137.6,64098.4,64098.5,0.209463,0.239679,-0.030215,-1411.875344
1782183000,2026-06-23 02:50:00,64098.5,64174.9,64098.5,64160.8,2.424772,2.475109,-0.050337,-1411.925680
1782183300,2026-06-23 02:55:00,64160.7,64187.8,64130.1,64130.2,0.312641,1.196516,-0.883874,-1412.809555
1782183600,2026-06-23 03:00:00,64130.2,64130.2,63954.3,63957.1,0.299775,3.550383,-3.250608,-1416.060163
1782183900,2026-06-23 03:05:00,63957.1,63980.8,63900.7,63900.7,0.115013,1.316208,-1.201194,-1417.261357
1782184200,2026-06-23 03:10:00,63900.1,63945.4,63890.9,63945.0,0.159460,0.287207,-0.127747,-1417.389104
1782184500,2026-06-23 03:15:00,63944.9,64020.1,63944.9,63989.7,3.017294,0.059570,2.957724,-1414.431380
1782184800,2026-06-23 03:20:00,63989.7,63989.7,63958.1,63961.5,0.749855,1.343504,-0.593649,-1415.025028
1782185100,2026-06-23 03:25:00,63961.5,64020.2,63961.4,64020.2,0.246467,0.103139,0.143328,-1414.881700
1782185400,2026-06-23 03:30:00,64020.1,64020.2,63967.2,63967.3,0.913826,0.293672,0.620154,-1414.261547
1782185700,2026-06-23 03:35:00,63967.2,63967.3,63905.4,63908.6,0.399754,9.695441,-9.295687,-1423.557234
1782186000,2026-06-23 03:40:00,63908.6,63919.6,63908.5,63911.6,1.310356,0.144357,1.165999,-1422.391235
1782186300,2026-06-23 03:45:00,63911.5,63946.7,63911.5,63944.9,0.085462,0.033381,0.052081,-1422.339154
1782186600,2026-06-23 03:50:00,63944.9,63999.6,63939.3,63971.0,0.241514,0.699112,-0.457598,-1422.796752
1782186900,2026-06-23 03:55:00,63970.9,63991.3,63945.5,63989.0,0.106231,0.317456,-0.211225,-1423.007977
1782187200,2026-06-23 04:00:00,63989.0,64018.7,63989.0,63990.1,0.435489,0.897040,-0.461550,-1423.469527
1782187500,2026-06-23 04:05:00,63990.1,64000.9,63990.0,63993.5,0.053926,0.076307,-0.022381,-1423.491908
1782187800,2026-06-23 04:10:00,63993.5,63993.5,63945.5,63979.4,0.060132,0.066968,-0.006836,-1423.498744
1782188100,2026-06-23 04:15:00,63979.5,63979.5,63900.7,63900.7,0.410243,0.092339,0.317904,-1423.180840
1782188400,2026-06-23 04:20:00,63900.1,63900.1,63850.0,63877.7,1.122898,0.376982,0.745916,-1422.434924
1782188700,2026-06-23 04:25:00,63877.8,63897.4,63877.7,63897.4,0.065722,2.065062,-1.999340,-1424.434264
1782189000,2026-06-23 04:30:00,63897.3,63902.6,63811.6,63811.6,0.321886,2.711676,-2.389791,-1426.824055
1782189300,2026-06-23 04:35:00,63811.6,63811.7,63774.2,63774.3,0.624804,2.591692,-1.966888,-1428.790943
1782189600,2026-06-23 04:40:00,63774.3,63788.7,63735.3,63738.3,0.193750,2.087019,-1.893269,-1430.684212
1782189900,2026-06-23 04:45:00,63737.4,63779.5,63737.4,63752.0,0.170086,0.065856,0.104230,-1430.579982
1782190200,2026-06-23 04:50:00,63752.0,63752.0,63611.8,63624.8,1.911759,2.404335,-0.492576,-1431.072558
1782190500,2026-06-23 04:55:00,63624.8,63637.2,63544.3,63556.0,0.181093,8.005778,-7.824685,-1438.897243
1782190800,2026-06-23 05:00:00,63556.0,63631.1,63548.0,63631.1,0.251351,0.561237,-0.309886,-1439.207129
1782191100,2026-06-23 05:05:00,63631.0,63655.6,63563.7,63613.4,0.522618,2.590059,-2.067441,-1441.274570
1782191400,2026-06-23 05:10:00,63613.4,63647.6,63544.9,63547.6,1.767925,1.609673,0.158252,-1441.116318
1782191700,2026-06-23 05:15:00,63547.5,63601.2,63493.5,63493.6,0.495619,2.175343,-1.679725,-1442.796043
1782192000,2026-06-23 05:20:00,63493.5,63517.5,63370.0,63379.0,1.464960,24.118717,-22.653756,-1465.449799
1782192300,2026-06-23 05:25:00,63379.0,63414.5,63280.4,63389.9,4.699720,53.175063,-48.475343,-1513.925142
1782192600,2026-06-23 05:30:00,63409.9,63444.7,63374.8,63387.7,2.009211,0.934392,1.074818,-1512.850324
1782192900,2026-06-23 05:35:00,63387.6,63432.8,63335.4,63381.1,0.410485,0.795585,-0.385101,-1513.235425
1782193200,2026-06-23 05:40:00,63381.1,63408.7,63324.4,63382.3,0.299195,1.669824,-1.370629,-1514.606053
1782193500,2026-06-23 05:45:00,63382.3,63382.3,63303.0,63321.8,0.258375,7.809830,-7.551455,-1522.157509
1782193800,2026-06-23 05:50:00,63321.8,63386.8,63301.1,63301.7,0.276398,0.589917,-0.313519,-1522.471027
1782194100,2026-06-23 05:55:00,63304.2,63380.6,63304.2,63312.1,2.030885,0.170608,1.860277,-1520.610751
1782194400,2026-06-23 06:00:00,63324.0,63325.1,63265.4,63288.9,0.367868,3.236440,-2.868572,-1523.479322
1782194700,2026-06-23 06:05:00,63288.9,63288.9,63054.0,63091.0,1.323425,16.880740,-15.557315,-1539.036637
1782195000,2026-06-23 06:10:00,63094.0,63144.4,63065.3,63124.8,0.267804,2.394777,-2.126973,-1541.163610
1782195300,2026-06-23 06:15:00,63124.9,63202.0,62937.2,62970.2,2.767111,26.134854,-23.367743,-1564.531353
1782195600,2026-06-23 06:20:00,62970.1,62970.1,62510.0,62574.5,3.830125,29.291855,-25.461730,-1589.993083
1782195900,2026-06-23 06:25:00,62574.5,62707.4,62515.9,62692.2,21.154126,8.450066,12.704060,-1577.289023
1782196200,2026-06-23 06:30:00,62692.2,62859.4,62623.6,62834.5,3.784241,5.964299,-2.180058,-1579.469081
1782196500,2026-06-23 06:35:00,62831.8,62848.0,62781.5,62827.4,0.220042,0.554259,-0.334218,-1579.803299
1782196800,2026-06-23 06:40:00,62827.4,62919.1,62812.5,62879.9,4.174894,1.627558,2.547337,-1577.255962
1782197100,2026-06-23 06:45:00,62879.8,62967.2,62844.2,62851.6,2.480034,0.411398,2.068637,-1575.187326
1782197400,2026-06-23 06:50:00,62849.4,62885.6,62849.4,62880.0,1.883088,1.404625,0.478462,-1574.708863
1782197700,2026-06-23 06:55:00,62880.0,62898.5,62867.3,62867.3,0.657295,0.181868,0.475427,-1574.233436
1782198000,2026-06-23 07:00:00,62864.3,62894.3,62825.5,62879.6,2.229750,3.949502,-1.719752,-1575.953189
1782198300,2026-06-23 07:05:00,62879.7,62960.4,62870.2,62956.2,11.477006,0.103324,11.373682,-1564.579506
1782198600,2026-06-23 07:10:00,62959.3,62974.8,62915.8,62952.0,0.612756,0.116034,0.496722,-1564.082784
1782198900,2026-06-23 07:15:00,62952.0,62967.8,62915.7,62951.8,4.027873,2.120219,1.907654,-1562.175130
1782199200,2026-06-23 07:20:00,62959.5,63005.0,62955.5,62955.6,0.963196,1.205173,-0.241977,-1562.417107
1782199500,2026-06-23 07:25:00,62955.6,62955.6,62920.8,62939.2,2.636558,0.201564,2.434995,-1559.982112
1782199800,2026-06-23 07:30:00,62923.9,62955.6,62803.9,62849.0,0.758362,9.667072,-8.908710,-1568.890823
1782200100,2026-06-23 07:35:00,62868.2,62930.0,62801.1,62914.4,0.545492,0.988592,-0.443099,-1569.333922
1782200400,2026-06-23 07:40:00,62914.4,62914.4,62808.9,62808.9,0.719515,0.119892,0.599623,-1568.734299
1782200700,2026-06-23 07:45:00,62808.8,62893.3,62808.8,62893.3,1.052905,0.134446,0.918460,-1567.815840
1782201000,2026-06-23 07:50:00,62893.2,62893.3,62813.9,62839.9,0.299275,7.198264,-6.898989,-1574.714829
1782201300,2026-06-23 07:55:00,62840.0,62896.4,62799.7,62799.7,5.183683,5.981090,-0.797407,-1575.512235
1782201600,2026-06-23 08:00:00,62799.8,62857.8,62751.1,62751.1,2.854408,2.400621,0.453788,-1575.058448
1782201900,2026-06-23 08:05:00,62753.8,62772.3,62753.8,62754.0,0.127341,1.354427,-1.227087,-1576.285534
1782202200,2026-06-23 08:10:00,62753.9,62790.6,62572.5,62579.5,1.403379,18.841837,-17.438458,-1593.723992
1782202500,2026-06-23 08:15:00,62579.5,62599.1,62362.2,62388.0,4.635967,87.185902,-82.549935,-1676.273927
1782202800,2026-06-23 08:20:00,62347.8,62420.1,62112.1,62189.7,6.958447,21.642599,-14.684151,-1690.958078
1782203100,2026-06-23 08:25:00,62179.2,62265.2,61881.1,61993.2,13.220200,23.711459,-10.491259,-1701.449337
1782203400,2026-06-23 08:30:00,61973.9,62257.0,61973.9,62257.0,28.145762,6.102970,22.042792,-1679.406545
1782203700,2026-06-23 08:35:00,62260.9,62313.3,62222.3,62269.9,4.797951,5.047070,-0.249118,-1679.655664
1782204000,2026-06-23 08:40:00,62269.8,62361.3,62269.8,62331.7,6.242676,1.522668,4.720009,-1674.935655
1782204300,2026-06-23 08:45:00,62321.4,62321.4,62246.6,62259.5,0.192536,3.540541,-3.348005,-1678.283660
1782204600,2026-06-23 08:50:00,62259.6,62393.2,62251.9,62371.5,2.948154,0.207545,2.740609,-1675.543051
1782204900,2026-06-23 08:55:00,62387.6,62387.6,62290.8,62303.3,2.209070,0.756478,1.452592,-1674.090459
1782205200,2026-06-23 09:00:00,62303.3,62387.5,62303.3,62353.9,0.664262,0.378988,0.285274,-1673.805185
1782205500,2026-06-23 09:05:00,62350.5,62355.4,62285.3,62315.8,2.287029,0.215436,2.071593,-1671.733592
1782205800,2026-06-23 09:10:00,62308.2,62395.5,62300.6,62363.1,1.646610,0.889228,0.757382,-1670.976210
1782206100,2026-06-23 09:15:00,62363.0,62396.8,62363.0,62384.3,6.394973,0.767128,5.627845,-1665.348364
1782206400,2026-06-23 09:20:00,62384.4,62422.4,62384.3,62422.4,4.147962,0.251316,3.896646,-1661.451719
1782206700,2026-06-23 09:25:00,62422.3,62440.3,62421.3,62440.2,1.032757,1.169063,-0.136306,-1661.588024
1782207000,2026-06-23 09:30:00,62440.2,62440.2,62411.1,62419.0,1.314354,3.524589,-2.210235,-1663.798260
1782207300,2026-06-23 09:35:00,62419.0,62419.0,62347.3,62347.3,1.071823,7.371651,-6.299828,-1670.098087
1782207600,2026-06-23 09:40:00,62344.9,62344.9,62280.0,62300.6,0.195216,3.410749,-3.215533,-1673.313620
1782207900,2026-06-23 09:45:00,62300.5,62333.5,62288.9,62300.7,2.180598,64.934376,-62.753777,-1736.067398
1782208200,2026-06-23 09:50:00,62300.6,62332.8,62296.3,62332.7,0.937734,8.356248,-7.418514,-1743.485912
1782208500,2026-06-23 09:55:00,62332.7,62332.8,62300.0,62301.5,0.240436,51.392049,-51.151613,-1794.637525
1782208800,2026-06-23 10:00:00,62306.7,62500.0,62306.6,62479.2,8.361187,0.673878,7.687308,-1786.950216
1782209100,2026-06-23 10:05:00,62479.1,62501.6,62355.0,62375.2,56.848783,5.688828,51.159956,-1735.790261
1782209400,2026-06-23 10:10:00,62375.2,62391.7,62367.3,62379.0,2.123478,5.915075,-3.791597,-1739.581858
1782209700,2026-06-23 10:15:00,62379.1,62379.1,62331.9,62367.1,0.773664,3.023988,-2.250324,-1741.832181
1782210000,2026-06-23 10:20:00,62367.2,62369.9,62300.0,62300.0,1.350946,1.295181,0.055765,-1741.776416
1782210300,2026-06-23 10:25:00,62300.1,62323.5,62259.2,62292.4,7.020041,2.464534,4.555506,-1737.220910
1782210600,2026-06-23 10:30:00,62293.5,62304.3,62219.5,62221.0,0.722068,1.322818,-0.600749,-1737.821659
1782210900,2026-06-23 10:35:00,62228.1,62280.6,62227.4,62231.9,1.224475,22.482119,-21.257645,-1759.079304
1782211200,2026-06-23 10:40:00,62231.9,62233.2,62170.9,62182.2,2.933184,4.393844,-1.460660,-1760.539964
1782211500,2026-06-23 10:45:00,62182.1,62241.0,62182.1,62204.2,3.729123,1.737602,1.991520,-1758.548443
1782211800,2026-06-23 10:50:00,62203.2,62217.0,62175.3,62205.0,3.708424,40.974578,-37.266154,-1795.814597
1782212100,2026-06-23 10:55:00,62198.3,62268.1,62198.2,62240.2,3.391082,12.554554,-9.163472,-1804.978069
1782212400,2026-06-23 11:00:00,62240.2,62317.8,62240.2,62271.7,3.217083,2.962575,0.254509,-1804.723561
1782212700,2026-06-23 11:05:00,62271.6,62308.8,62238.9,62276.0,5.885005,2.009841,3.875164,-1800.848396
1782213000,2026-06-23 11:10:00,62275.9,62309.9,62270.1,62309.8,0.449637,1.878090,-1.428453,-1802.276849
1782213300,2026-06-23 11:15:00,62309.9,62355.5,62309.8,62352.3,0.415891,1.109041,-0.693150,-1802.969999
1782213600,2026-06-23 11:20:00,62353.3,62502.3,62322.9,62489.8,16.873919,13.383815,3.490104,-1799.479894
1782213900,2026-06-23 11:25:00,62489.4,62489.4,62423.7,62476.6,52.949788,8.459391,44.490398,-1754.989497
1782214200,2026-06-23 11:30:00,62476.5,62545.4,62466.4,62496.2,23.271750,1.349144,21.922606,-1733.066891
1782214500,2026-06-23 11:35:00,62472.4,62545.5,62472.3,62545.5,3.311110,1.218593,2.092517,-1730.974374
1782214800,2026-06-23 11:40:00,62545.5,62551.0,62491.2,62491.2,1.385993,2.773879,-1.387886,-1732.362260
1782215100,2026-06-23 11:45:00,62491.6,62532.0,62393.5,62393.5,0.719024,11.514977,-10.795953,-1743.158213
1782215400,2026-06-23 11:50:00,62384.6,62426.0,62351.1,62425.9,0.864181,1.551510,-0.687329,-1743.845542
1782215700,2026-06-23 11:55:00,62425.9,62451.0,62425.9,62438.1,1.207743,0.467672,0.740071,-1743.105471
1782216000,2026-06-23 12:00:00,62438.1,62479.1,62390.4,62409.5,2.867070,4.221309,-1.354239,-1744.459710
1782216300,2026-06-23 12:05:00,62392.7,62404.2,62385.3,62401.2,1.424541,3.825741,-2.401200,-1746.860910
1782216600,2026-06-23 12:10:00,62401.2,62401.2,62329.1,62360.6,1.843987,28.066491,-26.222504,-1773.083414
1782216900,2026-06-23 12:15:00,62358.4,62366.0,62321.2,62341.8,7.914187,3.682363,4.231825,-1768.851589
1782217200,2026-06-23 12:20:00,62340.8,62340.8,62307.0,62310.1,0.139125,0.274978,-0.135853,-1768.987442
1782217500,2026-06-23 12:25:00,62310.0,62324.7,62278.6,62324.6,1.061320,5.837980,-4.776661,-1773.764103
1782217800,2026-06-23 12:30:00,62327.0,62401.3,62283.1,62289.7,0.522886,9.483673,-8.960787,-1782.724890
1782218100,2026-06-23 12:35:00,62288.1,62320.9,62238.4,62238.7,1.500104,0.998693,0.501412,-1782.223478
1782218400,2026-06-23 12:40:00,62238.6,62269.1,62238.6,62266.7,0.352577,3.109705,-2.757127,-1784.980606
1782218700,2026-06-23 12:45:00,62266.6,62266.7,62238.6,62256.1,0.289964,1.971140,-1.681176,-1786.661781
1782219000,2026-06-23 12:50:00,62256.0,62256.1,62142.1,62229.0,2.056640,7.327380,-5.270740,-1791.932521
1782219300,2026-06-23 12:55:00,62228.6,62273.3,62186.6,62191.9,4.402630,2.835251,1.567379,-1790.365142
1782219600,2026-06-23 13:00:00,62191.9,62222.2,62109.2,62122.7,0.794692,1.912971,-1.118278,-1791.483420
1782219900,2026-06-23 13:05:00,62122.7,62147.0,62052.3,62052.3,3.853524,29.318818,-25.465295,-1816.948715
1782220200,2026-06-23 13:10:00,62052.8,62135.1,62000.1,62110.6,4.835520,4.187458,0.648062,-1816.300653
1782220500,2026-06-23 13:15:00,62110.1,62110.1,62030.7,62050.3,1.084768,4.180490,-3.095723,-1819.396376
1782220800,2026-06-23 13:20:00,62050.3,62070.7,62015.0,62043.9,0.784465,8.590165,-7.805700,-1827.202076
1782221100,2026-06-23 13:25:00,62043.9,62043.9,61956.2,61965.8,4.555336,16.559986,-12.004651,-1839.206727
1782221400,2026-06-23 13:30:00,61980.9,62362.9,61885.0,62239.5,9.118827,5.863511,3.255316,-1835.951410
1782221700,2026-06-23 13:35:00,62227.6,62337.4,62165.2,62266.4,8.008011,10.047340,-2.039329,-1837.990740
1782222000,2026-06-23 13:40:00,62257.2,62342.1,62143.6,62328.6,4.528180,2.734763,1.793416,-1836.197324
1782222300,2026-06-23 13:45:00,62322.0,62410.6,62207.1,62306.9,3.633323,2.949834,0.683489,-1835.513834
1782222600,2026-06-23 13:50:00,62302.0,62464.2,62298.8,62348.8,1.936564,6.141040,-4.204476,-1839.718310
1782222900,2026-06-23 13:55:00,62353.9,62429.3,62286.1,62403.8,2.097680,1.433285,0.664394,-1839.053916
1782223200,2026-06-23 14:00:00,62404.0,62538.0,62370.2,62484.4,6.764466,7.445350,-0.680884,-1839.734800
1782223500,2026-06-23 14:05:00,62483.9,62506.4,62366.9,62506.0,1.136226,1.942740,-0.806514,-1840.541314
1782223800,2026-06-23 14:10:00,62496.4,62650.7,62419.4,62650.7,4.307086,1.624151,2.682935,-1837.858380
1782224100,2026-06-23 14:15:00,62653.8,62738.9,62593.3,62734.6,15.346589,8.711236,6.635353,-1831.223027
1782224400,2026-06-23 14:20:00,62734.5,62768.1,62518.6,62550.1,13.676694,106.350900,-92.674205,-1923.897232
1782224700,2026-06-23 14:25:00,62550.1,62550.1,62399.6,62496.8,4.903755,53.203729,-48.299974,-1972.197206
1782225000,2026-06-23 14:30:00,62503.3,62596.7,62399.7,62510.1,2.194834,2.315128,-0.120294,-1972.317500
1782225300,2026-06-23 14:35:00,62512.1,62680.8,62458.5,62490.4,1.043328,4.638318,-3.594990,-1975.912490
1782225600,2026-06-23 14:40:00,62505.9,62533.1,62429.3,62434.8,0.370197,0.861987,-0.491790,-1976.404280
1782225900,2026-06-23 14:45:00,62443.7,62499.1,62400.0,62473.5,4.869371,3.650009,1.219362,-1975.184918
1782226200,2026-06-23 14:50:00,62491.3,62516.6,62400.1,62445.7,0.752713,2.368885,-1.616172,-1976.801090
1782226500,2026-06-23 14:55:00,62448.9,62494.4,62356.4,62412.2,2.994672,25.826055,-22.831383,-1999.632473
1782226800,2026-06-23 15:00:00,62415.5,62437.4,62362.3,62402.4,2.279030,4.586497,-2.307467,-2001.939940
1782227100,2026-06-23 15:05:00,62413.6,62413.6,62268.0,62277.9,0.615892,10.661690,-10.045797,-2011.985738
1782227400,2026-06-23 15:10:00,62279.0,62313.1,62246.2,62294.1,0.710055,5.111966,-4.401911,-2016.387649
1782227700,2026-06-23 15:15:00,62310.4,62310.5,62178.9,62178.9,0.935764,5.297610,-4.361847,-2020.749495
1782228000,2026-06-23 15:20:00,62179.0,62228.1,62171.4,62171.5,1.073655,10.661995,-9.588340,-2030.337835
1782228300,2026-06-23 15:25:00,62174.5,62228.1,62131.0,62200.1,4.205120,0.746934,3.458186,-2026.879649
1782228600,2026-06-23 15:30:00,62200.1,62396.0,62200.1,62365.9,3.105251,0.942417,2.162834,-2024.716816
1782228900,2026-06-23 15:35:00,62365.8,62396.0,62242.1,62282.4,5.532027,1.909806,3.622220,-2021.094595
1782229200,2026-06-23 15:40:00,62282.4,62282.5,62211.3,62236.3,0.807037,0.771674,0.035364,-2021.059232
1782229500,2026-06-23 15:45:00,62229.9,62249.6,62136.3,62169.8,1.497634,0.711823,0.785810,-2020.273421
1782229800,2026-06-23 15:50:00,62169.8,62296.0,62149.6,62280.9,6.437659,2.009499,4.428160,-2015.845262
1782230100,2026-06-23 15:55:00,62280.8,62393.7,62250.5,62393.7,0.972836,1.139788,-0.166952,-2016.012214
1782230400,2026-06-23 16:00:00,62396.0,62442.1,62350.6,62372.3,0.851743,14.643943,-13.792201,-2029.804414
1782230700,2026-06-23 16:05:00,62372.1,62650.0,62372.1,62629.0,16.375888,0.862504,15.513383,-2014.291031
1782231000,2026-06-23 16:10:00,62629.0,62740.0,62613.8,62719.6,11.560627,2.785586,8.775041,-2005.515990
1782231300,2026-06-23 16:15:00,62709.0,62711.2,62553.0,62583.1,1.328083,15.468124,-14.140041,-2019.656031
1782231600,2026-06-23 16:20:00,62591.4,62591.4,62504.5,62525.0,0.375889,1.119740,-0.743851,-2020.399882
1782231900,2026-06-23 16:25:00,62524.9,62527.7,62490.7,62504.2,1.343076,2.427168,-1.084092,-2021.483973
1782232200,2026-06-23 16:30:00,62504.3,62568.8,62496.1,62546.9,0.456318,2.765743,-2.309425,-2023.793399
1782232500,2026-06-23 16:35:00,62546.9,62564.8,62515.4,62524.2,1.204551,0.506266,0.698284,-2023.095114
1782232800,2026-06-23 16:40:00,62524.1,62564.0,62524.1,62553.7,1.791108,0.668366,1.122742,-2021.972373
1782233100,2026-06-23 16:45:00,62542.1,62561.1,62492.4,62493.0,4.937894,1.531982,3.405911,-2018.566461
1782233400,2026-06-23 16:50:00,62492.9,62493.0,62424.1,62432.8,0.891539,3.376635,-2.485096,-2021.051558
1782233700,2026-06-23 16:55:00,62432.8,62506.5,62419.2,62487.7,0.521784,1.957529,-1.435745,-2022.487303
1782234000,2026-06-23 17:00:00,62487.6,62487.6,62390.0,62404.2,0.194726,3.375835,-3.181109,-2025.668412
1782234300,2026-06-23 17:05:00,62404.2,62435.1,62340.1,62373.8,0.534591,3.414529,-2.879938,-2028.548350
1782234600,2026-06-23 17:10:00,62373.8,62462.3,62342.2,62358.4,2.514803,21.102091,-18.587288,-2047.135638
1782234900,2026-06-23 17:15:00,62357.8,62487.5,62357.8,62487.5,53.295256,0.391898,52.903358,-1994.232280
1782235200,2026-06-23 17:20:00,62496.5,62553.1,62496.5,62534.4,1.822662,3.017173,-1.194510,-1995.426790
1782235500,2026-06-23 17:25:00,62534.6,62592.8,62534.6,62573.9,1.533709,0.286609,1.247100,-1994.179691
1782235800,2026-06-23 17:30:00,62574.0,62579.8,62426.7,62527.6,0.675159,1.413585,-0.738426,-1994.918117
1782236100,2026-06-23 17:35:00,62528.1,62607.0,62501.2,62520.4,0.961335,3.454800,-2.493464,-1997.411582
1782236400,2026-06-23 17:40:00,62520.3,62520.6,62449.6,62453.7,0.593037,4.165797,-3.572760,-2000.984341
1782236700,2026-06-23 17:45:00,62453.7,62475.6,62415.0,62415.0,2.219636,3.359205,-1.139570,-2002.123911
1782237000,2026-06-23 17:50:00,62415.0,62428.4,62328.3,62328.3,0.477087,2.474659,-1.997571,-2004.121482
1782237300,2026-06-23 17:55:00,62328.3,62328.3,62262.6,62278.2,0.639690,2.470083,-1.830393,-2005.951875
1782237600,2026-06-23 18:00:00,62281.9,62374.0,62281.9,62305.4,0.491744,1.333204,-0.841460,-2006.793336
1782237900,2026-06-23 18:05:00,62306.9,62310.1,62208.7,62247.2,1.183070,0.598320,0.584750,-2006.208586
1782238200,2026-06-23 18:10:00,62247.2,62312.1,62247.2,62310.1,1.429662,0.056229,1.373433,-2004.835153
1782238500,2026-06-23 18:15:00,62310.0,62310.1,62246.3,62286.9,0.446721,5.327545,-4.880825,-2009.715977
1782238800,2026-06-23 18:20:00,62294.1,62330.1,62267.4,62290.0,0.735068,3.268058,-2.532990,-2012.248967
1782239100,2026-06-23 18:25:00,62297.0,62303.5,62265.8,62276.9,2.122112,0.809223,1.312888,-2010.936079
1782239400,2026-06-23 18:30:00,62275.2,62275.2,62212.1,62212.9,0.518633,0.269777,0.248856,-2010.687223
1782239700,2026-06-23 18:35:00,62213.6,62234.4,62171.5,62171.5,0.778962,4.389595,-3.610633,-2014.297856
1782240000,2026-06-23 18:40:00,62180.1,62180.2,62054.2,62072.8,0.870194,6.089170,-5.218976,-2019.516832
1782240300,2026-06-23 18:45:00,62072.8,62121.1,62037.4,62099.8,3.558683,1.476485,2.082198,-2017.434634
1782240600,2026-06-23 18:50:00,62095.0,62184.4,62078.3,62170.3,2.028019,3.559640,-1.531621,-2018.966255
1782240900,2026-06-23 18:55:00,62169.4,62182.3,62137.5,62166.6,9.311873,0.416015,8.895858,-2010.070397
1782241200,2026-06-23 19:00:00,62162.2,62274.8,62131.0,62274.8,16.129830,59.945129,-43.815298,-2053.885696
1782241500,2026-06-23 19:05:00,62274.9,62342.3,62224.6,62259.6,0.395987,5.098738,-4.702751,-2058.588446
1782241800,2026-06-23 19:10:00,62263.5,62300.4,62244.7,62292.5,6.907578,2.000489,4.907089,-2053.681357
1782242100,2026-06-23 19:15:00,62289.8,62289.8,62231.3,62231.3,0.501400,0.083503,0.417897,-2053.263461
1782242400,2026-06-23 19:20:00,62231.2,62261.9,62178.2,62246.7,1.387905,1.475748,-0.087843,-2053.351304
1782242700,2026-06-23 19:25:00,62240.8,62348.4,62222.8,62348.4,3.743087,2.498220,1.244866,-2052.106437
1782243000,2026-06-23 19:30:00,62348.4,62390.1,62320.9,62337.9,3.697709,0.507030,3.190679,-2048.915758
1782243300,2026-06-23 19:35:00,62337.9,62337.9,62249.9,62271.4,23.256157,0.581218,22.674939,-2026.240819
1782243600,2026-06-23 19:40:00,62284.3,62284.3,62231.9,62231.9,24.485459,0.282965,24.202494,-2002.038325
1782243900,2026-06-23 19:45:00,62231.8,62231.8,62198.1,62217.5,0.420167,1.784919,-1.364752,-2003.403076
1782244200,2026-06-23 19:50:00,62219.2,62336.2,62219.2,62336.2,0.787304,0.199373,0.587931,-2002.815145
1782244500,2026-06-23 19:55:00,62336.7,62342.8,62281.3,62320.2,1.688798,2.386271,-0.697473,-2003.512618
1782244800,2026-06-23 20:00:00,62320.2,62451.4,62314.5,62393.2,2.515863,3.583755,-1.067891,-2004.580510
1782245100,2026-06-23 20:05:00,62393.2,62428.3,62373.7,62421.8,0.608896,1.950367,-1.341470,-2005.921980
1782245400,2026-06-23 20:10:00,62421.9,62429.6,62353.3,62356.7,0.188361,0.154791,0.033570,-2005.888410
1782245700,2026-06-23 20:15:00,62367.9,62398.4,62333.4,62396.2,1.154075,5.192719,-4.038644,-2009.927054
1782246000,2026-06-23 20:20:00,62396.2,62402.4,62355.8,62375.4,0.366575,0.712391,-0.345816,-2010.272871
1782246300,2026-06-23 20:25:00,62373.3,62430.6,62342.5,62411.3,0.255199,0.090104,0.165094,-2010.107776
1782246600,2026-06-23 20:30:00,62411.4,62415.1,62381.9,62389.1,0.475228,2.114037,-1.638809,-2011.746586
1782246900,2026-06-23 20:35:00,62392.4,62415.8,62377.7,62415.8,1.632646,7.565202,-5.932556,-2017.679141
1782247200,2026-06-23 20:40:00,62412.0,62412.0,62399.2,62408.2,0.665457,0.019045,0.646412,-2017.032730
1782247500,2026-06-23 20:45:00,62401.4,62402.1,62355.4,62355.4,6.878268,1.375513,5.502755,-2011.529975
1782247800,2026-06-23 20:50:00,62355.4,62387.3,62307.7,62328.2,0.270856,0.651457,-0.380601,-2011.910576
1782248100,2026-06-23 20:55:00,62328.2,62402.0,62328.2,62389.3,0.984900,0.241051,0.743849,-2011.166727
1782248400,2026-06-23 21:00:00,62390.4,62504.9,62390.4,62486.4,25.794518,1.196298,24.598219,-1986.568508
1782248700,2026-06-23 21:05:00,62486.3,62506.3,62445.0,62448.8,0.540516,3.564873,-3.024357,-1989.592865
1782249000,2026-06-23 21:10:00,62449.3,62455.4,62411.5,62438.0,1.687832,0.390002,1.297830,-1988.295035
1782249300,2026-06-23 21:15:00,62439.5,62470.6,62395.6,62406.7,0.525616,0.313144,0.212471,-1988.082564
1782249600,2026-06-23 21:20:00,62406.9,62453.7,62406.9,62453.7,0.526850,0.062191,0.464659,-1987.617905
1782249900,2026-06-23 21:25:00,62454.7,62499.9,62454.7,62495.0,0.650541,0.094399,0.556143,-1987.061762
1782250200,2026-06-23 21:30:00,62495.0,62505.2,62477.1,62493.7,0.851234,0.288737,0.562497,-1986.499265
1782250500,2026-06-23 21:35:00,62493.7,62508.0,62468.7,62493.6,1.391158,3.275654,-1.884495,-1988.383760
1782250800,2026-06-23 21:40:00,62493.5,62545.5,62493.5,62545.5,5.510750,2.285915,3.224835,-1985.158925
1782251100,2026-06-23 21:45:00,62545.5,62584.5,62545.4,62562.1,0.638952,0.120166,0.518786,-1984.640139
1782251400,2026-06-23 21:50:00,62562.0,62582.7,62530.2,62530.3,0.233283,0.642087,-0.408804,-1985.048943
1782251700,2026-06-23 21:55:00,62530.3,62537.6,62505.7,62524.8,0.646689,0.146344,0.500346,-1984.548597
1782252000,2026-06-23 22:00:00,62525.5,62578.1,62523.7,62578.0,0.193423,1.721225,-1.527802,-1986.076400
1782252300,2026-06-23 22:05:00,62578.0,62650.1,62564.0,62638.1,1.677164,1.052904,0.624261,-1985.452139
1782252600,2026-06-23 22:10:00,62642.4,62680.8,62630.0,62665.5,19.410905,10.110260,9.300645,-1976.151494
1782252900,2026-06-23 22:15:00,62668.0,62695.8,62640.1,62659.1,1.246452,0.735388,0.511064,-1975.640430
1782253200,2026-06-23 22:20:00,62644.3,62652.6,62501.1,62514.2,0.608584,11.043233,-10.434650,-1986.075080
1782253500,2026-06-23 22:25:00,62514.1,62547.1,62500.1,62541.1,0.873884,0.594652,0.279232,-1985.795848
1782253800,2026-06-23 22:30:00,62541.2,62551.8,62507.1,62507.2,0.194233,5.994481,-5.800248,-1991.596096
1782254100,2026-06-23 22:35:00,62507.2,62508.6,62453.5,62503.1,0.508241,0.632436,-0.124195,-1991.720291
1782254400,2026-06-23 22:40:00,62503.0,62511.1,62481.1,62483.9,0.387838,0.018814,0.369024,-1991.351267
1782254700,2026-06-23 22:45:00,62483.4,62504.6,62459.7,62469.7,0.372928,0.687243,-0.314314,-1991.665582
1782255000,2026-06-23 22:50:00,62470.4,62495.2,62452.2,62492.2,0.089625,0.109491,-0.019866,-1991.685448
1782255300,2026-06-23 22:55:00,62492.2,62543.5,62492.1,62514.4,0.525781,5.051501,-4.525720,-1996.211168
1782255600,2026-06-23 23:00:00,62513.8,62541.3,62438.5,62488.8,0.261314,10.108849,-9.847535,-2006.058702
1782255900,2026-06-23 23:05:00,62485.5,62485.5,62439.3,62442.5,0.244351,5.148689,-4.904338,-2010.963040
1782256200,2026-06-23 23:10:00,62441.1,62498.7,62441.1,62450.5,0.475912,0.162101,0.313811,-2010.649229
1782256500,2026-06-23 23:15:00,62450.4,62517.1,62450.4,62515.2,0.990116,0.077297,0.912818,-2009.736411
1782256800,2026-06-23 23:20:00,62515.1,62562.0,62477.9,62562.0,0.945027,0.234591,0.710436,-2009.025975
1782257100,2026-06-23 23:25:00,62562.6,62609.4,62562.6,62592.2,0.657864,0.191577,0.466287,-2008.559688
1782257400,2026-06-23 23:30:00,62592.2,62600.1,62561.0,62600.1,0.545421,0.342636,0.202785,-2008.356903
1782257700,2026-06-23 23:35:00,62600.1,62600.1,62531.2,62531.2,0.226311,0.235720,-0.009409,-2008.366312
1782258000,2026-06-23 23:40:00,62531.2,62548.2,62517.0,62542.7,0.200675,20.260974,-20.060299,-2028.426611
1782258300,2026-06-23 23:45:00,62542.8,62700.0,62542.8,62648.8,51.106448,1.381946,49.724502,-1978.702109
1782258600,2026-06-23 23:50:00,62648.8,62648.8,62638.7,62648.8,10.237674,0.113689,10.123985,-1968.578124
1782258900,2026-06-23 23:55:00,62648.7,62650.3,62648.7,62650.3,9.047328,0.048438,8.998890,-1959.579234
1782259200,2026-06-24 00:00:00,62650.3,62733.8,62650.2,62686.0,10.784946,1.553332,9.231614,-1950.347621
1782259500,2026-06-24 00:05:00,62685.9,62816.2,62661.0,62785.2,53.949929,2.800739,51.149190,-1899.198431
1782259800,2026-06-24 00:10:00,62785.1,62816.3,62735.4,62786.1,1.869172,1.184147,0.685025,-1898.513406
1782260100,2026-06-24 00:15:00,62802.7,62843.6,62774.3,62823.9,1.863246,2.343014,-0.479768,-1898.993174
1782260400,2026-06-24 00:20:00,62823.6,62823.6,62743.7,62758.4,0.227809,3.149492,-2.921683,-1901.914857
1782260700,2026-06-24 00:25:00,62758.3,62791.0,62739.4,62771.4,0.378907,1.001467,-0.622560,-1902.537417
1782261000,2026-06-24 00:30:00,62771.2,62772.2,62720.1,62772.2,2.185246,0.960093,1.225153,-1901.312264
1782261300,2026-06-24 00:35:00,62772.3,62921.1,62772.3,62921.1,17.484128,0.307745,17.176382,-1884.135882
1782261600,2026-06-24 00:40:00,62921.0,62921.9,62874.1,62875.2,0.608971,1.957853,-1.348882,-1885.484764
1782261900,2026-06-24 00:45:00,62875.2,62913.2,62838.0,62903.3,14.834005,0.507320,14.326685,-1871.158079
1782262200,2026-06-24 00:50:00,62903.3,62929.5,62894.7,62894.8,0.308750,1.154853,-0.846103,-1872.004182
1782262500,2026-06-24 00:55:00,62896.5,62928.0,62870.0,62928.0,1.402305,0.479328,0.922977,-1871.081205
1782262800,2026-06-24 01:00:00,62928.4,62933.4,62839.7,62840.1,0.142664,1.627619,-1.484955,-1872.566160
1782263100,2026-06-24 01:05:00,62840.0,62856.9,62788.3,62839.7,0.568811,0.273506,0.295306,-1872.270855
1782263400,2026-06-24 01:10:00,62839.7,62905.2,62839.7,62896.6,0.162229,0.380978,-0.218748,-1872.489603
1782263700,2026-06-24 01:15:00,62896.6,62896.6,62712.0,62724.4,0.894528,2.586283,-1.691755,-1874.181358
1782264000,2026-06-24 01:20:00,62722.4,62850.1,62722.4,62831.1,0.365357,0.279161,0.086197,-1874.095162
1782264300,2026-06-24 01:25:00,62830.1,62850.2,62812.3,62823.2,1.476893,0.335907,1.140986,-1872.954175
1782264600,2026-06-24 01:30:00,62823.2,63040.0,62823.2,62999.9,8.710622,4.243889,4.466732,-1868.487443
1782264900,2026-06-24 01:35:00,62999.8,63036.4,62973.3,62973.3,2.097794,0.568920,1.528874,-1866.958569
1782265200,2026-06-24 01:40:00,62973.3,62973.3,62857.7,62863.0,0.546800,0.503051,0.043750,-1866.914819
1782265500,2026-06-24 01:45:00,62863.0,62905.9,62863.0,62882.7,1.129845,0.325471,0.804374,-1866.110446
1782265800,2026-06-24 01:50:00,62888.2,62945.4,62888.1,62939.5,0.923688,0.437507,0.486180,-1865.624266
1782266100,2026-06-24 01:55:00,62939.5,62939.5,62856.6,62856.6,0.824085,0.444885,0.379199,-1865.245066
1782266400,2026-06-24 02:00:00,62856.5,62928.8,62784.1,62784.1,1.220184,0.551768,0.668415,-1864.576651
1782266700,2026-06-24 02:05:00,62784.2,62815.7,62740.7,62802.0,0.675346,0.614466,0.060880,-1864.515771
1782267000,2026-06-24 02:10:00,62802.0,62825.7,62779.7,62802.3,0.536342,0.216035,0.320306,-1864.195465
1782267300,2026-06-24 02:15:00,62802.3,62802.3,62704.3,62724.2,0.499703,0.554349,-0.054646,-1864.250111
1782267600,2026-06-24 02:20:00,62703.0,62703.0,62613.2,62629.6,0.236718,1.742026,-1.505308,-1865.755419
1782267900,2026-06-24 02:25:00,62629.6,62691.1,62629.6,62691.1,0.287893,0.230024,0.057869,-1865.697550
1782268200,2026-06-24 02:30:00,62691.1,62707.9,62649.7,62649.7,0.431113,0.318940,0.112173,-1865.585377
1782268500,2026-06-24 02:35:00,62647.6,62647.6,62553.0,62579.5,1.415713,1.204140,0.211572,-1865.373805
1782268800,2026-06-24 02:40:00,62579.4,62711.4,62579.4,62642.4,0.744898,12.249622,-11.504724,-1876.878529
1782269100,2026-06-24 02:45:00,62642.5,62662.0,62613.6,62661.8,0.702297,1.310574,-0.608277,-1877.486806
1782269400,2026-06-24 02:50:00,62661.9,62697.3,62555.2,62555.2,0.141613,0.336213,-0.194600,-1877.681405
1782269700,2026-06-24 02:55:00,62555.1,62630.6,62545.0,62560.8,0.420233,0.240510,0.179723,-1877.501682
1782270000,2026-06-24 03:00:00,62560.8,62600.3,62530.5,62530.6,0.313459,4.018883,-3.705424,-1881.207107
1782270300,2026-06-24 03:05:00,62530.6,62591.2,62492.6,62574.1,0.146855,3.179084,-3.032230,-1884.239336
1782270600,2026-06-24 03:10:00,62544.6,62589.0,62523.7,62523.7,0.181646,1.599995,-1.418349,-1885.657685
1782270900,2026-06-24 03:15:00,62523.6,62523.7,62395.6,62395.7,0.225795,1.040441,-0.814646,-1886.472331
1782271200,2026-06-24 03:20:00,62395.7,62487.5,62390.6,62487.5,1.803495,0.532143,1.271352,-1885.200978
1782271500,2026-06-24 03:25:00,62487.5,62592.1,62487.4,62592.1,1.919646,0.124960,1.794686,-1883.406292
1782271800,2026-06-24 03:30:00,62592.2,62689.3,62592.2,62669.4,1.186391,0.130503,1.055887,-1882.350405
1782272100,2026-06-24 03:35:00,62669.4,62734.3,62669.3,62733.7,1.442236,0.103253,1.338982,-1881.011423
1782272400,2026-06-24 03:40:00,62733.7,62733.7,62730.0,62730.1,0.140697,0.306643,-0.165946,-1881.177369
1782272700,2026-06-24 03:45:00,62730.1,62732.3,62710.2,62710.2,0.065572,0.601414,-0.535842,-1881.713210
1782273000,2026-06-24 03:50:00,62710.1,62710.1,62680.0,62684.5,0.074520,0.095063,-0.020542,-1881.733753
1782273300,2026-06-24 03:55:00,62684.4,62684.4,62659.1,62659.1,0.740217,0.206469,0.533748,-1881.200005
1782273600,2026-06-24 04:00:00,62659.2,62674.0,62562.2,62562.2,20.211386,2.081283,18.130103,-1863.069902
1782273900,2026-06-24 04:05:00,62562.2,62593.3,62562.2,62581.9,0.122393,0.044805,0.077588,-1862.992314
1782274200,2026-06-24 04:10:00,62568.0,62584.2,62567.9,62584.2,0.040706,0.012354,0.028351,-1862.963963
1782274500,2026-06-24 04:15:00,62584.2,62613.0,62559.4,62574.0,0.189851,0.141683,0.048168,-1862.915795
1782274800,2026-06-24 04:20:00,62570.0,62570.0,62475.0,62475.0,0.045759,0.173261,-0.127502,-1863.043296
1782275100,2026-06-24 04:25:00,62459.8,62538.0,62445.8,62522.6,0.633609,0.161208,0.472401,-1862.570895
1782275400,2026-06-24 04:30:00,62522.6,62665.5,62516.4,62598.4,1.314062,0.639346,0.674716,-1861.896179
1782275700,2026-06-24 04:35:00,62608.5,62635.1,62594.7,62609.3,0.161252,0.062454,0.098798,-1861.797382
1782276000,2026-06-24 04:40:00,62597.5,62597.5,62586.9,62586.9,0.639322,0.038496,0.600826,-1861.196555
1782276300,2026-06-24 04:45:00,62586.9,62699.7,62586.9,62689.5,3.325282,0.135823,3.189459,-1858.007097
1782276600,2026-06-24 04:50:00,62689.3,62704.1,62655.3,62675.8,0.158173,0.264231,-0.106058,-1858.113155
1782276900,2026-06-24 04:55:00,62675.8,62704.0,62664.0,62672.5,0.358036,4.417556,-4.059520,-1862.172675
1782277200,2026-06-24 05:00:00,62678.4,62725.7,62667.9,62696.8,0.261610,0.142462,0.119148,-1862.053527
1782277500,2026-06-24 05:05:00,62696.7,62746.6,62632.5,62746.6,0.468559,0.127757,0.340802,-1861.712725
1782277800,2026-06-24 05:10:00,62742.9,62750.0,62700.6,62700.7,1.093581,0.289055,0.804526,-1860.908199
1782278100,2026-06-24 05:15:00,62700.7,62777.0,62699.8,62768.8,3.977187,0.358845,3.618342,-1857.289857
1782278400,2026-06-24 05:20:00,62768.7,62777.0,62700.1,62777.0,0.639827,4.160804,-3.520977,-1860.810834
1782278700,2026-06-24 05:25:00,62777.0,62803.5,62762.6,62796.4,0.759382,0.292794,0.466588,-1860.344246
1782279000,2026-06-24 05:30:00,62796.4,62818.1,62785.0,62812.7,0.233317,0.230871,0.002446,-1860.341800
1782279300,2026-06-24 05:35:00,62812.6,62982.3,62812.6,62886.9,0.973184,0.260856,0.712328,-1859.629472
1782279600,2026-06-24 05:40:00,62886.9,62903.4,62835.0,62853.0,0.810158,0.249160,0.560998,-1859.068474
1782279900,2026-06-24 05:45:00,62852.5,62863.2,62820.8,62854.0,0.076328,0.098603,-0.022275,-1859.090749
1782280200,2026-06-24 05:50:00,62853.9,62853.9,62785.0,62800.1,0.108889,0.467771,-0.358883,-1859.449632
1782280500,2026-06-24 05:55:00,62800.0,62807.3,62785.7,62807.2,0.067067,0.242406,-0.175338,-1859.624970
1782280800,2026-06-24 06:00:00,62807.3,62807.3,62689.1,62689.6,0.150483,0.196433,-0.045950,-1859.670920
1782281100,2026-06-24 06:05:00,62689.6,62774.0,62689.6,62754.7,0.150588,0.767076,-0.616488,-1860.287408
1782281400,2026-06-24 06:10:00,62754.8,62791.3,62750.0,62750.0,0.068586,1.094670,-1.026084,-1861.313492
1782281700,2026-06-24 06:15:00,62750.1,62750.1,62703.2,62717.6,0.087227,1.105542,-1.018315,-1862.331807
1782282000,2026-06-24 06:20:00,62717.5,62762.7,62716.6,62755.2,0.193398,0.226401,-0.033004,-1862.364811
1782282300,2026-06-24 06:25:00,62755.2,62834.1,62755.2,62760.1,0.350391,0.266532,0.083859,-1862.280952
1782282600,2026-06-24 06:30:00,62760.1,62777.9,62740.2,62747.9,0.065010,0.374164,-0.309154,-1862.590105
1782282900,2026-06-24 06:35:00,62748.0,62788.0,62748.0,62767.4,0.190263,0.093843,0.096420,-1862.493685
1782283200,2026-06-24 06:40:00,62767.4,62767.4,62715.5,62715.5,0.445338,0.294109,0.151229,-1862.342456
1782283500,2026-06-24 06:45:00,62710.8,62710.8,62650.0,62652.0,0.081254,0.186862,-0.105608,-1862.448064
1782283800,2026-06-24 06:50:00,62652.0,62704.7,62652.0,62704.6,0.080739,0.035926,0.044813,-1862.403251
1782284100,2026-06-24 06:55:00,62704.7,62704.7,62682.3,62701.7,0.136221,0.141289,-0.005068,-1862.408319
1782284400,2026-06-24 07:00:00,62698.4,62721.2,62648.6,62704.7,1.557003,0.250633,1.306370,-1861.101950
1782284700,2026-06-24 07:05:00,62719.4,62721.2,62610.4,62618.2,0.168692,2.190364,-2.021672,-1863.123622
1782285000,2026-06-24 07:10:00,62620.7,62757.9,62611.5,62743.5,0.203051,0.129265,0.073786,-1863.049836
1782285300,2026-06-24 07:15:00,62742.3,62742.3,62659.4,62671.3,0.205702,0.111733,0.093969,-1862.955867
1782285600,2026-06-24 07:20:00,62671.3,62679.6,62634.1,62657.1,0.142369,0.024240,0.118128,-1862.837739
1782285900,2026-06-24 07:25:00,62657.0,62657.0,62598.1,62598.1,0.054332,1.193437,-1.139105,-1863.976844
1782286200,2026-06-24 07:30:00,62598.2,62648.5,62598.1,62615.5,0.093970,0.040501,0.053469,-1863.923374
1782286500,2026-06-24 07:35:00,62615.5,62620.6,62563.5,62569.6,1.572439,0.772873,0.799565,-1863.123809
1782286800,2026-06-24 07:40:00,62569.5,62623.4,62569.5,62612.9,0.178008,0.456108,-0.278101,-1863.401910
1782287100,2026-06-24 07:45:00,62612.9,62650.0,62569.5,62583.6,0.339786,6.318996,-5.979210,-1869.381120
1782287400,2026-06-24 07:50:00,62583.5,62595.0,62538.1,62570.0,1.500090,3.599459,-2.099369,-1871.480489
1782287700,2026-06-24 07:55:00,62570.0,62594.8,62558.5,62559.6,0.345270,0.143443,0.201828,-1871.278662
1782288000,2026-06-24 08:00:00,62559.6,62599.9,62559.6,62594.8,0.324423,0.448368,-0.123945,-1871.402607
1782288300,2026-06-24 08:05:00,62578.6,62590.1,62542.2,62552.6,0.659319,0.095608,0.563711,-1870.838895
1782288600,2026-06-24 08:10:00,62553.1,62569.0,62524.8,62569.0,0.229760,0.784007,-0.554248,-1871.393143
1782288900,2026-06-24 08:15:00,62564.2,62624.2,62564.1,62567.0,1.022320,0.679763,0.342557,-1871.050586
1782289200,2026-06-24 08:20:00,62567.0,62629.9,62567.0,62610.1,1.469836,0.312739,1.157097,-1869.893489
1782289500,2026-06-24 08:25:00,62610.0,62626.4,62606.4,62614.9,0.097593,0.135896,-0.038303,-1869.931792
1782289800,2026-06-24 08:30:00,62615.0,62704.6,62588.9,62682.8,0.182575,0.839686,-0.657111,-1870.588903
1782290100,2026-06-24 08:35:00,62682.9,62682.9,62639.6,62639.6,0.096704,0.167593,-0.070888,-1870.659791
1782290400,2026-06-24 08:40:00,62639.7,62691.7,62639.6,62691.7,0.252869,0.015220,0.237649,-1870.422143
1782290700,2026-06-24 08:45:00,62700.4,62712.7,62676.3,62676.3,0.127470,0.422102,-0.294633,-1870.716776
1782291000,2026-06-24 08:50:00,62671.5,62712.6,62671.4,62705.0,0.481500,0.112838,0.368662,-1870.348114
1782291300,2026-06-24 08:55:00,62705.1,62719.1,62705.0,62719.0,0.122050,0.067234,0.054816,-1870.293297
1782291600,2026-06-24 09:00:00,62719.1,62719.1,62590.7,62647.0,0.117706,1.296791,-1.179085,-1871.472383
1782291900,2026-06-24 09:05:00,62647.0,62705.4,62636.5,62646.0,2.046708,0.116286,1.930422,-1869.541960
1782292200,2026-06-24 09:10:00,62646.0,62695.9,62636.5,62695.9,0.041129,0.240348,-0.199219,-1869.741180
1782292500,2026-06-24 09:15:00,62695.9,62696.0,62619.4,62633.9,0.155836,0.949595,-0.793760,-1870.534939
1782292800,2026-06-24 09:20:00,62636.4,62657.3,62636.4,62636.4,0.087295,0.010557,0.076738,-1870.458202
1782293100,2026-06-24 09:25:00,62636.5,62640.3,62609.5,62612.6,0.108596,0.644554,-0.535958,-1870.994160
1782293400,2026-06-24 09:30:00,62612.5,62615.7,62569.9,62615.0,3.407392,0.249390,3.158002,-1867.836158
1782293700,2026-06-24 09:35:00,62615.0,62615.0,62582.4,62608.2,0.047626,0.473243,-0.425617,-1868.261775
1782294000,2026-06-24 09:40:00,62608.3,62608.3,62570.0,62587.0,0.145894,0.514414,-0.368519,-1868.630295
1782294300,2026-06-24 09:45:00,62587.1,62603.5,62569.9,62599.9,0.744290,0.088088,0.656202,-1867.974093
1782294600,2026-06-24 09:50:00,62599.8,62620.0,62598.7,62606.4,0.618132,0.207407,0.410725,-1867.563369
1782294900,2026-06-24 09:55:00,62606.4,62633.9,62606.4,62617.5,0.083847,0.277584,-0.193736,-1867.757105
1782295200,2026-06-24 10:00:00,62611.0,62611.0,62534.0,62545.6,0.067881,0.242232,-0.174351,-1867.931456
1782295500,2026-06-24 10:05:00,62545.6,62585.4,62545.5,62568.4,0.220812,0.019459,0.201353,-1867.730102
1782295800,2026-06-24 10:10:00,62568.4,62568.4,62485.6,62523.2,0.146216,0.674815,-0.528599,-1868.258702
1782296100,2026-06-24 10:15:00,62527.6,62548.4,62452.2,62463.2,0.215612,8.737961,-8.522349,-1876.781051
1782296400,2026-06-24 10:20:00,62463.1,62489.1,62417.6,62489.1,1.205931,1.652218,-0.446287,-1877.227338
1782296700,2026-06-24 10:25:00,62489.1,62499.3,62454.8,62454.8,0.314519,1.683397,-1.368879,-1878.596216
1782297000,2026-06-24 10:30:00,62454.9,62512.4,62441.1,62506.2,0.296294,0.899609,-0.603315,-1879.199531
1782297300,2026-06-24 10:35:00,62506.2,62508.4,62443.2,62508.0,0.406831,0.322619,0.084213,-1879.115318
1782297600,2026-06-24 10:40:00,62507.9,62552.0,62507.9,62532.5,8.772612,3.362676,5.409936,-1873.705383
1782297900,2026-06-24 10:45:00,62532.5,62532.5,62471.6,62471.7,0.057806,1.328238,-1.270431,-1874.975814
1782298200,2026-06-24 10:50:00,62471.6,62471.6,62370.4,62415.2,0.550962,20.342763,-19.791800,-1894.767614
1782298500,2026-06-24 10:55:00,62415.2,62415.2,62336.0,62376.0,0.331596,1.440148,-1.108552,-1895.876166
1782298800,2026-06-24 11:00:00,62371.0,62389.9,62331.0,62346.1,0.307531,1.671094,-1.363563,-1897.239729
1782299100,2026-06-24 11:05:00,62346.1,62346.1,62250.0,62250.0,1.367548,2.639282,-1.271735,-1898.511464
1782299400,2026-06-24 11:10:00,62250.1,62331.1,62250.1,62296.5,0.353047,0.308682,0.044365,-1898.467099
1782299700,2026-06-24 11:15:00,62296.5,62315.1,62253.4,62287.0,0.342546,0.101835,0.240711,-1898.226387
1782300000,2026-06-24 11:20:00,62287.0,62324.9,62246.1,62324.9,0.382294,0.305689,0.076605,-1898.149782
1782300300,2026-06-24 11:25:00,62324.8,62324.9,62283.7,62294.7,0.201194,0.144076,0.057118,-1898.092664
1782300600,2026-06-24 11:30:00,62298.2,62397.1,62298.2,62378.6,0.211427,0.112344,0.099083,-1897.993581
1782300900,2026-06-24 11:35:00,62372.8,62535.6,62372.8,62535.5,1.205281,0.628855,0.576425,-1897.417156
1782301200,2026-06-24 11:40:00,62535.6,62668.0,62535.6,62667.7,10.550749,0.119376,10.431373,-1886.985783
1782301500,2026-06-24 11:45:00,62665.3,63138.7,62642.4,63026.6,14.881349,4.380436,10.500912,-1876.484870
1782301800,2026-06-24 11:50:00,63021.0,63021.0,62827.8,62870.8,11.328003,3.377811,7.950192,-1868.534679
1782302100,2026-06-24 11:55:00,62854.0,62854.0,62802.4,62839.0,3.080417,1.998039,1.082377,-1867.452301
1782302400,2026-06-24 12:00:00,62830.7,63091.9,62762.6,62875.1,74.746796,3.019368,71.727428,-1795.724873
1782302700,2026-06-24 12:05:00,62866.5,62866.5,62733.5,62825.2,1.299517,2.033895,-0.734378,-1796.459251
1782303000,2026-06-24 12:10:00,62825.2,62826.2,62742.5,62765.4,0.687780,2.056498,-1.368718,-1797.827969
1782303300,2026-06-24 12:15:00,62765.0,62800.0,62736.3,62743.9,0.402948,8.448572,-8.045625,-1805.873594
1782303600,2026-06-24 12:20:00,62743.9,62744.0,62697.3,62698.0,0.390388,1.555078,-1.164689,-1807.038283
1782303900,2026-06-24 12:25:00,62698.1,62752.5,62688.3,62748.1,0.654937,0.561868,0.093068,-1806.945215
1782304200,2026-06-24 12:30:00,62748.2,62765.4,62700.0,62765.4,0.542367,1.649921,-1.107554,-1808.052769
1782304500,2026-06-24 12:35:00,62765.3,62809.5,62703.6,62800.0,1.133576,1.934639,-0.801064,-1808.853833
1782304800,2026-06-24 12:40:00,62800.0,62805.3,62750.5,62767.5,0.240523,0.901598,-0.661075,-1809.514907
1782305100,2026-06-24 12:45:00,62767.6,62770.6,62688.3,62688.4,0.365218,1.630541,-1.265323,-1810.780230
1782305400,2026-06-24 12:50:00,62688.4,62689.7,62548.6,62587.1,0.256215,2.183146,-1.926931,-1812.707161
1782305700,2026-06-24 12:55:00,62579.3,62587.5,62505.3,62529.1,0.153445,1.708502,-1.555057,-1814.262219
1782306000,2026-06-24 13:00:00,62531.3,62549.4,62328.8,62329.7,1.996919,9.772599,-7.775680,-1822.037899
1782306300,2026-06-24 13:05:00,62328.7,62353.1,62086.3,62150.3,54.104078,11.072857,43.031221,-1779.006678
1782306600,2026-06-24 13:10:00,62151.1,62151.1,61925.7,61965.7,6.053290,8.801574,-2.748284,-1781.754962
1782306900,2026-06-24 13:15:00,61967.4,62137.6,61935.8,62123.2,9.943601,6.283102,3.660499,-1778.094463
1782307200,2026-06-24 13:20:00,62123.2,62123.2,61600.0,61755.3,22.163377,107.662413,-85.499036,-1863.593499
1782307500,2026-06-24 13:25:00,61755.3,61813.0,61713.9,61780.2,49.069801,18.288758,30.781043,-1832.812456
1782307800,2026-06-24 13:30:00,61775.5,62062.5,61624.8,61951.9,19.534142,24.032564,-4.498423,-1837.310878
1782308100,2026-06-24 13:35:00,61941.7,61974.1,61767.7,61767.8,1.443655,22.550934,-21.107279,-1858.418158
1782308400,2026-06-24 13:40:00,61782.0,61782.0,61333.6,61400.0,15.592319,93.984594,-78.392274,-1936.810432
1782308700,2026-06-24 13:45:00,61400.0,61504.3,61208.7,61390.0,76.555182,69.461722,7.093459,-1929.716972
1782309000,2026-06-24 13:50:00,61381.8,61556.7,61368.2,61409.4,8.006925,4.151639,3.855286,-1925.861686
1782309300,2026-06-24 13:55:00,61392.1,61397.4,61182.3,61241.4,17.207748,40.452595,-23.244847,-1949.106533
1782309600,2026-06-24 14:00:00,61244.0,61299.4,61127.9,61200.0,7.138580,5.634821,1.503759,-1947.602775
1782309900,2026-06-24 14:05:00,61191.9,61365.0,61191.9,61263.4,4.796102,24.488791,-19.692689,-1967.295463
1782310200,2026-06-24 14:10:00,61263.4,61342.3,61039.1,61127.7,35.549484,46.020056,-10.470571,-1977.766035
1782310500,2026-06-24 14:15:00,61141.5,61222.0,60900.0,60911.0,10.886776,114.061970,-103.175194,-2080.941228
1782310800,2026-06-24 14:20:00,60915.0,61187.1,60809.1,61160.5,24.505157,12.663527,11.841630,-2069.099599
1782311100,2026-06-24 14:25:00,61160.4,61198.3,61090.1,61130.0,11.152334,1.541075,9.611259,-2059.488340
1782311400,2026-06-24 14:30:00,61129.9,61314.3,61129.9,61251.0,78.139526,4.916235,73.223291,-1986.265048
1782311700,2026-06-24 14:35:00,61251.1,61285.0,61026.6,61039.3,1.323020,43.522585,-42.199566,-2028.464614
1782312000,2026-06-24 14:40:00,61034.1,61111.0,60975.0,61081.2,14.525382,20.622948,-6.097566,-2034.562180
1782312300,2026-06-24 14:45:00,61081.2,61160.8,61045.1,61063.8,3.953401,12.441403,-8.488002,-2043.050182
1782312600,2026-06-24 14:50:00,61056.4,61093.5,60916.0,60922.5,3.922842,5.653332,-1.730490,-2044.780672
1782312900,2026-06-24 14:55:00,60916.2,61041.0,60879.5,61019.0,6.194747,1.252794,4.941953,-2039.838720
1782313200,2026-06-24 15:00:00,61019.0,61040.7,60864.9,60865.0,12.479992,5.019209,7.460783,-2032.377937
1782313500,2026-06-24 15:05:00,60865.0,60911.2,60775.4,60822.0,5.147548,11.210621,-6.063072,-2038.441009
1782313800,2026-06-24 15:10:00,60829.9,60916.6,60789.0,60805.7,12.211966,7.989487,4.222480,-2034.218529
1782314100,2026-06-24 15:15:00,60805.7,60901.9,60780.0,60890.6,3.097755,5.605027,-2.507271,-2036.725800
1782314400,2026-06-24 15:20:00,60899.9,61050.4,60862.4,60862.4,9.421697,7.876557,1.545140,-2035.180661
1782314700,2026-06-24 15:25:00,60862.4,60887.8,60750.0,60782.1,3.491151,8.887632,-5.396480,-2040.577141
1782315000,2026-06-24 15:30:00,60775.8,60775.8,60601.0,60691.6,3.245038,71.158075,-67.913037,-2108.490178
1782315300,2026-06-24 15:35:00,60691.5,60691.5,60551.6,60589.7,7.495619,10.523651,-3.028033,-2111.518211
1782315600,2026-06-24 15:40:00,60589.7,60589.7,60486.3,60489.4,9.694380,43.888607,-34.194227,-2145.712437
1782315900,2026-06-24 15:45:00,60492.0,60492.0,60288.2,60351.0,10.113064,18.074320,-7.961256,-2153.673693
1782316200,2026-06-24 15:50:00,60350.9,60448.6,60288.0,60288.0,13.591135,23.765948,-10.174813,-2163.848506
1782316500,2026-06-24 15:55:00,60286.1,60340.7,60179.0,60179.1,6.397153,99.184449,-92.787295,-2256.635801
1782316800,2026-06-24 16:00:00,60179.1,60297.3,60179.1,60200.2,11.216113,5.360623,5.855490,-2250.780311
1782317100,2026-06-24 16:05:00,60204.8,60329.7,60134.2,60324.7,4.979199,3.642925,1.336273,-2249.444037
1782317400,2026-06-24 16:10:00,60328.1,60481.0,60324.6,60456.7,4.212330,18.697293,-14.484962,-2263.929000
1782317700,2026-06-24 16:15:00,60456.7,60489.3,60375.0,60456.9,4.877837,24.387741,-19.509904,-2283.438904
1782318000,2026-06-24 16:20:00,60457.2,60573.5,60400.0,60527.3,30.645829,7.066722,23.579107,-2259.859797
1782318300,2026-06-24 16:25:00,60527.2,60527.2,60349.6,60468.2,1.911318,4.765108,-2.853790,-2262.713588
1782318600,2026-06-24 16:30:00,60468.2,60476.7,60390.5,60435.1,3.415128,5.371525,-1.956397,-2264.669985
1782318900,2026-06-24 16:35:00,60436.4,60482.2,60208.1,60233.3,4.743974,2.552576,2.191399,-2262.478586
1782319200,2026-06-24 16:40:00,60233.2,60238.0,60108.0,60180.2,8.850385,6.667848,2.182538,-2260.296049
1782319500,2026-06-24 16:45:00,60174.8,60174.9,59922.1,59999.1,13.141032,212.226522,-199.085490,-2459.381538
1782319800,2026-06-24 16:50:00,60003.9,60048.2,59546.6,59837.6,65.569164,164.998097,-99.428933,-2558.810471
1782320100,2026-06-24 16:55:00,59827.5,59881.7,59695.1,59774.1,73.405247,39.466844,33.938403,-2524.872069
1782320400,2026-06-24 17:00:00,59774.2,59972.7,59750.1,59882.3,5.549571,20.040876,-14.491305,-2539.363374
1782320700,2026-06-24 17:05:00,59898.0,59910.8,59708.2,59850.0,22.041879,19.775702,2.266178,-2537.097196
1782321000,2026-06-24 17:10:00,59850.0,59900.3,59665.3,59756.0,12.377511,23.886593,-11.509082,-2548.606278
1782321300,2026-06-24 17:15:00,59756.7,59774.5,59500.0,59538.3,16.500470,13.563728,2.936742,-2545.669537
1782321600,2026-06-24 17:20:00,59535.9,59535.9,59259.7,59436.4,10.670308,38.328337,-27.658030,-2573.327566
1782321900,2026-06-24 17:25:00,59437.7,59706.5,59362.2,59615.7,13.243194,12.190161,1.053033,-2572.274533
1782322200,2026-06-24 17:30:00,59615.6,59670.9,59450.0,59628.8,9.142611,3.596537,5.546074,-2566.728459
1782322500,2026-06-24 17:35:00,59615.7,59615.8,59377.6,59399.9,4.341687,1.090837,3.250851,-2563.477609
1782322800,2026-06-24 17:40:00,59399.9,59461.1,59219.8,59258.5,4.007727,21.764582,-17.756855,-2581.234463
1782323100,2026-06-24 17:45:00,59258.4,59397.8,59001.0,59314.7,21.539992,72.181420,-50.641428,-2631.875891
1782323400,2026-06-24 17:50:00,59314.3,59387.9,59268.8,59344.3,24.653574,26.853415,-2.199841,-2634.075732
1782323700,2026-06-24 17:55:00,59332.5,59402.2,59250.0,59329.8,7.948581,40.233254,-32.284672,-2666.360405
1782324000,2026-06-24 18:00:00,59324.9,59420.0,59248.1,59404.7,16.122515,14.090890,2.031625,-2664.328780
1782324300,2026-06-24 18:05:00,59386.5,59517.9,59324.8,59455.4,8.236929,4.286874,3.950055,-2660.378725
1782324600,2026-06-24 18:10:00,59451.6,59535.8,59443.1,59500.0,23.713444,4.715868,18.997577,-2641.381148
1782324900,2026-06-24 18:15:00,59500.0,59702.7,59500.0,59702.7,45.719291,5.932470,39.786821,-2601.594327
1782325200,2026-06-24 18:20:00,59681.6,59829.3,59658.6,59767.4,14.550963,9.367933,5.183030,-2596.411298
1782325500,2026-06-24 18:25:00,59761.1,59843.8,59617.6,59628.8,8.779000,2.808606,5.970394,-2590.440903
1782325800,2026-06-24 18:30:00,59628.8,59659.3,59551.1,59602.2,2.782864,2.669261,0.113604,-2590.327300
1782326100,2026-06-24 18:35:00,59602.0,59608.9,59478.7,59504.2,3.096887,6.069180,-2.972293,-2593.299593
1782326400,2026-06-24 18:40:00,59506.0,59506.0,59402.6,59475.4,4.222950,13.009355,-8.786405,-2602.085998
1782326700,2026-06-24 18:45:00,59477.0,59515.1,59368.5,59384.8,23.168646,15.809802,7.358844,-2594.727154
1782327000,2026-06-24 18:50:00,59378.2,59460.9,59336.1,59460.6,6.052194,2.950706,3.101487,-2591.625666
1782327300,2026-06-24 18:55:00,59470.7,59570.1,59431.4,59511.9,6.069704,3.616591,2.453114,-2589.172553
1782327600,2026-06-24 19:00:00,59523.8,59637.3,59518.0,59606.7,3.247253,1.376791,1.870462,-2587.302090
1782327900,2026-06-24 19:05:00,59606.6,59635.7,59538.8,59635.7,3.186558,2.400934,0.785623,-2586.516467
1782328200,2026-06-24 19:10:00,59635.6,59635.7,59444.5,59613.7,2.850346,3.454858,-0.604512,-2587.120979
1782328500,2026-06-24 19:15:00,59593.1,59595.2,59521.9,59594.7,2.039885,0.263779,1.776105,-2585.344874
1782328800,2026-06-24 19:20:00,59588.7,59618.3,59514.2,59600.0,1.680003,3.565486,-1.885483,-2587.230357
1782329100,2026-06-24 19:25:00,59600.0,59749.8,59600.0,59746.0,28.780162,0.941705,27.838456,-2559.391900
1782329400,2026-06-24 19:30:00,59750.0,59750.5,59650.0,59750.5,1.133720,2.022309,-0.888590,-2560.280490
1782329700,2026-06-24 19:35:00,59751.0,59820.0,59716.3,59741.8,20.325739,4.688919,15.636820,-2544.643670
1782330000,2026-06-24 19:40:00,59751.4,59801.2,59669.4,59697.5,8.815321,10.375983,-1.560663,-2546.204333
1782330300,2026-06-24 19:45:00,59700.0,59784.6,59684.6,59721.2,1.502370,0.264885,1.237484,-2544.966848
1782330600,2026-06-24 19:50:00,59724.1,59825.3,59706.0,59771.9,3.842553,4.058005,-0.215453,-2545.182301
1782330900,2026-06-24 19:55:00,59771.8,59898.3,59745.2,59868.8,6.153157,2.112733,4.040424,-2541.141877
1782331200,2026-06-24 20:00:00,59881.5,60230.7,59763.2,60158.7,70.173874,15.106534,55.067340,-2486.074537
1782331500,2026-06-24 20:05:00,60150.5,60681.0,60135.8,60610.8,77.685016,18.200272,59.484743,-2426.589794
1782331800,2026-06-24 20:10:00,60610.9,60750.0,60580.4,60586.5,26.106473,4.221514,21.884959,-2404.704834
1782332100,2026-06-24 20:15:00,60593.7,60713.0,60502.9,60643.5,24.454891,15.638261,8.816630,-2395.888204
1782332400,2026-06-24 20:20:00,60644.0,60750.3,60569.4,60577.1,2.358417,17.410712,-15.052295,-2410.940499
1782332700,2026-06-24 20:25:00,60577.0,60700.0,60577.0,60684.7,4.356490,4.355705,0.000785,-2410.939714
1782333000,2026-06-24 20:30:00,60691.2,60806.6,60610.4,60613.8,11.587197,6.541571,5.045626,-2405.894088
1782333300,2026-06-24 20:35:00,60620.1,60799.0,60620.1,60753.5,4.526863,5.147721,-0.620858,-2406.514946
1782333600,2026-06-24 20:40:00,60785.4,60817.2,60762.1,60808.1,2.204258,3.711703,-1.507445,-2408.022391
1782333900,2026-06-24 20:45:00,60808.4,61067.5,60781.9,61067.5,45.572158,3.932431,41.639727,-2366.382664
1782334200,2026-06-24 20:50:00,61067.6,61100.0,60914.0,60914.3,49.728626,14.031527,35.697099,-2330.685565
1782334500,2026-06-24 20:55:00,60911.4,60951.8,60840.9,60873.0,1.903888,41.480385,-39.576497,-2370.262063
1782334800,2026-06-24 21:00:00,60882.0,60929.9,60671.4,60674.2,1.610231,10.482641,-8.872410,-2379.134473
1782335100,2026-06-24 21:05:00,60671.4,60699.4,60635.4,60677.1,1.991156,3.005126,-1.013970,-2380.148443
1782335400,2026-06-24 21:10:00,60694.5,60775.8,60588.0,60650.0,1.447303,4.302688,-2.855385,-2383.003828
1782335700,2026-06-24 21:15:00,60650.0,60771.3,60610.8,60752.4,13.154522,4.175321,8.979200,-2374.024628
1782336000,2026-06-24 21:20:00,60752.7,60820.2,60705.0,60725.4,1.457982,5.892792,-4.434809,-2378.459437
1782336300,2026-06-24 21:25:00,60732.1,60750.0,60721.4,60750.0,14.330847,0.193042,14.137805,-2364.321633
1782336600,2026-06-24 21:30:00,60750.0,60814.9,60726.0,60797.5,16.566704,0.474926,16.091778,-2348.229855
1782336900,2026-06-24 21:35:00,60797.5,61011.1,60782.9,60970.9,22.908507,1.983686,20.924822,-2327.305033
1782337200,2026-06-24 21:40:00,60988.0,61025.7,60966.5,60994.2,6.698597,1.816284,4.882313,-2322.422720
1782337500,2026-06-24 21:45:00,60993.9,61050.8,60920.8,60984.0,2.814076,1.179744,1.634332,-2320.788389
1782337800,2026-06-24 21:50:00,60984.1,60984.1,60941.9,60941.9,3.524756,0.166783,3.357973,-2317.430416
1782338100,2026-06-24 21:55:00,60937.2,61023.2,60937.2,61013.5,2.791550,0.610954,2.180596,-2315.249820
1782338400,2026-06-24 22:00:00,61013.6,61157.0,60951.2,60951.9,3.546846,10.244284,-6.697438,-2321.947258
1782338700,2026-06-24 22:05:00,60955.4,61007.7,60950.1,60981.6,1.405518,1.745538,-0.340020,-2322.287278
1782339000,2026-06-24 22:10:00,60979.1,61020.6,60905.5,60905.5,5.140214,23.136059,-17.995845,-2340.283123
1782339300,2026-06-24 22:15:00,60912.7,60923.1,60827.6,60833.3,5.546873,22.246023,-16.699150,-2356.982273
1782339600,2026-06-24 22:20:00,60842.2,60874.7,60824.2,60829.9,0.372237,0.733137,-0.360900,-2357.343172
1782339900,2026-06-24 22:25:00,60829.9,60829.9,60787.2,60794.9,1.738410,0.318299,1.420111,-2355.923061
1782340200,2026-06-24 22:30:00,60796.6,60850.0,60796.6,60826.6,0.994493,5.112634,-4.118141,-2360.041202
1782340500,2026-06-24 22:35:00,60826.5,60850.0,60748.2,60748.2,0.240590,2.518304,-2.277714,-2362.318916
1782340800,2026-06-24 22:40:00,60748.3,60827.5,60720.1,60827.5,0.722012,22.391506,-21.669493,-2383.988409
1782341100,2026-06-24 22:45:00,60827.5,60827.5,60724.9,60739.2,0.210882,2.087261,-1.876379,-2385.864789
1782341400,2026-06-24 22:50:00,60739.5,60779.7,60738.0,60763.5,0.465879,0.136908,0.328971,-2385.535818
1782341700,2026-06-24 22:55:00,60763.5,60800.0,60763.4,60781.3,0.420569,0.259221,0.161348,-2385.374470
1782342000,2026-06-24 23:00:00,60781.3,60833.6,60738.4,60833.6,0.974421,0.525599,0.448821,-2384.925649
1782342300,2026-06-24 23:05:00,60819.6,60850.0,60796.8,60800.1,0.789220,0.904317,-0.115097,-2385.040746
1782342600,2026-06-24 23:10:00,60803.9,60844.0,60773.0,60783.6,0.760671,0.244378,0.516292,-2384.524454
1782342900,2026-06-24 23:15:00,60796.6,60814.8,60760.1,60760.1,0.305736,0.165455,0.140281,-2384.384173
1782343200,2026-06-24 23:20:00,60760.1,60912.8,60760.1,60912.6,0.614595,31.321099,-30.706504,-2415.090678
1782343500,2026-06-24 23:25:00,60912.6,60933.6,60838.1,60888.1,0.358542,0.233284,0.125258,-2414.965420
1782343800,2026-06-24 23:30:00,60888.2,60948.5,60864.1,60942.7,1.211255,0.270749,0.940506,-2414.024914
1782344100,2026-06-24 23:35:00,60942.7,60950.0,60924.0,60924.0,1.728580,0.077969,1.650610,-2412.374304
1782344400,2026-06-24 23:40:00,60924.0,60933.5,60878.2,60933.5,0.858830,2.019957,-1.161127,-2413.535431
1782344700,2026-06-24 23:45:00,60933.5,60950.0,60887.1,60907.9,6.856120,2.837272,4.018848,-2409.516583
1782345000,2026-06-24 23:50:00,60907.9,60950.0,60848.8,60950.0,1.337504,0.067382,1.270121,-2408.246461
1782345300,2026-06-24 23:55:00,60950.0,61005.3,60947.9,60980.8,3.314865,1.094307,2.220558,-2406.025903
1782345600,2026-06-25 00:00:00,60984.3,61005.3,60960.0,61005.1,1.434025,0.993547,0.440478,-2405.585425
1782345900,2026-06-25 00:05:00,61005.2,61059.3,60953.8,60966.9,1.683086,7.086917,-5.403832,-2410.989257
1782346200,2026-06-25 00:10:00,60965.3,61060.9,60937.5,60991.8,0.750650,2.102748,-1.352098,-2412.341355
1782346500,2026-06-25 00:15:00,60991.9,61000.1,60890.2,60890.2,0.459456,1.329440,-0.869984,-2413.211338
1782346800,2026-06-25 00:20:00,60888.3,60983.6,60855.5,60900.5,0.841996,4.157805,-3.315809,-2416.527147
1782347100,2026-06-25 00:25:00,60905.1,60905.1,60824.2,60824.2,1.078333,55.943954,-54.865621,-2471.392768
1782347400,2026-06-25 00:30:00,60824.3,60888.0,60813.6,60875.3,2.131316,0.461106,1.670210,-2469.722558
1782347700,2026-06-25 00:35:00,60875.2,60875.2,60771.5,60782.9,0.723160,0.852673,-0.129513,-2469.852071
1782348000,2026-06-25 00:40:00,60786.7,60832.5,60760.0,60760.1,0.976973,0.650619,0.326354,-2469.525717
1782348300,2026-06-25 00:45:00,60760.0,60760.1,60668.5,60729.5,0.692337,0.941528,-0.249191,-2469.774907
1782348600,2026-06-25 00:50:00,60745.5,60816.6,60731.3,60744.8,0.286693,0.237781,0.048912,-2469.725995
1782348900,2026-06-25 00:55:00,60729.5,60731.3,60653.5,60725.8,11.227826,1.725567,9.502259,-2460.223736
1782349200,2026-06-25 01:00:00,60725.9,60781.3,60651.4,60675.6,1.773626,5.913664,-4.140039,-2464.363775
1782349500,2026-06-25 01:05:00,60675.6,60709.3,60646.3,60661.3,9.362583,0.362386,9.000197,-2455.363578
1782349800,2026-06-25 01:10:00,60662.4,60694.3,60656.5,60662.4,1.040657,1.102567,-0.061910,-2455.425488
1782350100,2026-06-25 01:15:00,60667.4,60721.1,60645.0,60680.7,0.500708,9.248785,-8.748077,-2464.173565
1782350400,2026-06-25 01:20:00,60681.4,60833.2,60681.4,60780.1,3.297031,1.723406,1.573626,-2462.599939
1782350700,2026-06-25 01:25:00,60780.2,60781.9,60715.0,60763.3,0.549019,0.589613,-0.040594,-2462.640533
1782351000,2026-06-25 01:30:00,60763.3,60806.6,60711.3,60730.7,0.963117,2.911510,-1.948393,-2464.588926
1782351300,2026-06-25 01:35:00,60730.6,60802.6,60723.9,60770.9,0.752006,0.484564,0.267442,-2464.321484
1782351600,2026-06-25 01:40:00,60770.9,60770.9,60720.6,60726.4,2.101549,0.314522,1.787028,-2462.534456
1782351900,2026-06-25 01:45:00,60728.3,60779.6,60710.9,60779.6,4.779455,0.089498,4.689957,-2457.844499
1782352200,2026-06-25 01:50:00,60779.6,60872.8,60779.6,60839.2,1.417063,0.588232,0.828831,-2457.015668
1782352500,2026-06-25 01:55:00,60840.6,60896.2,60799.9,60831.5,2.352037,0.784101,1.567935,-2455.447732
1782352800,2026-06-25 02:00:00,60831.4,60859.1,60795.0,60818.0,0.341958,5.952205,-5.610247,-2461.057979
1782353100,2026-06-25 02:05:00,60805.3,60805.3,60752.9,60756.6,0.223774,0.746484,-0.522710,-2461.580689
1782353400,2026-06-25 02:10:00,60766.5,60766.5,60628.3,60688.9,1.255001,17.481994,-16.226994,-2477.807683
1782353700,2026-06-25 02:15:00,60687.3,60807.8,60655.7,60807.8,0.672147,0.466842,0.205306,-2477.602377
1782354000,2026-06-25 02:20:00,60807.8,60827.6,60760.1,60760.1,0.694763,0.150599,0.544164,-2477.058214
1782354300,2026-06-25 02:25:00,60757.2,60835.4,60757.1,60835.4,0.632068,0.014530,0.617539,-2476.440675
1782354600,2026-06-25 02:30:00,60835.3,60835.3,60766.5,60793.8,0.610496,0.866151,-0.255656,-2476.696331
1782354900,2026-06-25 02:35:00,60793.8,60820.4,60793.8,60815.8,1.714277,1.033888,0.680389,-2476.015942
1782355200,2026-06-25 02:40:00,60815.9,60827.0,60660.4,60662.5,1.305231,2.161683,-0.856452,-2476.872394
1782355500,2026-06-25 02:45:00,60662.5,60730.3,60634.8,60651.1,1.893177,3.387869,-1.494692,-2478.367085
1782355800,2026-06-25 02:50:00,60651.1,60681.7,60589.3,60681.7,1.706132,1.483273,0.222860,-2478.144226
1782356100,2026-06-25 02:55:00,60679.8,60701.7,60649.9,60701.7,1.213075,0.571609,0.641466,-2477.502759
1782356400,2026-06-25 03:00:00,60701.8,60771.2,60700.2,60723.5,0.280179,2.749801,-2.469622,-2479.972382
1782356700,2026-06-25 03:05:00,60714.4,60730.5,60657.7,60723.8,0.465251,1.452834,-0.987583,-2480.959965
1782357000,2026-06-25 03:10:00,60725.0,60725.1,60627.1,60664.2,0.280792,0.274906,0.005886,-2480.954078
1782357300,2026-06-25 03:15:00,60664.1,60745.2,60600.1,60745.1,0.362740,1.411584,-1.048844,-2482.002922
1782357600,2026-06-25 03:20:00,60745.2,60745.2,60689.9,60726.5,1.311286,0.106082,1.205205,-2480.797717
1782357900,2026-06-25 03:25:00,60721.8,60735.9,60706.6,60732.6,0.328488,0.791203,-0.462715,-2481.260432
1782358200,2026-06-25 03:30:00,60708.8,60749.6,60687.6,60713.7,1.229771,0.453337,0.776434,-2480.483997
1782358500,2026-06-25 03:35:00,60710.4,60710.4,60658.6,60673.8,0.035120,1.406688,-1.371568,-2481.855565
1782358800,2026-06-25 03:40:00,60673.8,60686.8,60659.4,60659.5,0.213388,0.094797,0.118590,-2481.736975
1782359100,2026-06-25 03:45:00,60659.5,60713.8,60659.4,60696.6,0.670244,0.325556,0.344687,-2481.392287
1782359400,2026-06-25 03:50:00,60696.7,60748.4,60696.6,60748.4,0.313820,0.907028,-0.593209,-2481.985496
1782359700,2026-06-25 03:55:00,60748.4,60799.2,60748.3,60795.1,0.852313,0.113642,0.738671,-2481.246825
1782360000,2026-06-25 04:00:00,60795.1,60800.0,60781.6,60788.7,0.273835,2.452023,-2.178188,-2483.425013
1782360300,2026-06-25 04:05:00,60788.6,60788.6,60750.6,60752.6,0.137626,1.630295,-1.492669,-2484.917683
1782360600,2026-06-25 04:10:00,60752.6,60764.3,60715.5,60723.4,0.221560,4.298207,-4.076647,-2488.994329
1782360900,2026-06-25 04:15:00,60726.2,60739.4,60690.8,60728.5,0.763153,4.573171,-3.810018,-2492.804348
1782361200,2026-06-25 04:20:00,60730.7,60819.5,60718.3,60803.0,0.446881,2.432283,-1.985402,-2494.789750
1782361500,2026-06-25 04:25:00,60803.0,60814.4,60784.5,60805.6,5.660370,0.121147,5.539223,-2489.250527
1782361800,2026-06-25 04:30:00,60805.5,60805.5,60723.0,60739.5,0.148061,0.565882,-0.417821,-2489.668348
1782362100,2026-06-25 04:35:00,60739.4,60850.0,60739.4,60849.9,0.895616,0.391925,0.503692,-2489.164656
1782362400,2026-06-25 04:40:00,60849.9,60860.9,60804.2,60860.9,0.165372,0.459475,-0.294103,-2489.458759
1782362700,2026-06-25 04:45:00,60860.9,60967.2,60860.8,60967.2,2.983540,0.391652,2.591887,-2486.866872
1782363000,2026-06-25 04:50:00,60970.0,61130.4,60970.0,61114.0,27.805716,2.734863,25.070853,-2461.796019
1782363300,2026-06-25 04:55:00,61113.9,61333.1,61097.6,61263.2,77.692007,1.098323,76.593684,-2385.202335
1782363600,2026-06-25 05:00:00,61263.2,61492.0,61189.2,61420.9,41.127423,7.200451,33.926972,-2351.275362
1782363900,2026-06-25 05:05:00,61420.8,61610.1,61394.7,61568.2,94.295160,6.937600,87.357559,-2263.917803
1782364200,2026-06-25 05:10:00,61585.0,61585.0,61437.8,61538.7,4.049761,2.051355,1.998407,-2261.919396
1782364500,2026-06-25 05:15:00,61538.7,61597.8,61465.2,61507.3,2.459233,0.610287,1.848945,-2260.070451
1782364800,2026-06-25 05:20:00,61507.3,61700.0,61393.2,61581.2,9.127495,0.363689,8.763806,-2251.306645
1782365100,2026-06-25 05:25:00,61580.7,61580.7,61501.9,61506.6,1.492559,0.324144,1.168415,-2250.138230
1782365400,2026-06-25 05:30:00,61506.6,61559.9,61478.7,61547.4,2.482324,0.074940,2.407385,-2247.730845
1782365700,2026-06-25 05:35:00,61547.4,61550.0,61469.4,61469.4,0.851260,45.021982,-44.170722,-2291.901567
1782366000,2026-06-25 05:40:00,61469.3,61501.0,61445.4,61457.7,12.588452,1.363456,11.224995,-2280.676572
1782366300,2026-06-25 05:45:00,61445.3,61499.1,61408.3,61487.7,0.570105,3.911795,-3.341690,-2284.018262
1782366600,2026-06-25 05:50:00,61487.7,61578.9,61487.6,61529.7,2.328198,1.126984,1.201213,-2282.817048
1782366900,2026-06-25 05:55:00,61520.1,61564.2,61511.3,61518.5,1.064985,0.441558,0.623428,-2282.193621
1782367200,2026-06-25 06:00:00,61518.5,61564.8,61518.5,61525.7,3.733229,0.024195,3.709033,-2278.484587
1782367500,2026-06-25 06:05:00,61525.6,61583.4,61509.0,61583.1,0.844255,0.086580,0.757675,-2277.726912
1782367800,2026-06-25 06:10:00,61583.2,61684.9,61583.1,61646.7,15.727429,0.451363,15.276066,-2262.450846
1782368100,2026-06-25 06:15:00,61631.5,61698.0,61595.5,61629.7,3.567029,0.584140,2.982889,-2259.467958
1782368400,2026-06-25 06:20:00,61629.6,61629.7,61553.9,61567.9,1.391500,2.098137,-0.706638,-2260.174595
1782368700,2026-06-25 06:25:00,61567.8,61589.5,61557.6,61580.1,1.283369,0.243868,1.039501,-2259.135094
1782369000,2026-06-25 06:30:00,61580.1,61633.7,61562.8,61620.1,0.508543,0.063148,0.445395,-2258.689699
1782369300,2026-06-25 06:35:00,61620.1,61621.1,61576.1,61616.4,0.258168,0.643615,-0.385447,-2259.075146
1782369600,2026-06-25 06:40:00,61616.4,61649.0,61594.0,61643.5,1.199829,0.188852,1.010977,-2258.064169
1782369900,2026-06-25 06:45:00,61649.6,61676.2,61645.0,61676.2,0.671374,0.702020,-0.030647,-2258.094816
1782370200,2026-06-25 06:50:00,61676.1,61690.0,61676.1,61676.1,0.748862,0.285088,0.463774,-2257.631042
1782370500,2026-06-25 06:55:00,61676.1,61757.3,61625.8,61625.9,1.827096,2.846161,-1.019065,-2258.650107
1782370800,2026-06-25 07:00:00,61625.9,61674.7,61565.7,61635.3,0.474615,7.936234,-7.461620,-2266.111727
1782371100,2026-06-25 07:05:00,61632.4,61659.0,61569.2,61659.0,0.980658,2.445051,-1.464393,-2267.576120
1782371400,2026-06-25 07:10:00,61658.9,61711.2,61624.3,61665.2,5.332513,7.015063,-1.682550,-2269.258670
1782371700,2026-06-25 07:15:00,61665.1,61799.4,61665.0,61760.0,1.556952,7.335816,-5.778863,-2275.037533
1782372000,2026-06-25 07:20:00,61759.4,61759.5,61675.0,61747.0,1.418489,2.178828,-0.760339,-2275.797872
1782372300,2026-06-25 07:25:00,61746.9,61757.1,61712.4,61713.7,0.706968,0.225750,0.481218,-2275.316653
1782372600,2026-06-25 07:30:00,61713.6,61770.1,61712.5,61759.7,1.008371,1.191572,-0.183201,-2275.499854
1782372900,2026-06-25 07:35:00,61757.5,61821.8,61757.5,61821.7,2.141833,0.054952,2.086881,-2273.412973
1782373200,2026-06-25 07:40:00,61821.7,61858.8,61809.3,61824.9,2.982792,1.495980,1.486812,-2271.926161
1782373500,2026-06-25 07:45:00,61823.0,61823.1,61752.6,61752.6,2.285125,0.469351,1.815774,-2270.110386
1782373800,2026-06-25 07:50:00,61752.6,61780.0,61712.4,61765.1,2.581889,0.769537,1.812352,-2268.298035
1782374100,2026-06-25 07:55:00,61765.1,61832.9,61757.9,61817.5,2.653731,0.424793,2.228938,-2266.069097
1782374400,2026-06-25 08:00:00,61818.8,61822.0,61754.0,61754.1,0.336296,2.273902,-1.937606,-2268.006703
1782374700,2026-06-25 08:05:00,61754.1,61754.4,61664.7,61700.0,0.479332,0.412200,0.067133,-2267.939570
1782375000,2026-06-25 08:10:00,61699.9,61713.7,61699.9,61707.0,0.242883,5.064221,-4.821338,-2272.760908
1782375300,2026-06-25 08:15:00,61707.0,61707.0,61650.1,61654.3,0.608518,0.315772,0.292746,-2272.468162
1782375600,2026-06-25 08:20:00,61654.2,61664.9,61635.3,61635.3,0.219713,1.285173,-1.065460,-2273.533622
1782375900,2026-06-25 08:25:00,61635.2,61689.9,61623.6,61683.6,2.778045,0.383068,2.394977,-2271.138645
1782376200,2026-06-25 08:30:00,61689.4,61689.4,61647.5,61650.0,0.234035,2.920806,-2.686771,-2273.825416
1782376500,2026-06-25 08:35:00,61650.1,61650.1,61625.0,61630.4,0.135949,2.493522,-2.357573,-2276.182989
1782376800,2026-06-25 08:40:00,61630.5,61669.6,61630.4,61665.4,0.360895,0.051817,0.309079,-2275.873910
1782377100,2026-06-25 08:45:00,61663.3,61697.6,61663.3,61697.6,6.231675,0.226418,6.005257,-2269.868652
1782377400,2026-06-25 08:50:00,61698.0,61698.0,61677.5,61682.3,0.135292,2.230116,-2.094825,-2271.963477
1782377700,2026-06-25 08:55:00,61682.4,61683.0,61599.9,61600.0,6.049907,4.701271,1.348636,-2270.614841
1782378000,2026-06-25 09:00:00,61600.0,61645.2,61599.9,61633.8,8.212561,1.162435,7.050126,-2263.564715
1782378300,2026-06-25 09:05:00,61635.9,61662.9,61618.9,61662.1,0.732681,0.085191,0.647490,-2262.917225
1782378600,2026-06-25 09:10:00,61660.0,61695.7,61655.4,61664.3,1.176089,0.099103,1.076986,-2261.840239
1782378900,2026-06-25 09:15:00,61662.8,61667.2,61625.8,61637.5,0.186291,0.033034,0.153257,-2261.686982
1782379200,2026-06-25 09:20:00,61632.0,61632.1,61515.8,61567.7,0.183165,2.046130,-1.862966,-2263.549948
1782379500,2026-06-25 09:25:00,61567.6,61611.8,61551.7,61611.7,0.222822,0.319327,-0.096505,-2263.646453
1782379800,2026-06-25 09:30:00,61604.4,61651.0,61600.0,61643.6,0.732548,0.266463,0.466085,-2263.180368
1782380100,2026-06-25 09:35:00,61642.6,61679.8,61608.9,61635.0,2.511578,0.109924,2.401654,-2260.778714
1782380400,2026-06-25 09:40:00,61636.7,61674.2,61636.7,61658.4,0.905938,0.086897,0.819042,-2259.959673
1782380700,2026-06-25 09:45:00,61658.4,61667.3,61653.5,61657.5,0.207171,6.842720,-6.635549,-2266.595222
1782381000,2026-06-25 09:50:00,61657.5,61674.4,61647.5,61653.1,0.151331,0.245318,-0.093987,-2266.689209
1782381300,2026-06-25 09:55:00,61652.3,61656.6,61605.8,61651.7,0.212516,3.797751,-3.585235,-2270.274444
1782381600,2026-06-25 10:00:00,61650.1,61656.3,61640.0,61640.1,0.770293,0.383690,0.386602,-2269.887842
1782381900,2026-06-25 10:05:00,61640.0,61643.3,61571.6,61582.1,1.299933,2.319149,-1.019216,-2270.907058
1782382200,2026-06-25 10:10:00,61582.6,61590.0,61560.2,61590.0,0.208089,0.796426,-0.588337,-2271.495395
1782382500,2026-06-25 10:15:00,61590.0,61656.5,61564.5,61564.5,3.754621,1.999741,1.754880,-2269.740514
1782382800,2026-06-25 10:20:00,61564.6,61568.0,61487.4,61498.9,1.154683,9.204297,-8.049614,-2277.790128
1782383100,2026-06-25 10:25:00,61499.0,61516.2,61489.8,61492.6,0.356668,0.351037,0.005631,-2277.784497
1782383400,2026-06-25 10:30:00,61492.5,61492.6,61466.7,61466.8,0.179327,3.432003,-3.252676,-2281.037173
1782383700,2026-06-25 10:35:00,61466.7,61473.4,61431.2,61433.6,0.584764,4.801952,-4.217187,-2285.254361
1782384000,2026-06-25 10:40:00,61433.4,61434.0,61296.2,61312.6,0.249764,11.022238,-10.772474,-2296.026835
1782384300,2026-06-25 10:45:00,61312.7,61312.7,61222.6,61240.2,2.474105,7.299762,-4.825657,-2300.852493
1782384600,2026-06-25 10:50:00,61239.8,61281.6,61239.8,61248.2,0.335989,3.301924,-2.965935,-2303.818428
1782384900,2026-06-25 10:55:00,61248.2,61248.2,61176.0,61186.0,6.570839,2.846933,3.723906,-2300.094522
1782385200,2026-06-25 11:00:00,61181.6,61239.9,61074.6,61125.7,1.275713,2.628645,-1.352931,-2301.447453
1782385500,2026-06-25 11:05:00,61125.6,61125.6,60991.7,60991.7,3.901673,7.617422,-3.715749,-2305.163202
1782385800,2026-06-25 11:10:00,60991.7,61281.4,60991.7,61277.0,5.968852,1.235760,4.733092,-2300.430110
1782386100,2026-06-25 11:15:00,61269.1,61328.9,61206.2,61245.6,1.023601,0.776762,0.246839,-2300.183271
1782386400,2026-06-25 11:20:00,61252.3,61285.6,61173.4,61189.4,0.812283,1.001669,-0.189385,-2300.372657
1782386700,2026-06-25 11:25:00,61191.6,61214.9,61162.8,61162.8,5.198699,0.300753,4.897946,-2295.474711
1782387000,2026-06-25 11:30:00,61162.9,61209.2,61161.2,61167.4,0.526651,0.336269,0.190382,-2295.284329
1782387300,2026-06-25 11:35:00,61171.0,61266.3,61162.9,61241.1,1.856613,2.306162,-0.449550,-2295.733878
1782387600,2026-06-25 11:40:00,61241.1,61285.9,61230.4,61230.5,21.415239,0.543916,20.871323,-2274.862555
1782387900,2026-06-25 11:45:00,61230.5,61230.5,61078.4,61079.8,0.289795,6.631145,-6.341350,-2281.203904
1782388200,2026-06-25 11:50:00,61079.8,61151.1,61058.6,61081.2,0.904835,2.757500,-1.852665,-2283.056570
1782388500,2026-06-25 11:55:00,61081.3,61190.8,61081.3,61190.8,3.050639,0.015314,3.035325,-2280.021245
1782388800,2026-06-25 12:00:00,61190.9,61280.4,61132.5,61153.4,7.052691,9.027955,-1.975264,-2281.996508
1782389100,2026-06-25 12:05:00,61153.3,61183.9,61074.3,61154.0,1.169618,2.403735,-1.234118,-2283.230626
1782389400,2026-06-25 12:10:00,61147.5,61147.5,61096.8,61112.0,0.291357,11.046134,-10.754777,-2293.985403
1782389700,2026-06-25 12:15:00,61112.0,61141.9,61063.9,61064.5,0.469178,1.793550,-1.324373,-2295.309775
1782390000,2026-06-25 12:20:00,61063.9,61123.7,61061.7,61110.7,2.823941,0.586182,2.237759,-2293.072017
1782390300,2026-06-25 12:25:00,61114.2,61165.3,60985.5,61011.6,0.836244,6.677537,-5.841293,-2298.913310
1782390600,2026-06-25 12:30:00,61014.8,61632.1,61014.8,61276.5,16.625448,11.602469,5.022979,-2293.890331
1782390900,2026-06-25 12:35:00,61277.6,61362.0,61234.3,61322.9,2.821785,1.674029,1.147756,-2292.742574
1782391200,2026-06-25 12:40:00,61326.3,61338.4,61246.9,61283.4,7.440921,2.998650,4.442271,-2288.300303
1782391500,2026-06-25 12:45:00,61286.2,61314.5,61216.5,61253.5,0.663957,2.123652,-1.459695,-2289.759998
1782391800,2026-06-25 12:50:00,61246.9,61312.9,61216.5,61216.6,0.806923,0.468896,0.338026,-2289.421972
1782392100,2026-06-25 12:55:00,61216.6,61216.6,61064.1,61146.6,0.630927,3.250243,-2.619317,-2292.041288
1782392400,2026-06-25 13:00:00,61146.6,61209.7,61113.7,61161.1,7.091363,0.274186,6.817177,-2285.224111
1782392700,2026-06-25 13:05:00,61161.1,61169.7,61082.7,61122.5,0.991797,3.896897,-2.905100,-2288.129211
1782393000,2026-06-25 13:10:00,61122.5,61254.8,61099.3,61225.0,0.368437,7.101502,-6.733065,-2294.862276
1782393300,2026-06-25 13:15:00,61220.7,61255.5,61190.9,61226.2,0.859273,0.581389,0.277884,-2294.584392
1782393600,2026-06-25 13:20:00,61226.1,61226.1,61126.6,61151.5,0.423528,0.241584,0.181944,-2294.402448
1782393900,2026-06-25 13:25:00,61151.5,61162.4,61096.6,61144.8,2.353088,1.572691,0.780397,-2293.622052
1782394200,2026-06-25 13:30:00,61143.7,61219.1,60794.5,60910.7,21.262375,31.707172,-10.444798,-2304.066849
1782394500,2026-06-25 13:35:00,60908.6,60974.4,60595.3,60595.3,10.133970,29.421672,-19.287702,-2323.354552
1782394800,2026-06-25 13:40:00,60588.0,60588.0,60000.0,60000.0,9.568352,69.496066,-59.927714,-2383.282265
1782395100,2026-06-25 13:45:00,60000.0,60134.3,59200.7,59430.0,82.563607,79.754310,2.809297,-2380.472969
1782395400,2026-06-25 13:50:00,59424.4,59508.0,58633.2,58680.9,38.348098,183.860070,-145.511972,-2525.984941
1782395700,2026-06-25 13:55:00,58686.3,58816.3,58033.0,58218.9,54.631448,182.643417,-128.011969,-2653.996910
1782396000,2026-06-25 14:00:00,58224.5,59096.7,58224.5,58843.1,109.960616,97.638928,12.321688,-2641.675222
1782396300,2026-06-25 14:05:00,58842.9,59407.4,58800.0,59380.3,84.898522,35.626564,49.271958,-2592.403263
1782396600,2026-06-25 14:10:00,59399.6,59664.8,59150.2,59150.2,21.217085,28.647508,-7.430423,-2599.833686
1782396900,2026-06-25 14:15:00,59173.5,59315.2,58666.6,59114.7,22.603789,74.324855,-51.721065,-2651.554752
1782397200,2026-06-25 14:20:00,59111.0,59455.8,59064.0,59232.1,32.140737,19.728211,12.412527,-2639.142225
1782397500,2026-06-25 14:25:00,59232.0,59449.9,59232.0,59248.8,4.048869,11.932364,-7.883495,-2647.025720
1782397800,2026-06-25 14:30:00,59248.7,60410.2,59100.1,59973.3,146.833030,49.738901,97.094129,-2549.931591
1782398100,2026-06-25 14:35:00,59940.2,59956.0,59486.2,59679.9,16.712590,47.063459,-30.350869,-2580.282460
1782398400,2026-06-25 14:40:00,59655.0,59655.0,59329.0,59398.6,9.823851,12.627365,-2.803514,-2583.085974
1782398700,2026-06-25 14:45:00,59398.5,59445.6,59272.1,59399.5,4.398172,10.274232,-5.876061,-2588.962034
1782399000,2026-06-25 14:50:00,59406.8,59678.9,59404.1,59618.6,48.181444,8.492977,39.688466,-2549.273568
1782399300,2026-06-25 14:55:00,59613.8,59645.0,59351.4,59384.3,5.082840,22.314812,-17.231972,-2566.505540
1782399600,2026-06-25 15:00:00,59386.0,59386.0,58977.8,59244.9,9.925506,47.605715,-37.680208,-2604.185748
1782399900,2026-06-25 15:05:00,59237.1,59325.7,59088.4,59190.4,5.036433,5.603810,-0.567377,-2604.753125
1782400200,2026-06-25 15:10:00,59190.5,59190.5,58965.0,58966.3,11.988324,9.756592,2.231733,-2602.521392
1782400500,2026-06-25 15:15:00,58966.3,59257.8,58786.0,59226.4,17.934014,10.402667,7.531347,-2594.990046
1782400800,2026-06-25 15:20:00,59226.5,59279.2,59066.1,59279.2,3.037592,15.543509,-12.505917,-2607.495963
1782401100,2026-06-25 15:25:00,59279.1,59279.1,59127.4,59155.8,1.915170,8.863724,-6.948554,-2614.444517
1782401400,2026-06-25 15:30:00,59155.9,59239.1,59081.4,59173.0,4.945021,5.220456,-0.275435,-2614.719952
1782401700,2026-06-25 15:35:00,59173.1,59448.0,59162.3,59162.4,13.327433,2.690068,10.637366,-2604.082586
1782402000,2026-06-25 15:40:00,59162.3,59191.8,58995.3,59115.5,5.998182,6.337564,-0.339382,-2604.421968
1782402300,2026-06-25 15:45:00,59115.5,59291.5,59085.5,59156.7,7.448308,1.068579,6.379728,-2598.042240
1782402600,2026-06-25 15:50:00,59156.7,59350.4,59156.7,59316.1,3.522209,7.543384,-4.021174,-2602.063414
1782402900,2026-06-25 15:55:00,59309.0,59581.5,59306.2,59469.4,10.273094,6.928853,3.344241,-2598.719173
1782403200,2026-06-25 16:00:00,59470.2,59537.1,59427.2,59473.1,3.535355,2.655098,0.880257,-2597.838916
1782403500,2026-06-25 16:05:00,59473.3,59863.7,59381.6,59863.7,81.931878,4.548330,77.383548,-2520.455368
1782403800,2026-06-25 16:10:00,59843.3,59974.2,59589.5,59670.5,11.725143,4.009480,7.715663,-2512.739705
1782404100,2026-06-25 16:15:00,59674.0,59747.5,59586.6,59701.8,4.710997,5.489627,-0.778630,-2513.518335
1782404400,2026-06-25 16:20:00,59736.2,59753.6,59609.9,59681.9,26.938053,5.703270,21.234783,-2492.283552
1782404700,2026-06-25 16:25:00,59681.9,59691.8,59619.3,59663.0,1.287080,0.907479,0.379601,-2491.903952
1782405000,2026-06-25 16:30:00,59663.0,59663.0,59307.6,59319.7,2.130489,18.759210,-16.628721,-2508.532673
1782405300,2026-06-25 16:35:00,59312.0,59423.7,59212.9,59241.9,4.101859,16.890194,-12.788335,-2521.321008
1782405600,2026-06-25 16:40:00,59253.2,59272.8,59158.4,59181.8,65.828804,8.488186,57.340619,-2463.980389
1782405900,2026-06-25 16:45:00,59181.9,59265.5,59084.9,59242.8,2.675071,5.322669,-2.647598,-2466.627987
1782406200,2026-06-25 16:50:00,59252.1,59284.6,59172.4,59212.0,0.467415,3.842290,-3.374875,-2470.002863
1782406500,2026-06-25 16:55:00,59212.0,59249.4,59138.3,59224.7,1.516027,4.089024,-2.572997,-2472.575860
1782406800,2026-06-25 17:00:00,59223.4,59273.3,59037.3,59092.0,4.283926,75.555257,-71.271331,-2543.847191
1782407100,2026-06-25 17:05:00,59090.1,59161.6,59033.3,59161.5,5.144876,72.793768,-67.648892,-2611.496083
1782407400,2026-06-25 17:10:00,59163.5,59348.8,59163.5,59304.2,34.482178,18.330048,16.152130,-2595.343953
1782407700,2026-06-25 17:15:00,59307.5,59503.7,59307.5,59323.5,4.836608,1.549685,3.286924,-2592.057029
1782408000,2026-06-25 17:20:00,59325.5,59446.3,59252.3,59390.1,5.634435,3.141668,2.492766,-2589.564263
1782408300,2026-06-25 17:25:00,59390.1,59502.8,59356.1,59472.5,10.289835,3.777072,6.512763,-2583.051500
1782408600,2026-06-25 17:30:00,59482.8,59502.5,59413.9,59444.5,1.895141,1.746852,0.148289,-2582.903211
1782408900,2026-06-25 17:35:00,59437.2,59628.7,59437.1,59586.5,4.588349,2.157067,2.431282,-2580.471929
1782409200,2026-06-25 17:40:00,59579.6,59599.3,59449.2,59449.2,2.614295,1.938456,0.675840,-2579.796089
1782409500,2026-06-25 17:45:00,59447.7,59447.8,59372.9,59419.9,0.908347,0.537345,0.371003,-2579.425086
1782409800,2026-06-25 17:50:00,59419.9,59537.7,59372.8,59505.2,2.200659,0.652185,1.548474,-2577.876612
1782410100,2026-06-25 17:55:00,59511.2,59589.4,59403.1,59589.4,0.911484,6.329836,-5.418352,-2583.294964
1782410400,2026-06-25 18:00:00,59589.4,59685.3,59467.0,59589.4,6.702359,4.254318,2.448041,-2580.846923
1782410700,2026-06-25 18:05:00,59587.8,59595.0,59484.3,59560.7,1.912776,1.461595,0.451181,-2580.395742
1782411000,2026-06-25 18:10:00,59560.5,59572.8,59318.7,59318.7,0.722834,2.465553,-1.742719,-2582.138461
1782411300,2026-06-25 18:15:00,59319.7,59640.9,59314.9,59578.8,5.586549,4.057593,1.528956,-2580.609505
1782411600,2026-06-25 18:20:00,59581.8,59637.6,59466.8,59474.2,11.236941,2.151775,9.085166,-2571.524339
1782411900,2026-06-25 18:25:00,59474.1,59628.1,59474.1,59628.1,3.660152,3.861211,-0.201059,-2571.725398
1782412200,2026-06-25 18:30:00,59628.1,59628.1,59330.9,59330.9,1.349242,6.170658,-4.821416,-2576.546814
1782412500,2026-06-25 18:35:00,59330.8,59420.2,59314.9,59336.4,2.562571,2.433927,0.128644,-2576.418170
1782412800,2026-06-25 18:40:00,59340.0,59376.3,59314.9,59340.1,0.370421,1.603184,-1.232763,-2577.650934
1782413100,2026-06-25 18:45:00,59340.0,59411.7,59279.2,59380.2,0.498913,0.965965,-0.467051,-2578.117985
1782413400,2026-06-25 18:50:00,59380.1,59488.6,59355.4,59422.5,4.676072,3.367712,1.308360,-2576.809625
1782413700,2026-06-25 18:55:00,59422.5,59507.7,59401.1,59407.3,0.739576,0.766949,-0.027373,-2576.836998
1782414000,2026-06-25 19:00:00,59413.2,59428.9,59284.3,59309.0,1.857869,6.114486,-4.256617,-2581.093615
1782414300,2026-06-25 19:05:00,59308.9,59321.5,59229.4,59263.7,7.151689,10.867225,-3.715535,-2584.809150
1782414600,2026-06-25 19:10:00,59281.1,59281.2,59144.2,59159.1,0.416527,6.855053,-6.438526,-2591.247677
1782414900,2026-06-25 19:15:00,59158.5,59202.9,59143.9,59151.0,0.881404,4.059317,-3.177913,-2594.425590
1782415200,2026-06-25 19:20:00,59150.9,59221.4,59081.9,59147.5,3.323062,5.679238,-2.356176,-2596.781766
1782415500,2026-06-25 19:25:00,59151.1,59252.8,59151.1,59235.8,0.721822,0.808736,-0.086914,-2596.868680
1782415800,2026-06-25 19:30:00,59241.8,59305.9,59202.8,59305.9,1.841078,0.766849,1.074229,-2595.794451
1782416100,2026-06-25 19:35:00,59305.9,59305.9,59219.1,59231.9,1.284163,7.281226,-5.997063,-2601.791514
1782416400,2026-06-25 19:40:00,59274.2,59338.3,59191.4,59211.2,0.593710,1.419497,-0.825786,-2602.617300
1782416700,2026-06-25 19:45:00,59211.2,59211.2,59102.1,59164.9,0.960736,2.325095,-1.364359,-2603.981659
1782417000,2026-06-25 19:50:00,59181.5,59254.0,59172.1,59249.8,0.984913,1.244369,-0.259456,-2604.241115
1782417300,2026-06-25 19:55:00,59254.0,59265.4,59191.6,59199.1,1.876795,4.598444,-2.721649,-2606.962764
1782417600,2026-06-25 20:00:00,59238.8,59623.6,59229.4,59623.6,28.964399,9.125696,19.838702,-2587.124062
1782417900,2026-06-25 20:05:00,59623.6,59645.2,59521.7,59537.5,21.417210,1.374158,20.043052,-2567.081010
1782418200,2026-06-25 20:10:00,59537.4,59537.4,59445.6,59478.0,6.410261,3.225902,3.184359,-2563.896650
1782418500,2026-06-25 20:15:00,59480.9,59539.8,59470.1,59500.6,1.652028,1.543019,0.109009,-2563.787641
1782418800,2026-06-25 20:20:00,59500.7,59543.5,59498.2,59517.4,0.534467,4.406050,-3.871582,-2567.659224
1782419100,2026-06-25 20:25:00,59517.5,59624.1,59517.5,59538.2,0.360198,0.538246,-0.178048,-2567.837271
1782419400,2026-06-25 20:30:00,59521.5,59550.0,59376.2,59441.6,1.520832,1.202043,0.318789,-2567.518482
1782419700,2026-06-25 20:35:00,59441.6,59518.8,59343.2,59343.2,2.185284,2.364185,-0.178901,-2567.697383
1782420000,2026-06-25 20:40:00,59343.2,59424.8,59324.5,59422.5,0.662659,20.456152,-19.793493,-2587.490876
1782420300,2026-06-25 20:45:00,59422.4,59422.5,59340.5,59355.1,0.548673,1.479048,-0.930375,-2588.421251
1782420600,2026-06-25 20:50:00,59353.9,59353.9,59272.6,59279.3,2.181970,2.183074,-0.001104,-2588.422355
1782420900,2026-06-25 20:55:00,59279.3,59363.8,59250.0,59363.8,1.860132,1.140742,0.719390,-2587.702965
1782421200,2026-06-25 21:00:00,59362.1,59415.2,59362.1,59411.3,8.845849,0.287668,8.558181,-2579.144784
1782421500,2026-06-25 21:05:00,59415.7,59475.3,59399.1,59450.0,5.377067,1.058397,4.318670,-2574.826114
1782421800,2026-06-25 21:10:00,59449.9,59517.0,59444.1,59516.9,2.413045,0.587831,1.825214,-2573.000899
1782422100,2026-06-25 21:15:00,59517.0,59533.0,59457.2,59493.5,2.010776,4.231158,-2.220382,-2575.221282
1782422400,2026-06-25 21:20:00,59494.2,59540.7,59493.8,59537.8,9.014503,2.979420,6.035084,-2569.186198
1782422700,2026-06-25 21:25:00,59537.1,59617.4,59527.0,59617.3,5.486724,0.331575,5.155150,-2564.031048
1782423000,2026-06-25 21:30:00,59618.8,59855.6,59618.6,59842.5,23.017991,2.691050,20.326941,-2543.704107
1782423300,2026-06-25 21:35:00,59842.4,59890.9,59802.5,59813.5,2.492021,2.549981,-0.057960,-2543.762067
1782423600,2026-06-25 21:40:00,59813.4,59866.4,59760.6,59866.4,2.156333,0.447226,1.709108,-2542.052960
1782423900,2026-06-25 21:45:00,59866.5,59895.8,59803.4,59825.0,6.733370,0.579429,6.153941,-2535.899019
1782424200,2026-06-25 21:50:00,59827.5,59980.4,59827.5,59957.1,10.906100,1.425311,9.480789,-2526.418230
1782424500,2026-06-25 21:55:00,59957.1,60142.1,59901.4,60119.6,35.052624,1.612048,33.440576,-2492.977653
1782424800,2026-06-25 22:00:00,60116.9,60116.9,60014.4,60039.8,0.997627,3.425784,-2.428156,-2495.405810
1782425100,2026-06-25 22:05:00,60039.8,60039.8,59887.8,59896.1,1.447102,6.801675,-5.354573,-2500.760383
1782425400,2026-06-25 22:10:00,59896.2,59896.2,59787.7,59814.9,1.739047,6.092803,-4.353756,-2505.114139
1782425700,2026-06-25 22:15:00,59805.6,59916.0,59784.0,59797.1,6.273302,1.771566,4.501736,-2500.612402
1782426000,2026-06-25 22:20:00,59791.5,59791.5,59721.8,59753.9,3.174916,30.355006,-27.180090,-2527.792492
1782426300,2026-06-25 22:25:00,59753.9,59769.4,59720.0,59720.1,33.278600,1.288416,31.990184,-2495.802308
1782426600,2026-06-25 22:30:00,59720.1,59744.6,59659.0,59700.0,0.502451,1.732308,-1.229857,-2497.032165
1782426900,2026-06-25 22:35:00,59700.0,59787.8,59678.6,59699.2,1.653362,0.330202,1.323160,-2495.709006
1782427200,2026-06-25 22:40:00,59702.2,59727.0,59692.1,59707.2,5.493306,0.079224,5.414081,-2490.294924
1782427500,2026-06-25 22:45:00,59707.2,59771.6,59653.4,59669.4,0.189566,0.758967,-0.569401,-2490.864325
1782427800,2026-06-25 22:50:00,59669.4,59743.6,59669.3,59739.8,2.649544,1.438117,1.211427,-2489.652897
1782428100,2026-06-25 22:55:00,59755.1,59827.8,59720.3,59757.5,3.279973,5.324076,-2.044103,-2491.697000
1782428400,2026-06-25 23:00:00,59757.9,59837.0,59742.5,59819.0,0.450283,0.092948,0.357336,-2491.339665
1782428700,2026-06-25 23:05:00,59826.8,59826.8,59727.5,59727.6,0.930131,0.201741,0.728390,-2490.611275
1782429000,2026-06-25 23:10:00,59727.5,59874.3,59711.9,59858.7,3.702214,0.081317,3.620897,-2486.990378
1782429300,2026-06-25 23:15:00,59858.7,60000.0,59838.0,59990.0,0.601542,0.878014,-0.276472,-2487.266850
1782429600,2026-06-25 23:20:00,59989.9,60066.7,59973.0,60066.7,3.090000,0.572793,2.517207,-2484.749644
1782429900,2026-06-25 23:25:00,60066.7,60081.2,60004.1,60004.6,0.413938,0.962438,-0.548499,-2485.298143
1782430200,2026-06-25 23:30:00,60009.0,60091.0,60009.0,60042.5,2.712823,1.094832,1.617991,-2483.680152
1782430500,2026-06-25 23:35:00,60042.4,60042.5,59977.5,59995.1,0.688501,9.381883,-8.693381,-2492.373533
1782430800,2026-06-25 23:40:00,59995.1,59995.1,59876.7,59902.4,0.367350,0.893946,-0.526596,-2492.900130
1782431100,2026-06-25 23:45:00,59902.3,59902.3,59791.0,59802.1,1.001954,1.756890,-0.754936,-2493.655066
1782431400,2026-06-25 23:50:00,59799.0,59799.0,59713.3,59736.9,1.723472,2.534698,-0.811226,-2494.466291
1782431700,2026-06-25 23:55:00,59736.9,59737.0,59664.6,59707.1,4.723132,1.840615,2.882517,-2491.583775
1782432000,2026-06-26 00:00:00,59721.1,59790.9,59677.2,59755.2,2.164948,6.871126,-4.706179,-2496.289953
1782432300,2026-06-26 00:05:00,59755.2,59790.9,59705.2,59781.8,0.375299,0.174837,0.200463,-2496.089491
1782432600,2026-06-26 00:10:00,59782.9,59808.5,59725.5,59790.8,4.241855,1.955758,2.286098,-2493.803393
1782432900,2026-06-26 00:15:00,59790.9,59791.1,59704.7,59715.9,0.626124,0.236502,0.389622,-2493.413771
1782433200,2026-06-26 00:20:00,59715.9,59754.3,59698.1,59725.3,0.465897,0.183757,0.282139,-2493.131632
1782433500,2026-06-26 00:25:00,59725.2,59725.2,59615.4,59674.9,0.888794,1.541005,-0.652211,-2493.783843
1782433800,2026-06-26 00:30:00,59675.0,59709.0,59632.8,59689.1,1.119019,1.239428,-0.120409,-2493.904252
1782434100,2026-06-26 00:35:00,59689.1,59706.8,59633.9,59687.8,0.323371,0.350098,-0.026727,-2493.930980
1782434400,2026-06-26 00:40:00,59694.6,59785.9,59694.6,59703.4,2.260414,0.601486,1.658927,-2492.272052
1782434700,2026-06-26 00:45:00,59695.3,59720.9,59667.4,59687.8,1.744861,2.036214,-0.291353,-2492.563406
1782435000,2026-06-26 00:50:00,59685.9,59708.4,59557.2,59557.2,0.861338,2.609903,-1.748565,-2494.311970
1782435300,2026-06-26 00:55:00,59559.8,59608.3,59557.2,59589.5,0.499736,0.201774,0.297962,-2494.014009
1782435600,2026-06-26 01:00:00,59589.5,59690.5,59463.8,59486.6,0.871431,14.490217,-13.618786,-2507.632795
1782435900,2026-06-26 01:05:00,59486.5,59493.3,59371.8,59458.8,1.083780,12.409412,-11.325632,-2518.958426
1782436200,2026-06-26 01:10:00,59458.8,59600.0,59458.8,59496.1,0.544711,0.691820,-0.147109,-2519.105535
1782436500,2026-06-26 01:15:00,59496.2,59563.0,59483.1,59507.0,0.501066,0.595661,-0.094595,-2519.200130
1782436800,2026-06-26 01:20:00,59501.4,59530.2,59394.4,59415.3,0.302608,4.339847,-4.037240,-2523.237370
1782437100,2026-06-26 01:25:00,59415.2,59415.3,59191.8,59212.5,0.315019,50.110423,-49.795404,-2573.032774
1782437400,2026-06-26 01:30:00,59212.6,59247.5,59150.0,59179.8,1.789216,3.237814,-1.448598,-2574.481373
1782437700,2026-06-26 01:35:00,59184.1,59239.6,59153.6,59239.6,1.420736,2.633199,-1.212462,-2575.693835
1782438000,2026-06-26 01:40:00,59239.2,59283.7,59175.2,59231.4,19.937286,2.558647,17.378639,-2558.315196
1782438300,2026-06-26 01:45:00,59228.1,59290.6,59196.6,59290.6,1.986737,3.182059,-1.195322,-2559.510518
1782438600,2026-06-26 01:50:00,59303.5,59343.7,59286.1,59286.1,1.871897,6.330138,-4.458242,-2563.968760
1782438900,2026-06-26 01:55:00,59286.1,59338.5,59286.0,59328.9,3.314953,1.418314,1.896639,-2562.072121
1782439200,2026-06-26 02:00:00,59329.4,59367.4,59268.7,59284.5,1.659839,1.755956,-0.096117,-2562.168238
1782439500,2026-06-26 02:05:00,59284.5,59322.7,59156.7,59190.3,0.614517,4.957176,-4.342659,-2566.510896
1782439800,2026-06-26 02:10:00,59197.6,59258.6,58585.1,58596.5,8.277079,58.055181,-49.778102,-2616.288998
1782440100,2026-06-26 02:15:00,58596.5,58759.5,58360.6,58570.5,9.508699,29.292518,-19.783820,-2636.072818
1782440400,2026-06-26 02:20:00,58570.4,58596.6,58280.5,58408.5,11.009035,6.106401,4.902633,-2631.170185
1782440700,2026-06-26 02:25:00,58390.1,58797.5,58342.8,58796.5,5.321846,3.335688,1.986158,-2629.184027
1782441000,2026-06-26 02:30:00,58795.3,58915.4,58615.4,58839.9,4.000992,5.394542,-1.393549,-2630.577577
1782441300,2026-06-26 02:35:00,58850.1,58917.5,58634.4,58760.5,0.835481,3.570712,-2.735231,-2633.312808
1782441600,2026-06-26 02:40:00,58751.7,58811.1,58668.2,58716.3,1.658534,22.036560,-20.378026,-2653.690833
1782441900,2026-06-26 02:45:00,58716.4,58738.1,58484.4,58529.4,1.114173,15.013949,-13.899775,-2667.590609
1782442200,2026-06-26 02:50:00,58544.3,58633.7,58381.8,58421.4,2.794399,7.734615,-4.940216,-2672.530825
1782442500,2026-06-26 02:55:00,58425.7,58517.2,58336.1,58465.4,36.730143,176.986209,-140.256065,-2812.786890
1782442800,2026-06-26 03:00:00,58477.0,58592.7,58265.0,58592.7,17.820428,25.610845,-7.790417,-2820.577307
1782443100,2026-06-26 03:05:00,58588.2,58661.3,58499.1,58645.0,3.493174,2.560805,0.932369,-2819.644938
1782443400,2026-06-26 03:10:00,58655.7,58869.3,58649.6,58799.4,2.027091,1.982770,0.044321,-2819.600617
1782443700,2026-06-26 03:15:00,58804.5,58835.8,58732.4,58817.1,1.398119,5.385239,-3.987120,-2823.587737
1782444000,2026-06-26 03:20:00,58828.4,58839.1,58695.9,58734.7,5.183397,9.659006,-4.475608,-2828.063346
1782444300,2026-06-26 03:25:00,58734.8,59077.4,58733.8,59007.6,18.688363,2.234164,16.454200,-2811.609146
1782444600,2026-06-26 03:30:00,59007.5,59162.3,58928.0,59120.9,12.166043,7.899034,4.267009,-2807.342137
1782444900,2026-06-26 03:35:00,59118.7,59438.4,59089.6,59387.1,4.765605,0.591492,4.174113,-2803.168024
1782445200,2026-06-26 03:40:00,59370.2,59415.7,59300.5,59407.5,3.876413,10.627293,-6.750880,-2809.918904
1782445500,2026-06-26 03:45:00,59404.7,59731.4,59396.1,59619.8,26.400714,4.418530,21.982184,-2787.936720
1782445800,2026-06-26 03:50:00,59626.4,59779.1,59596.8,59724.2,9.943067,1.024898,8.918169,-2779.018551
1782446100,2026-06-26 03:55:00,59715.8,60043.2,59685.8,59948.4,44.846549,4.215450,40.631099,-2738.387452
1782446400,2026-06-26 04:00:00,59950.1,59977.2,59758.3,59801.7,19.302865,11.241574,8.061291,-2730.326161
1782446700,2026-06-26 04:05:00,59791.3,59937.4,59771.9,59826.5,1.699710,0.273203,1.426507,-2728.899654
1782447000,2026-06-26 04:10:00,59826.5,59945.7,59804.1,59821.5,0.509154,0.484582,0.024572,-2728.875082
1782447300,2026-06-26 04:15:00,59821.4,60122.9,59801.6,59976.2,9.868169,5.680485,4.187684,-2724.687398
1782447600,2026-06-26 04:20:00,59976.1,59976.1,59856.7,59902.7,2.016332,1.065958,0.950373,-2723.737025
1782447900,2026-06-26 04:25:00,59902.7,59911.6,59817.2,59897.2,0.548702,43.079750,-42.531048,-2766.268072
1782448200,2026-06-26 04:30:00,59898.8,59927.7,59811.1,59811.1,3.511222,0.617197,2.894025,-2763.374047
1782448500,2026-06-26 04:35:00,59811.1,59856.7,59791.6,59808.6,0.148044,1.247541,-1.099497,-2764.473544
1782448800,2026-06-26 04:40:00,59824.6,59885.7,59822.5,59879.8,0.950393,1.499278,-0.548884,-2765.022428
1782449100,2026-06-26 04:45:00,59882.2,59882.2,59803.1,59810.9,0.512042,0.412013,0.100029,-2764.922399
1782449400,2026-06-26 04:50:00,59813.2,59818.2,59758.1,59770.1,0.143448,0.529769,-0.386321,-2765.308719
1782449700,2026-06-26 04:55:00,59785.1,59825.4,59764.3,59825.4,0.288453,0.084899,0.203553,-2765.105166
1782450000,2026-06-26 05:00:00,59831.2,59855.4,59758.8,59775.7,4.948807,7.605636,-2.656829,-2767.761995
1782450300,2026-06-26 05:05:00,59775.7,59817.5,59747.6,59769.5,0.984284,0.162364,0.821919,-2766.940076
1782450600,2026-06-26 05:10:00,59771.9,59880.7,59771.9,59880.7,0.529169,0.598745,-0.069576,-2767.009652
1782450900,2026-06-26 05:15:00,59880.7,59950.0,59832.7,59871.4,2.710654,0.299422,2.411232,-2764.598420
1782451200,2026-06-26 05:20:00,59859.0,59869.6,59650.2,59667.2,0.576063,11.210119,-10.634057,-2775.232477
1782451500,2026-06-26 05:25:00,59665.4,59907.3,59665.4,59869.9,0.482426,16.501900,-16.019474,-2791.251951
1782451800,2026-06-26 05:30:00,59869.9,59950.0,59869.8,59950.0,8.167204,0.210047,7.957157,-2783.294794
1782452100,2026-06-26 05:35:00,59947.4,59947.4,59866.7,59867.5,0.288574,0.350355,-0.061781,-2783.356575
1782452400,2026-06-26 05:40:00,59876.8,59876.8,59772.9,59798.4,0.908713,1.692237,-0.783523,-2784.140098
1782452700,2026-06-26 05:45:00,59798.2,59798.2,59685.5,59781.9,0.392119,9.473518,-9.081399,-2793.221497
1782453000,2026-06-26 05:50:00,59781.2,59834.4,59750.6,59834.4,1.751642,0.653310,1.098332,-2792.123165
1782453300,2026-06-26 05:55:00,59836.4,59888.8,59821.0,59862.6,1.161747,0.708364,0.453383,-2791.669782
1782453600,2026-06-26 06:00:00,59862.7,59862.7,59628.8,59682.2,0.158669,2.003729,-1.845060,-2793.514842
1782453900,2026-06-26 06:05:00,59682.3,59722.4,59668.5,59683.4,0.749809,0.121769,0.628040,-2792.886802
1782454200,2026-06-26 06:10:00,59685.9,59700.0,59628.7,59630.1,0.821162,0.147156,0.674007,-2792.212796
1782454500,2026-06-26 06:15:00,59630.1,59731.2,59630.1,59731.2,5.078203,0.217435,4.860768,-2787.352028
1782454800,2026-06-26 06:20:00,59729.7,59994.8,59729.7,59934.4,1.803235,0.220872,1.582363,-2785.769666
1782455100,2026-06-26 06:25:00,59934.4,59976.6,59835.4,59934.4,0.484132,0.508379,-0.024247,-2785.793913
1782455400,2026-06-26 06:30:00,59936.2,59966.2,59869.2,59879.0,0.157779,0.120083,0.037695,-2785.756218
1782455700,2026-06-26 06:35:00,59900.6,60251.0,59900.5,60126.0,24.674451,1.557851,23.116601,-2762.639617
1782456000,2026-06-26 06:40:00,60126.0,60322.2,60039.9,60319.3,78.135630,0.422123,77.713507,-2684.926110
1782456300,2026-06-26 06:45:00,60296.0,60348.6,60217.0,60259.3,13.255289,2.239346,11.015943,-2673.910167
1782456600,2026-06-26 06:50:00,60243.4,60243.5,60155.1,60205.9,0.946817,0.794574,0.152243,-2673.757924
1782456900,2026-06-26 06:55:00,60205.1,60257.9,60174.1,60235.0,0.502932,0.945716,-0.442784,-2674.200708
1782457200,2026-06-26 07:00:00,60235.0,60263.7,60206.0,60206.0,1.701050,0.076176,1.624874,-2672.575835
1782457500,2026-06-26 07:05:00,60211.6,60312.2,60211.6,60312.2,0.653675,0.070011,0.583664,-2671.992171
1782457800,2026-06-26 07:10:00,60312.1,60428.3,60275.9,60428.0,16.915577,44.170210,-27.254633,-2699.246804
1782458100,2026-06-26 07:15:00,60409.4,60510.7,60386.6,60510.7,5.146924,0.467328,4.679596,-2694.567208
1782458400,2026-06-26 07:20:00,60510.7,60510.7,60416.2,60480.9,0.295062,0.277201,0.017861,-2694.549348
1782458700,2026-06-26 07:25:00,60496.4,60600.0,60432.8,60499.1,13.754811,2.839664,10.915147,-2683.634201
1782459000,2026-06-26 07:30:00,60499.2,60600.0,60481.7,60500.8,12.581563,4.377909,8.203654,-2675.430546
1782459300,2026-06-26 07:35:00,60507.0,60644.8,60474.9,60644.8,9.046984,0.383469,8.663515,-2666.767031
1782459600,2026-06-26 07:40:00,60644.7,60666.0,60514.6,60514.6,1.142430,2.649804,-1.507373,-2668.274404
1782459900,2026-06-26 07:45:00,60500.9,60501.0,60425.5,60443.3,0.731275,4.748478,-4.017202,-2672.291607
1782460200,2026-06-26 07:50:00,60443.3,60496.7,60429.3,60480.0,0.870501,1.710709,-0.840208,-2673.131815
1782460500,2026-06-26 07:55:00,60480.0,60525.6,60456.8,60456.8,1.414007,1.027844,0.386163,-2672.745651
1782460800,2026-06-26 08:00:00,60456.9,60474.0,60292.0,60292.0,1.000473,2.415414,-1.414940,-2674.160592
1782461100,2026-06-26 08:05:00,60290.8,60290.8,60165.5,60174.6,0.085533,31.658297,-31.572764,-2705.733355
1782461400,2026-06-26 08:10:00,60171.2,60226.2,60155.1,60182.9,0.197421,1.206959,-1.009538,-2706.742893
1782461700,2026-06-26 08:15:00,60182.9,60200.7,60120.3,60123.5,1.698286,0.188643,1.509643,-2705.233250
1782462000,2026-06-26 08:20:00,60123.4,60257.5,60100.7,60238.9,0.994303,8.550576,-7.556273,-2712.789523
1782462300,2026-06-26 08:25:00,60239.0,60273.7,60176.2,60218.9,3.397409,27.557608,-24.160199,-2736.949722
1782462600,2026-06-26 08:30:00,60219.7,60245.0,60081.3,60113.3,9.117973,1.489027,7.628946,-2729.320776
1782462900,2026-06-26 08:35:00,60112.5,60170.7,60081.2,60148.5,0.376917,0.203589,0.173328,-2729.147448
1782463200,2026-06-26 08:40:00,60142.9,60162.9,60104.3,60114.9,0.139445,0.990115,-0.850670,-2729.998118
1782463500,2026-06-26 08:45:00,60115.0,60188.8,60080.0,60080.0,6.441473,25.454938,-19.013465,-2749.011583
1782463800,2026-06-26 08:50:00,60080.0,60146.2,60073.2,60092.1,0.463959,0.660973,-0.197014,-2749.208597
1782464100,2026-06-26 08:55:00,60092.2,60163.6,60068.6,60146.6,5.132679,0.320703,4.811976,-2744.396622
1782464400,2026-06-26 09:00:00,60154.1,60162.0,60009.2,60016.1,0.720747,3.590507,-2.869760,-2747.266382
1782464700,2026-06-26 09:05:00,60023.5,60046.4,60000.0,60021.8,0.361391,2.970212,-2.608820,-2749.875202
1782465000,2026-06-26 09:10:00,60021.7,60080.9,60000.1,60078.8,2.433640,1.728350,0.705290,-2749.169912
1782465300,2026-06-26 09:15:00,60078.8,60078.8,60000.0,60032.4,2.965127,3.369538,-0.404412,-2749.574324
1782465600,2026-06-26 09:20:00,60045.9,60085.7,60029.0,60041.6,0.581467,0.244645,0.336821,-2749.237503
1782465900,2026-06-26 09:25:00,60036.8,60065.4,60033.8,60037.8,0.287575,0.220208,0.067368,-2749.170135
1782466200,2026-06-26 09:30:00,60037.9,60037.9,59968.3,59996.1,0.120773,3.134247,-3.013474,-2752.183609
1782466500,2026-06-26 09:35:00,60001.6,60036.6,59958.8,59958.8,0.874557,1.021482,-0.146925,-2752.330534
1782466800,2026-06-26 09:40:00,59958.8,60036.3,59865.3,59912.3,0.538741,5.829847,-5.291105,-2757.621639
1782467100,2026-06-26 09:45:00,59912.2,59915.3,59722.1,59735.9,0.804318,8.674851,-7.870532,-2765.492171
1782467400,2026-06-26 09:50:00,59735.8,59775.2,59501.2,59709.1,0.541145,3.320600,-2.779455,-2768.271626
1782467700,2026-06-26 09:55:00,59715.3,59756.4,59610.1,59645.1,1.015388,0.137066,0.878323,-2767.393303
1782468000,2026-06-26 10:00:00,59645.1,59656.2,59578.5,59627.5,7.991722,1.959102,6.032620,-2761.360683
1782468300,2026-06-26 10:05:00,59627.4,59711.0,59592.6,59682.7,5.323064,0.579272,4.743792,-2756.616891
1782468600,2026-06-26 10:10:00,59682.8,59723.9,59598.1,59664.1,1.795863,1.195921,0.599942,-2756.016948
1782468900,2026-06-26 10:15:00,59664.1,59762.1,59660.1,59660.1,1.727090,1.722539,0.004551,-2756.012397
1782469200,2026-06-26 10:20:00,59660.1,59690.0,59631.1,59661.6,0.951690,0.170958,0.780732,-2755.231665
1782469500,2026-06-26 10:25:00,59661.7,59708.3,59635.6,59635.6,3.585246,0.183813,3.401434,-2751.830232
1782469800,2026-06-26 10:30:00,59642.6,59730.3,59630.0,59696.7,13.926973,0.260416,13.666557,-2738.163674
1782470100,2026-06-26 10:35:00,59696.6,59722.0,59378.9,59411.6,1.409058,2.827775,-1.418717,-2739.582391
1782470400,2026-06-26 10:40:00,59432.2,59478.8,59379.7,59464.1,0.259445,4.638822,-4.379377,-2743.961768
1782470700,2026-06-26 10:45:00,59464.3,59475.3,59279.3,59364.4,1.346680,0.884899,0.461781,-2743.499987
1782471000,2026-06-26 10:50:00,59379.6,59382.9,59250.8,59281.9,0.325699,7.908804,-7.583106,-2751.083093
1782471300,2026-06-26 10:55:00,59282.0,59334.1,59163.0,59219.1,0.860551,2.553224,-1.692673,-2752.775766
1782471600,2026-06-26 11:00:00,59219.2,59428.0,59174.4,59408.9,2.167888,0.764251,1.403637,-2751.372129
1782471900,2026-06-26 11:05:00,59420.1,59482.0,59320.7,59345.0,0.787768,0.642980,0.144787,-2751.227342
1782472200,2026-06-26 11:10:00,59344.9,59415.6,59344.9,59395.1,0.222748,1.899108,-1.676360,-2752.903702
1782472500,2026-06-26 11:15:00,59395.2,59399.8,59297.0,59374.4,0.336474,0.297499,0.038975,-2752.864726
1782472800,2026-06-26 11:20:00,59370.9,59416.0,59313.1,59383.2,0.269243,0.127596,0.141647,-2752.723079
1782473100,2026-06-26 11:25:00,59383.1,59399.7,59301.3,59331.3,0.661925,0.892326,-0.230401,-2752.953480
1782473400,2026-06-26 11:30:00,59331.3,59399.6,59331.3,59386.5,0.407118,0.171114,0.236004,-2752.717477
1782473700,2026-06-26 11:35:00,59386.5,59450.0,59370.7,59396.5,1.100371,1.241672,-0.141302,-2752.858778
1782474000,2026-06-26 11:40:00,59381.3,59420.0,59320.0,59361.6,0.498787,0.224832,0.273956,-2752.584823
1782474300,2026-06-26 11:45:00,59379.2,59379.2,59308.4,59343.5,0.196908,16.388988,-16.192080,-2768.776903
1782474600,2026-06-26 11:50:00,59343.5,59366.5,59218.0,59252.1,1.600754,12.376465,-10.775712,-2779.552615
1782474900,2026-06-26 11:55:00,59251.8,59361.2,59251.8,59332.1,0.553274,0.546338,0.006936,-2779.545679
1782475200,2026-06-26 12:00:00,59332.1,59394.1,59271.2,59339.6,2.543206,10.091946,-7.548740,-2787.094418
1782475500,2026-06-26 12:05:00,59363.2,59420.0,59345.4,59350.8,2.302586,1.973432,0.329155,-2786.765264
1782475800,2026-06-26 12:10:00,59350.8,59420.0,59284.8,59368.7,0.231346,5.401175,-5.169830,-2791.935093
1782476100,2026-06-26 12:15:00,59374.5,59542.9,59352.0,59468.8,11.711701,5.516887,6.194814,-2785.740279
1782476400,2026-06-26 12:20:00,59489.1,59540.7,59437.2,59518.9,2.505798,1.998426,0.507372,-2785.232907
1782476700,2026-06-26 12:25:00,59535.7,59635.9,59526.9,59635.9,3.218936,1.306365,1.912571,-2783.320336
1782477000,2026-06-26 12:30:00,59635.9,59901.2,59573.8,59775.3,8.462643,3.241127,5.221516,-2778.098820
1782477300,2026-06-26 12:35:00,59782.3,59782.3,59235.5,59235.5,1.524387,2.986275,-1.461888,-2779.560708
1782477600,2026-06-26 12:40:00,59229.4,59229.4,58901.0,59059.5,4.382768,12.585992,-8.203225,-2787.763933
1782477900,2026-06-26 12:45:00,59055.4,59485.6,59000.1,59133.5,11.006179,4.546625,6.459554,-2781.304379
1782478200,2026-06-26 12:50:00,59162.8,59323.6,59162.8,59208.8,7.794814,11.019160,-3.224346,-2784.528725
1782478500,2026-06-26 12:55:00,59207.7,59234.5,59103.4,59103.5,2.203521,3.634155,-1.430634,-2785.959359
1782478800,2026-06-26 13:00:00,59103.5,59164.3,59066.1,59107.7,0.666994,2.842463,-2.175468,-2788.134827
1782479100,2026-06-26 13:05:00,59104.8,59104.8,58927.0,58927.0,6.321327,2.909012,3.412314,-2784.722513
1782479400,2026-06-26 13:10:00,58932.6,59181.7,58875.1,59000.8,8.272116,10.371348,-2.099232,-2786.821745
1782479700,2026-06-26 13:15:00,59027.5,59075.8,58406.4,58652.1,12.026385,25.738080,-13.711695,-2800.533440
1782480000,2026-06-26 13:20:00,58665.3,58954.1,58634.3,58762.5,5.727793,12.237798,-6.510005,-2807.043446
1782480300,2026-06-26 13:25:00,58766.7,58843.5,58744.3,58817.4,3.018291,5.528104,-2.509812,-2809.553258
1782480600,2026-06-26 13:30:00,58820.0,59057.5,58751.3,58917.6,7.835423,5.373153,2.462271,-2807.090988
1782480900,2026-06-26 13:35:00,58944.1,59232.5,58919.6,59164.9,58.806521,33.554475,25.252046,-2781.838941
1782481200,2026-06-26 13:40:00,59128.5,59410.2,59047.2,59394.4,49.452102,19.283008,30.169094,-2751.669847
1782481500,2026-06-26 13:45:00,59388.1,59452.0,59249.3,59374.3,4.304574,1.946406,2.358167,-2749.311680
1782481800,2026-06-26 13:50:00,59374.3,59717.3,59333.9,59706.9,7.021000,7.279456,-0.258456,-2749.570136
1782482100,2026-06-26 13:55:00,59707.9,60083.7,59702.2,60083.7,41.875067,20.311749,21.563319,-2728.006817
1782482400,2026-06-26 14:00:00,60083.7,60183.0,59736.4,59912.0,22.017353,9.166698,12.850655,-2715.156162
1782482700,2026-06-26 14:05:00,59927.0,59974.8,59780.3,59955.8,10.958687,2.820974,8.137713,-2707.018449
1782483000,2026-06-26 14:10:00,59955.1,59985.3,59833.9,59900.5,3.476172,10.771342,-7.295170,-2714.313619
1782483300,2026-06-26 14:15:00,59900.6,59974.8,59736.5,59736.5,6.941519,3.013601,3.927917,-2710.385701
1782483600,2026-06-26 14:20:00,59736.4,59976.3,59736.4,59956.8,13.410314,14.924501,-1.514187,-2711.899888
1782483900,2026-06-26 14:25:00,59956.7,60138.9,59914.8,59978.9,33.813340,4.584226,29.229114,-2682.670774
1782484200,2026-06-26 14:30:00,59974.0,59974.0,59757.7,59767.9,7.388598,33.433476,-26.044879,-2708.715653
1782484500,2026-06-26 14:35:00,59767.9,59792.0,59476.3,59528.2,1.318130,57.952188,-56.634058,-2765.349710
1782484800,2026-06-26 14:40:00,59534.0,59616.0,59476.0,59508.9,13.008330,34.249705,-21.241375,-2786.591085
1782485100,2026-06-26 14:45:00,59513.1,59809.1,59493.8,59721.1,55.531506,10.189887,45.341620,-2741.249466
1782485400,2026-06-26 14:50:00,59721.1,59725.9,59478.7,59478.8,0.841938,1.019310,-0.177372,-2741.426838
1782485700,2026-06-26 14:55:00,59478.8,59593.3,59303.3,59502.9,3.070528,76.574964,-73.504437,-2814.931274
1782486000,2026-06-26 15:00:00,59502.9,59678.9,59502.9,59564.6,3.394306,12.288347,-8.894042,-2823.825316
1782486300,2026-06-26 15:05:00,59567.6,59982.2,59516.7,59943.3,6.689078,0.893070,5.796008,-2818.029308
1782486600,2026-06-26 15:10:00,59960.0,59960.0,59676.3,59759.5,1.498133,6.748663,-5.250530,-2823.279838
1782486900,2026-06-26 15:15:00,59746.3,59879.0,59712.7,59859.9,2.872783,25.267741,-22.394958,-2845.674796
1782487200,2026-06-26 15:20:00,59860.0,60088.4,59841.5,60088.3,36.925816,22.291618,14.634197,-2831.040599
1782487500,2026-06-26 15:25:00,60088.3,60297.7,60022.7,60094.3,40.859932,17.726608,23.133324,-2807.907274
1782487800,2026-06-26 15:30:00,60101.8,60173.4,60041.4,60071.0,6.777595,29.725875,-22.948280,-2830.855555
1782488100,2026-06-26 15:35:00,60080.0,60363.0,60069.0,60362.9,6.500751,12.607988,-6.107236,-2836.962791
1782488400,2026-06-26 15:40:00,60361.4,60417.9,60284.0,60343.1,10.317933,8.063617,2.254316,-2834.708475
1782488700,2026-06-26 15:45:00,60342.9,60350.3,60200.0,60260.0,4.984020,15.906936,-10.922916,-2845.631392
1782489000,2026-06-26 15:50:00,60260.0,60333.7,60052.4,60186.7,14.519646,29.747456,-15.227810,-2860.859201
1782489300,2026-06-26 15:55:00,60186.7,60250.0,60155.3,60245.5,2.080450,22.195735,-20.115285,-2880.974487
1782489600,2026-06-26 16:00:00,60241.2,60470.2,60241.2,60328.9,5.426586,12.405138,-6.978551,-2887.953038
1782489900,2026-06-26 16:05:00,60308.5,60352.7,60131.4,60164.4,1.720352,1.570863,0.149489,-2887.803549
1782490200,2026-06-26 16:10:00,60157.2,60157.2,60074.0,60087.2,0.703093,3.561943,-2.858850,-2890.662399
1782490500,2026-06-26 16:15:00,60089.5,60189.4,59973.3,59998.1,2.188196,4.207240,-2.019044,-2892.681443
1782490800,2026-06-26 16:20:00,59998.1,60023.2,59881.7,59922.2,2.197967,29.992951,-27.794985,-2920.476428
1782491100,2026-06-26 16:25:00,59927.0,60015.2,59911.7,59946.6,1.630509,25.341030,-23.710520,-2944.186948
1782491400,2026-06-26 16:30:00,59946.7,60177.5,59946.7,60177.5,3.791727,4.449881,-0.658154,-2944.845102
1782491700,2026-06-26 16:35:00,60191.1,60291.0,60091.6,60129.1,2.881454,10.231024,-7.349570,-2952.194673
1782492000,2026-06-26 16:40:00,60129.2,60188.9,59960.4,59970.7,0.728380,6.675998,-5.947619,-2958.142291
1782492300,2026-06-26 16:45:00,59969.1,60091.3,59961.1,60059.6,0.635985,4.688189,-4.052204,-2962.194495
1782492600,2026-06-26 16:50:00,60056.8,60056.8,59930.1,59990.7,2.836240,18.395453,-15.559213,-2977.753708
1782492900,2026-06-26 16:55:00,59990.7,60036.3,59937.3,59958.0,0.614176,0.415234,0.198943,-2977.554766
1782493200,2026-06-26 17:00:00,59947.5,60090.3,59930.0,60068.2,6.189870,0.170060,6.019811,-2971.534955
1782493500,2026-06-26 17:05:00,60068.2,60147.9,60020.3,60143.8,1.523794,0.151790,1.372004,-2970.162951
1782493800,2026-06-26 17:10:00,60150.0,60194.5,60086.5,60125.6,1.606861,1.056592,0.550269,-2969.612682
1782494100,2026-06-26 17:15:00,60129.2,60129.2,59963.5,60025.4,0.320084,0.517178,-0.197094,-2969.809776
1782494400,2026-06-26 17:20:00,60033.2,60113.8,59964.8,60032.0,4.323823,2.529920,1.793904,-2968.015872
1782494700,2026-06-26 17:25:00,60023.7,60152.1,59990.8,60088.7,0.701622,0.287682,0.413940,-2967.601932
1782495000,2026-06-26 17:30:00,60089.2,60120.2,60043.7,60043.7,2.269505,1.406348,0.863157,-2966.738775
1782495300,2026-06-26 17:35:00,60043.6,60043.6,59870.1,59926.0,0.893653,2.112592,-1.218939,-2967.957714
1782495600,2026-06-26 17:40:00,59925.3,60027.0,59870.2,59979.2,3.755120,1.044891,2.710230,-2965.247484
1782495900,2026-06-26 17:45:00,59976.5,60000.0,59936.7,59938.0,1.932762,0.535883,1.396879,-2963.850605
1782496200,2026-06-26 17:50:00,59936.4,59967.5,59890.0,59951.1,0.906902,0.851984,0.054918,-2963.795687
1782496500,2026-06-26 17:55:00,59940.2,59991.0,59839.2,59933.3,0.998868,9.152500,-8.153632,-2971.949319
1782496800,2026-06-26 18:00:00,59934.5,60017.5,59934.4,60015.0,1.772265,0.208997,1.563269,-2970.386051
1782497100,2026-06-26 18:05:00,60012.4,60062.2,59991.3,60009.0,0.853016,0.459595,0.393421,-2969.992630
1782497400,2026-06-26 18:10:00,60009.0,60062.2,59981.0,59990.9,2.122902,0.633894,1.489009,-2968.503621
1782497700,2026-06-26 18:15:00,60002.1,60009.0,59899.4,59925.4,0.323145,0.774812,-0.451667,-2968.955288
1782498000,2026-06-26 18:20:00,59928.9,59988.6,59899.7,59912.0,0.421055,0.355843,0.065211,-2968.890076
1782498300,2026-06-26 18:25:00,59912.4,59948.1,59705.1,59743.4,2.644422,3.336670,-0.692247,-2969.582323
1782498600,2026-06-26 18:30:00,59746.4,59790.2,59679.2,59772.1,0.864710,0.860614,0.004095,-2969.578228
1782498900,2026-06-26 18:35:00,59770.7,59770.7,59668.4,59680.1,0.354629,1.009587,-0.654959,-2970.233187
1782499200,2026-06-26 18:40:00,59680.1,59700.0,59651.9,59690.0,2.518426,0.974723,1.543703,-2968.689484
1782499500,2026-06-26 18:45:00,59689.9,59689.9,59560.0,59600.0,1.603116,1.816275,-0.213159,-2968.902643
1782499800,2026-06-26 18:50:00,59600.0,59600.0,59544.9,59548.9,1.976048,1.018098,0.957949,-2967.944694
1782500100,2026-06-26 18:55:00,59548.8,59597.2,59493.1,59577.2,2.619177,30.343016,-27.723840,-2995.668533
1782500400,2026-06-26 19:00:00,59576.5,59627.8,59536.2,59599.2,5.047639,0.591265,4.456374,-2991.212159
1782500700,2026-06-26 19:05:00,59599.1,59991.0,59593.9,59978.9,5.280214,1.118954,4.161260,-2987.050899
1782501000,2026-06-26 19:10:00,59977.2,59987.2,59869.1,59928.1,3.728568,1.656128,2.072441,-2984.978459
1782501300,2026-06-26 19:15:00,59934.0,59934.0,59849.5,59900.0,1.797911,1.843565,-0.045654,-2985.024113
1782501600,2026-06-26 19:20:00,59892.5,59892.5,59790.8,59820.0,1.567259,0.163968,1.403291,-2983.620822
1782501900,2026-06-26 19:25:00,59820.1,59861.3,59820.1,59839.7,4.301506,0.055426,4.246081,-2979.374741
1782502200,2026-06-26 19:30:00,59839.7,59994.3,59822.5,59962.7,1.944792,0.223656,1.721136,-2977.653605
1782502500,2026-06-26 19:35:00,59950.0,59950.0,59796.0,59820.1,1.370253,1.148844,0.221408,-2977.432197
1782502800,2026-06-26 19:40:00,59820.1,59881.7,59791.8,59791.8,4.572427,0.163790,4.408637,-2973.023560
1782503100,2026-06-26 19:45:00,59791.8,59832.9,59750.0,59776.1,2.244139,3.543753,-1.299614,-2974.323174
1782503400,2026-06-26 19:50:00,59776.1,59828.6,59760.9,59789.8,3.053220,11.953453,-8.900233,-2983.223407
1782503700,2026-06-26 19:55:00,59790.3,59798.8,59664.8,59664.8,1.301564,23.833330,-22.531766,-3005.755173
1782504000,2026-06-26 20:00:00,59664.9,59891.0,59664.1,59718.9,3.052809,13.973307,-10.920498,-3016.675671
1782504300,2026-06-26 20:05:00,59718.9,59722.9,59587.0,59599.7,5.413732,9.993153,-4.579420,-3021.255091
1782504600,2026-06-26 20:10:00,59599.8,59641.4,59587.0,59627.9,4.909776,6.914008,-2.004232,-3023.259324
1782504900,2026-06-26 20:15:00,59627.9,59724.8,59627.9,59694.3,1.421938,5.406342,-3.984404,-3027.243728
1782505200,2026-06-26 20:20:00,59682.5,59708.1,59601.6,59659.8,3.692501,5.790053,-2.097552,-3029.341279
1782505500,2026-06-26 20:25:00,59669.9,59701.1,59627.5,59685.0,2.877605,9.047969,-6.170364,-3035.511643
1782505800,2026-06-26 20:30:00,59685.0,59685.0,59515.7,59553.2,3.464267,8.146871,-4.682605,-3040.194248
1782506100,2026-06-26 20:35:00,59552.7,59615.8,59495.4,59584.1,1.176735,15.017225,-13.840490,-3054.034738
1782506400,2026-06-26 20:40:00,59566.4,59589.8,59527.6,59558.3,2.158578,4.729678,-2.571100,-3056.605838
1782506700,2026-06-26 20:45:00,59559.5,59649.9,59543.6,59647.8,4.074054,2.388728,1.685327,-3054.920512
1782507000,2026-06-26 20:50:00,59646.7,59707.1,59628.4,59630.4,0.499227,0.286890,0.212336,-3054.708176
1782507300,2026-06-26 20:55:00,59631.8,59681.8,59595.0,59627.3,0.829166,0.510802,0.318364,-3054.389812
1782507600,2026-06-26 21:00:00,59627.4,59650.1,59592.1,59592.2,0.594415,0.815024,-0.220608,-3054.610420
1782507900,2026-06-26 21:05:00,59594.7,59658.8,59594.7,59658.8,3.142446,6.337408,-3.194962,-3057.805382
1782508200,2026-06-26 21:10:00,59653.6,59665.5,59625.7,59661.8,1.110714,0.169215,0.941499,-3056.863883
1782508500,2026-06-26 21:15:00,59661.8,59661.8,59591.2,59622.9,0.995916,1.938125,-0.942209,-3057.806093
1782508800,2026-06-26 21:20:00,59622.9,59738.1,59616.6,59710.6,3.214000,0.748864,2.465136,-3055.340956
1782509100,2026-06-26 21:25:00,59710.8,59793.8,59688.1,59788.8,3.858200,1.386413,2.471787,-3052.869170
1782509400,2026-06-26 21:30:00,59788.7,59858.1,59765.2,59805.7,6.321188,5.966385,0.354803,-3052.514366
1782509700,2026-06-26 21:35:00,59805.6,59825.3,59788.8,59811.8,1.742265,0.219781,1.522484,-3050.991882
1782510000,2026-06-26 21:40:00,59811.9,59958.6,59811.9,59907.4,1.774536,4.021280,-2.246745,-3053.238627
1782510300,2026-06-26 21:45:00,59938.9,59955.4,59830.4,59838.3,1.033551,0.457626,0.575925,-3052.662702
1782510600,2026-06-26 21:50:00,59855.4,59898.6,59849.8,59886.5,2.678362,1.496978,1.181384,-3051.481318
1782510900,2026-06-26 21:55:00,59886.4,59886.4,59830.5,59830.5,2.140552,0.309788,1.830764,-3049.650555
1782511200,2026-06-26 22:00:00,59834.9,59853.9,59678.8,59686.9,2.785804,1.306874,1.478930,-3048.171624
1782511500,2026-06-26 22:05:00,59703.3,59794.5,59670.0,59781.4,0.943822,0.770996,0.172826,-3047.998798
1782511800,2026-06-26 22:10:00,59781.4,59845.0,59776.5,59825.9,0.660977,0.572087,0.088890,-3047.909907
1782512100,2026-06-26 22:15:00,59825.9,59870.3,59825.9,59868.3,1.678375,0.158686,1.519689,-3046.390218
1782512400,2026-06-26 22:20:00,59868.3,59888.3,59832.3,59851.2,0.409948,0.034330,0.375619,-3046.014599
1782512700,2026-06-26 22:25:00,59851.2,59866.4,59808.9,59808.9,1.434810,3.649716,-2.214907,-3048.229506
1782513000,2026-06-26 22:30:00,59800.1,59830.2,59783.3,59828.4,103.031187,2.047237,100.983950,-2947.245556
1782513300,2026-06-26 22:35:00,59824.8,59866.5,59800.1,59866.5,2.287033,0.118116,2.168917,-2945.076639
1782513600,2026-06-26 22:40:00,59866.0,59885.5,59860.0,59882.4,0.688081,0.013905,0.674176,-2944.402463
1782513900,2026-06-26 22:45:00,59882.4,59888.1,59842.2,59888.1,0.411293,0.055422,0.355871,-2944.046593
1782514200,2026-06-26 22:50:00,59888.1,59956.1,59884.7,59956.1,1.517694,0.460656,1.057038,-2942.989555
1782514500,2026-06-26 22:55:00,59955.7,59991.0,59948.5,59966.3,22.933928,0.575265,22.358663,-2920.630892
1782514800,2026-06-26 23:00:00,59958.3,60016.8,59945.0,59999.9,3.593631,0.353915,3.239715,-2917.391176
1782515100,2026-06-26 23:05:00,59999.1,60018.3,59976.5,59984.1,0.211034,2.021850,-1.810816,-2919.201993
1782515400,2026-06-26 23:10:00,59984.0,60003.0,59966.9,59991.6,4.936223,2.218624,2.717598,-2916.484394
1782515700,2026-06-26 23:15:00,59998.3,59998.7,59907.9,59910.2,0.336333,2.744679,-2.408347,-2918.892741
1782516000,2026-06-26 23:20:00,59910.2,59982.3,59908.0,59965.3,4.092136,0.091124,4.001011,-2914.891730
1782516300,2026-06-26 23:25:00,59965.2,59972.9,59903.3,59903.3,1.488197,0.325280,1.162917,-2913.728813
1782516600,2026-06-26 23:30:00,59903.2,59918.1,59859.9,59911.3,2.138559,0.289654,1.848905,-2911.879908
1782516900,2026-06-26 23:35:00,59907.3,59939.1,59901.6,59939.1,0.241677,0.015991,0.225686,-2911.654222
1782517200,2026-06-26 23:40:00,59949.1,60001.1,59944.2,59996.2,0.459959,0.904861,-0.444902,-2912.099124
1782517500,2026-06-26 23:45:00,59996.2,60001.3,59985.4,59991.1,0.395258,0.101118,0.294140,-2911.804984
1782517800,2026-06-26 23:50:00,59994.4,59994.4,59968.6,59985.0,0.473615,0.421101,0.052514,-2911.752470
1782518100,2026-06-26 23:55:00,59991.0,60023.6,59987.9,60009.2,1.827587,0.032261,1.795326,-2909.957144
1782518400,2026-06-27 00:00:00,60013.1,60039.3,59988.0,60026.7,1.411238,0.335554,1.075684,-2908.881460
1782518700,2026-06-27 00:05:00,60026.7,60050.9,60013.6,60049.3,0.877275,0.125228,0.752048,-2908.129413
1782519000,2026-06-27 00:10:00,60049.3,60095.6,60019.2,60024.7,1.797570,0.434146,1.363424,-2906.765989
1782519300,2026-06-27 00:15:00,60024.7,60028.6,59987.9,59997.2,0.191166,0.237029,-0.045864,-2906.811853
1782519600,2026-06-27 00:20:00,59997.1,59997.2,59941.0,59959.3,0.644139,0.211880,0.432259,-2906.379593
1782519900,2026-06-27 00:25:00,59957.3,59968.1,59950.9,59960.8,0.871590,0.616291,0.255299,-2906.124294
1782520200,2026-06-27 00:30:00,59960.8,59960.8,59800.1,59815.0,8.206307,0.901148,7.305159,-2898.819135
1782520500,2026-06-27 00:35:00,59814.9,59888.0,59814.9,59888.0,1.421957,0.286476,1.135480,-2897.683655
1782520800,2026-06-27 00:40:00,59887.9,59916.0,59858.5,59877.5,1.027130,0.114635,0.912495,-2896.771159
1782521100,2026-06-27 00:45:00,59877.5,59964.9,59867.7,59963.7,0.591882,0.680680,-0.088799,-2896.859958
1782521400,2026-06-27 00:50:00,59964.0,59990.2,59953.3,59981.1,0.253242,0.132427,0.120815,-2896.739143
1782521700,2026-06-27 00:55:00,59976.9,59976.9,59955.5,59973.4,0.130738,0.148084,-0.017347,-2896.756490
1782522000,2026-06-27 01:00:00,59977.0,59981.6,59888.0,59888.1,1.554342,0.270738,1.283604,-2895.472886
1782522300,2026-06-27 01:05:00,59888.0,59904.7,59883.2,59883.2,0.788493,0.362416,0.426077,-2895.046809
1782522600,2026-06-27 01:10:00,59883.2,59904.1,59878.1,59878.1,0.348975,0.501325,-0.152351,-2895.199160
1782522900,2026-06-27 01:15:00,59878.1,59905.4,59858.5,59904.0,1.106266,0.195052,0.911214,-2894.287945
1782523200,2026-06-27 01:20:00,59904.0,59909.2,59881.3,59907.2,0.372031,6.637819,-6.265788,-2900.553733
1782523500,2026-06-27 01:25:00,59907.1,59910.2,59892.4,59904.6,0.186490,0.155857,0.030633,-2900.523100
1782523800,2026-06-27 01:30:00,59910.7,59910.7,59839.5,59882.2,0.249328,2.037431,-1.788103,-2902.311203
1782524100,2026-06-27 01:35:00,59885.0,59911.9,59866.0,59888.5,1.024607,0.131901,0.892707,-2901.418497
1782524400,2026-06-27 01:40:00,59888.3,59904.2,59875.0,59877.4,0.343318,0.603680,-0.260362,-2901.678859
1782524700,2026-06-27 01:45:00,59877.4,59901.8,59875.2,59892.5,0.214045,0.451303,-0.237258,-2901.916117
1782525000,2026-06-27 01:50:00,59892.4,59892.5,59858.3,59858.3,0.171124,0.253196,-0.082072,-2901.998190
1782525300,2026-06-27 01:55:00,59858.8,59881.9,59853.4,59859.8,0.144788,0.705654,-0.560866,-2902.559056
1782525600,2026-06-27 02:00:00,59859.8,59903.3,59845.0,59903.3,0.227875,1.403584,-1.175709,-2903.734765
1782525900,2026-06-27 02:05:00,59903.2,59932.8,59888.3,59932.7,1.596839,0.004190,1.592650,-2902.142115
1782526200,2026-06-27 02:10:00,59932.8,60026.3,59932.8,60026.3,2.572014,0.049310,2.522704,-2899.619411
1782526500,2026-06-27 02:15:00,60026.2,60083.1,59995.9,60033.9,0.222994,4.930091,-4.707097,-2904.326508
1782526800,2026-06-27 02:20:00,60048.1,60203.8,60048.1,60203.8,4.152374,0.882428,3.269945,-2901.056563
1782527100,2026-06-27 02:25:00,60203.9,60255.0,60180.0,60211.0,39.208860,0.209144,38.999716,-2862.056847
1782527400,2026-06-27 02:30:00,60210.9,60213.2,60100.1,60213.2,3.547965,1.259820,2.288144,-2859.768703
1782527700,2026-06-27 02:35:00,60224.4,60224.4,60150.3,60197.8,0.600174,0.243095,0.357079,-2859.411624
1782528000,2026-06-27 02:40:00,60197.8,60238.9,60197.8,60206.6,0.280034,2.269494,-1.989460,-2861.401084
1782528300,2026-06-27 02:45:00,60206.6,60255.0,60174.1,60182.9,0.432946,0.274045,0.158902,-2861.242182
1782528600,2026-06-27 02:50:00,60179.9,60260.4,60174.8,60259.5,4.204205,1.192654,3.011550,-2858.230632
1782528900,2026-06-27 02:55:00,60255.5,60255.5,60203.7,60203.7,0.123622,0.044916,0.078706,-2858.151926
1782529200,2026-06-27 03:00:00,60203.7,60318.3,60150.8,60187.7,1.302856,0.565115,0.737741,-2857.414185
1782529500,2026-06-27 03:05:00,60187.7,60187.8,60091.7,60116.7,1.806043,0.502769,1.303274,-2856.110911
1782529800,2026-06-27 03:10:00,60116.3,60123.6,60077.8,60077.8,0.077498,0.296289,-0.218791,-2856.329701
1782530100,2026-06-27 03:15:00,60079.4,60168.3,60079.3,60157.2,0.067498,0.151815,-0.084317,-2856.414018
1782530400,2026-06-27 03:20:00,60157.2,60241.3,60157.1,60220.2,0.340713,0.019474,0.321239,-2856.092779
1782530700,2026-06-27 03:25:00,60220.1,60224.1,60201.9,60215.5,12.832930,1.713690,11.119240,-2844.973539
1782531000,2026-06-27 03:30:00,60212.3,60246.6,60197.3,60236.6,20.112287,0.166488,19.945799,-2825.027740
1782531300,2026-06-27 03:35:00,60236.6,60283.3,60229.3,60240.1,0.767729,0.134099,0.633630,-2824.394110
1782531600,2026-06-27 03:40:00,60240.0,60240.1,60240.0,60240.0,0.074767,42.843816,-42.769049,-2867.163160
1782531900,2026-06-27 03:45:00,60240.0,60261.7,60240.0,60244.4,0.228629,32.717609,-32.488980,-2899.652140
1782532200,2026-06-27 03:50:00,60263.8,60263.8,60186.4,60191.8,0.104748,26.016544,-25.911796,-2925.563935
1782532500,2026-06-27 03:55:00,60179.5,60236.9,60179.5,60231.1,1.786815,0.219966,1.566849,-2923.997086
1782532800,2026-06-27 04:00:00,60227.4,60267.4,60219.7,60264.7,0.539095,1.132987,-0.593892,-2924.590978
1782533100,2026-06-27 04:05:00,60264.0,60360.0,60264.0,60324.6,8.732722,1.175782,7.556940,-2917.034039
1782533400,2026-06-27 04:10:00,60308.2,60353.6,60280.5,60315.2,0.538356,1.638841,-1.100485,-2918.134523
1782533700,2026-06-27 04:15:00,60315.7,60349.6,60297.4,60338.7,1.313606,0.336192,0.977414,-2917.157110
1782534000,2026-06-27 04:20:00,60338.6,60363.0,60309.7,60363.0,0.095026,1.514531,-1.419505,-2918.576615
1782534300,2026-06-27 04:25:00,60363.0,60384.8,60295.4,60301.3,1.605511,0.597810,1.007701,-2917.568914
1782534600,2026-06-27 04:30:00,60301.2,60345.5,60286.5,60345.5,0.416174,1.174437,-0.758263,-2918.327177
1782534900,2026-06-27 04:35:00,60338.7,60338.7,60278.3,60280.5,0.141232,0.483770,-0.342538,-2918.669715
1782535200,2026-06-27 04:40:00,60280.4,60299.2,60277.7,60281.3,0.151034,1.106500,-0.955466,-2919.625181
1782535500,2026-06-27 04:45:00,60281.6,60281.6,60246.6,60246.6,0.084684,0.132261,-0.047577,-2919.672758
1782535800,2026-06-27 04:50:00,60244.6,60244.6,60205.0,60205.1,0.659200,0.271663,0.387537,-2919.285221
1782536100,2026-06-27 04:55:00,60205.0,60205.0,60135.3,60135.4,0.956855,1.182834,-0.225979,-2919.511200
1782536400,2026-06-27 05:00:00,60135.5,60174.8,60120.0,60120.7,2.320765,1.591000,0.729766,-2918.781434
1782536700,2026-06-27 05:05:00,60121.6,60192.8,60121.5,60187.5,0.194566,0.023885,0.170681,-2918.610753
1782537000,2026-06-27 05:10:00,60190.4,60220.0,60171.8,60220.0,0.620600,0.034921,0.585679,-2918.025075
1782537300,2026-06-27 05:15:00,60220.0,60220.0,60145.7,60171.5,0.159220,0.114155,0.045065,-2917.980010
1782537600,2026-06-27 05:20:00,60171.5,60195.6,60164.6,60177.4,2.059740,0.034999,2.024741,-2915.955268
1782537900,2026-06-27 05:25:00,60177.4,60187.5,60071.7,60071.8,0.134140,0.239956,-0.105816,-2916.061085
1782538200,2026-06-27 05:30:00,60071.7,60127.1,60050.8,60124.2,0.161250,0.749238,-0.587988,-2916.649073
1782538500,2026-06-27 05:35:00,60124.2,60146.6,60118.0,60136.7,0.343397,0.605359,-0.261963,-2916.911035
1782538800,2026-06-27 05:40:00,60136.4,60136.4,60112.5,60133.6,0.052474,0.688042,-0.635568,-2917.546603
1782539100,2026-06-27 05:45:00,60140.0,60173.5,60130.4,60150.8,0.811825,0.233241,0.578584,-2916.968019
1782539400,2026-06-27 05:50:00,60150.8,60181.4,60150.7,60164.2,0.253540,0.529553,-0.276013,-2917.244032
1782539700,2026-06-27 05:55:00,60164.1,60171.3,60153.3,60156.9,0.055181,0.348643,-0.293462,-2917.537494
1782540000,2026-06-27 06:00:00,60156.9,60156.9,60073.3,60104.7,0.101536,0.622257,-0.520721,-2918.058214
1782540300,2026-06-27 06:05:00,60104.7,60104.7,60090.8,60090.8,0.039579,0.633679,-0.594100,-2918.652314
1782540600,2026-06-27 06:10:00,60090.7,60090.7,60025.8,60052.0,0.198232,1.098678,-0.900445,-2919.552760
1782540900,2026-06-27 06:15:00,60052.0,60091.6,60040.5,60091.2,0.105267,0.487568,-0.382301,-2919.935060
1782541200,2026-06-27 06:20:00,60091.2,60122.3,60091.2,60122.3,0.143756,0.165609,-0.021853,-2919.956913
1782541500,2026-06-27 06:25:00,60121.4,60142.5,60105.1,60117.1,0.128446,2.149300,-2.020854,-2921.977767
1782541800,2026-06-27 06:30:00,60117.2,60275.6,60117.1,60210.3,0.560475,0.225892,0.334583,-2921.643184
1782542100,2026-06-27 06:35:00,60210.4,60283.3,60190.8,60283.3,3.926921,0.211493,3.715428,-2917.927756
1782542400,2026-06-27 06:40:00,60293.5,60336.7,60293.4,60317.4,0.137325,0.186893,-0.049568,-2917.977324
1782542700,2026-06-27 06:45:00,60317.4,60391.2,60317.4,60368.1,2.589570,0.080405,2.509164,-2915.468160
1782543000,2026-06-27 06:50:00,60368.0,60368.0,60253.6,60267.2,0.281643,0.152670,0.128972,-2915.339188
1782543300,2026-06-27 06:55:00,60267.2,60282.9,60263.6,60278.9,0.093777,0.026974,0.066803,-2915.272384
1782543600,2026-06-27 07:00:00,60278.9,60300.0,60239.0,60255.0,0.450975,0.152343,0.298633,-2914.973752
1782543900,2026-06-27 07:05:00,60253.1,60253.1,60223.1,60226.2,0.076116,0.070544,0.005572,-2914.968179
1782544200,2026-06-27 07:10:00,60226.1,60230.5,60207.8,60228.0,0.283699,0.242699,0.041000,-2914.927179
1782544500,2026-06-27 07:15:00,60228.8,60253.1,60228.8,60234.2,0.235057,0.178133,0.056924,-2914.870255
1782544800,2026-06-27 07:20:00,60234.4,60346.9,60234.3,60315.4,1.177381,0.085051,1.092330,-2913.777925
1782545100,2026-06-27 07:25:00,60315.3,60340.8,60302.3,60340.8,0.225277,0.482108,-0.256831,-2914.034756
1782545400,2026-06-27 07:30:00,60340.8,60341.3,60306.7,60341.3,0.806994,0.037858,0.769136,-2913.265620
1782545700,2026-06-27 07:35:00,60341.2,60341.2,60317.3,60338.8,0.075213,0.186460,-0.111248,-2913.376868
1782546000,2026-06-27 07:40:00,60338.8,60369.5,60338.7,60357.8,0.111884,0.941856,-0.829971,-2914.206839
1782546300,2026-06-27 07:45:00,60349.5,60419.7,60349.5,60399.3,8.380838,0.180951,8.199888,-2906.006952
1782546600,2026-06-27 07:50:00,60403.9,60440.8,60391.0,60427.0,9.242407,2.201864,7.040543,-2898.966409
1782546900,2026-06-27 07:55:00,60427.0,60471.8,60414.1,60447.6,0.458129,2.000048,-1.541918,-2900.508327
1782547200,2026-06-27 08:00:00,60447.6,60458.3,60364.3,60373.3,0.145338,0.456594,-0.311256,-2900.819583
1782547500,2026-06-27 08:05:00,60373.4,60429.6,60352.3,60413.9,0.154052,0.487366,-0.333314,-2901.152896
1782547800,2026-06-27 08:10:00,60413.8,60413.9,60382.0,60385.7,0.072770,1.109423,-1.036653,-2902.189549
1782548100,2026-06-27 08:15:00,60385.6,60422.5,60353.1,60356.3,0.707544,0.297821,0.409723,-2901.779827
1782548400,2026-06-27 08:20:00,60356.1,60380.7,60356.0,60377.2,0.978268,0.042980,0.935288,-2900.844538
1782548700,2026-06-27 08:25:00,60377.2,60391.1,60354.9,60359.2,0.095572,0.080075,0.015497,-2900.829042
1782549000,2026-06-27 08:30:00,60359.1,60359.1,60354.5,60358.0,0.051159,0.106253,-0.055094,-2900.884136
1782549300,2026-06-27 08:35:00,60358.1,60358.1,60305.7,60311.6,0.114963,0.345976,-0.231013,-2901.115149
1782549600,2026-06-27 08:40:00,60311.6,60312.8,60275.6,60281.5,0.067213,1.288316,-1.221103,-2902.336252
1782549900,2026-06-27 08:45:00,60281.5,60331.1,60281.5,60322.0,0.102884,0.019497,0.083387,-2902.252866
1782550200,2026-06-27 08:50:00,60322.0,60429.5,60321.9,60391.9,2.032362,0.288345,1.744017,-2900.508849
1782550500,2026-06-27 08:55:00,60391.9,60391.9,60358.7,60358.7,0.010143,0.171366,-0.161223,-2900.670072
1782550800,2026-06-27 09:00:00,60358.7,60358.7,60331.9,60351.6,0.176182,0.130873,0.045309,-2900.624763
1782551100,2026-06-27 09:05:00,60351.6,60402.6,60351.5,60361.3,0.232784,0.274819,-0.042035,-2900.666798
1782551400,2026-06-27 09:10:00,60361.2,60361.2,60253.5,60274.3,0.052534,1.178436,-1.125902,-2901.792700
1782551700,2026-06-27 09:15:00,60274.3,60274.3,60204.0,60235.3,2.253763,3.477158,-1.223394,-2903.016094
1782552000,2026-06-27 09:20:00,60235.3,60262.8,60235.2,60242.7,0.236243,0.045380,0.190863,-2902.825231
1782552300,2026-06-27 09:25:00,60242.8,60280.4,60242.7,60274.1,0.126105,0.087644,0.038461,-2902.786770
1782552600,2026-06-27 09:30:00,60274.1,60340.0,60270.3,60329.2,0.129579,1.193941,-1.064362,-2903.851132
1782552900,2026-06-27 09:35:00,60328.5,60328.6,60310.4,60312.7,0.115005,0.677439,-0.562434,-2904.413566
1782553200,2026-06-27 09:40:00,60312.7,60312.8,60297.1,60298.7,0.065371,3.078675,-3.013304,-2907.426870
1782553500,2026-06-27 09:45:00,60300.3,60339.6,60300.3,60315.1,0.132494,0.066070,0.066424,-2907.360446
1782553800,2026-06-27 09:50:00,60315.1,60315.1,60295.0,60303.8,0.392988,0.326195,0.066792,-2907.293653
1782554100,2026-06-27 09:55:00,60303.7,60337.1,60303.7,60331.3,0.168240,0.193127,-0.024887,-2907.318541
1782554400,2026-06-27 10:00:00,60331.3,60340.0,60309.9,60320.1,0.186906,0.125463,0.061444,-2907.257097
1782554700,2026-06-27 10:05:00,60320.1,60340.0,60320.0,60338.1,0.196929,0.103817,0.093112,-2907.163985
1782555000,2026-06-27 10:10:00,60338.1,60377.0,60338.0,60373.6,0.251590,0.101936,0.149654,-2907.014331
1782555300,2026-06-27 10:15:00,60373.7,60373.7,60362.8,60364.9,0.118988,0.252892,-0.133904,-2907.148235
1782555600,2026-06-27 10:20:00,60369.0,60385.5,60368.9,60385.5,0.105459,0.289439,-0.183980,-2907.332215
1782555900,2026-06-27 10:25:00,60385.5,60388.2,60358.2,60358.2,0.291953,0.060160,0.231792,-2907.100423
